Division,Club,Possession,Player,Best Pos,Sec. Position,Age,Height,Left Foot,Right Foot,Rating,PoM,Minutes,Goals,Mins/Gl,Goals per 90 minutes,xG,NP-xG,xG-OP,xG/90,Conv %,xG/shot,Shot/90,ShT/90,Shots From Outside The Box Per 90 minutes,Shot %,Goals From Outside The Box,Pens,Pen/R,Assists,Asts/90,xA,xA/90,Pas %,Ps A/90,Ch C/90,OP-KP/90,Pr passes/90,Crs A/90,Cr C/90,Cr C/A,OP-Crs A/90,OP-Crs C/90,OP-Cr %,Drb/90,Fouls Against,Off,Poss Lost/90,Poss Won/90,Tck/90,Int/90,Pres A/90,Tck R,Tck A,K Tck,Blk/90,Clr/90,Shts Blckd/90,Fouls Made,Yel,Red cards,Dist/90,Sprints/90,Recurring Injury,Injury Susceptibility,Aer A/90,Hdr %,K Hdrs/90,Clean Sheets,xGP,MLG,Sv %,Svh,Svp,Svt,Goals Conceded,Pens Faced,Pens Saved Ratio,Tgls/90,Tcon/90
Premier League,Man City,0.56,Erling Haaland,ST (C),,26,"6'5""",Very Strong,Reasonable,7.92,6,1691,29,58.31034483,1.5,23.13,19.3,5.87,1.2,29%,0.229009901,5.4,3.6,1.2,66%,3,5,60,1,0.1,2.44,0.1,86%,27.9,0.3,1.2,0.4,0.7,0.3,46,0.4,0.2,50,1.2,21,39,7.8,1.9,0.1,0.6,1.3,100,2,0,0,0,0,40,0,0,11.3,5.4,No recurring injuries,Above Average,7.5,55,0.2,0,0,1,0,0,0,0,0,0,0,2.9,1.1
Premier League,Man Utd,0.51,Benjamin Šeško,ST (C),,23,"6'5""",Fairly Strong,Very Strong,7.31,1,1484,15,98.93333333,0.9,12.9,11.37,2.1,0.8,21%,0.1816901408,4.3,2.2,1.3,52%,0,2,50,3,0.2,2.85,0.2,86%,27.5,0.8,1.4,1.2,0.3,0.1,40,0.3,0.1,40,0.8,9,17,5.9,3.7,0.4,1.3,1.9,75,8,0,0.2,0.1,0,18,0,0,11.9,10.6,No recurring injuries,Low,8.9,49,0.2,0,0,0,0,0,0,0,0,0,0,2.8,2.3
Ligue 1 McDonald's,Paris SG,0.61,Ousmane Dembélé,ST (C),AM (L),29,"5'10""",Very Strong,Very Strong,7.42,4,1616,14,115.4285714,0.8,7.37,7.37,6.63,0.4,26%,0.1364814815,3,1.7,1.1,57%,2,1,100,3,0.2,2.78,0.2,90%,32.1,0.3,1.4,1.3,1.7,0.7,40,1.1,0.6,58,1.7,31,15,5.8,2.3,0.2,0.9,1.9,50,6,0,0.1,0.1,0.1,15,1,0,11.1,6.9,No recurring injuries,Average,3.4,15,0,0,0,0,0,0,0,0,0,0,0,2.2,0.5
First Division,R. Madrid,0.59,Kylian Mbappé,AM (L),AM (R),27,"5'10""",Fairly Strong,Very Strong,7.81,5,1379,14,98.5,0.9,12.24,12.24,1.76,0.8,19%,0.1632,4.9,2,1.4,41%,2,1,100,5,0.3,4.88,0.3,91%,53.3,0.6,2.5,4.6,3.7,0.8,21,2.8,0.7,26,4.1,20,9,5.1,7,1.6,1.9,10.6,89,28,0,0.2,0.5,0.1,17,1,0,12.1,17.6,No recurring injuries,Below Average,2.6,23,0,0,0,0,0,0,0,0,0,0,0,2.9,0.8
Premier League,Bournemouth,0.44,Evanilson,ST (C),,27,"6'0""",Fairly Strong,Very Strong,7.1,3,1190,12,99.16666667,0.9,8.24,8.24,3.76,0.6,34%,0.2354285714,2.6,1.1,0.4,43%,0,0,0,0,0,1.19,0.1,86%,20.7,0.2,1,0.5,0.4,0.2,60,0.4,0.2,60,0.7,13,20,5.5,2,0.2,0.6,2.1,67,3,0,0.2,0.1,0.2,23,1,0,12,8.5,No recurring injuries,Above Average,8.6,32,0.1,0,0,0,0,0,0,0,0,0,0,1.7,2.1
Serie BKT,Venezia,0.5,Yussuf Poulsen,ST (C),,32,"6'4""",Fairly Strong,Very Strong,7.35,0,1176,12,98,0.9,4.68,4.68,7.32,0.4,35%,0.1376470588,2.6,1.2,0,47%,0,0,0,4,0.3,0.85,0.1,64%,21.4,0,0,0,0,0,0,0,0,0,0,14,0,0,0,1,0,0,81,16,0,0,0,0,28,0,0,0,0,No recurring injuries,Very Low,0,0,0,0,0,0,0,0,0,0,0,0,0,0,0
Premier League,Liverpool,0.59,Hugo Ekitiké,ST (C),AM (L),24,"6'3""",Fairly Strong,Very Strong,6.99,2,1597,12,133.0833333,0.7,8.12,8.12,3.88,0.5,26%,0.1765217391,2.6,1.5,0.8,57%,4,0,0,2,0.1,1.71,0.1,84%,21.1,0.3,1,1.2,0.3,0.1,33,0.3,0.1,33,1.1,9,29,6.3,2.8,0.5,1.1,3,69,13,0,0.1,0.2,0.1,31,1,0,11.2,6.4,No recurring injuries,Average,6.8,29,0.1,0,0,0,0,0,0,0,0,0,0,2.3,1.7
Premier League,Spurs,0.55,Vangelis Pavlidis,ST (C),,28,"6'1""",Fairly Strong,Very Strong,6.76,1,1647,11,149.7272727,0.6,10.74,7.66,0.26,0.6,18%,0.1760655738,3.3,1.3,0.7,38%,0,4,75,0,0,0.7,0,87%,26.6,0.1,0.8,1.2,0.2,0.1,25,0.2,0.1,25,0.3,15,6,5.2,1.9,0.4,0.9,3.3,54,13,0,0.1,0.2,0,11,1,0,11.4,7.8,No recurring injuries,Below Average,7.4,30,0,0,0,0,0,0,0,0,0,0,0,1.4,0.8
Bundesliga,Bayer 04 Leverkusen,0.60,Christian Kofane,ST (C),AM (RC),20,"6'2""",Reasonable,Very Strong,7.17,2,1365,11,124.0909091,0.7,7.2,7.2,3.8,0.5,20%,0.1285714286,3.7,1.8,0.9,50%,1,0,0,1,0.1,2.07,0.1,86%,35.5,0.1,0.9,1.6,1.1,0.5,41,1.1,0.5,41,1.9,26,18,13.7,2.5,0.5,1.3,3.8,88,8,0,0.3,0.1,0.1,20,0,0,11.5,9.8,No recurring injuries,Below Average,5.8,53,0.1,0,0,0,0,0,0,0,0,0,0,1.9,0.7
Serie A,Blu-neri,0.5,Marcus Thuram,ST (C),AM (L),29,"6'4""",Fairly Strong,Very Strong,7.38,4,1370,11,124.5454545,0.7,5.25,5.25,5.75,0.3,27%,0.1280487805,2.7,1.8,1,66%,1,0,0,3,0.2,3.37,0.2,88%,28.9,0.4,1.1,1.1,1.1,0.3,23,1.1,0.3,24,0.9,40,18,12.4,2.6,0.3,0.9,2.8,71,7,0,0.1,0.1,0,22,0,0,11.2,7.7,No recurring injuries,Above Average,5.6,33,0.1,0,0,0,0,0,0,0,0,0,0,1.7,0.7
First Division,Real Hispalis,0.53,Cucho Hernández,ST (C),AM (RL),27,"5'9""",Reasonable,Very Strong,7.04,1,1447,11,131.5454545,0.7,6.09,6.09,4.91,0.4,19%,0.1068421053,3.5,1.9,1,54%,1,1,100,0,0,1.48,0.1,92%,27.9,0.3,0.4,0.3,0.2,0.2,100,0.2,0.2,100,1.2,20,24,17.9,2.4,0.1,1,1.6,100,1,0,0.2,0.2,0,24,0,0,10.4,6,No recurring injuries,Below Average,5,41,0,0,0,0,0,0,0,0,0,0,0,1.9,0.9
First Division,A. Madrid,0.59,Julián Álvarez,ST (C),AM (RLC),26,"5'7""",Strong,Very Strong,7.07,2,1487,11,135.1818182,0.7,8.07,6.55,2.93,0.5,17%,0.1280952381,3.8,2.2,1.3,57%,2,2,100,0,0,2.31,0.1,88%,36.9,0.2,0.8,1.5,2.7,0.6,22,0.8,0.3,36,0.8,21,16,8.6,3.6,0.5,1.1,2.8,62,13,0,0.2,0.2,0.1,15,1,0,11.8,10.3,No recurring injuries,Below Average,3.6,15,0,0,0,0,0,0,0,0,0,0,0,1.6,1
Second Division,Espanyol,0.57,Roberto Fernández,ST (C),AM (RL),24,"6'1""",Fairly Strong,Very Strong,7.01,2,1471,11,133.7272727,0.7,6.37,6.37,4.63,0.4,20%,0.11375,3.4,1.9,1.3,55%,3,0,0,3,0.2,2.01,0.1,88%,31.3,0.3,0.6,0.4,0.3,0.1,20,0.3,0.1,20,1.3,45,22,16.5,2,0.1,1.2,1,67,3,0,0.2,0.2,0,21,1,0,11.1,6.6,No recurring injuries,Average,6.8,33,0,0,0,0,0,0,0,0,0,0,0,1.2,1
Serie BKT,Hellas Verona,0.5,Amin Sarr,ST (C),AM (RL),25,"6'2""",Reasonable,Very Strong,7.5,0,1163,10,116.3,0.8,3.3,3.3,6.7,0.3,31%,0.103125,2.5,1.4,0.2,56%,0,0,0,5,0.4,1.3,0.1,70%,22.4,0,0.3,0.3,0.2,0.2,100,0.2,0.2,100,0,23,0,4.6,0.5,0.7,0.1,0.5,53,17,0,0,0,0,15,0,0,2.3,1.1,No recurring injuries,Very Low,1.4,50,0.1,0,0,0,0,0,0,0,0,0,0,0.3,0.3
Serie A,Blu-neri,0.5,Lautaro Martínez,ST (C),,29,"5'9""",Fairly Strong,Very Strong,7.09,1,1334,10,133.4,0.7,8.33,8.33,1.67,0.6,14%,0.1125675676,5,2.8,1.3,57%,1,0,0,0,0,0.32,0,87%,30.4,0,1.1,1.5,0.9,0.5,53,0.9,0.5,54,1,28,11,10.3,2.4,0.3,0.7,1.6,67,6,0,0,0,0,17,2,1,11.3,8.6,No recurring injuries,Below Average,6,24,0.1,0,0,0,0,0,0,0,0,0,0,1.9,0.9
Sky Bet Championship,Swansea,0.48,Žan Vipotnik,ST (C),,24,"6'1""",Reasonable,Very Strong,6.89,0,1681,10,168.1,0.5,6.67,5.05,3.33,0.4,29%,0.1905714286,1.9,1.3,0.4,69%,0,5,60,3,0.2,3.03,0.2,90%,25.9,0.3,1.4,1,0.3,0,0,0.3,0,0,0.4,41,7,20.3,2.6,0.3,0.6,1.6,83,6,0,0.1,0.4,0,13,0,0,10.7,6.5,No recurring injuries,Average,8.5,40,0.1,0,0,0,0,0,0,0,0,0,0,1.3,1
Premier League,FC Porto,0.57,Samu Aghehowa,ST (C),,22,"6'4""",Fairly Strong,Very Strong,7.17,3,1589,10,158.9,0.6,6.55,6.55,3.45,0.4,14%,0.09225352113,4,2.2,1.4,54%,2,3,100,1,0.1,1.24,0.1,88%,37.6,0.2,1.3,1.6,0.7,0.3,50,0.7,0.3,50,0.4,20,10,12.2,2.7,0.3,0.9,1.8,86,7,0,0.1,0.1,0,9,1,0,11.2,7.4,No recurring injuries,Below Average,5.8,45,0.2,0,0,0,0,0,0,0,0,0,0,1.9,0.8
Premier League,Newcastle,0.54,Gonçalo Ramos,ST (C),,25,"6'1""",Fairly Strong,Very Strong,6.99,3,1487,10,148.7,0.6,7.78,7.78,2.22,0.5,24%,0.1897560976,2.5,1.5,0.3,59%,0,0,0,5,0.3,1.97,0.1,91%,30.3,0.4,1.2,0.7,0.2,0.1,33,0.2,0.1,33,0.7,12,6,6.2,1.2,0.2,0.3,1.1,80,5,0,0,0,0,6,0,0,11.1,5.7,No recurring injuries,Below Average,5,28,0.2,0,0,0,0,0,0,0,0,0,0,2,0.9
Sky Bet Championship,Norwich,0.56,Jovon Makama,ST (C),"M (R), AM (L)",22,"6'5""",Weak,Very Strong,6.9,1,1480,10,148,0.6,6.03,6.03,3.97,0.4,17%,0.1005,3.6,1.8,1.2,50%,1,0,0,0,0,0.86,0.1,88%,28.4,0.1,0.9,0.8,0.4,0.2,50,0.4,0.2,50,0.9,29,10,19.4,2.1,0.1,0.7,1.1,50,4,0,0.1,0.3,0,16,0,0,11,6.6,No recurring injuries,Below Average,6.5,45,0.2,0,0,0,0,0,0,0,0,0,0,1.1,1
Premier League,Brighton,0.51,Ivan Toney,ST (C),,30,"6'1""",Reasonable,Very Strong,6.88,2,1291,10,129.1,0.7,9.89,7.58,0.11,0.7,23%,0.2247727273,3.1,1.7,0.8,55%,0,3,33,2,0.1,1.23,0.1,88%,30.4,0.3,0.8,1.3,0.3,0.1,25,0.3,0.1,25,0.5,13,9,5.5,3.1,0.3,1.3,3.8,42,12,1,0.1,0.3,0.1,15,3,0,11.8,9.1,No recurring injuries,Below Average,5.9,36,0.1,0,0,1,0,0,0,0,0,0,0,1.6,2.7
Jupiler Pro League,RSC Anderlecht,0.58,Keisuke Goto,ST (C),,21,"6'3""",Weak,Very Strong,6.93,3,2079,9,231,0.4,10.78,9.97,-1.78,0.5,12%,0.1382051282,3.4,1.3,0.8,40%,0,3,67,3,0.1,1.44,0.1,91%,28.5,0.2,0.9,0.6,0.1,0,0,0.1,0,0,0.7,34,24,17.1,2.4,0.1,0.7,1.4,50,4,1,0.2,0.2,0,26,2,0,9.9,6.2,No recurring injuries,Below Average,8,50,0,0,0,0,0,0,0,0,0,0,0,1.5,1
First Division,R. Madrid,0.59,Jude Bellingham,M (C),"M (L), AM (C)",23,"6'1""",Fairly Strong,Very Strong,7.11,0,1566,9,174,0.5,5.5,5.5,3.5,0.3,16%,0.09649122807,3.3,1.6,1.7,47%,2,0,0,7,0.4,6.73,0.4,88%,14.1,0.9,1.3,1.4,0.5,0.3,62,0.5,0.3,63,0.7,11,2,7.5,14,0.1,0.4,0.7,100,1,0,0.1,0,0,4,2,0,3.5,2.5,No recurring injuries,High,0.9,31,0,0,0,0,0,0,0,0,0,0,0,2.8,0.8
Ligue 1 McDonald's,Brest,0.51,Ludovic Ajorque,ST (C),,32,"6'5""",Very Strong,Reasonable,7.03,2,1455,9,161.6666667,0.6,6.13,6.13,2.87,0.4,18%,0.1251020408,3,1.1,0.7,37%,0,2,100,0,0,0.85,0.1,89%,29.4,0.4,1.1,0.7,0.5,0.1,12,0.5,0.1,13,0.6,28,16,11.4,2.2,0.2,0.4,1.3,100,3,0,0,0.1,0,19,0,0,10.5,5.6,No recurring injuries,Average,9.4,53,0.2,0,0,0,0,0,0,0,0,0,0,1.2,1.2
Serie A,Casciavit,0.5,Christian Pulisic,AM (R),AM (L),28,"5'10""",Fairly Strong,Very Strong,7.26,3,1361,9,151.2222222,0.6,6.57,6.57,2.43,0.4,14%,0.1042857143,4.2,2.3,1.7,56%,1,2,100,3,0.2,2.31,0.2,90%,35,0.2,1.4,2,5.2,1.3,24,0.5,0.2,43,0.9,23,9,13.7,2.9,0.5,1.2,1.9,88,8,0,0.1,0.5,0.1,7,0,0,10.7,8.3,No recurring injuries,Very Low,3.8,29,0.1,0,0,0,0,0,0,0,0,0,0,1.9,1.1
Sky Bet Championship,Burnley,0.53,Zeki Amdouni,"AM (C), ST (C)",AM (L),25,"6'1""",Strong,Very Strong,6.94,3,1448,9,160.8888889,0.6,8.23,8.23,0.77,0.5,15%,0.1327419355,3.9,2.1,1.4,53%,2,2,100,3,0.2,2.47,0.2,91%,25.1,0.1,1.1,0.9,0.2,0.1,50,0.2,0.1,50,1,48,13,18.4,1.9,0,0.9,0.9,0,0,0,0.2,0.2,0,13,1,0,10.8,6.2,No recurring injuries,Above Average,8.7,34,0,0,0,0,0,0,0,0,0,0,0,1.5,0.8
Premier League,Brentford,0.38,Gonzalo,ST (C),"M (R), AM (L)",22,"6'0""",Fairly Strong,Very Strong,6.89,2,1555,9,172.7777778,0.5,7.26,7.26,1.74,0.4,20%,0.1613333333,2.6,1.3,0.7,49%,1,0,0,2,0.1,1.69,0.1,90%,31,0.3,1,1.9,1.1,0.2,15,1.1,0.2,16,0.6,15,15,7.6,3,0.7,1,3.5,86,14,1,0.2,0.2,0.1,23,1,0,11.8,8.9,No recurring injuries,Average,6.8,37,0,0,0,0,0,0,0,0,0,0,0,1.6,1.6
First Division,R. Madrid,0.59,Vinícius Júnior,AM (L),ST (C),26,"5'9""",Fairly Strong,Very Strong,7.62,0,1697,9,188.5555556,0.5,9.94,9.94,-0.94,0.5,11%,0.1212195122,4.3,2.2,1.4,51%,3,0,0,7,0.4,4.47,0.2,91%,29.8,0.8,1.4,1.4,0.7,0.4,61,0.7,0.4,62,1.9,32,12,7.6,3.2,0.3,1,2.9,63,8,0,0.1,0.2,0,15,0,0,10.8,6.2,No recurring injuries,Below Average,4.4,19,0.1,0,0,0,0,0,0,0,0,0,0,3,0.9
Premier League,Sporting CP,0.62,Luis Suárez,ST (C),,28,"5'11""",Fairly Strong,Very Strong,7.39,2,1403,9,155.8888889,0.6,7.38,7.38,1.62,0.5,13%,0.1069565217,4.4,2.1,1.5,46%,1,0,0,4,0.3,2.6,0.2,89%,29.8,0.5,1.1,0.8,0.4,0.1,33,0.4,0.1,33,0.8,31,15,12.6,2.8,0.3,0.7,1.8,100,5,0,0.3,0.1,0,14,1,0,10.5,6.8,No recurring injuries,Below Average,6.1,33,0,0,0,0,0,0,0,0,0,0,0,2.1,0.6
Jupiler Pro League,KV Kortrijk,0.57,Thierry Ambrose,ST (C),AM (R),29,"5'10""",Weak,Very Strong,6.85,0,1366,9,151.7777778,0.6,7.48,5.86,1.52,0.5,17%,0.1438461538,3.4,1.7,1.1,50%,1,2,0,1,0.1,2.22,0.1,88%,23.8,0.3,1.5,1.1,0.3,0.1,20,0.3,0.1,20,0.7,31,9,15.2,3.3,0.1,0.7,1.6,33,6,0,0,0.2,0,10,0,0,10.1,4.9,Recurring partially torn ankle ligaments,Very High,9,34,0.1,0,0,0,0,0,0,0,0,0,0,1.4,1.1
Sky Bet Championship,Sheffield United,0.52,Tom Cannon,ST (C),,23,"5'11""",Weak,Very Strong,6.79,0,1593,9,177,0.5,7.15,4.72,1.85,0.4,20%,0.1625,2.5,1.4,0.7,55%,1,4,25,1,0.1,0.75,0,87%,27.1,0.1,1.1,1.1,0.6,0.3,60,0.6,0.3,60,0.4,33,15,17.3,2.5,0.1,0.5,1.8,50,4,0,0.1,0,0,17,1,0,10.2,6.3,No recurring injuries,Below Average,7.1,23,0.2,0,0,0,0,0,0,0,0,0,0,1.5,1.4
Serie BKT,Pisa,0.5,Mattéo Tramoni,AM (C),"AM (RL), ST (C)",26,"5'9""",Reasonable,Very Strong,7.15,2,1260,9,140,0.6,4.7,4.7,4.3,0.3,24%,0.127027027,2.6,1.4,0.1,54%,0,0,0,2,0.1,0.77,0.1,68%,22.6,0,0.1,0.1,0.9,0,0,0.1,0,0,0.2,19,1,1.5,1.8,0.6,0.5,0.4,64,14,0,0.1,0,0,13,0,0,1.4,1.1,No recurring injuries,Very Low,0.8,27,0,0,0,0,0,0,0,0,0,0,0,0.4,0.1
Serie BKT,Cremonese,0.5,Michy Batshuayi,ST (C),,33,"6'1""",Strong,Very Strong,6.88,0,1260,9,140,0.6,8.74,7.94,0.26,0.6,21%,0.2080952381,3,1.3,0,43%,0,1,100,6,0.4,1.2,0.1,58%,20,0,0,0,0,0,0,0,0,0,0,17,0,0,0,0.8,0,0,58,19,0,0,0,0,29,0,0,0,0,No recurring injuries,Very Low,0,0,0,0,0,0,0,0,0,0,0,0,0,0,0
Bundesliga,TSG Hoffenheim,0.53,Fisnik Asllani,ST (C),AM (C),24,"6'3""",Fairly Strong,Very Strong,7.09,2,1514,9,168.2222222,0.5,6.42,5.61,2.58,0.4,16%,0.1126315789,3.4,1.5,0.8,44%,2,1,0,2,0.1,3.08,0.2,91%,31.5,0.2,1.5,1.3,0.7,0.4,54,0.7,0.4,55,0.4,50,8,12.4,2.9,0.3,0.3,1.5,83,6,0,0.1,0.1,0,12,2,0,10.4,6.6,No recurring injuries,Above Average,6.5,32,0.3,0,0,0,0,0,0,0,0,0,0,1.7,0.8
Second Division,Tarragona,0.51,Marcos Baselga,ST (C),AM (RL),27,"5'11""",Reasonable,Very Strong,6.89,2,1537,9,170.7777778,0.5,5.38,4.57,3.62,0.3,21%,0.1251162791,2.5,1.5,0.7,60%,1,2,50,1,0.1,1,0.1,84%,25,0.2,0.8,0.5,0.4,0.2,57,0.4,0.2,57,0.9,42,17,18.6,2.2,0.1,0.6,1.4,50,2,0,0.2,0.1,0,20,0,0,10.3,5.9,No recurring injuries,Average,7.5,27,0.1,0,0,0,0,0,0,0,0,0,0,1.2,1.4
Serie A,Parthenope,0.5,Scott McTominay,M (C),"DM, AM (L)",29,"6'4""",Reasonable,Very Strong,7.09,1,1313,8,164.125,0.5,5.03,5.03,2.97,0.3,17%,0.1047916667,3.3,1.2,1,38%,1,0,0,1,0.1,3.74,0.3,91%,53.8,0.5,1.4,4.2,2.9,0.3,11,2.9,0.3,12,2.7,27,8,11.4,6.6,1.4,2,9.7,71,28,0,0.3,0.3,0,29,0,1,11.8,17.3,No recurring injuries,Very Low,4,45,0.1,0,0,0,0,0,0,0,0,0,0,1.4,0.8
Premier League,Liverpool,0.59,Florian Wirtz,AM (C),"M (C), AM (RL)",23,"5'10""",Reasonable,Very Strong,7.37,3,1319,8,164.875,0.5,6.41,6.41,1.59,0.4,15%,0.1232692308,3.5,1.7,1.8,48%,1,0,0,6,0.4,5.11,0.3,87%,49,0.7,2.7,3.3,5.8,1.3,22,1.3,0.5,42,1.6,14,9,13.1,3.4,0.3,0.9,1.6,56,9,0,0.1,0.1,0.1,9,0,0,12.5,7.3,No recurring injuries,Below Average,2.5,19,0,0,0,1,0,0,0,0,0,0,0,2.2,1.1
Bundesliga,FC Bayern München,0.5,Harry Kane,ST (C),AM (C),33,"6'2""",Strong,Very Strong,7.29,2,1230,8,153.75,0.6,4.79,4.79,3.21,0.4,19%,0.114047619,3.1,1.5,1.1,50%,1,0,0,5,0.4,3.15,0.2,87%,35.9,0.6,1.8,1.3,0.3,0.1,25,0.3,0.1,25,0.5,25,11,6.6,3.1,0.1,0.5,1.6,67,3,0,0.1,0.1,0.1,14,1,0,10.6,5.3,No recurring injuries,Above Average,5.3,42,0.1,0,0,0,0,0,0,0,0,0,0,1.7,1
Jupiler Pro League,OH Leuven,0.47,Chukwubuikem Ikwuemesi,ST (C),,25,"6'5""",Reasonable,Very Strong,6.8,1,1771,8,221.375,0.4,7,7,1,0.4,13%,0.1147540984,3.1,1.4,0.9,46%,0,1,100,1,0.1,1,0.1,91%,31.5,0.3,1.2,1,0.5,0.1,22,0.5,0.1,22,0.5,38,7,18.1,2.2,0.2,0.6,2.2,67,6,1,0.1,0.2,0,12,0,0,10.2,8.1,No recurring injuries,Below Average,8.2,32,0.1,0,0,0,0,0,0,0,0,0,0,1.1,1.2
First Division,Villarreal,0.53,Gerard Moreno,ST (C),AM (R),34,"5'11""",Very Strong,Fairly Strong,7.07,0,1239,8,154.875,0.6,4.43,4.43,3.57,0.3,17%,0.09630434783,3.3,1.2,1.5,35%,3,1,100,2,0.1,1.01,0.1,90%,30.3,0.4,1.8,1.7,0.7,0.3,40,0.7,0.3,40,0,9,3,16.4,2,0.1,0.4,1.2,40,5,0,0,0.1,0,7,0,0,10.8,7.3,No recurring injuries,Very High,6.1,27,0.4,0,0,0,0,0,0,0,0,0,0,1.5,1.6
Serie A,Bergamo,0.5,Gianluca Scamacca,ST (C),,27,"6'5""",Fairly Strong,Very Strong,6.89,0,1075,8,134.375,0.7,6.25,6.25,1.75,0.5,22%,0.1689189189,3.1,1.8,0.8,59%,2,0,0,1,0.1,1.2,0.1,87%,23.8,0.1,1,0.8,0.3,0.1,33,0.3,0.1,33,0.4,18,7,11.1,1.3,0.3,0.2,0.8,100,3,0,0,0.1,0,12,0,0,9.9,5.7,No recurring injuries,Very Low,6.9,43,0.2,0,0,0,0,0,0,0,0,0,0,1.3,1
Ligue 1 McDonald's,AS Monaco,0.50,Folarin Balogun,ST (C),,25,"5'10""",Fairly Strong,Very Strong,7.04,3,1334,8,166.75,0.5,5.36,4.55,2.64,0.4,17%,0.1116666667,3.2,1.4,1.3,44%,1,1,0,3,0.2,2.25,0.2,89%,27.3,0.2,1.3,0.9,0.5,0.1,25,0.5,0.1,25,0.9,22,12,15.5,1.6,0.1,0.3,1.2,100,1,0,0.1,0.1,0,18,0,0,10.5,5.7,No recurring injuries,Below Average,5.8,43,0.1,0,0,0,0,0,0,0,0,0,0,1.4,1.2
Eredivisie,PSV,0.55,Leon Goretzka,DM,AM (C),31,"6'2""",Reasonable,Very Strong,7.04,3,1271,8,158.875,0.6,2.44,2.44,5.56,0.2,36%,0.1109090909,1.6,1.1,0.6,68%,1,0,0,3,0.2,3.24,0.2,89%,26.4,0.4,0.8,2.5,0.5,0.1,28,0.5,0.1,29,0.3,5,2,9.8,13.2,0.3,1.6,3.1,100,4,1,0.2,0.2,0.1,4,1,0,5.5,8.6,Recurring partially torn hamstring,Very High,1.3,72,0.1,0,0,0,0,0,0,0,0,0,0,1.7,0.8
First Division,Real Hispalis,0.53,Aitor Ruibal,D (R),"WB (R), ST (C)",30,"5'9""",Reasonable,Very Strong,6.94,2,1533,8,191.625,0.5,6.27,6.27,1.73,0.4,17%,0.1334042553,2.8,1.4,0.5,49%,1,0,0,2,0.1,1.82,0.1,89%,38,0.2,1.2,2.8,0.8,0.1,15,0.8,0.1,15,0.4,16,4,16.8,5.8,0.8,1.4,3.1,87,15,1,0.2,0.5,0.1,15,1,0,11.3,10.3,No recurring injuries,Above Average,4.3,23,0.1,0,0,0,0,0,0,0,0,0,0,1.8,0.8
Jupiler Pro League,KRC Genk,0.54,Habib Diallo,ST (C),,31,"6'1""",Weak,Very Strong,6.91,1,1429,8,178.625,0.5,6.32,5.51,1.68,0.4,18%,0.1436363636,2.8,1.7,0.6,61%,0,2,50,2,0.1,2.07,0.1,90%,25.5,0.2,0.9,0.8,0.5,0.2,37,0.5,0.2,38,0.6,23,15,17.6,2.6,0.1,0.6,1.7,25,4,0,0.1,0,0,15,0,0,10.1,7.3,No recurring injuries,Below Average,9,43,0.1,0,0,0,0,0,0,0,0,0,0,1.5,0.8
Bundesliga,RB Leipzig,0.52,Rômulo,ST (C),,24,"6'4""",Fairly Strong,Very Strong,7.07,2,1214,8,151.75,0.6,6.37,5.6,1.63,0.5,19%,0.1481395349,3.2,1.8,1,56%,1,1,100,3,0.2,2.69,0.2,84%,33.2,0.5,1.1,0.9,0.2,0.1,33,0.2,0.1,33,0.9,25,10,17.3,2,0.1,1.1,2,100,1,0,0.1,0.1,0,12,0,0,10.9,5.8,No recurring injuries,Average,6,35,0.1,0,0,0,0,0,0,0,0,0,0,1.8,0.8
Ligue 2 BKT,Angers SCO,0.60,Prosper Peter,ST (C),,19,"6'2""",Very Strong,Reasonable,7.03,0,1193,8,149.125,0.6,2.86,2.86,5.14,0.2,23%,0.08171428571,2.6,1.5,0.8,57%,0,0,0,2,0.2,1.54,0.1,89%,25.3,0.1,1.3,1.1,0.5,0.1,16,0.5,0.1,17,0.6,26,9,17.5,2.9,0.2,0.9,1.7,100,2,0,0.2,0,0,10,0,0,9.9,5.6,No recurring injuries,Below Average,7.8,43,0.2,0,0,0,0,0,0,0,0,0,0,1.8,0.8
Sky Bet Championship,Leeds,0.62,Stefanos Tzimas,ST (C),,20,"6'1""",Reasonable,Very Strong,7.01,2,1298,8,162.25,0.6,5.69,4.88,2.31,0.4,22%,0.1580555556,2.5,1,0.8,42%,0,3,67,1,0.1,1.37,0.1,90%,27.7,0.2,0.9,0.6,0.1,0,0,0.1,0,0,1,29,7,17.1,2,0.1,1.1,1.2,50,4,0,0.1,0.1,0,9,2,0,10.3,5.4,No recurring injuries,Average,5.6,37,0.1,0,0,0,0,0,0,0,0,0,0,1.3,1
Bundesliga,VfB Stuttgart,0.57,Abel Ruiz,ST (C),AM (C),26,"6'0""",Fairly Strong,Very Strong,7.04,2,1314,8,164.25,0.5,5.93,5.93,2.07,0.4,16%,0.1162745098,3.5,1.5,1.1,43%,0,1,100,3,0.2,1.74,0.1,90%,29.5,0.2,0.9,0.8,0.5,0.1,12,0.5,0.1,13,0.5,17,12,12.8,2.4,0.3,0.7,1.5,83,6,0,0,0.1,0,10,0,0,11.1,7.2,No recurring injuries,Above Average,5.4,24,0.2,0,0,0,0,0,0,0,0,0,0,1.6,1
Jupiler Pro League,Union SG,0.51,Promise David,ST (C),AM (C),25,"6'5""",Reasonable,Very Strong,6.89,1,1731,8,216.375,0.4,8.28,7.52,-0.28,0.4,14%,0.1452631579,3,1.3,0.7,44%,1,3,100,2,0.1,1.81,0.1,85%,27.3,0.4,1.1,1.1,0.6,0.1,8,0.6,0.1,8,0.6,23,10,16.6,2.7,0.2,1,1.7,44,9,0,0.1,0,0,16,0,0,10.1,7,No recurring injuries,Below Average,8,38,0.2,0,0,0,0,0,0,0,0,0,0,1.1,1.2
Second Division,Tenerife,0.44,Gastón Valles,ST (C),,25,"6'4""",Very Strong,Reasonable,6.74,2,1493,8,186.625,0.5,6.61,6.61,1.39,0.4,17%,0.1377083333,2.9,1.3,0.8,46%,2,0,0,1,0.1,1.59,0.1,87%,26,0.2,0.6,0.5,0.2,0.1,25,0.2,0.1,25,1.2,21,17,21,2.1,0.2,0.7,1.6,75,4,0,0.1,0.1,0,15,2,0,9.5,5.2,No recurring injuries,Below Average,8.5,46,0,0,0,0,0,0,0,0,0,0,0,1,1.1
Sky Bet Championship,West Brom,0.56,Luismi Cruz,AM (R),ST (C),25,"5'5""",Very Strong,Weak,7.16,5,1256,8,157,0.6,2.87,2.87,5.13,0.2,35%,0.1247826087,1.6,0.9,0.4,52%,2,0,0,4,0.3,2.36,0.2,89%,45.2,0.4,1.8,3.7,5.2,0.4,8,3.6,0.4,10,4.8,11,4,14.3,7,0.9,1.5,9.5,65,20,1,0.5,0.6,0,10,0,0,11.4,12.9,No recurring injuries,Average,3.2,14,0,0,0,0,0,0,0,0,0,0,0,1.6,0.9
Sky Bet Championship,Bristol City,0.45,Emil Riis,ST (C),,28,"6'3""",Reasonable,Very Strong,6.84,1,1598,8,199.75,0.5,5.08,5.08,2.92,0.3,22%,0.1372972973,2.1,1.2,0.5,57%,1,1,100,2,0.1,0.92,0.1,87%,26.4,0.3,0.4,0.5,0.4,0.1,28,0.3,0.1,40,1.3,21,17,18.9,1.4,0.2,1.1,1.3,100,3,0,0.3,0.3,0,18,1,0,9.8,7.9,No recurring injuries,Below Average,7,18,0.1,0,0,0,0,0,0,0,0,0,0,1.7,1.2
Sky Bet Championship,QPR,0.52,Richard Koné,ST (C),AM (C),23,"6'1""",Reasonable,Very Strong,6.87,0,1780,8,222.5,0.4,7.48,7.48,0.52,0.4,15%,0.136,2.8,1.4,0.6,51%,1,0,0,3,0.2,1.51,0.1,90%,24.7,0,1.4,1.1,0.6,0.2,36,0.6,0.2,36,0.7,30,8,21.5,1.6,0.2,0.6,1.8,44,9,0,0.1,0.2,0,11,1,0,10.3,5.5,No recurring injuries,Low,8,43,0.2,0,0,0,0,0,0,0,0,0,0,1.2,1.5
Serie BKT,AC Monza,0.5,Keita Baldé,ST (C),AM (RLC),31,"5'11""",Reasonable,Very Strong,7.6,0,1260,8,157.5,0.6,5.17,5.17,2.83,0.4,19%,0.1230952381,3,1.7,0,57%,0,0,0,2,0.1,0.66,0,64%,20,0,0,0,0,0,0,0,0,0,0,20,0,0,0,1.9,0,0,55,47,0,0,0,0,12,0,0,0,0,No recurring injuries,Very Low,0,0,0,0,0,0,0,0,0,0,0,0,0,0,0
Sky Bet Championship,Blackburn,0.52,Ryoya Morishita,M/AM (C),,29,"5'7""",Fairly Strong,Very Strong,7.01,3,1450,8,181.25,0.5,4.51,4.51,3.49,0.3,23%,0.1288571429,2.2,1.1,0.7,49%,1,0,0,1,0.1,2.89,0.2,90%,42.6,0,1.6,3.6,5.9,1.3,22,2.9,1,34,3.5,22,5,16.3,6.7,1.4,1.9,7.8,88,25,0,0.1,0.5,0,15,1,0,11.8,16.1,No recurring injuries,Below Average,3,33,0,0,0,0,0,0,0,0,0,0,0,1.2,1.4
Ligue 1 McDonald's,LOSC,0.57,Akor Adams,ST (C),,26,"6'3""",Reasonable,Very Strong,7.04,2,1273,8,159.125,0.6,5.68,5.68,2.32,0.4,20%,0.142,2.8,1.3,0.9,48%,1,0,0,1,0.1,1.26,0.1,91%,28,0.2,1.4,1.2,0.4,0.1,16,0.4,0.1,17,0.1,18,7,10.1,1.5,0.1,0.1,1.2,17,6,0,0,0,0,9,1,0,10.4,5.4,No recurring injuries,Below Average,7.3,46,0.1,0,0,0,0,0,0,0,0,0,0,1.8,1.2
Serie BKT,Südtirol,0.5,Simone Verdi,AM (C),"M (C), AM (RL), ST (C)",34,"5'9""",Very Strong,Strong,6.93,1,1260,8,157.5,0.6,5.33,3.73,2.67,0.4,19%,0.1269047619,3,1.4,0,45%,0,2,100,1,0.1,1.17,0.1,60%,20,0,0,0,0,0,0,0,0,0,0,14,0,0,0,1,0,0,74,19,0,0,0,0,21,0,0,0,0,No recurring injuries,Very Low,0,0,0,0,0,0,0,0,0,0,0,0,0,0,0
Bundesliga,RB Leipzig,0.52,Johan Bakayoko,AM (R),"M (R), AM (L)",23,"5'10""",Very Strong,Reasonable,7.17,1,1113,8,139.125,0.6,4.54,4.54,3.46,0.4,19%,0.1055813953,3.5,1.8,1.3,51%,2,0,0,0,0,1.95,0.2,88%,50.3,0.4,1.9,5.1,4.2,0.7,17,2.1,0.4,19,4.1,9,3,16,6.2,1.7,2.6,11.5,81,26,0,0.3,0.5,0.1,5,0,0,12.7,17.5,No recurring injuries,Above Average,2.6,34,0,0,0,0,0,0,0,0,0,0,0,1.8,1.1
Jupiler Pro League,RSC Anderlecht,0.58,Danylo Sikan,ST (C),,25,"6'1""",Fairly Strong,Very Strong,6.95,1,1704,8,213,0.4,7.17,6.36,0.83,0.4,15%,0.1352830189,2.8,1.2,1.2,42%,1,1,0,2,0.1,1.73,0.1,90%,27.4,0.3,1.5,1.3,0.4,0.2,50,0.4,0.2,50,0.3,32,15,19,2.4,0.2,0.6,1.7,75,4,0,0.2,0,0,18,0,0,10.6,8.1,No recurring injuries,Average,8.4,40,0.1,0,0,0,0,0,0,0,0,0,0,1.5,1
Second Division,S. Gijón,0.5,Jonathan Dubasin,AM (R),"M (R), AM (L)",26,"5'11""",Fairly Strong,Very Strong,7.02,1,1277,8,159.625,0.6,6.37,5.56,1.63,0.4,15%,0.1225,3.7,2,1.2,56%,5,1,0,2,0.1,1.5,0.1,90%,27.8,0.1,1.2,1.1,0.3,0.1,50,0.3,0.1,50,0.6,33,10,13.6,2.9,0.1,0.8,1.6,25,4,0,0.1,0.3,0,13,0,0,11.4,8,No recurring injuries,Average,5.4,12,0.1,0,0,0,0,0,0,0,0,0,0,1.4,1
Ligue 1 McDonald's,RC Lens,0.48,Odsonne Édouard,ST (C),AM (L),28,"6'2""",Fairly Strong,Very Strong,6.83,0,1563,7,223.2857143,0.4,4.88,4.88,2.12,0.3,13%,0.08714285714,3.2,1.6,1,48%,1,1,100,1,0.1,0.64,0,87%,32.2,0.1,1.2,1.2,0.3,0.1,16,0.3,0.1,17,0.6,17,10,19.1,2.1,0.5,0.6,2.6,75,12,0,0.2,0.2,0,20,1,0,11.4,7.8,No recurring injuries,Below Average,6.1,35,0.2,0,0,0,0,0,0,0,0,0,0,0.8,0.7
Jupiler Pro League,OH Leuven,0.47,Sory Kaba,ST (C),,31,"6'3""",Weak,Very Strong,6.69,0,1712,7,244.5714286,0.4,5.12,5.12,1.88,0.3,11%,0.07757575758,3.5,1.6,1.4,47%,1,0,0,0,0,0.39,0,89%,27.5,0.1,0.9,0.6,0.3,0.1,20,0.3,0.1,20,0.6,36,17,24.3,1.8,0.1,0.6,1.7,33,6,0,0,0.1,0,21,2,1,10.2,7.9,No recurring injuries,Below Average,8.7,47,0,0,0,0,0,0,0,0,0,0,0,1.2,1.5
Ligue 1 McDonald's,Paris SG,0.61,Fabián,M (C),AM (C),30,"6'2""",Very Strong,Reasonable,6.88,1,1487,7,212.4285714,0.4,4.09,4.09,2.91,0.2,19%,0.1136111111,2.2,1.3,0.5,61%,1,0,0,4,0.2,4.04,0.2,89%,17.5,0.6,0.5,1.3,0.3,0.2,80,0.3,0.2,80,0.4,11,1,12,10,0.2,0.3,2.1,50,6,0,0,0.1,0,2,0,0,4.2,6.4,No recurring injuries,Below Average,1,63,0,0,0,0,0,0,0,0,0,0,0,2.3,0.5
Sky Bet Championship,Stockport,0.48,Kyle Wootton,ST (C),,30,"6'2""",Reasonable,Very Strong,6.92,1,1924,7,274.8571429,0.3,6.36,6.36,0.64,0.3,12%,0.1096551724,2.7,1.3,0.8,48%,0,0,0,2,0.1,2.97,0.1,90%,31.5,0.3,0.8,0.7,0.3,0.1,42,0.3,0.1,43,0.4,24,12,16.1,2.4,0.1,0.9,1.3,67,3,0,0,0.4,0,18,1,0,10.5,8.1,No recurring injuries,Low,9.3,42,0,0,0,0,0,0,0,0,0,0,0,1.2,1.6
Serie A,Fiorentina,0.5,Roberto Piccoli,ST (C),,25,"6'3""",Reasonable,Very Strong,6.87,2,1509,7,215.5714286,0.4,6.78,6.78,0.22,0.4,11%,0.1076190476,3.8,1.6,1.3,43%,1,3,100,1,0.1,0.96,0.1,88%,29.9,0.1,0.9,0.5,0.3,0.1,20,0.3,0.1,20,0.8,24,15,18.8,1.7,0,0.7,1.8,0,1,0,0.1,0.1,0,21,4,0,10.8,6.6,No recurring injuries,Very Low,6.9,37,0.2,0,0,0,0,0,0,0,0,0,0,1.3,0.8
Bundesliga,Borussia Dortmund,0.62,Serhou Guirassy,ST (C),,30,"6'2""",Fairly Strong,Very Strong,6.96,1,1424,7,203.4285714,0.4,8.09,8.09,-1.09,0.5,12%,0.1394827586,3.7,2,1.1,55%,0,0,0,0,0,0.72,0,89%,29.6,0.1,0.9,1.1,0.2,0.1,33,0.2,0.1,33,0.6,29,13,11.1,2,0.1,0.6,1.8,40,5,1,0.1,0.2,0,15,2,0,10.4,5.9,No recurring injuries,High,6.8,44,0.1,0,0,0,0,0,0,0,0,0,0,1.5,0.9
Jupiler Pro League,Standard,0.50,Grejohn Kyei,ST (C),,31,"6'2""",Fairly Strong,Very Strong,6.89,1,1435,7,205,0.4,6.6,6.6,0.4,0.4,12%,0.1137931034,3.6,1.9,1.1,52%,2,3,100,1,0.1,0.92,0.1,87%,27.1,0.1,1.3,1.1,0.5,0.2,37,0.5,0.2,38,0.5,30,8,19.8,2.1,0.1,0.8,1.3,50,2,0,0.1,0.1,0,10,1,0,10.1,7.9,No recurring injuries,Above Average,7.4,35,0.1,0,0,0,0,0,0,0,0,0,0,1.1,0.9
Sky Bet Championship,Watford,0.43,Luca Kjerrumgaard,ST (C),,23,"6'3""",Very Strong,Strong,6.87,1,1460,7,208.5714286,0.4,5.83,5.83,1.17,0.4,15%,0.1267391304,2.8,1,1,35%,0,0,0,1,0.1,1.23,0.1,92%,25.6,0.2,0.8,0.6,0.6,0.2,33,0.6,0.2,33,0.2,10,7,22,1.2,0.3,0.6,1.8,71,7,1,0.2,0.2,0,8,0,0,10.4,5.7,No recurring injuries,Average,7.3,38,0.1,0,0,0,0,0,0,0,0,0,0,1.3,1.5
Ligue 1 McDonald's,OL,0.56,Sebastiano Esposito,ST (C),AM (C),24,"6'0""",Reasonable,Very Strong,7.06,0,1065,7,152.1428571,0.6,6.12,6.12,0.88,0.5,16%,0.1390909091,3.7,1.9,1.3,52%,0,0,0,3,0.3,1.83,0.2,92%,29.1,0.5,1.4,1.1,0.3,0.1,25,0.3,0.1,33,0.5,19,6,18,2.2,0.2,0.7,1.2,100,2,0,0.1,0.1,0,10,0,0,10.2,5.3,No recurring injuries,Above Average,5.1,17,0,0,0,0,0,0,0,0,0,0,0,1.3,1
Ligue 2 BKT,USL Dunkerque,0.50,Thomas Robinet,ST (C),,30,"5'11""",Weak,Very Strong,7.03,1,1240,7,177.1428571,0.5,5.01,5.01,1.99,0.4,14%,0.102244898,3.6,2,1.2,57%,0,0,0,2,0.1,2.1,0.2,88%,27.7,0.1,0.9,0.8,0.3,0,0,0.3,0,0,0.7,25,9,17.3,2.7,0.3,0.7,1.3,80,5,0,0.1,0.3,0,12,0,0,9.8,7.1,No recurring injuries,Below Average,7.9,22,0.1,0,0,0,0,0,0,0,0,0,0,1.2,0.7
Premier League,VTSC,0.46,Gustavo Silva,AM (R),ST (C),27,"5'11""",Very Weak,Very Weak,7.13,2,1118,7,159.7142857,0.6,5.44,4.63,1.56,0.4,24%,0.1875862069,2.3,1.3,0.6,55%,1,4,75,2,0.2,1.5,0.1,90%,41.9,0.3,1.9,3.5,2.9,0.5,16,2.9,0.5,17,3,14,4,23,5.6,1.5,1.6,9.7,86,22,0,0.4,0.9,0,13,0,0,11.5,16.4,No recurring injuries,Above Average,3.4,52,0,0,0,0,0,0,0,0,0,0,0,1.9,1
Bundesliga,FC Bayern München,0.5,Kai Havertz,ST (C),M (C),27,"6'3""",Very Strong,Reasonable,7.21,2,1040,7,148.5714286,0.6,8.1,8.1,-1.1,0.7,16%,0.188372093,3.7,1.6,1,44%,1,1,100,1,0.1,2.37,0.2,87%,35.2,0.2,2.1,1.4,0.7,0.3,37,0.7,0.3,38,1,20,13,12.1,2.9,0.5,1.1,3.3,86,7,0,0,0.1,0,14,0,0,10.9,6.8,No recurring injuries,Above Average,7.5,36,0.2,0,0,0,0,0,0,0,0,0,0,1.8,1
Second Division,Leganés,0.5,Diego García,ST (C),,26,"6'1""",Fairly Strong,Very Strong,7.01,1,1361,7,194.4285714,0.5,3.79,3.79,3.21,0.3,22%,0.1184375,2.1,1.4,0.9,66%,0,3,100,1,0.1,1.76,0.1,90%,30.8,0.2,0.8,0.4,0.5,0.2,37,0.5,0.2,38,0.3,36,15,18.3,1.5,0.3,0.7,1.3,100,4,0,0,0.4,0,14,0,0,10.1,7.8,No recurring injuries,Average,8,35,0.3,0,0,0,0,0,0,0,0,0,0,1,0.9
Premier League,Chelsea,0.56,Alejandro Garnacho,AM (L),AM (RC),22,"5'11""",Strong,Very Strong,7.07,2,1271,7,181.5714286,0.5,4.8,4.8,2.2,0.3,16%,0.1090909091,3.1,1.3,1.3,43%,2,0,0,4,0.3,2.95,0.2,89%,68.2,0.5,2.4,7.5,3.3,1,29,3.3,1,30,2.1,14,10,12.2,5.6,1.6,1.7,13.1,68,34,0,0.4,0.4,0.1,18,0,0,13.1,19.5,No recurring injuries,Low,2.8,36,0,0,0,0,0,0,0,0,0,0,0,2.1,0.8
Eredivisie,Ajax,0.60,Maher Carrizo,AM (R),,20,"5'11""",Very Strong,Weak,7.09,0,1038,7,148.2857143,0.6,4.41,4.41,2.59,0.4,21%,0.1336363636,2.9,1.5,1,52%,0,1,100,1,0.1,1.62,0.1,88%,30.3,0.2,1.9,1.6,2,0.3,17,1.5,0.3,18,1.9,16,9,17.9,2.9,0.9,1.3,4.2,71,14,0,0.1,0.2,0,8,0,0,10.4,7.6,No recurring injuries,Below Average,5.9,22,0.2,0,0,0,0,0,0,0,0,0,0,1.9,0.9
Second Division,Mallorca,0.57,Vedat Muriqi,ST (C),,32,"6'4""",Very Strong,Reasonable,7.22,1,1150,7,164.2857143,0.5,4.13,4.13,2.87,0.3,18%,0.10325,3.1,1.6,1.1,53%,0,0,0,2,0.2,1.27,0.1,87%,29.7,0.2,1.6,1.6,0.3,0,0,0.3,0,0,0.3,24,8,14.7,3,0.4,0.6,1.4,71,7,0,0.1,0.2,0,7,1,0,10.9,7.6,No recurring injuries,Above Average,7.4,45,0.2,0,0,0,0,0,0,0,0,0,0,1.5,0.9
Premier League,Man Utd,0.51,Morgan Rogers,AM (L),"M (C), AM (R), ST (C)",24,"6'2""",Fairly Strong,Very Strong,7.31,3,1208,7,172.5714286,0.5,4.09,4.09,2.91,0.3,19%,0.1105405405,2.8,1.3,1.1,49%,2,0,0,4,0.3,4.67,0.3,86%,43.5,1,3.3,5.6,2.4,1.1,46,2.4,1.1,47,3.9,22,3,12.3,4.5,1.6,1.5,7.1,100,21,3,0.4,0.4,0.2,5,0,0,13.2,16.9,No recurring injuries,Low,4.5,18,0.1,0,0,0,0,0,0,0,0,0,0,2.7,2.2
Eredivisie,Feyenoord,0.65,Ayase Ueda,ST (C),,28,"6'0""",Reasonable,Very Strong,6.81,0,1291,7,184.4285714,0.5,5.85,5.85,1.15,0.4,19%,0.1625,2.5,1.6,0.7,64%,0,0,0,0,0,2.14,0.1,91%,28.6,0.3,0.8,0.8,0.3,0.1,40,0.3,0.1,40,0.6,17,9,10.9,2.6,0.3,1,3.1,38,13,0,0,0.1,0,13,1,0,11.3,8.3,No recurring injuries,Average,5.9,27,0.1,0,0,0,0,0,0,0,0,0,0,1.5,1
Sky Bet Championship,Sunderland,0.53,Brian Brobbey,ST (C),,24,"5'11""",Fairly Strong,Very Strong,6.76,0,1398,7,199.7142857,0.5,5.42,5.42,1.58,0.3,15%,0.1153191489,3,1.7,1.4,55%,1,0,0,2,0.1,4.54,0.3,91%,28.8,0.1,0.8,0.6,0.3,0.1,25,0.3,0.1,25,0.7,30,11,23,1.6,0.1,0.6,1.3,67,3,0,0.1,0.1,0,17,0,0,10.9,7.5,No recurring injuries,Above Average,5.1,30,0,0,0,0,0,0,0,0,0,0,0,0.8,0.6
Serie BKT,Salernitana,0.5,Boulaye Dia,AM (C),,30,"5'11""",Reasonable,Very Strong,7.66,0,1260,7,180,0.5,6.06,5.26,0.94,0.4,14%,0.1188235294,3.6,2.1,0,59%,0,1,100,4,0.3,1.85,0.1,61%,20,0,0,0,0,0,0,0,0,0,0,19,0,0,0,1.1,0,0,60,25,0,0,0,0,18,0,0,0,0,No recurring injuries,Very Low,0,0,0,0,0,0,0,0,0,0,0,0,0,0,0
Sky Bet Championship,Southampton,0.53,Tom Fellows,AM (R),,23,"5'11""",Very Strong,Strong,6.99,1,1225,7,175,0.5,3.11,3.11,3.89,0.2,25%,0.1110714286,2.1,1.2,0.5,57%,0,0,0,0,0,1.69,0.1,89%,45.8,0.1,1.6,4.3,3.7,0.7,19,3.7,0.7,20,5.3,11,13,17.2,4.9,1.8,1.8,10.1,89,28,0,0.5,0.1,0.3,21,1,0,12,16.4,No recurring injuries,Average,3.7,30,0,0,0,0,0,0,0,0,0,0,0,1.6,1.2
Sky Bet Championship,Cardiff,0.49,Cian Ashford,AM (R),AM (LC),22,"5'11""",Weak,Very Strong,6.93,1,1346,7,192.2857143,0.5,2.95,2.95,4.05,0.2,32%,0.1340909091,1.5,0.9,0.3,59%,1,0,0,0,0,2.07,0.1,83%,41.4,0.1,1.6,3.1,3.9,1,25,3.9,1,26,4.6,21,8,16.8,5,1.7,1.8,9.1,90,29,0,0.2,0.3,0,14,0,0,11.1,14.2,No recurring injuries,Above Average,4.4,27,0.1,0,0,0,0,0,0,0,0,0,0,1.5,1.5
Eredivisie,FC Groningen,0.56,Thom van Bergen,ST (C),,22,"5'11""",Reasonable,Very Strong,7.15,1,1145,7,163.5714286,0.6,3.33,3.33,3.67,0.3,24%,0.1148275862,2.3,0.8,0.6,34%,0,0,0,2,0.2,3.94,0.3,88%,44.7,0.8,1.7,3.5,3.4,0.9,27,3.4,0.9,28,3.5,11,2,15.6,6.5,1.4,1.7,10.1,82,22,0,0.4,0.4,0,13,1,1,12.3,17.4,No recurring injuries,Low,3.8,27,0.1,0,0,0,0,0,0,0,0,0,0,1.3,0.9
Sky Bet Championship,Stoke,0.44,Róbert Boženík,ST (C),,27,"6'2""",Fairly Strong,Very Strong,6.8,2,1283,7,183.2857143,0.5,5.42,5.42,1.58,0.4,19%,0.1464864865,2.6,1.3,0.4,51%,1,0,0,1,0.1,0.89,0.1,91%,26,0.2,1.3,1.3,0.9,0.4,46,0.9,0.4,46,0.3,29,7,20.8,2,0.5,0.3,1.8,100,7,0,0.1,0.1,0,12,2,0,10.3,5.5,No recurring injuries,Below Average,8,30,0.1,0,0,0,0,0,0,0,0,0,0,1.1,1.8
First Division,R. Madrid,0.59,Rodrygo,AM (R),ST (C),25,"5'9""",Reasonable,Very Strong,7.29,2,1021,7,145.8571429,0.6,4.95,4.95,2.05,0.4,18%,0.12375,3.5,1.8,1.1,50%,1,0,0,2,0.2,3.5,0.3,90%,53.2,0.6,2.5,5,3.4,0.9,25,3.4,0.9,26,3.4,19,6,14.6,4.8,1.9,2.4,10.9,91,23,1,0.4,0.7,0,13,2,0,12.4,18.6,No recurring injuries,Average,2.9,30,0,0,0,0,0,0,0,0,0,0,0,2.8,0.8
First Division,Vallecano,0.53,Alemão,ST (C),,28,"6'0""",Reasonable,Very Strong,6.99,0,1012,7,144.5714286,0.6,3.86,3.86,3.14,0.3,21%,0.116969697,2.9,1.6,0.7,55%,1,1,100,1,0.1,1.1,0.1,96%,31.8,0.3,1.1,1,0.4,0,0,0.4,0,0,0.4,17,6,20.4,2.3,0.4,0.6,2,80,5,0,0.1,0.2,0,7,0,0,10.9,6.4,No recurring injuries,Above Average,5.6,44,0,0,0,0,0,0,0,0,0,0,0,1.3,1.1
Sky Bet Championship,West Brom,0.56,Aune Heggebø,ST (C),,25,"6'1""",Very Strong,Weak,6.95,0,1665,7,237.8571429,0.4,7.26,7.26,-0.26,0.4,10%,0.1022535211,3.8,1.9,1.4,49%,3,2,100,0,0,0.83,0,88%,31.9,0.2,1.1,0.8,0.4,0.1,25,0.4,0.1,25,0.3,29,12,16.8,2.6,0.1,0.8,2.1,40,5,0,0,0.3,0,17,0,0,10.5,8.1,No recurring injuries,Below Average,8.3,55,0.1,0,0,0,0,0,0,0,0,0,0,1.4,0.9
Second Division,Córdoba,0.5,Adrián Fuentes,ST (C),AM (L),30,"6'1""",Very Strong,Reasonable,6.95,1,1355,7,193.5714286,0.5,6.62,6.62,0.38,0.4,10%,0.09594202899,4.6,1.9,1.9,41%,3,0,0,2,0.1,1.25,0.1,88%,26.4,0.1,1.1,1,0.7,0,0,0.7,0,0,0.6,26,12,18.9,1.7,0.4,0.7,1.5,60,10,1,0,0.1,0,14,1,0,10.7,5.1,No recurring injuries,Below Average,8.2,38,0,0,0,0,0,0,0,0,0,0,0,1.3,1.1
Serie BKT,Padova,0.5,Kevin Lasagna,ST (C),AM (RC),34,"6'1""",Very Strong,Reasonable,6.99,1,1260,7,180,0.5,7.98,7.98,-0.98,0.6,12%,0.14,4.1,2.4,0,60%,0,0,0,3,0.2,1.15,0.1,59%,20,0,0,0,0,0,0,0,0,0,0,33,0,0,0,1.1,0,0,65,23,0,0,0,0,16,0,1,0,0,No recurring injuries,Very Low,0,0,0,0,0,0,0,0,0,0,0,0,0,0,0
Ligue 1 McDonald's,Strasbourg,0.45,Wout Weghorst,ST (C),,34,"6'6""",Reasonable,Very Strong,6.96,0,1150,7,164.2857143,0.5,4.76,4.76,2.24,0.4,19%,0.1322222222,2.8,1.1,0.5,39%,0,0,0,2,0.2,1.75,0.1,90%,33.3,0.3,1.1,0.6,0.3,0.2,50,0.3,0.2,50,0.7,15,7,18.5,2.3,0.3,0.9,2.3,50,8,0,0.3,0.3,0,12,1,0,10.6,7.6,No recurring injuries,Average,8.8,47,0,0,0,0,0,0,0,0,0,0,0,1.5,0.9
Second Division,Eibar,0.55,Jon Bautista,ST (C),,31,"5'11""",Reasonable,Very Strong,6.9,1,1262,7,180.2857143,0.5,3.24,3.24,3.76,0.2,24%,0.1117241379,2.1,1.1,0.7,55%,1,2,100,2,0.1,1.83,0.1,91%,29.7,0.1,1.1,0.7,0.4,0.1,33,0.4,0.1,33,0.6,25,11,15.5,3.1,0.1,0.6,1.6,33,3,0,0.1,0.2,0,14,1,0,9.9,7.8,No recurring injuries,Average,8.9,31,0.1,0,0,0,0,0,0,0,0,0,0,1.4,1.1
Serie BKT,Cremonese,0.5,Antonio Sanabria,ST (C),,30,"5'11""",Reasonable,Very Strong,7.81,0,1080,7,154.2857143,0.6,2.44,2.44,4.56,0.2,26%,0.09037037037,2.2,1,0,44%,0,0,0,2,0.2,1.59,0.1,61%,20,0,0,0,0,0,0,0,0,0,0,10,0,0,0,1.3,0,0,59,27,0,0,0,0,15,0,0,0,0,No recurring injuries,Very Low,0,0,0,0,0,0,0,0,0,0,0,0,0,0,0
Serie A,Casciavit,0.5,Adrien Rabiot,M (C),"DM, M (L)",31,"6'3""",Very Strong,Reasonable,6.79,2,1805,7,257.8571429,0.3,1.88,1.88,5.12,0.1,26%,0.06962962963,1.3,0.7,0.5,52%,2,0,0,2,0.1,3.53,0.2,92%,16.3,0.4,0.2,1.6,0.2,0.1,50,0.1,0.1,67,0,13,0,10.7,11.3,0.4,0.8,3.2,82,11,2,0.1,0.1,0,12,8,0,3.2,3.9,No recurring injuries,Very Low,0.8,59,0,0,0,0,0,0,0,0,0,0,0,2,1
Sky Bet Championship,QPR,0.52,Ilias Chair,AM (L),M (C),29,"5'5""",Weak,Very Strong,7.01,1,1764,7,252,0.4,5.19,5.19,1.81,0.3,18%,0.1330769231,2,0.9,0.5,44%,0,0,0,3,0.2,3.55,0.2,87%,42.1,0.5,1.6,3,1.3,0.2,12,1.1,0.2,14,1.9,24,9,16.7,11,0.5,1,5.6,77,13,0,0.1,0.2,0,14,0,0,12.4,12.6,No recurring injuries,Above Average,3.1,25,0.1,0,0,0,0,0,0,0,0,0,0,1.2,1.6
Serie A,AS Roma,0.5,Artem Dovbyk,ST (C),,29,"6'2""",Very Strong,Reasonable,6.86,1,1426,7,203.7142857,0.4,7.2,7.2,-0.2,0.5,12%,0.124137931,3.7,1.6,1.1,43%,3,0,0,0,0,0.68,0,91%,26.8,0.2,0.9,0.9,0.4,0.1,14,0.4,0.1,14,0.6,17,15,18.4,1.5,0.3,0.6,2.1,80,5,1,0.2,0.1,0,17,0,0,11.2,6.8,No recurring injuries,Average,7.8,47,0.1,0,0,0,0,0,0,0,0,0,0,1.1,1.4
Serie BKT,Palermo,0.5,Jérémy Le Douaron,AM (R),AM (C),28,"6'2""",Very Strong,Reasonable,7.08,0,1247,7,178.1428571,0.5,4.23,4.23,2.77,0.3,16%,0.094,3.2,1.7,0.3,51%,0,0,0,1,0.1,1.63,0.1,71%,26,0,0.4,0.8,0.3,0.1,50,0.3,0.1,50,0.1,17,0,6.4,2.2,0.9,0.4,1.3,65,20,0,0.1,0,0,21,1,0,3.5,3.2,No recurring injuries,Very Low,0.8,55,0,0,0,0,0,0,0,0,0,0,0,0.3,0.2
Premier League,Arsenal,0.61,Martin Ødegaard,M (C),,27,"5'10""",Very Strong,Reasonable,7.18,3,1578,7,225.4285714,0.4,6.31,6.31,0.69,0.4,15%,0.137173913,2.6,0.7,0.7,28%,0,0,0,6,0.3,4.47,0.3,88%,64.1,0.7,2.3,5.5,2.3,0.6,25,1,0.6,56,1.2,11,3,10.9,5.6,0.9,1.3,4,88,17,1,0.2,0.3,0.2,5,0,0,12,16.7,No recurring injuries,Average,1.5,37,0,0,0,0,0,0,0,0,0,0,0,1.9,1.1
Sky Bet Championship,Derby,0.56,Patrick Agyemang,ST (C),,26,"6'4""",Fairly Strong,Very Strong,6.87,1,1235,6,205.8333333,0.4,3.77,3.77,2.23,0.3,19%,0.1178125,2.3,1.1,0.7,47%,0,0,0,0,0,1.8,0.1,88%,25.2,0.2,0.8,0.5,0.4,0.3,66,0.4,0.3,67,1.1,29,13,20.8,1.7,0.1,0.9,1.3,33,3,0,0.2,0.4,0,12,0,0,10.5,5.8,No recurring injuries,Below Average,8.4,60,0.1,0,0,0,0,0,0,0,0,0,0,1,0.9
Premier League,FC Porto,0.57,William Gomes,AM (L),,20,"5'8""",Very Strong,Fairly Strong,7.05,2,1404,6,234,0.4,3.24,3.24,2.76,0.2,21%,0.1117241379,1.9,1,0.7,52%,2,0,0,2,0.1,2.52,0.2,89%,48.9,0.2,1.9,4.3,3.1,0.6,20,2.4,0.4,19,4.2,15,8,15.2,5.9,1.1,2.5,11,81,21,1,0.2,0.6,0,21,2,0,11.7,13.3,No recurring injuries,Average,2.6,25,0,0,0,0,0,0,0,0,0,0,0,2.1,0.7
Eredivisie,Feyenoord,0.65,Anis Hadj Moussa,AM (R),M (R),24,"5'9""",Very Strong,Weak,6.92,3,1312,6,218.6666667,0.4,3.37,3.37,2.63,0.2,15%,0.08219512195,2.8,1.3,1.3,46%,1,0,0,2,0.1,1.21,0.1,88%,48.9,0.3,2,4.5,7.7,1.7,22,3.2,0.5,17,6.2,16,9,14.5,7.3,1.9,2.1,10.7,70,40,0,0.2,0.4,0.1,17,1,0,12.5,17.2,No recurring injuries,Below Average,2,24,0,0,0,0,0,0,0,0,0,0,0,1.4,0.8
First Division,Sevilla,0.43,Peque,AM (C),"AM (L), ST (C)",24,"5'8""",Reasonable,Very Strong,7.05,2,1210,6,201.6666667,0.4,4.35,4.35,1.65,0.3,14%,0.09886363636,3.3,1.3,1.2,41%,2,2,100,1,0.1,1.16,0.1,88%,52,0.4,2.5,4.6,1.9,0.7,38,1.9,0.7,38,3.6,13,3,15.2,4.7,1.3,2.2,10.3,53,32,2,0.1,0.7,0,8,0,0,11.3,14.4,No recurring injuries,Below Average,2.2,27,0,0,0,0,0,0,0,0,0,0,0,1.3,1.1
First Division,Barcelona,0.61,Raphinha,AM (L),"M (RL), AM (C)",29,"5'9""",Very Strong,Fairly Strong,7.39,2,1491,6,248.5,0.4,4.34,4.34,1.66,0.3,15%,0.1112820513,2.4,1.2,0.6,51%,0,0,0,5,0.3,3.12,0.2,89%,59,0.4,2.8,4.2,7,1.4,19,3.8,0.8,22,3,21,14,11.7,7.5,1.4,2.2,11.3,64,36,1,0.2,0.6,0,26,2,0,12.9,19,No recurring injuries,Below Average,2.9,31,0,0,0,0,0,0,0,0,0,0,0,1.7,1.1
Premier League,Chelsea,0.56,Johan Manzambi,M (C),ST (C),21,"6'0""",Reasonable,Very Strong,7.14,3,1079,6,179.8333333,0.5,4.82,4.82,1.18,0.4,14%,0.1120930233,3.6,1.8,1.2,49%,0,0,0,3,0.3,2.82,0.2,87%,46.5,0.5,2.3,2.8,3.2,0.8,23,1.7,0.5,30,1.9,16,5,10.9,6.1,0.6,2,7.2,64,11,0,0.3,0.5,0.2,7,1,0,11.5,14,No recurring injuries,Below Average,2.8,59,0,0,0,0,0,0,0,0,0,0,0,2.4,0.7
Eredivisie,PSV,0.55,Ricardo Pepi,ST (C),,23,"6'1""",Fairly Strong,Very Strong,7.06,1,1172,6,195.3333333,0.5,6.21,6.21,-0.21,0.5,12%,0.1242,3.8,2.1,1.2,54%,3,0,0,3,0.2,1.23,0.1,93%,33.3,0.2,0.9,1,0.5,0.2,42,0.5,0.2,43,0.7,14,7,12.3,2,0,0.5,1.2,0,5,0,0,0.2,0,11,2,0,11,5.9,No recurring injuries,Above Average,5.5,32,0,0,0,0,0,0,0,0,0,0,0,1.6,1
Eredivisie,AZ,0.62,Matěj Šín,AM (C),,22,"5'10""",Very Strong,Reasonable,6.99,2,2000,6,333.3333333,0.3,4.35,4.35,1.65,0.2,13%,0.09666666667,2,0.9,0.7,44%,1,1,100,1,0,3.68,0.2,86%,42.2,0.2,2.3,2.8,0.6,0.2,30,0.6,0.2,31,1.7,11,6,19.1,10.2,0.8,1.3,4.5,85,20,2,0,0.4,0,11,0,0,12,11.7,No recurring injuries,Below Average,3.6,21,0,0,0,0,0,0,0,0,0,0,0,1.3,0.8
Premier League,Arsenal,0.61,Bukayo Saka,AM (R),,25,"5'10""",Very Strong,Reasonable,7.48,6,1806,6,301,0.3,6.98,4.68,-0.98,0.3,10%,0.1107936508,3.1,1.5,1.8,49%,1,3,100,7,0.3,9.38,0.5,90%,72.8,1.6,3.2,8.8,9.4,2.5,26,4.3,1.8,43,5.3,45,17,18.3,10.1,2.9,3.6,14.6,75,77,1,0.3,0.7,0.1,34,3,0,13.8,23.2,No recurring injuries,Above Average,2.2,39,0,0,0,1,0,0,0,0,0,0,0,2.1,1.2
Jupiler Pro League,Standard,0.50,Thomas Henry,ST (C),,32,"6'4""",Weak,Very Strong,6.92,2,1098,6,183,0.5,4.09,4.09,1.91,0.3,14%,0.09511627907,3.5,1.5,1,42%,1,1,100,1,0.1,1.01,0.1,85%,31.6,0.1,1.1,0.7,0.3,0.2,50,0.3,0.2,50,0.4,23,8,21.8,1.7,0.2,0.7,1.1,75,4,0,0.1,0.3,0,9,0,0,10.3,6,No recurring injuries,Low,8.2,40,0.2,0,0,0,0,0,0,0,0,0,0,1,0.8
Ligue 1 McDonald's,OGC Nice,0.49,Sofiane Diop,AM (L),"M (R), AM (RC)",26,"5'9""",Reasonable,Very Strong,6.94,0,1142,6,190.3333333,0.5,3.1,3.1,2.9,0.2,19%,0.1,2.4,1.1,1.3,45%,3,1,100,1,0.1,1.71,0.1,89%,50,0.3,1.6,3.9,7.1,1.6,22,2.2,0.6,25,2.3,10,8,13.4,6.3,2.2,1.9,10.8,76,37,0,0.3,0.7,0.1,15,0,0,12.1,14.1,No recurring injuries,Above Average,3.5,34,0,0,0,0,0,0,0,0,0,0,0,1.3,1.1
Ligue 2 BKT,SM Caen,0.41,Ivann Botella,ST (C),AM (LC),27,"5'11""",Weak,Very Strong,6.77,2,1225,6,204.1666667,0.4,4.47,4.47,1.53,0.3,17%,0.1241666667,2.6,1.2,0.6,44%,0,0,0,0,0,0.81,0.1,87%,23.7,0.1,1,0.6,0.9,0.2,25,0.9,0.2,25,0.2,30,9,20.6,1.5,0.1,0.4,1.8,33,3,0,0.1,0.1,0,21,1,0,10.1,5.7,No recurring injuries,Below Average,8.4,23,0,0,0,0,0,0,0,0,0,0,0,1.1,1.2
Premier League,Estoril Praia,0.46,Yanis Begraoui,ST (C),AM (R),25,"5'10""",Fairly Strong,Very Strong,6.75,0,1072,6,178.6666667,0.5,3.31,2.5,2.69,0.3,23%,0.1273076923,2.2,1.1,0.8,50%,1,1,0,1,0.1,1.14,0.1,91%,28.2,0.2,1.2,1.2,0.4,0.1,20,0.4,0.1,20,0.3,28,8,17.1,1.7,0.1,0.6,1.2,20,5,0,0,0.3,0,12,0,0,10.5,5.8,No recurring injuries,Low,6.1,27,0,0,0,0,0,0,0,0,0,0,0,0.9,1.9
Bundesliga,Sport-Club Freiburg,0.51,Yuito Suzuki,AM (C),ST (C),25,"5'9""",Strong,Very Strong,7.08,1,1034,6,172.3333333,0.5,2.25,2.25,3.75,0.2,43%,0.1607142857,1.2,0.9,0.3,71%,0,0,0,2,0.2,2,0.2,87%,43.6,0.2,1.6,2.7,1,0.4,45,0.6,0.3,57,1.1,5,4,17.8,8.8,0.4,1.4,6,100,5,0,0.1,0.3,0,7,0,0,11.6,9.5,No recurring injuries,Above Average,2,13,0,0,0,0,0,0,0,0,0,0,0,1.3,1.2
Serie A,Fiorentina,0.5,Moise Kean,ST (C),,26,"6'0""",Fairly Strong,Very Strong,6.79,1,1190,6,198.3333333,0.5,4.92,4.92,1.08,0.4,12%,0.09647058824,3.9,1.9,1.7,49%,2,0,0,0,0,1.36,0.1,90%,27.6,0.2,0.8,0.8,0.6,0.2,25,0.6,0.2,25,0.8,26,7,20.9,1.6,0.1,0.4,1.4,50,2,0,0,0.2,0,18,2,0,10.9,6.1,No recurring injuries,Very Low,5.6,31,0,0,0,0,0,0,0,0,0,0,0,1.1,0.8
Serie A,Bologna,0.5,Riccardo Orsolini,AM (R),M (R),29,"6'0""",Very Strong,Reasonable,7.29,1,1334,6,222.3333333,0.4,2.61,2.61,3.39,0.2,20%,0.087,2,0.9,0.7,43%,2,1,100,2,0.1,1.05,0.1,86%,50.9,0.2,2.1,3.6,7.6,1.4,18,3.9,1.1,28,4.3,22,8,14.7,5.7,1.6,2,10.7,71,34,0,0.1,0.5,0,27,1,0,12.1,19.1,No recurring injuries,Low,3.4,46,0.1,0,0,0,0,0,0,0,0,0,0,1.3,1.3
Bundesliga 2,Holstein Kiel,0.43,Andu Kelati,AM (L),"M (LC), AM (RC)",24,"5'10""",Weak,Very Strong,7.09,3,1208,6,201.3333333,0.4,2.08,2.08,3.92,0.2,27%,0.09454545455,1.6,1.1,0.4,68%,1,1,100,2,0.1,3.92,0.3,91%,43.5,0.4,1.2,2.9,2,0.4,18,2,0.4,19,4.9,14,4,18.9,4.5,0.9,2.5,9.6,75,16,0,0.4,0.7,0,21,0,0,11.4,15.3,No recurring injuries,Above Average,4.2,47,0,0,0,0,0,0,0,0,0,0,0,1,1
Jupiler Pro League,KV Mechelen,0.51,Mathis Servais,AM (C),AM (L),22,"6'1""",Very Strong,Reasonable,7.04,2,1536,6,256,0.4,3.67,3.67,2.33,0.2,15%,0.0941025641,2.3,0.8,1,36%,4,0,0,6,0.4,3.54,0.2,88%,42.7,0.4,1.8,2.6,3.3,0.8,24,1,0.3,29,1.7,16,5,15,12.2,0.5,1.3,4.9,89,9,0,0.2,0.2,0.1,13,2,0,11.3,8.6,No recurring injuries,Below Average,4,29,0.1,0,0,0,0,0,0,0,0,0,0,1.3,1.2
Serie A,Celesti,0.5,Mattia Zaccagni,AM (L),"M (L), AM (C)",31,"5'10""",Fairly Strong,Very Strong,7.09,2,1070,6,178.3333333,0.5,4.43,3.66,1.57,0.4,19%,0.1429032258,2.6,1.1,0.8,42%,1,2,100,2,0.2,2.64,0.2,89%,51.2,0.4,2.4,4,4,1.1,27,3.8,1.1,29,4,14,6,12.5,5.5,1.8,2.5,10.4,81,26,2,0.2,0.5,0,16,2,1,12.4,14.5,No recurring injuries,Very Low,3.4,28,0,0,0,0,0,0,0,0,0,0,0,1.5,1.4
Bundesliga,Bayer 04 Leverkusen,0.60,Ernest Poku,AM (R),"WB (L), M (RL), AM (C)",22,"5'9""",Very Strong,Very Strong,7,2,1136,6,189.3333333,0.5,1.46,1.46,4.54,0.1,33%,0.08111111111,1.4,0.6,0.6,44%,1,0,0,3,0.2,1.36,0.1,86%,47.9,0.2,1.7,3.7,4.1,1,23,4.1,1,23,3.1,12,4,19.9,3.9,1.6,1.7,9.1,63,32,0,0.2,0.3,0,9,1,0,12,13.8,No recurring injuries,Below Average,2.3,24,0.1,0,0,0,0,0,0,0,0,0,0,2.1,0.8
Serie BKT,Padova,0.5,Gianluca Caprari,AM (C),ST (C),33,"5'9""",Reasonable,Very Strong,7.12,0,1170,6,195,0.5,2.61,2.61,3.39,0.2,27%,0.1186363636,1.7,0.7,0,41%,0,0,0,6,0.5,0.88,0.1,59%,20,0,0,0,0,0,0,0,0,0,0,17,0,0,0,1.4,0,0,56,32,0,0,0,0,17,0,0,0,0,No recurring injuries,Very Low,0,0,0,0,0,0,0,0,0,0,0,0,0,0,0
Premier League,Man City,0.56,Bernardo Silva,M/AM (C),M (R),32,"5'8""",Very Strong,Weak,7.31,1,1282,6,213.6666667,0.4,4.46,3.7,1.54,0.3,17%,0.1238888889,2.5,1.1,1.3,44%,2,1,100,6,0.4,4.07,0.3,90%,59.5,0.6,2.3,5.5,1.8,0.6,30,0.8,0.3,36,1.9,15,3,8.3,4.6,1.1,2.2,7.1,60,25,0,0.4,0.4,0.4,10,1,0,12.8,24.6,No recurring injuries,Below Average,0.9,8,0,0,0,0,0,0,0,0,0,0,0,2.9,0.8
Eredivisie,FC Groningen,0.56,Brynjólfur Willumsson,ST (C),AM (C),26,"6'1""",Reasonable,Very Strong,7.04,0,1244,6,207.3333333,0.4,4.02,4.02,1.98,0.3,16%,0.1057894737,2.7,1.2,1.2,42%,2,0,0,4,0.3,1.98,0.1,89%,24.2,0.1,1,0.9,0.7,0.1,22,0.7,0.1,22,0.4,22,7,19.7,2.7,0.1,0.7,1.4,50,4,0,0.1,0.1,0,11,0,0,9.8,5.4,No recurring injuries,Average,8.3,39,0.1,0,0,0,0,0,0,0,0,0,0,1.2,0.9
Serie A,Juventus,0.5,Dušan Vlahović,ST (C),,26,"6'3""",Very Strong,Reasonable,6.98,1,1702,6,283.6666667,0.3,6.79,6.79,-0.79,0.4,11%,0.12125,3,1.6,0.6,54%,2,1,100,4,0.2,3.1,0.2,89%,30.1,0.5,0.8,0.6,0.4,0.1,14,0.4,0.1,14,0.5,35,13,19.2,2.6,0.3,0.6,1.5,75,8,0,0.2,0.1,0,16,1,0,11.2,7,No recurring injuries,Very Low,6.5,43,0.2,0,0,0,0,0,0,0,0,0,0,1.4,0.8
Serie A,Udinese,0.5,Adam Buksa,ST (C),AM (L),30,"6'3""",Very Strong,Fairly Strong,6.99,0,1075,6,179.1666667,0.5,3.71,3.71,2.29,0.3,15%,0.09512820513,3.3,1.7,0.8,51%,1,0,0,0,0,0.63,0.1,88%,27.5,0.3,0.8,0.6,0.3,0.1,33,0.3,0.1,33,0.8,19,11,19.2,2,0.1,1,1.5,100,1,0,0.1,0.1,0,14,1,0,10.2,7.9,No recurring injuries,Very Low,8.6,54,0.1,0,0,0,0,0,0,0,0,0,0,1.6,1
Premier League,Bournemouth,0.44,Alex Scott,M/AM (C),AM (R),23,"5'10""",Weak,Very Strong,6.82,1,1121,6,186.8333333,0.5,3.61,3.61,2.39,0.3,24%,0.1444,2,1.2,0.7,60%,2,0,0,1,0.1,1.46,0.1,86%,50.5,0.3,1.8,4.2,1.4,0.2,17,1.4,0.2,18,2.9,26,4,11.1,3.9,0.9,1.4,5.3,100,11,0,0,0.2,0,8,0,0,12.9,12,No recurring injuries,Below Average,3.8,11,0,0,0,0,0,0,0,0,0,0,0,1.6,2.2
Eredivisie,AZ,0.62,Darío Osorio,AM (R),AM (L),22,"6'0""",Very Strong,Reasonable,7.01,2,1497,6,249.5,0.4,2.08,2.08,3.93,0.1,21%,0.07428571429,1.7,0.8,0.5,50%,0,0,0,0,0,2.77,0.2,90%,49.5,0.5,2.5,4.4,3.7,0.8,21,2.9,0.7,24,3.3,23,6,16.2,4.4,1.9,1.9,9.4,82,38,0,0.3,0.6,0,30,3,0,11.4,15.8,No recurring injuries,Average,3,48,0,0,0,0,0,0,0,0,0,0,0,1.4,0.7
Premier League,Man City,0.56,Jérémy Doku,AM (L),AM (R),24,"5'7""",Fairly Strong,Very Strong,7.28,2,1089,6,181.5,0.5,3.5,3.5,2.5,0.3,25%,0.1458333333,2,1.1,0.6,54%,0,0,0,4,0.3,3.23,0.3,86%,60.4,0.9,3.1,8,5,1.9,38,5,1.9,38,10.6,37,6,17.5,8.1,1.6,2.7,14.7,68,28,1,0.4,0.7,0.1,11,0,0,13.2,19.9,No recurring injuries,Average,2.8,15,0,0,0,0,0,0,0,0,0,0,0,2.8,0.7
Serie BKT,Palermo,0.5,Joel Pohjanpalo,ST (C),,32,"6'1""",Fairly Strong,Very Strong,7.53,2,1003,6,167.1666667,0.5,4.21,3.4,1.79,0.4,18%,0.1275757576,3,1.5,0.2,52%,0,1,0,3,0.3,0.89,0.1,71%,23.8,0,0,0.3,0,0,0,0,0,0,0.1,19,1,2.9,0.8,0.8,0.4,0.5,69,13,0,0,0.1,0,14,0,0,2.1,0.9,No recurring injuries,Very Low,1,18,0,0,0,0,0,0,0,0,0,0,0,0.1,0.4
Bundesliga,VfB Stuttgart,0.57,Jamie Leweling,AM (R),"M (RL), AM (C)",25,"6'1""",Strong,Very Strong,7.44,4,1174,6,195.6666667,0.5,3.7,3.7,2.3,0.3,21%,0.1321428571,2.1,1.4,1,64%,2,0,0,4,0.3,2.24,0.2,90%,50.4,0.5,2.6,4.8,4.4,0.8,19,4.4,0.8,19,4.8,18,8,16.2,7.6,2.5,2.5,11.2,80,40,0,0.3,0.5,0.1,17,2,0,12.7,18.8,No recurring injuries,Average,3.1,44,0.1,0,0,0,0,0,0,0,0,0,0,2.1,0.9
Premier League,Newcastle,0.54,Jacob Ramsey,M/AM (C),,25,"5'11""",Fairly Strong,Very Strong,7.07,2,1518,6,253,0.4,4.58,4.58,1.42,0.3,19%,0.143125,1.9,0.9,0.7,50%,1,0,0,5,0.3,3.93,0.2,89%,52.1,0.7,1.6,2,1.1,0.4,33,1.1,0.4,33,0.9,6,5,7.8,3.6,1,1,5.9,89,19,0,0.1,0.3,0,8,0,0,12.9,7.5,No recurring injuries,High,3.1,31,0.1,0,0,0,0,0,0,0,0,0,0,1.8,0.9
Ligue 1 McDonald's,Auxerre,0.51,Danny Namaso,AM (C),"AM (R), ST (C)",26,"6'0""",Fairly Strong,Very Strong,7.19,2,1079,6,179.8333333,0.5,2.26,2.26,3.74,0.2,26%,0.09826086957,1.9,0.8,0.8,43%,0,0,0,1,0.1,2.62,0.2,89%,46,0.6,1.6,3.3,1.8,0.5,28,1.8,0.5,29,3.8,12,3,15.7,4.9,1.2,2.1,10.2,52,27,0,0.3,0.8,0.1,10,0,0,11.8,13.6,No recurring injuries,Low,4.3,24,0,0,0,0,0,0,0,0,0,0,0,1.3,0.9
Second Division,R. Santander,0.51,Íñigo Vicente,AM (C),M (L),28,"5'10""",Weak,Very Strong,6.89,0,1439,6,239.8333333,0.4,3.53,3.53,2.47,0.2,20%,0.1176666667,1.9,0.9,0.7,47%,0,0,0,1,0.1,4.76,0.3,88%,41.6,0.2,1.4,3.1,1.1,0.1,11,0.6,0.1,10,1.9,18,5,12.4,11.6,0.5,1.8,5.2,73,11,1,0.3,0.3,0,8,0,0,11.5,10.6,No recurring injuries,Below Average,3.7,17,0.1,0,0,0,0,0,0,0,0,0,0,1.2,1
Premier League,Brentford,0.38,Kodai Sano,"M (C), AM (L)",,23,"5'9""",Reasonable,Very Strong,7.06,2,1337,6,222.8333333,0.4,2.95,2.95,3.05,0.2,17%,0.08428571429,2.4,1.1,1.2,46%,3,0,0,4,0.3,2.89,0.2,86%,52.4,0.5,2,4.6,2.1,0.7,35,2.1,0.7,35,4,12,3,14,8.8,1.8,3.2,12.8,63,41,0,0.1,0.9,0,7,2,0,13.5,19.7,No recurring injuries,Above Average,3.6,15,0,0,0,1,0,0,0,0,0,0,0,1.4,1.3
Sky Bet Championship,Burnley,0.53,Jacob Murphy,AM (R),"M (R), AM (L)",31,"5'10""",Reasonable,Very Strong,7.01,0,1383,6,230.5,0.4,4.64,4.64,1.36,0.3,17%,0.1288888889,2.3,0.8,0.6,33%,0,0,0,2,0.1,4.02,0.3,87%,53.8,0.7,2,3.4,4.9,0.8,15,3.2,0.6,18,3.4,15,8,14,5.8,1.5,2.7,10.9,74,31,0,0.3,0.5,0,13,0,0,12.2,18.3,No recurring injuries,Very Low,2.5,16,0,0,0,0,0,0,0,0,0,0,0,1.6,0.8
Bundesliga,Borussia Dortmund,0.62,Maximilian Beier,ST (C),AM (RL),24,"6'1""",Reasonable,Very Strong,7.01,1,1424,6,237.3333333,0.4,3.95,3.95,2.05,0.2,14%,0.09404761905,2.7,1.5,0.6,55%,0,0,0,2,0.1,2.82,0.2,87%,48.3,0.4,1.6,1.9,1.4,0.3,22,1.4,0.3,23,1.5,8,13,15.8,7.7,0.6,1.4,4.7,75,12,0,0.3,0.3,0.1,15,1,0,12.6,13.5,No recurring injuries,Below Average,4.1,42,0.1,0,0,0,0,0,0,0,0,0,0,1.4,1
First Division,A. Bilbao,0.61,Nico Williams,AM (L),"M (R), ST (C)",24,"5'11""",Strong,Very Strong,7.35,3,1501,6,250.1666667,0.4,6.05,5.28,-0.05,0.4,14%,0.1375,2.6,1.4,1.2,52%,0,2,100,5,0.3,4.06,0.2,90%,51.4,0.5,2.3,2.6,5.2,0.8,16,2.8,0.4,13,3.9,33,13,11,6.5,1.5,1.3,10,81,31,1,0.2,0.5,0,19,0,0,11.8,16.2,No recurring injuries,Below Average,3.5,39,0,0,0,0,0,0,0,0,0,0,0,1.7,1.4
Ligue 1 McDonald's,Strasbourg,0.45,Julio Enciso,AM (R),,22,"5'9""",Fairly Strong,Very Strong,7.17,1,1514,6,252.3333333,0.4,3.13,3.13,2.87,0.2,13%,0.06520833333,2.9,1.2,1.3,44%,0,0,0,1,0.1,2.67,0.2,89%,53.4,0.3,1.8,3.3,3.2,0.8,26,3.2,0.8,26,4.3,19,6,18.7,4.6,1.9,2,10.3,76,42,2,0.4,0.5,0.2,12,0,0,13.1,19.1,No recurring injuries,Above Average,2.7,26,0,0,0,0,0,0,0,0,0,0,0,1.2,1.2
Jupiler Pro League,Charleroi,0.53,Aurélien Scheidler,ST (C),,28,"6'4""",Weak,Very Strong,6.86,1,1377,6,229.5,0.4,8.26,6.64,-2.26,0.5,10%,0.1424137931,3.8,1.8,1.2,47%,5,2,0,4,0.3,1.91,0.1,92%,26.1,0.1,1.3,1,1,0.3,33,1,0.3,33,0.3,23,5,20.1,2.4,0.1,0.3,1.4,17,6,0,0.1,0.1,0,13,1,0,10.4,8.2,No recurring injuries,Below Average,8.9,37,0.2,0,0,0,0,0,0,0,0,0,0,1.2,1
Serie A,Casciavit,0.5,Rafael Leão,AM (L),,27,"6'2""",Fairly Strong,Very Strong,6.87,1,1235,6,205.8333333,0.4,5.27,5.27,0.73,0.4,16%,0.1386842105,2.8,1.5,0.6,53%,1,0,0,3,0.2,1.59,0.1,90%,28.1,0.4,1.5,1.1,0.8,0.4,45,0.8,0.4,45,0.9,11,23,14.1,1.3,0.2,0.5,1.8,75,4,0,0.1,0,0.1,25,0,0,10.5,5.8,No recurring injuries,Very Low,6.7,43,0.1,0,0,0,0,0,0,0,0,0,0,1.8,1.1
Serie A,Parthenope,0.5,Romelu Lukaku,ST (C),,33,"6'3""",Very Strong,Fairly Strong,6.92,0,1305,6,217.5,0.4,5.25,5.25,0.75,0.4,13%,0.109375,3.3,1.7,1,52%,2,2,100,1,0.1,1.15,0.1,87%,27.9,0.1,1.1,0.8,0.3,0.1,40,0.3,0.1,40,0.6,38,9,21.3,1.7,0.1,0.8,1,67,3,0,0.1,0.2,0,14,2,0,10,5,No recurring injuries,Very Low,7.1,37,0.1,0,0,0,0,0,0,0,0,0,0,1.2,1.1
Ligue 1 McDonald's,OGC Nice,0.49,Taiwo Awoniyi,ST (C),,29,"6'0""",Reasonable,Very Strong,6.97,1,1119,6,186.5,0.5,2.84,2.84,3.16,0.2,22%,0.1051851852,2.2,0.8,0.7,37%,0,1,100,1,0.1,0.81,0.1,87%,24.3,0.3,0.9,0.9,0.4,0.1,20,0.4,0.1,20,1,19,9,13.8,1.3,0.2,0.7,2.1,67,3,0,0,0.2,0,9,0,0,10.3,4.5,No recurring injuries,Above Average,5.9,25,0,0,0,0,0,0,0,0,0,0,0,1.4,1
Premier League,Sporting CP,0.62,Flávio Gonçalves,AM (L),"M (L), AM (C), ST (C)",19,"5'8""",Very Weak,Very Weak,6.96,1,1033,6,172.1666667,0.5,1.59,1.59,4.41,0.1,30%,0.0795,1.7,0.8,0.9,45%,0,0,0,3,0.3,2.51,0.2,91%,40.9,0.5,1.4,3.4,2.8,0.9,31,2.7,0.9,32,4,8,4,16.6,4.5,1.8,3,9.8,88,24,0,0.7,0.6,0.1,15,1,0,11.5,13.4,No recurring injuries,Low,2.6,17,0,0,0,0,0,0,0,0,0,0,0,1.9,0.4
Second Division,F.C. Andorra,0.45,Manu Nieto,ST (C),,28,"6'0""",Fairly Strong,Very Strong,6.87,1,1504,6,250.6666667,0.4,6.64,6.64,-0.64,0.4,16%,0.1747368421,2.3,0.8,0.5,37%,0,2,100,0,0,1.84,0.1,88%,27.2,0.2,0.8,0.8,0.2,0.1,50,0.2,0.1,50,0.8,25,11,16.3,2,0.1,1,1.9,33,3,0,0.2,0.3,0,12,0,0,10.7,6.8,No recurring injuries,Below Average,8.7,17,0.1,0,0,0,0,0,0,0,0,0,0,1,1.3
Second Division,Valladolid,0.54,Arnu,ST (C),,19,"6'1""",Weak,Very Strong,6.78,0,1122,6,187,0.5,2.95,2.95,3.05,0.2,16%,0.07763157895,3,1.8,1.1,61%,0,0,0,1,0.1,0.87,0.1,87%,25.7,0.2,1.4,1,0.8,0.2,30,0.8,0.2,30,0.4,16,4,17.3,3,0.2,0.7,2.4,40,5,0,0.2,0.1,0,10,1,1,10.6,6.3,No recurring injuries,Below Average,8.8,33,0.2,0,0,0,0,0,0,0,0,0,0,1.7,1.1
Serie A,Bologna,0.5,Santiago Castro,ST (C),,22,"6'0""",Weak,Very Strong,6.84,0,1521,6,253.5,0.4,7.19,7.19,-1.19,0.4,9%,0.1027142857,4.1,1.8,1.4,43%,3,0,0,2,0.1,0.92,0.1,85%,29.8,0.2,0.7,0.7,0.4,0.1,28,0.4,0.1,29,0.7,27,15,13.4,3.7,0.3,0.8,1.2,83,6,1,0.4,0.2,0,19,4,0,11.1,7.8,No recurring injuries,Below Average,6.7,39,0.1,0,0,0,0,0,0,0,0,0,0,1.3,1.4
Jupiler Pro League,Westerlo,0.47,Afonso Patrão,ST (C),AM (R),19,"6'0""",Reasonable,Very Strong,6.71,1,1117,6,186.1666667,0.5,1.9,1.9,4.1,0.2,33%,0.1055555556,1.5,0.8,0.6,56%,5,2,100,0,0,0.74,0.1,91%,24.3,0.1,0.9,0.7,0.2,0,0,0.2,0,0,0.4,17,4,20.1,1.7,0.3,0.4,1,67,6,0,0,0.3,0,8,1,0,9.9,4.4,No recurring injuries,Low,7.9,32,0,0,0,0,0,0,0,0,0,0,0,1.1,1.1
Second Division,F.C. Andorra,0.45,Luismi,AM (C),"M (R), AM (L)",28,"5'8""",Weak,Very Strong,7.15,4,1246,5,249.2,0.4,4.44,4.44,0.56,0.3,16%,0.1432258065,2.2,1.1,0.7,48%,0,0,0,2,0.1,2.7,0.2,87%,45.6,0.1,2.3,3.8,7.1,1.3,18,3.1,0.7,23,3.6,14,4,17.7,5.3,1.2,2.6,9.1,73,22,1,0.3,0.5,0,18,1,0,11.6,14.6,No recurring injuries,Below Average,3.3,37,0,0,0,0,0,0,0,0,0,0,0,1.1,1.1
Second Division,Leonesa,0.48,Manu Justo,ST (C),AM (RLC),30,"5'9""",Reasonable,Very Strong,6.75,1,1298,5,259.6,0.3,5.43,4.62,-0.43,0.4,15%,0.1645454545,2.3,1.2,0.6,55%,1,1,0,0,0,0.47,0,88%,24.5,0,1,0.6,0.3,0.1,25,0.3,0.1,25,0.9,27,13,23,1.7,0.1,0.7,1.8,50,4,0,0.3,0.1,0,13,0,0,9.9,5.5,No recurring injuries,Below Average,7.8,20,0,0,0,0,0,0,0,0,0,0,0,0.7,1
Jupiler Pro League,KRC Genk,0.54,Konstantinos Karetsas,AM (C),"DM, AM (R)",19,"5'8""",Very Strong,Fairly Strong,6.93,1,1227,5,245.4,0.4,2.27,2.27,2.73,0.2,21%,0.09458333333,1.8,1,0.5,58%,0,0,0,2,0.1,4.09,0.3,88%,47,0.4,1.5,3.4,0.8,0.1,18,0.7,0.1,22,1.5,10,3,13.1,12.2,0.6,1.4,5.7,80,10,0,0.4,0.4,0,9,0,0,12.3,11.3,No recurring injuries,Below Average,2.8,32,0,0,0,0,0,0,0,0,0,0,0,1.6,0.8
First Division,Girona,0.57,Toni Martínez,ST (C),,29,"6'2""",Fairly Strong,Very Strong,6.91,0,1071,5,214.2,0.4,4.47,4.47,0.53,0.4,10%,0.0894,4.2,2.3,1.3,54%,2,0,0,1,0.1,0.54,0,85%,31.8,0.2,0.9,1,0.5,0.1,16,0.5,0.1,17,0.5,24,7,20,2.1,0.3,0.6,2.2,100,4,0,0.2,0.1,0,11,3,0,10.7,7,No recurring injuries,Low,7.5,39,0.2,0,0,0,0,0,0,0,0,0,0,1.8,1.3
Sky Bet Championship,Portsmouth,0.49,Colby Bishop,ST (C),,30,"5'11""",Reasonable,Very Strong,6.78,1,1511,5,302.2,0.3,5.34,5.34,-0.34,0.3,12%,0.1241860465,2.6,1.1,0.7,44%,1,0,0,2,0.1,1.61,0.1,89%,30.7,0.1,0.9,0.7,0.4,0.1,14,0.4,0.1,14,0.4,29,7,19.4,1.7,0.2,0.7,1.7,50,6,0,0.1,0.2,0,13,1,0,9.9,7.9,No recurring injuries,Below Average,8,30,0.1,0,0,0,0,0,0,0,0,0,0,1,1
Sky Bet Championship,Millwall,0.53,Alysson Edward,AM (R),AM (L),20,"5'10""",Very Strong,Weak,7.04,1,1600,5,320,0.3,4.69,4.69,0.31,0.3,14%,0.134,2,0.6,0.4,31%,1,0,0,1,0.1,3.12,0.2,87%,42.7,0.1,1.6,3.7,3.9,0.8,21,3.9,0.8,22,4.5,19,7,17.9,5.3,1.3,2,9.1,86,28,0,0.3,0.2,0,28,0,0,11.8,17,No recurring injuries,Below Average,4.2,44,0.1,0,0,0,0,0,0,0,0,0,0,1.1,0.8
First Division,Villarreal,0.53,Ayoze Pérez,ST (C),AM (RL),33,"5'10""",Fairly Strong,Very Strong,6.85,1,1304,5,260.8,0.3,4.71,4.71,0.29,0.3,13%,0.1239473684,2.6,1.2,0.6,45%,1,0,0,2,0.1,1.6,0.1,86%,28.3,0.1,0.9,0.8,0.6,0.1,22,0.6,0.1,22,0.3,20,10,18,2.1,0.3,0.3,1.6,44,9,0,0.1,0.1,0,10,1,0,10.3,6.6,No recurring injuries,Above Average,5.2,36,0.1,0,0,0,0,0,0,0,0,0,0,1.4,1.7
Serie A,Como,0.5,Tasos Douvikas,ST (C),,27,"6'0""",Fairly Strong,Very Strong,6.71,0,1273,5,254.6,0.4,3.55,3.55,1.45,0.3,14%,0.09594594595,2.6,1.4,1,54%,0,0,0,4,0.3,0.92,0.1,86%,27.3,0.3,0.8,0.6,0.4,0,0,0.4,0,0,0.5,26,10,21.9,1.3,0.4,0.4,1.4,100,5,1,0.1,0.2,0,18,0,0,9.8,5.6,No recurring injuries,Very Low,5.6,29,0.1,0,0,0,0,0,0,0,0,0,0,0.9,1.6
Premier League,Everton,0.37,Carlos Alcaraz,AM (C),M (C),23,"5'11""",Reasonable,Very Strong,7.09,2,1258,5,251.6,0.4,3.39,3.39,1.61,0.2,24%,0.1614285714,1.5,0.8,0.4,52%,0,0,0,8,0.6,2.5,0.2,86%,40.7,0.5,2.2,3.8,1.1,0.1,12,1.1,0.1,13,1.6,6,5,8.7,4.6,1.3,2.1,8.7,67,27,0,0.2,0.5,0.2,9,1,0,13.7,17,No recurring injuries,Low,4.8,42,0.1,0,0,1,0,0,0,0,0,0,0,2.1,1.5
Eredivisie,Ajax,0.60,Rayane Bounida,AM (C),,20,"5'10""",Fairly Strong,Very Strong,6.98,3,1333,5,266.6,0.3,2.2,2.2,2.8,0.1,16%,0.06875,2.2,0.8,1,38%,0,0,0,5,0.3,4.07,0.3,90%,46.7,0.3,1.7,3.4,5.6,0.7,12,1.7,0.1,8,3.2,12,5,16.5,5.6,1.1,1.7,6.6,94,18,0,0.3,0.7,0.1,12,2,0,11.6,12.3,No recurring injuries,High,2.2,21,0.1,0,0,0,0,0,0,0,0,0,0,2,0.7
Jupiler Pro League,Antwerp,0.53,Vincent Janssen,ST (C),,32,"6'1""",Very Strong,Strong,6.79,1,1082,5,216.4,0.4,4.14,4.14,0.86,0.3,14%,0.1118918919,3.1,1.6,1,51%,1,0,0,1,0.1,1.38,0.1,88%,32.4,0.3,1.1,0.9,0.6,0,0,0.6,0,0,0.2,12,3,13.9,1.9,0.3,0.3,2,80,5,0,0.2,0.1,0,9,0,0,10.3,5.2,No recurring injuries,Above Average,6.6,37,0.1,0,0,0,0,0,0,0,0,0,0,1,1.9
Serie BKT,Venezia,0.5,Lion Lauberbach,ST (C),,28,"6'4""",Very Strong,Weak,7.57,0,1260,5,252,0.4,6.52,6.52,-1.52,0.5,12%,0.151627907,3.1,1.9,0,60%,0,0,0,1,0.1,0.4,0,60%,20,0,0,0,0,0,0,0,0,0,0,21,0,0,0,1.1,0,0,79,19,0,0,0,0,16,0,0,0,0,No recurring injuries,Very Low,0,0,0,0,0,0,0,0,0,0,0,0,0,0,0
Bundesliga,FC Bayern München,0.5,Jamal Musiala,AM (L),"M (C), AM (R)",23,"6'0""",Fairly Strong,Very Strong,7.06,1,1027,5,205.4,0.4,4.07,4.07,0.93,0.4,13%,0.10175,3.5,1,1.1,28%,0,0,0,4,0.4,2.79,0.2,91%,49.3,0.3,2,4.5,1.8,0.5,28,1.8,0.5,29,3.7,14,8,11.2,13.6,0.2,1.7,5.7,15,13,0,0.3,0.4,0,7,0,0,12.5,13.3,No recurring injuries,Above Average,3,32,0.1,0,0,0,0,0,0,0,0,0,0,1.8,0.8
Premier League,Chelsea,0.56,Cole Palmer,AM (RC),"M (C), AM (L), ST (C)",24,"6'2""",Very Strong,Reasonable,7.09,2,1614,5,322.8,0.3,8.17,5.86,-3.17,0.5,9%,0.1433333333,3.2,1.6,1.3,49%,0,4,100,7,0.4,4.94,0.3,89%,53.4,0.5,2.2,5.1,2.3,0.4,19,0.8,0.1,13,1.7,17,9,10.8,4.3,0.7,1.2,6.5,71,17,0,0.2,0.4,0.1,12,0,0,11.3,10.9,No recurring injuries,Above Average,2,40,0.1,0,0,0,0,0,0,0,0,0,0,1.7,0.7
Premier League,Newcastle,0.54,Anthony Gordon,AM (L),M (L),25,"6'0""",Weak,Very Strong,7.55,4,1238,5,247.6,0.4,2.66,2.66,2.34,0.2,19%,0.09851851852,2,1.2,0.7,59%,0,0,0,7,0.5,5.24,0.4,90%,63.2,1,3.2,8.3,8.9,2.7,30,8,2.5,32,10.4,46,5,18.8,7.3,1.5,2.1,12.4,78,27,1,0.2,0.6,0.1,11,0,0,13.6,20.3,No recurring injuries,Average,3.4,47,0,0,0,0,0,0,0,0,0,0,0,1.9,0.9
Second Division,Málaga,0.57,César Palacios,AM (C),"M (C), AM (L)",22,"6'0""",Reasonable,Very Strong,6.95,0,1215,5,243,0.4,3.45,3.45,1.55,0.3,17%,0.1189655172,2.1,1,0.4,45%,0,0,0,1,0.1,3.24,0.2,88%,41.3,0.1,2.7,4.1,4.3,0.4,10,1,0.1,8,1.2,12,2,16.9,14.3,0.8,1.3,5.5,55,20,0,0.1,0.6,0,4,2,0,11.9,9.9,No recurring injuries,Above Average,2.4,38,0.1,0,0,0,0,0,0,0,0,0,0,1.4,0.7
Premier League,VTSC,0.46,Telmo Arcanjo,AM (R),"M (R), AM (C)",25,"5'11""",Very Weak,Very Weak,6.83,1,1054,5,210.8,0.4,3.98,3.98,1.02,0.3,21%,0.1658333333,2,0.9,0.6,46%,2,0,0,3,0.3,3.3,0.3,90%,44.9,0.4,1.2,3.1,9.7,1.6,16,2.9,0.6,21,3.5,11,7,16.1,5,2.1,1.6,8.6,89,28,0,0.2,0.3,0,17,4,1,10.7,14.2,No recurring injuries,Above Average,4.4,42,0.1,0,0,0,0,0,0,0,0,0,0,1.5,1.8
Ligue 2 BKT,Clermont Foot,0.57,Ilhan Fakili,AM (L),"M (RL), AM (R)",20,"5'11""",Weak,Very Strong,6.8,1,1231,5,246.2,0.4,2.74,2.74,2.26,0.2,22%,0.1191304348,1.7,0.8,0.7,48%,0,0,0,0,0,2.96,0.2,87%,44.2,0.1,1.7,3.2,2,0.2,11,2,0.2,11,3.4,12,4,16.2,6.1,1.8,2.5,8.3,75,32,1,0.1,0.3,0,17,0,0,10.7,12.6,No recurring injuries,High,3.9,43,0.2,0,0,0,0,0,0,0,0,0,0,1.3,0.5
Bundesliga 2,1. FC Kaiserslautern,0.53,Daniel Hanslik,ST (C),AM (RLC),30,"6'1""",Very Strong,Reasonable,6.95,0,1207,5,241.4,0.4,4.05,4.05,0.95,0.3,15%,0.1227272727,2.5,1.1,0.7,45%,1,0,0,2,0.1,1.46,0.1,87%,28.3,0.1,1,0.8,0.4,0.3,80,0.4,0.3,80,0.5,30,7,23,2.2,0.2,0.7,1.6,100,3,0,0,0.1,0,14,0,0,10.3,8.1,No recurring injuries,Average,7.4,40,0,0,0,0,0,0,0,0,0,0,0,1,0.7
Ligue 2 BKT,FC Nantes,0.59,Jeppe Erenbjerg,AM (R),"M (RL), AM (LC)",26,"6'0""",Very Strong,Reasonable,7.3,3,1000,5,200,0.5,3.4,3.4,1.6,0.3,18%,0.1214285714,2.5,1,1,39%,0,0,0,2,0.2,3.65,0.3,89%,43.3,0.5,1.8,3.6,3.2,0.5,16,3.2,0.5,17,5.2,11,1,15.3,6.8,1.1,2.4,9.5,100,12,0,0.5,0.6,0,8,0,0,11,13.6,No recurring injuries,Below Average,3.6,58,0.2,0,0,0,0,0,0,0,0,0,0,1.4,0.8
Bundesliga,TSG Hoffenheim,0.53,Tim Lemperle,ST (C),,24,"6'2""",Reasonable,Very Strong,7.23,3,1156,5,231.2,0.4,3.8,3.8,1.2,0.3,16%,0.1225806452,2.4,1.3,0.5,55%,1,0,0,3,0.2,2.37,0.2,87%,52.4,0.6,2.1,3.9,4,0.8,19,4,0.8,20,3.8,18,4,15.2,6.4,1.6,2,10.4,77,26,2,0.2,0.7,0,19,6,0,12.3,17.4,No recurring injuries,Above Average,3.8,61,0,0,0,0,0,0,0,0,0,0,0,2,0.9
Second Division,Málaga,0.57,Aarón Ochoa,AM (R),"M (C), AM (RL)",19,"5'6""",Reasonable,Very Strong,7.07,3,1599,5,319.8,0.3,3.96,3.96,1.04,0.2,14%,0.107027027,2.1,0.9,0.7,43%,1,1,100,0,0,1.93,0.1,90%,44.6,0.2,2.8,4.9,2.8,0.5,16,2.8,0.5,16,2.7,21,3,13.7,8.7,1.5,2.1,9.3,68,38,2,0.4,0.5,0,8,0,0,11.5,14.4,No recurring injuries,Above Average,3.2,4,0,0,0,0,0,0,0,0,0,0,0,1.5,0.7
Ligue 2 BKT,Pau FC,0.48,Borja Garcés,ST (C),,27,"6'0""",Fairly Strong,Very Strong,6.77,0,1266,5,253.2,0.4,2.76,2.76,2.24,0.2,20%,0.1104,1.8,1,0.6,56%,0,0,0,1,0.1,1.27,0.1,87%,27.9,0,1,0.6,0.6,0.1,12,0.6,0.1,13,0.7,24,7,22.7,2.1,0.2,0.6,1.8,100,3,0,0,0.2,0,12,4,0,10.8,8.7,No recurring injuries,Above Average,8.5,35,0.2,0,0,0,0,0,0,0,0,0,0,1.1,1.2
Eredivisie,sc Heerenveen,0.41,Jaka Čuber Potočnik,ST (C),,21,"6'2""",Reasonable,Very Strong,6.79,2,1004,5,200.8,0.4,3.53,3.53,1.47,0.3,17%,0.1176666667,2.7,1.3,0.9,50%,1,1,100,0,0,0.06,0,92%,24.7,0.1,1.3,0.9,0.3,0.1,33,0.3,0.1,33,0.4,11,5,21.4,0.6,0.3,0.4,1.5,60,5,1,0.1,0.4,0,11,0,0,10.3,5.5,No recurring injuries,Average,7.2,36,0,0,0,0,0,0,0,0,0,0,0,1,0.7
First Division,Girona,0.57,Bryan Gil,AM (L),M/AM (R),25,"5'9""",Very Strong,Fairly Strong,7.34,2,1059,5,211.8,0.4,3.44,3.44,1.56,0.3,19%,0.1323076923,2.2,1.3,0.6,58%,1,0,0,4,0.3,3.55,0.3,93%,55.1,0.7,2,3.9,3,0.6,20,2.9,0.6,21,4.2,12,8,13.8,6.2,1.4,3.1,10,74,23,1,0.3,0.5,0,10,0,0,12.4,16.1,No recurring injuries,Above Average,2.6,0,0,0,0,0,0,0,0,0,0,0,0,1.8,1.4
First Division,A. Bilbao,0.61,Oihan Sancet,M (C),,26,"6'2""",Fairly Strong,Very Strong,7.14,1,1389,5,277.8,0.3,2.74,2.74,2.26,0.2,22%,0.1191304348,1.5,0.6,0.6,43%,2,1,100,4,0.3,3.84,0.2,91%,52.5,0.3,2.7,4.1,0.8,0.3,30,0.8,0.3,31,1.9,13,9,11,11.7,1.1,1.8,5.5,81,21,2,0.1,0.3,0,10,0,0,13,15.7,No recurring injuries,Above Average,3.6,40,0.3,0,0,0,0,0,0,0,0,0,0,1.9,1.3
Second Division,Málaga,0.57,Chupete,ST (C),,22,"6'1""",Reasonable,Very Strong,6.94,0,1506,5,301.2,0.3,6.82,6.82,-1.82,0.4,10%,0.1420833333,2.9,1.4,0.9,48%,2,1,100,1,0.1,0.8,0,90%,27.8,0.2,1,1,0.2,0.1,50,0.2,0.1,50,0.4,34,13,11.8,2.9,0.1,0.5,2.2,100,2,0,0.1,0.1,0,20,2,0,10.3,5.8,No recurring injuries,Low,4.7,36,0,0,0,0,0,0,0,0,0,0,0,1.4,0.7
Bundesliga 2,SV Elversberg,0.52,Lukas Petkov,AM (R),"M (R), AM (LC)",26,"6'0""",Fairly Strong,Very Strong,7.36,4,1322,5,264.4,0.3,4.84,4.84,0.16,0.3,14%,0.1308108108,2.5,1,0.7,38%,2,1,100,1,0.1,2.35,0.2,88%,41.7,0.2,2.2,4.4,3.5,0.9,25,3.5,0.9,25,5.2,16,2,20.9,5,1.8,2.2,9.4,72,36,1,0.1,0.6,0,14,0,0,11.5,16.1,No recurring injuries,Below Average,2.9,12,0.1,0,0,0,0,0,0,0,0,0,0,1.1,1.2
Sky Bet Championship,Hull,0.39,Liam Millar,AM (L),,27,"5'11""",Reasonable,Very Strong,7.02,1,1647,5,329.4,0.3,5.52,5.52,-0.52,0.3,14%,0.1533333333,2,0.6,0.5,31%,0,1,100,0,0,1.02,0.1,87%,44.4,0.1,1.6,3.2,4.5,1.1,25,4.3,1.1,27,3.8,24,5,19,4,1.8,2.1,9.5,80,41,0,0.2,0.5,0,12,0,0,11.1,14.5,No recurring injuries,Average,3.7,28,0.1,0,0,0,0,0,0,0,0,0,0,1.1,1.6
Second Division,Tarragona,0.51,Abdoulaye Keita,AM (R),M (RL),24,"6'1""",Weak,Very Strong,6.9,2,1530,5,306,0.3,2.75,2.75,2.25,0.2,17%,0.09482758621,1.7,0.6,0.6,38%,0,0,0,2,0.1,1.44,0.1,88%,43.8,0.4,1.6,3.4,3.1,0.5,15,3.1,0.5,15,2.9,17,8,18.5,6.4,1.4,1.9,9.5,65,37,0,0.4,0.3,0,22,2,1,11.6,16.6,No recurring injuries,Below Average,4.8,46,0.1,0,0,0,0,0,0,0,0,0,0,1.1,1.3
Eredivisie,AZ,0.62,Troy Parrott,ST (C),,24,"6'1""",Fairly Strong,Very Strong,6.92,1,1474,5,294.8,0.3,7.7,6.89,-2.7,0.5,8%,0.1222222222,3.8,1.6,1.1,43%,1,1,0,0,0,1.65,0.1,90%,29.1,0.2,0.5,0.4,0.4,0,0,0.4,0,0,0.8,20,15,16.2,1.8,0.1,1.3,1.7,100,1,0,0.4,0.1,0,12,0,0,10.1,6.2,No recurring injuries,Average,6.4,42,0.2,0,0,0,0,0,0,0,0,0,0,1.3,0.9
Serie A,AS Roma,0.5,Matías Soulé,AM (C),M (R),23,"6'0""",Very Strong,Reasonable,6.92,0,1380,5,276,0.3,4.28,4.28,0.72,0.3,12%,0.1019047619,2.7,1.3,1.3,48%,3,0,0,2,0.1,1.39,0.1,88%,46.6,0.1,1.8,3.2,1.9,0.3,13,0.7,0.1,18,1.8,14,3,12.1,9.9,0.4,2,5.8,67,9,0,0.3,0.2,0.1,13,2,0,12.7,14,No recurring injuries,Low,2.9,11,0.1,0,0,0,0,0,0,0,0,0,0,1.5,1.1
Sky Bet Championship,Millwall,0.53,Mihailo Ivanović,ST (C),AM (C),22,"6'2""",Fairly Strong,Very Strong,6.93,1,1189,5,237.8,0.4,3.46,3.46,1.54,0.3,15%,0.1048484848,2.5,1.2,0.8,48%,0,1,100,0,0,0.48,0,90%,29.7,0.2,1.1,0.8,0.3,0.2,50,0.3,0.2,50,0.5,29,8,16.3,2.2,0.1,0.7,1.4,20,5,0,0,0.2,0,11,1,0,9.9,5.7,No recurring injuries,High,7.3,31,0.2,0,0,0,0,0,0,0,0,0,0,1.4,0.8
Serie A,Torino,0.5,Nikola Vlašić,AM (C),"M (C), AM (RL), ST (C)",29,"5'10""",Reasonable,Very Strong,6.88,0,1258,5,251.6,0.4,2.62,1.81,2.38,0.2,23%,0.1190909091,1.6,0.8,0.8,50%,2,1,0,1,0.1,0.61,0,89%,43.6,0,1.4,3.5,2,0.2,10,2,0.2,11,2.2,17,3,14.4,8.8,1.6,1.9,7.6,92,25,0,0.2,0.4,0,8,1,0,10,11.7,No recurring injuries,Very Low,2.5,11,0,0,0,0,0,0,0,0,0,0,0,1.1,1.2
Ligue 2 BKT,Grenoble,0.46,Moussa Djitté,ST (C),,27,"5'11""",Weak,Very Strong,6.72,0,1079,5,215.8,0.4,3.39,3.39,1.61,0.3,14%,0.09162162162,3.1,1.3,0.8,43%,1,0,0,2,0.2,0.42,0,85%,25.9,0.1,0.7,0.4,0.4,0.3,60,0.4,0.3,60,0.7,25,7,23.5,1.3,0.1,0.8,0.8,100,1,0,0.1,0.3,0,9,2,0,9.9,7.9,No recurring injuries,Below Average,7.1,36,0.1,0,0,0,0,0,0,0,0,0,0,1.1,0.9
Ligue 1 McDonald's,Auxerre,0.51,Lassine Sinayoko,AM (R),ST (C),26,"6'1""",Weak,Very Strong,6.94,4,1208,5,241.6,0.4,4.52,4.52,0.48,0.3,20%,0.1808,1.9,1,0.7,52%,0,1,100,2,0.1,0.53,0,89%,48.6,0.1,1.6,3.3,4,0.6,14,4,0.6,15,3.8,7,5,18.2,4,1,2.3,8.8,74,19,0,0.4,0.5,0.1,11,0,0,11.9,15.8,No recurring injuries,Below Average,4.5,47,0.1,0,0,0,0,0,0,0,0,0,0,1.3,1
Premier League,BRG,0.57,Pau Víctor,ST (C),AM (RL),25,"6'0""",Fairly Strong,Very Strong,6.77,1,1189,5,237.8,0.4,5.39,5.39,-0.39,0.4,13%,0.1382051282,3,1.7,0.8,56%,1,0,0,2,0.2,1.73,0.1,85%,28.8,0.4,1.4,1.2,0.1,0,0,0.1,0,0,0.8,21,11,17.4,2.6,0,1,1.2,0,0,0,0.1,0.2,0,13,0,0,10.9,6.1,No recurring injuries,Below Average,5.2,19,0,0,0,0,0,0,0,0,0,0,0,1.1,0.8
Eredivisie,AZ,0.62,Isak Jensen,AM (L),"M (L), AM (R)",22,"6'1""",Fairly Strong,Very Strong,7.09,2,1593,5,318.6,0.3,4.11,4.11,0.89,0.2,15%,0.1245454545,1.9,0.8,0.7,42%,3,0,0,3,0.2,3.88,0.2,91%,48.1,0.5,1.5,3.5,5.1,0.7,14,3.1,0.6,20,3.4,12,13,15.3,4.7,1.7,2.3,9.5,77,39,0,0.3,0.4,0,20,0,0,11.4,16.9,No recurring injuries,Below Average,3.5,26,0.1,0,0,0,0,0,0,0,0,0,0,1.3,0.7
Premier League,West Ham,0.44,Takumi Minamino,AM (C),"M (C), AM (R)",31,"5'8""",Fairly Strong,Very Strong,6.95,3,1117,5,223.4,0.4,3.38,3.38,1.62,0.3,25%,0.169,1.6,0.8,0.6,50%,1,0,0,1,0.1,2.27,0.2,87%,43.6,0.2,1.8,2.3,1.5,0.4,26,0.9,0.3,36,2.3,14,4,9.5,5.2,0.5,2.1,6.4,86,7,0,0.1,0.2,0,7,0,0,12.8,9.1,No recurring injuries,Below Average,3,14,0,0,0,0,0,0,0,0,0,0,0,1.1,1
Premier League,Nott'm Forest,0.58,Arnaud Kalimuendo,ST (C),AM (RL),24,"5'10""",Reasonable,Very Strong,6.78,0,1222,5,244.4,0.4,3.42,2.66,1.58,0.3,24%,0.1628571429,1.5,1,0.4,67%,0,1,0,0,0,1.77,0.1,90%,25.4,0.4,1.1,0.9,0.5,0.2,42,0.5,0.2,43,0.4,9,5,5.8,3.2,0.9,0.8,6.3,63,19,0,0.2,0.4,0.1,9,0,0,12.7,16.1,No recurring injuries,Average,5.3,24,0,0,0,0,0,0,0,0,0,0,0,1.5,1
Ligue 1 McDonald's,FC Lorient,0.42,Mohamed Bamba,ST (C),AM (R),24,"6'1""",Fairly Strong,Very Strong,6.76,1,1100,5,220,0.4,3.87,3.87,1.13,0.3,14%,0.1045945946,3,1.3,1.1,43%,2,0,0,1,0.1,0.65,0.1,91%,31.3,0.2,1.1,0.8,0.6,0.2,42,0.6,0.2,43,1.2,24,8,16.6,1.7,0.2,0.5,1.6,33,6,0,0,0.1,0,9,0,0,10.1,4.7,No recurring injuries,Average,7.2,24,0.2,0,0,0,0,0,0,0,0,0,0,0.9,1.4
Eredivisie,FC Twente,0.56,Marin Ljubičić,ST (C),AM (R),24,"6'0""",Strong,Very Strong,6.91,0,1042,5,208.4,0.4,3.09,3.09,1.91,0.3,21%,0.12875,2.1,1,1,50%,0,0,0,1,0.1,0.61,0.1,87%,26.1,0.1,0.7,0.4,0.4,0.2,40,0.4,0.2,40,1,14,10,20.5,1.8,0.1,0.8,1.9,50,2,0,0.2,0,0,10,0,0,10.1,7.3,No recurring injuries,Above Average,6.6,32,0.1,0,0,0,0,0,0,0,0,0,0,1.3,0.8
Jupiler Pro League,Dender EH,0.54,David Toševski,ST (C),AM (C),25,"6'2""",Reasonable,Very Strong,6.8,0,1293,5,258.6,0.3,3.13,3.13,1.87,0.2,17%,0.1079310345,2,0.8,0.7,41%,1,1,100,3,0.2,1.01,0.1,92%,25.5,0.1,1.1,1,0.5,0,0,0.5,0,0,0.2,12,3,17,2.4,0.3,0.5,1.3,67,6,0,0.2,0.1,0,7,0,0,9.9,5.1,No recurring injuries,Below Average,7.9,27,0.1,0,0,0,0,0,0,0,0,0,0,1.1,1.4
First Division,Villarreal,0.53,Alberto Moleiro,AM (L),"M (LC), AM (C)",23,"5'7""",Fairly Strong,Very Strong,7.2,2,1477,5,295.4,0.3,5.36,5.36,-0.36,0.3,15%,0.1576470588,2.1,0.7,0.5,32%,0,0,0,4,0.2,3.28,0.2,87%,55,0.2,1.9,4.6,4.4,1,21,2.5,0.6,24,3.2,21,3,12,6.5,2.1,2.4,10.2,85,41,0,0.2,0.7,0.1,10,0,0,11.5,14.9,No recurring injuries,Above Average,2.3,11,0,0,0,0,0,0,0,0,0,0,0,1.4,1.5
First Division,Girona,0.57,Yaser Asprilla,AM (L),,23,"5'9""",Very Strong,Fairly Strong,7.03,1,1347,5,269.4,0.3,3.5,3.5,1.5,0.2,15%,0.1060606061,2.2,0.9,1,39%,1,1,100,3,0.2,2.41,0.2,88%,50.9,0.4,2.1,4.2,2.3,0.4,17,0.7,0.1,20,1.5,7,5,9.8,11.2,0.3,1.6,5.3,80,5,0,0,0.4,0,10,0,0,12.1,10.2,No recurring injuries,Below Average,3.1,13,0,0,0,0,0,0,0,0,0,0,0,1.8,1.2
Second Division,Almería,0.5,Ibrahima Koné,ST (C),,27,"6'3""",Very Strong,Reasonable,6.9,1,1172,5,234.4,0.4,2.85,2.85,2.15,0.2,14%,0.07702702703,2.8,1.2,1.4,43%,1,1,100,1,0.1,1.66,0.1,90%,29.8,0.2,1.3,1.2,0.9,0.3,33,0.9,0.3,33,0.3,23,3,19.6,2.5,0,0.4,1.9,0,2,0,0.1,0.1,0,10,2,0,10.3,7.8,No recurring injuries,Average,8,37,0.3,0,0,0,0,0,0,0,0,0,0,1.2,1.2
Bundesliga,FC Augsburg,0.54,Alexis Claude-Maurice,AM (C),M (LC),28,"5'9""",Reasonable,Very Strong,7.05,1,1019,5,203.8,0.4,1.55,1.55,3.45,0.1,22%,0.06739130435,2,1.1,0.9,52%,1,1,100,0,0,1.53,0.1,90%,49.8,0.4,2.6,4.1,1.3,0.3,20,1.3,0.3,20,2.1,9,5,18,9.5,0.5,1.2,5.3,60,10,0,0.1,0.2,0,8,0,0,12.3,10.9,No recurring injuries,Above Average,2.1,25,0,0,0,0,0,0,0,0,0,0,0,1,0.7
Second Division,Córdoba,0.5,Adilson,AM (L),"M (RL), AM (R)",29,"5'7""",Weak,Very Strong,6.91,0,1369,5,273.8,0.3,3.42,3.42,1.58,0.2,22%,0.1486956522,1.5,0.7,0.3,43%,0,2,100,0,0,1.11,0.1,87%,42.5,0.3,1.7,3.2,2,0.6,29,2,0.6,29,4.3,17,5,20.4,3.9,1.5,2,9.3,66,35,1,0.2,0.7,0,15,1,0,10.9,13,No recurring injuries,Average,2.6,13,0.1,0,0,0,0,0,0,0,0,0,0,1.1,1.2
Jupiler Pro League,KV Mechelen,0.51,Maksim Kireev,AM (L),AM (C),22,"6'0""",Weak,Very Strong,7.07,3,1986,5,397.2,0.2,4.47,4.47,0.53,0.2,10%,0.093125,2.2,0.9,0.9,40%,2,0,0,8,0.4,4.32,0.2,90%,42.6,0.5,1.4,2.9,2.1,0.4,17,2.1,0.4,17,2.7,13,5,14,7.6,1.4,2,8.8,84,37,0,0.3,0.6,0,24,2,0,11.8,16.4,No recurring injuries,Below Average,4.8,33,0.1,0,0,0,0,0,0,0,0,0,0,1.3,1.4
Eredivisie,Ajax,0.60,Matthis Abline,AM (L),AM (L),23,"5'10""",Reasonable,Very Strong,6.82,0,1008,5,201.6,0.4,4.85,4.85,0.15,0.4,11%,0.1054347826,4.1,1.9,1.5,46%,0,0,0,1,0.1,0.47,0,87%,31.7,0.3,1.2,1,0.3,0,0,0.3,0,0,1.3,18,8,13.7,2.4,0,0.5,1.2,0,2,0,0.3,0.1,0,7,1,0,10.5,5,No recurring injuries,Below Average,4.5,14,0,0,0,0,0,0,0,0,0,0,0,1.6,0.8
Bundesliga 2,SC Paderborn 07,0.49,Filip Bilbija,AM (C),AM (RL),26,"6'2""",Fairly Strong,Very Strong,7.04,1,1249,5,249.8,0.4,3.85,3.85,1.15,0.3,16%,0.1203125,2.3,0.8,0.9,34%,0,1,100,2,0.1,1.8,0.1,90%,40.9,0.2,1.7,2.2,1.2,0.1,12,1.2,0.1,13,1.5,13,2,17.1,11,0.6,1.5,5.5,67,12,1,0.1,0.3,0,13,0,0,12.1,13,No recurring injuries,Average,3.9,22,0.1,0,0,0,0,0,0,0,0,0,0,1.1,1.3
Serie A,Sassuolo,0.5,Andrea Pinamonti,ST (C),,27,"6'1""",Fairly Strong,Very Strong,7.1,1,1166,5,233.2,0.4,2.85,2.85,2.15,0.2,15%,0.08382352941,2.6,1.2,1,47%,2,2,100,1,0.1,0.55,0,79%,27.8,0,1.3,1.1,0.1,0.1,100,0.1,0.1,100,0.5,19,6,13.2,1.9,0.2,0.8,0.9,75,4,0,0.1,0.1,0,6,0,0,8.3,4.2,No recurring injuries,Very Low,4.9,48,0,0,0,0,0,0,0,0,0,0,0,0.8,1.2
Bundesliga 2,Holstein Kiel,0.43,Phil Harres,ST (C),,24,"6'4""",Reasonable,Very Strong,6.74,2,1117,5,223.4,0.4,4.78,3.97,0.22,0.4,10%,0.09958333333,3.9,1.7,1.3,44%,0,4,75,0,0,0.19,0,87%,26,0.2,1,0.6,0.2,0,0,0.2,0,0,0.7,25,12,20.2,1.8,0.1,0.8,1.5,100,1,0,0.2,0.4,0,12,1,0,11.1,8.9,No recurring injuries,Below Average,9,34,0.1,0,0,0,0,0,0,0,0,0,0,0.7,1.3
Eredivisie,Fortuna Sittard,0.56,Sylla Sow,ST (C),,30,"6'0""",Weak,Very Strong,6.84,1,1186,5,237.2,0.4,5.13,5.13,-0.13,0.4,12%,0.1193023256,3.3,1.8,1.2,56%,0,1,100,0,0,0.14,0,90%,26,0.2,1.1,1.1,0.5,0.1,16,0.5,0.1,17,0.5,24,4,15.7,2.4,0.1,0.6,1.3,25,4,0,0.2,0.2,0,5,0,0,10.2,5.1,No recurring injuries,Below Average,8,25,0,0,0,1,0,0,0,0,0,0,0,1.2,1
First Division,Barcelona,0.61,Ferran Torres,ST (C),AM (R),26,"6'0""",Fairly Strong,Very Strong,6.81,0,1129,5,225.8,0.4,6.26,6.26,-1.26,0.5,9%,0.1098245614,4.5,2.3,1.7,51%,5,0,0,0,0,1.6,0.1,89%,29.8,0.4,1.7,1.9,0.9,0.2,27,0.9,0.2,27,1.1,11,12,11.7,2.9,0.3,1.1,3.3,57,7,1,0.2,0.3,0.1,13,1,0,11.1,8.8,No recurring injuries,Above Average,5,35,0.1,0,0,0,0,0,0,0,0,0,0,1.6,0.8
Ligue 2 BKT,Angers SCO,0.60,Lyle Foster,ST (C),AM (L),26,"6'1""",Fairly Strong,Very Strong,6.83,1,1199,5,239.8,0.4,5.31,5.31,-0.31,0.4,10%,0.1041176471,3.8,2.1,1.4,55%,2,0,0,0,0,1.71,0.1,89%,26.2,0,0.6,0.5,0.4,0.2,60,0.4,0.2,60,0.8,26,8,17.9,3.1,0.2,0.7,1.6,100,3,0,0.2,0.4,0,8,0,0,9.9,7.7,No recurring injuries,Below Average,8,39,0.1,0,0,0,0,0,0,0,0,0,0,1.6,0.8
Eredivisie,NAC Breda,0.33,Thomas Buitink,ST (C),AM (RL),26,"5'9""",Weak,Very Strong,6.76,0,1191,5,238.2,0.4,3.63,3.63,1.37,0.3,18%,0.1296428571,2.1,1,0.8,46%,0,0,0,1,0.1,1.26,0.1,91%,26.6,0.4,1.1,0.9,0.4,0.2,60,0.4,0.2,60,0.8,28,4,27.4,1.1,0.5,0.6,1.7,100,7,0,0.2,0.2,0,12,1,0,10.1,4.6,No recurring injuries,Below Average,7.4,22,0.1,0,0,0,0,0,0,0,0,0,0,0.8,1.5
Ligue 1 McDonald's,RC Lens,0.48,Florian Thauvin,AM (RC),M (R),33,"5'11""",Very Strong,Reasonable,6.96,1,1517,5,303.4,0.3,3.77,3.77,1.23,0.2,12%,0.0876744186,2.6,1.1,1.2,44%,1,0,0,2,0.1,3.26,0.2,87%,52.4,0.3,2.2,4.7,4.1,0.8,18,2.4,0.5,23,3.1,24,13,16.7,3.8,1.5,2.1,8.1,78,32,1,0.2,0.6,0,19,0,0,12,15.1,No recurring injuries,Below Average,2.9,33,0.1,0,0,1,0,0,0,0,0,0,0,0.9,0.8
Eredivisie,Feyenoord,0.65,Sem Steijn,AM (C),,25,"5'8""",Reasonable,Very Strong,6.81,0,1525,5,305,0.3,5.13,5.13,-0.13,0.3,12%,0.1251219512,2.4,0.7,0.8,29%,1,1,100,2,0.1,3.24,0.2,88%,47.8,0.4,2.2,2.8,5.1,0.6,12,1,0.2,24,0.6,11,4,14.2,12.5,0.4,1.1,3.7,40,15,1,0.1,0.1,0,9,0,0,12.1,11.1,No recurring injuries,Below Average,2.5,14,0.1,0,0,0,0,0,0,0,0,0,0,1.4,0.9
Jupiler Pro League,RSC Anderlecht,0.58,Tristan Degreef,AM (R),AM (C),21,"5'10""",Fairly Strong,Very Strong,7.1,3,1381,5,276.2,0.3,2.61,2.61,2.39,0.2,17%,0.09,1.9,0.8,0.9,41%,2,0,0,2,0.1,2.67,0.2,90%,49.4,0.5,2.2,4,5.1,0.8,16,3.3,0.5,14,3.8,9,9,15.9,5.7,1.4,2.7,9.1,73,30,0,0.5,0.5,0,14,0,0,12.5,16.6,No recurring injuries,Average,3.2,31,0,0,0,0,0,0,0,0,0,0,0,1.7,0.8
Jupiler Pro League,Cercle Brugge,0.50,Kaj Sierhuis,ST (C),,28,"5'11""",Weak,Very Strong,6.76,0,1012,5,202.4,0.4,2.53,2.53,2.47,0.2,19%,0.0937037037,2.4,1.2,1,48%,1,1,100,1,0.1,0.38,0,89%,31.4,0.2,0.3,0.2,0.3,0.1,33,0.3,0.1,33,1.1,17,10,21.9,1.8,0.1,1.4,0.6,50,2,0,0.4,0.4,0,10,0,0,10.9,7.2,No recurring injuries,High,8.2,33,0,0,0,0,0,0,0,0,0,0,0,0.7,1.2
Bundesliga,Eintracht Frankfurt,0.46,Can Uzun,M/AM (C),AM (L),21,"6'1""",Fairly Strong,Very Strong,6.61,0,1663,5,332.6,0.3,3.23,3.23,1.77,0.2,13%,0.08075,2.2,1,0.9,45%,1,1,100,2,0.1,4.43,0.2,0%,0,0.4,0.1,0,0,0,0,0,0,0,0,11,0,11.8,10.7,0,0,0,0,0,0,0,0,0,0,0,0,0,0,No recurring injuries,Above Average,0,0,0,0,0,0,0,0,0,0,0,0,0,1.1,1.1
Eredivisie,Fortuna Sittard,0.56,Jasper Dahlhaus,AM (R),"WB (RL), M (L)",25,"5'9""",Fairly Strong,Very Strong,6.92,2,1165,5,233,0.4,1.42,1.42,3.58,0.1,28%,0.07888888889,1.4,0.8,0.7,56%,0,0,0,2,0.2,2.92,0.2,81%,41.9,0.2,1.4,3,4.8,1.2,25,4.4,1.1,25,3.7,14,4,16.8,6.3,2,1.2,9.6,90,29,0,0.3,0.5,0.1,13,0,0,12.2,17.5,No recurring injuries,Low,3.4,18,0,0,0,0,0,0,0,0,0,0,0,1.1,0.9
Ligue 1 McDonald's,LOSC,0.57,Hákon Arnar Haraldsson,AM (C),,23,"5'11""",Fairly Strong,Very Strong,7.12,0,1420,5,284,0.3,5.56,5.56,-0.56,0.4,13%,0.139,2.5,1,0.8,40%,0,0,0,3,0.2,4.26,0.3,88%,49.2,0.4,2.1,3,8.4,1.6,19,1.2,0.4,32,1.5,8,6,12.9,11.5,1.3,1.6,6,87,23,1,0.2,0.4,0.1,7,0,0,13.4,14.2,No recurring injuries,Average,2.7,29,0,0,0,0,0,0,0,0,0,0,0,1.6,1.1
Eredivisie,Sparta Rotterdam,0.46,Tobias Lauritsen,ST (C),,29,"6'4""",Reasonable,Very Strong,7.08,1,1045,5,209,0.4,4.59,4.59,0.41,0.4,13%,0.1207894737,3.3,1.5,1.2,45%,0,1,100,1,0.1,0.96,0.1,89%,27.1,0,0.6,0.4,0.3,0,0,0.3,0,0,0.7,15,9,18.2,2.2,0.3,0.7,1.9,100,3,0,0.3,0,0,10,0,1,10.2,6.3,No recurring injuries,Average,7.8,48,0.2,0,0,0,0,0,0,0,0,0,0,1.3,1.1
Premier League,Santa Clara,0.54,João Costa,ST (C),,26,"6'1""",Very Weak,Very Weak,6.64,0,1109,5,221.8,0.4,3.59,3.59,1.41,0.3,16%,0.1158064516,2.5,0.7,0.9,29%,0,0,0,0,0,0.65,0.1,82%,25.2,0.1,0.6,0.5,0.2,0,0,0.2,0,0,0.4,21,8,24.2,2.6,0.2,0.6,1.3,40,5,0,0.1,0.2,0,13,0,0,10.5,9.3,No recurring injuries,Below Average,7.5,14,0.2,0,0,0,0,0,0,0,0,0,0,1.1,1.1
First Division,Cádiz,0.5,García Pascual,ST (C),,24,"6'3""",Weak,Very Strong,6.79,0,1125,5,225,0.4,5.58,5.58,-0.58,0.4,12%,0.1328571429,3.4,1.4,0.9,43%,1,0,0,0,0,1,0.1,90%,33.1,0.4,1.2,1.1,0.6,0.2,37,0.6,0.2,38,0.3,19,4,19.1,2.2,0.3,0.8,2.2,67,6,0,0.2,0.2,0,7,1,0,10.9,8.4,No recurring injuries,Below Average,8.6,46,0.3,0,0,0,0,0,0,0,0,0,0,1.1,1.4
Ligue 2 BKT,FC Metz,0.59,Rémi Himbert,ST (C),AM (R),18,"5'10""",Weak,Very Strong,6.82,0,1009,5,201.8,0.4,2.75,2.75,2.25,0.2,13%,0.07236842105,3.4,2,1.5,58%,2,0,0,0,0,1.49,0.1,90%,30,0.3,0.8,0.6,0.2,0,0,0.2,0,0,0.9,14,10,13.4,2.3,0.1,1,1.2,50,2,0,0.1,0.4,0,10,0,0,10.1,8,No recurring injuries,Above Average,8.6,35,0,0,0,0,0,0,0,0,0,0,0,1.2,0.5
Jupiler Pro League,RWDM Brussels,0.50,Gaëtan Robail,AM (L),,32,"6'0""",Reasonable,Very Strong,7.19,3,1313,5,262.6,0.3,2.55,2.55,2.45,0.2,21%,0.10625,1.6,0.5,0.3,29%,1,0,0,4,0.3,2.97,0.2,89%,42,0.3,1.8,3.2,7.4,1.4,19,4,0.8,19,3.6,12,4,18.4,5.3,1.1,2.1,8.8,64,25,1,0.1,0.6,0,13,1,0,11.7,13.8,No recurring injuries,Average,4.1,32,0.1,0,0,0,0,0,0,0,0,0,0,1.2,1
Premier League,VTSC,0.46,Noah Saviolo,AM (L),M (L),22,"5'11""",Very Weak,Very Weak,7.02,1,1355,5,271,0.3,2.4,2.4,2.6,0.2,23%,0.1090909091,1.5,0.6,0.5,41%,0,0,0,0,0,0.31,0,90%,43.8,0.1,2.2,4.2,3.3,0.9,26,3.3,0.9,27,5.8,16,3,19.5,3,1.5,2.2,9.4,76,29,1,0.1,0.7,0,15,3,0,11.7,12.5,No recurring injuries,Above Average,3.5,15,0,0,0,0,0,0,0,0,0,0,0,1.9,1.4
Second Division,R. Santander,0.51,Juan Carlos Arana,ST (C),,26,"6'0""",Reasonable,Very Strong,6.86,1,1035,5,207,0.4,3.87,3.87,1.13,0.3,19%,0.1488461538,2.3,1,0.8,42%,0,1,100,0,0,0.51,0,88%,30.7,0,1.3,0.9,0.6,0,0,0.6,0,0,0.6,20,5,15.2,1.5,0.3,0.3,1.2,75,4,0,0,0.1,0,8,0,0,10.5,6.1,No recurring injuries,High,6.7,34,0.2,0,0,0,0,0,0,0,0,0,0,1,1.2
Bundesliga 2,Fortuna Düsseldorf,0.5,Jykese Fields,ST (C),AM (R),19,"6'2""",Reasonable,Very Strong,6.84,0,1164,5,232.8,0.4,4.48,4.48,0.52,0.3,15%,0.1357575758,2.6,1.1,0.5,42%,1,1,100,0,0,0.22,0,89%,24.7,0.1,0.9,0.6,0.2,0,0,0.2,0,0,1,26,9,28.2,1.2,0.1,0.9,0.9,33,3,0,0.1,0.2,0,10,0,0,9.2,4.6,No recurring injuries,Average,8,37,0.2,0,0,0,0,0,0,0,0,0,0,0.6,1.2
Bundesliga,Eintracht Frankfurt,0.46,Saïd El Mala,AM (L),"M (L), AM (RC)",20,"6'2""",Reasonable,Very Strong,7.02,0,1174,5,234.8,0.4,2.56,2.56,2.44,0.2,18%,0.09142857143,2.1,0.6,0.6,29%,1,0,0,2,0.2,2.8,0.2,89%,47.8,0.2,1.6,4.2,2.8,0.6,21,2.8,0.6,22,3.8,20,4,17,4.6,1.5,2.4,9.9,76,25,1,0.4,0.4,0,17,0,0,12.1,14.5,No recurring injuries,Average,4,52,0.1,0,0,0,0,0,0,0,0,0,0,1.1,1.1
First Division,Sevilla,0.43,Isaac Romero,ST (C),,26,"6'0""",Very Strong,Reasonable,6.93,0,1198,5,239.6,0.4,4.51,4.51,0.49,0.3,9%,0.08509433962,4,1.5,1.4,38%,3,1,100,2,0.2,2.69,0.2,90%,29.6,0.2,1.1,1.1,0.5,0.2,28,0.5,0.2,29,0.6,20,10,18,1.7,0.2,0.5,1.4,75,4,0,0,0.2,0,10,0,0,11,7.4,No recurring injuries,Below Average,5.7,34,0.2,0,0,0,0,0,0,0,0,0,0,1.3,1.4
Bundesliga,FC Bayern München,0.5,Luis Díaz,AM (L),"M (L), AM (R)",29,"5'11""",Fairly Strong,Very Strong,7.17,0,1265,5,253,0.4,3.89,3.89,1.11,0.3,14%,0.1051351351,2.6,1.4,1.1,54%,2,0,0,1,0.1,2.3,0.2,88%,57.3,0.6,1.5,5.5,3.1,1.1,34,3.1,1.1,35,4.7,16,9,12.1,6.1,1.2,2.7,11.1,68,25,0,0.6,0.5,0,19,0,0,13.3,20,No recurring injuries,Below Average,2.8,49,0,0,0,0,0,0,0,0,0,0,0,1.8,0.8
First Division,Getafe,0.38,Martín Satriano,ST (C),,25,"6'2""",Reasonable,Very Strong,6.86,2,1098,5,219.6,0.4,5.48,5.48,-0.48,0.4,12%,0.1304761905,3.4,1.5,0.8,43%,1,0,0,1,0.1,0.88,0.1,89%,31.3,0.2,1.1,1.1,0.2,0,0,0.2,0,0,0.7,19,11,25.7,1.6,0.2,0.9,2.2,67,3,0,0.1,0.1,0.1,14,0,0,10.7,8.9,No recurring injuries,Average,8.7,45,0.2,0,0,0,0,0,0,0,0,0,0,0.8,1.5
Bundesliga 2,Hertha BSC,0.54,Fabian Reese,AM (L),M (RL),29,"6'2""",Fairly Strong,Very Strong,7.29,3,1095,5,219,0.4,3.52,2.71,1.48,0.3,15%,0.1066666667,2.7,1.2,0.9,42%,0,3,67,1,0.1,2.06,0.2,86%,53,0.6,2.1,6.7,2.5,0.8,33,2.5,0.8,33,2.9,16,3,15.4,5.2,1.7,2.1,10.6,78,27,0,0.3,0.5,0,15,1,0,11.2,17.1,No recurring injuries,Average,3.9,58,0.2,0,0,0,0,0,0,0,0,0,0,1.3,1
Second Division,S. Gijón,0.5,Juan Otero,AM (R),M (R),31,"5'10""",Weak,Very Strong,7.05,3,1306,5,261.2,0.3,1.81,1.81,3.19,0.1,17%,0.0624137931,2,0.9,0.9,45%,1,1,100,3,0.2,3.09,0.2,89%,51.8,0.3,2,3.2,3,0.7,23,3,0.7,23,3,16,14,16.1,4.8,0.8,1.8,8.4,55,22,0,0.1,0.2,0,24,1,0,11.5,17,No recurring injuries,Average,3.4,26,0,0,0,0,0,0,0,0,0,0,0,1.6,0.9
Second Division,Valladolid,0.54,Juanmi Latasa,ST (C),,25,"6'4""",Very Strong,Reasonable,6.99,1,1172,5,234.4,0.4,7.32,7.32,-2.32,0.6,8%,0.1180645161,4.8,1.9,1.5,40%,2,1,100,3,0.2,1.86,0.1,86%,26.2,0.3,1.3,0.9,0.5,0.2,28,0.5,0.2,29,0.3,23,5,15.4,2.6,0.3,0.6,1.8,100,4,0,0,0.1,0,9,0,0,10.5,8,No recurring injuries,Above Average,8.9,40,0.1,0,0,0,0,0,0,0,0,0,0,1.5,1.1
Serie A,Celesti,0.5,Kenneth Taylor,M (C),"DM, M/AM (L)",24,"6'0""",Very Strong,Fairly Strong,6.63,0,1821,4,455.25,0.2,1.87,1.87,2.13,0.1,25%,0.116875,0.8,0.2,0.2,31%,0,0,0,1,0,3.55,0.2,92%,8.2,0.4,0.3,0.7,6,1.2,19,0.3,0.1,29,0.4,10,0,14.2,8.9,0.1,0.6,1.4,60,5,0,0,0,0,1,1,0,2,2.3,No recurring injuries,Very Low,0.3,29,0,0,0,0,0,0,0,0,0,0,0,1.1,1.4
Bundesliga,Bayer 04 Leverkusen,0.60,Eliesse Ben Seghir,AM (L),M (L),21,"5'10""",Fairly Strong,Very Strong,6.89,1,1208,4,302,0.3,1.95,1.95,2.05,0.1,18%,0.08863636364,1.6,0.8,0.9,50%,5,1,100,2,0.1,1.4,0.1,88%,49.9,0.1,1.6,3.9,2.7,0.6,22,2.7,0.6,22,3.7,9,6,18.4,4.9,1.4,2.5,8.4,70,27,0,0.1,0.4,0,16,1,0,11.5,13.8,No recurring injuries,Below Average,2.5,15,0,0,0,0,0,0,0,0,0,0,0,1.9,0.7
Eredivisie,Ajax,0.60,Mika Godts,AM (L),AM (C),21,"5'9""",Reasonable,Very Strong,7.13,1,1417,4,354.25,0.3,3.66,3.66,0.34,0.2,12%,0.1076470588,2.2,0.8,0.5,35%,0,0,0,3,0.2,3.26,0.2,90%,55.3,0.4,1.9,4.2,5.2,0.9,17,4.5,0.8,17,2.9,18,6,12.5,6.1,1.5,1.9,9.4,80,30,0,0.3,0.4,0,19,1,0,11.4,14.8,No recurring injuries,Above Average,3,19,0,0,0,0,0,0,0,0,0,0,0,1.8,0.9
Sky Bet Championship,Stockport,0.48,Harry Howell,AM (R),"M (RC), ST (C)",18,"5'11""",Very Strong,Weak,6.86,0,1115,4,278.75,0.3,2.35,2.35,1.65,0.2,17%,0.102173913,1.9,0.7,0.4,39%,0,1,100,3,0.2,1.68,0.1,88%,41.4,0.2,1.8,2.7,1.1,0.6,57,1.1,0.6,57,1.7,7,1,16.2,11.6,0.6,1.6,5.3,89,9,1,0.1,0.5,0,6,0,0,12.8,13,No recurring injuries,Below Average,2.7,18,0,0,0,0,0,0,0,0,0,0,0,1.5,1.4
Eredivisie,FC Utrecht,0.55,Adrian Blake,AM (L),,21,"5'8""",Weak,Very Strong,7.23,4,1072,4,268,0.3,2.59,2.59,1.41,0.2,15%,0.09592592593,2.3,0.9,0.8,41%,0,0,0,5,0.4,3.71,0.3,89%,43.5,0.5,2.1,3.5,3.9,0.9,23,3,0.8,28,4.1,10,2,17,6,1.8,2.1,8.5,91,23,0,0.1,0.4,0,8,0,0,12.2,14.5,No recurring injuries,Below Average,3.8,56,0.1,0,0,0,0,0,0,0,0,0,0,1.4,0.8
Ligue 1 McDonald's,LOSC,0.57,Félix Correia,AM (L),M (R),25,"5'10""",Fairly Strong,Very Strong,6.93,0,1038,4,259.5,0.3,1.9,1.9,2.1,0.2,20%,0.095,1.7,0.8,0.5,45%,1,0,0,3,0.3,1.07,0.1,90%,56.4,0.1,2.6,4.9,4.8,1.6,32,4.8,1.6,33,4.7,11,8,18.5,6.5,2,2,9.9,92,25,0,0.1,0.3,0,15,1,0,11.9,15.4,No recurring injuries,Average,2.2,20,0,0,0,0,0,0,0,0,0,0,0,1.7,1.5
Sky Bet Championship,Hull,0.39,Mohamed Belloumi,AM (R),,24,"5'9""",Very Strong,Reasonable,7.06,2,1284,4,321,0.3,3.46,3.46,0.54,0.2,11%,0.09351351351,2.6,1.3,1.2,49%,4,0,0,4,0.3,2.2,0.2,86%,48.2,0.4,2.7,4.1,3.3,0.4,12,3.3,0.4,13,3.5,15,18,18.2,4.4,1.7,1.4,10.2,67,36,1,0.3,0.4,0,30,0,0,11.7,15.8,No recurring injuries,Low,2.7,29,0,0,0,0,0,0,0,0,0,0,0,1.1,1.4
Premier League,Man City,0.56,Phil Foden,AM (LC),AM (R),26,"5'7""",Very Strong,Reasonable,7.34,2,1472,4,368,0.2,6.85,6.85,-2.85,0.4,8%,0.1317307692,3.2,1.3,1.2,40%,0,0,0,7,0.4,5.5,0.3,89%,50.1,1.1,3.4,4.6,2.9,1,33,1.4,0.7,48,2.4,27,7,8.9,5.1,1.2,1.5,8.7,69,29,2,0.3,0.2,0.2,12,0,0,12.9,19.6,No recurring injuries,Below Average,0.9,21,0,0,0,0,0,0,0,0,0,0,0,2.9,0.9
Ligue 1 McDonald's,LOSC,0.57,Matías Fernández-Pardo,AM (L),AM (R),21,"6'0""",Very Weak,Very Strong,6.87,1,1224,4,306,0.3,4.41,4.41,-0.41,0.3,14%,0.1575,2.1,0.9,0.7,43%,0,0,0,1,0.1,2.43,0.2,88%,55.6,0.4,2.6,5.5,5.1,1,18,4.6,1,21,3.5,10,10,17.2,5.7,1.6,1.7,11.5,76,29,0,0.1,0.1,0.1,13,1,0,12,14.9,No recurring injuries,Average,3.2,34,0,0,0,0,0,0,0,0,0,0,0,1.5,1.1
First Division,Valencia,0.49,Filip Ugrinić,M (C),,27,"6'0""",Fairly Strong,Very Strong,6.87,1,1407,4,351.75,0.3,3.19,3.19,0.81,0.2,13%,0.1063333333,1.9,0.6,0.8,33%,0,0,0,1,0.1,2.21,0.1,89%,44.9,0.1,1.7,3.8,2.2,0.4,17,1,0.2,20,1,6,6,21,9.5,0.5,1.4,5.7,73,11,0,0.3,0.1,0,10,0,0,11.6,11.5,No recurring injuries,Below Average,3,43,0.1,0,0,0,0,0,0,0,0,0,0,1.2,1.2
Sky Bet Championship,Burnley,0.53,Loum Tchaouna,AM (R),"M (RL), AM (C)",23,"5'11""",Very Strong,Reasonable,7.04,2,1616,4,404,0.2,6.28,6.28,-2.28,0.3,8%,0.1231372549,2.8,0.9,1,31%,1,0,0,0,0,1.96,0.1,89%,47,0.3,2.2,5,3.5,0.9,27,3.5,0.9,27,2.8,21,9,14.1,4.7,1.7,1.6,9.5,74,42,0,0.2,0.5,0,16,0,0,12.2,15.5,No recurring injuries,Low,2.9,46,0.1,0,0,0,0,0,0,0,0,0,0,1.4,0.8
Jupiler Pro League,RWDM Brussels,0.50,Pjotr Kestens,AM (L),AM (R),25,"5'8""",Very Strong,Fairly Strong,7.04,1,1177,4,294.25,0.3,1.82,1.82,2.18,0.1,25%,0.11375,1.2,0.8,0.2,69%,0,1,100,1,0.1,1.68,0.1,90%,44,0.3,1.8,3.1,4.1,0.8,20,4.1,0.8,20,3.4,11,8,18.2,5.7,1.3,2.2,8.2,85,20,0,0.1,0.6,0,20,0,0,11.6,16.4,No recurring injuries,Below Average,4.4,35,0,0,0,0,0,0,0,0,0,0,0,1.2,1
Premier League,FC Porto,0.57,Pepê,AM (R),M (LC),29,"5'9""",Reasonable,Very Strong,6.99,1,1409,4,352.25,0.3,4.11,4.11,-0.11,0.3,11%,0.1141666667,2.3,1.4,0.8,61%,1,0,0,2,0.1,2.87,0.2,89%,65,0.5,1.9,5.4,2.9,0.8,28,2.9,0.8,29,2.9,14,13,13.3,4.8,2.2,1.9,9.8,81,43,0,0.3,0.2,0.1,19,0,0,12,21.1,No recurring injuries,Below Average,3.1,12,0.1,0,0,0,0,0,0,0,0,0,0,1.7,0.8
First Division,Barcelona,0.61,Lamine Yamal,AM (R),,19,"5'11""",Very Strong,Reasonable,7.34,2,1499,4,374.75,0.2,6.76,5.99,-2.76,0.4,6%,0.09521126761,4.3,1.9,1.8,44%,4,1,100,4,0.2,5.04,0.3,86%,59.1,0.7,2.6,6.4,7.3,1.8,24,3.6,0.8,23,3.7,15,10,8.9,8.3,1.3,2.8,9.8,78,27,0,0.4,0.5,0.1,13,0,0,12.4,16.8,No recurring injuries,Below Average,3.5,26,0.1,0,0,0,0,0,0,0,0,0,0,1.7,0.9
Jupiler Pro League,RSC Anderlecht,0.58,César Huerta,AM (L),AM (R),25,"5'8""",Reasonable,Very Strong,7.16,1,1943,4,485.75,0.2,5.95,5.95,-1.95,0.3,8%,0.1166666667,2.4,1.3,0.7,53%,3,0,0,5,0.2,4.12,0.2,88%,44,0.3,1.5,3,2.9,0.7,25,2.9,0.7,25,2.7,16,7,17,5,1.3,2,8.9,73,40,0,0.2,0.6,0,23,0,0,11.6,15.6,No recurring injuries,Above Average,5,48,0.1,0,0,0,0,0,0,0,0,0,0,1.5,0.9
Sky Bet Championship,Sheffield United,0.52,Chiedozie Ogbene,AM (R),M (R),29,"5'10""",Weak,Very Strong,6.98,3,1558,4,389.5,0.2,2.93,2.93,1.07,0.2,14%,0.1046428571,1.6,0.6,0.5,36%,0,0,0,1,0.1,2.12,0.1,87%,42.3,0.2,2.1,3.3,4.7,0.8,17,4.7,0.8,17,5.9,20,6,20.4,4.7,1.8,2.3,9.5,79,39,0,0.2,0.8,0,15,0,0,12.1,15.8,No recurring injuries,Low,3.2,44,0,0,0,0,0,0,0,0,0,0,0,1.4,1.5
Bundesliga,1. FC Nürnberg,0.5,Tim Janisch,WB (R),"D (R), AM (L)",21,"5'10""",Reasonable,Very Strong,6.95,1,1308,4,327,0.3,2.48,2.48,1.52,0.2,24%,0.1458823529,1.2,0.3,0.2,29%,0,0,0,1,0.1,1.21,0.1,91%,46.1,0.2,1.7,4.5,3.2,0.7,21,3.2,0.7,22,3.7,8,9,15.6,6,1.2,2.3,9.2,61,28,0,0.1,0.3,0.1,23,2,0,11.7,17.1,No recurring injuries,Below Average,3.8,40,0,0,0,0,0,0,0,0,0,0,0,1.7,1.4
Serie A,Empoli FC,0.5,Emmanuel Gyasi,WB/M (R),"AM (RL), ST (C)",32,"6'0""",Reasonable,Very Strong,6.97,0,1326,4,331.5,0.3,2.48,2.48,1.52,0.2,17%,0.107826087,1.6,0.9,0.2,57%,0,0,0,1,0.1,0.73,0,89%,39.4,0.1,1.4,2.6,3.1,1.1,35,3.1,1.1,36,2.3,16,3,14.1,3.7,1.4,1.7,8.5,77,26,0,0.1,0.3,0,15,0,0,9.6,13.8,No recurring injuries,Very Low,3.1,42,0.1,0,0,0,0,0,0,0,0,0,0,0.5,1.1
Jupiler Pro League,Beerschot,0.38,Arnold Vula,ST (C),,27,"6'2""",Weak,Very Strong,6.63,0,1240,4,310,0.3,4.32,4.32,-0.32,0.3,9%,0.09391304348,3.3,1.2,0.9,37%,0,0,0,0,0,0.85,0.1,87%,27.3,0.1,1.2,0.8,0.4,0.1,20,0.4,0.1,20,0.4,27,8,23.4,0.9,0.1,0.5,1.9,100,2,0,0,0,0,15,2,0,10.7,8.7,No recurring injuries,Above Average,10.2,51,0.1,0,0,0,0,0,0,0,0,0,0,1,1.2
Sky Bet Championship,Wrexham,0.46,Shea Lacey,AM (R),"M (R), AM (C)",19,"5'6""",Very Strong,Fairly Strong,7.13,1,1193,4,298.25,0.3,4.28,4.28,-0.28,0.3,11%,0.1126315789,2.9,1.2,0.8,42%,2,0,0,2,0.2,4.53,0.3,85%,47.8,0.2,1.9,3.5,6.5,1.1,17,4.1,0.8,20,3.9,9,4,18.4,4.5,1.1,1.7,10,71,21,1,0.2,0.7,0,14,0,0,11.2,16.4,No recurring injuries,Average,3.2,33,0,0,0,0,0,0,0,0,0,0,0,1.1,1.2
Bundesliga,Borussia Dortmund,0.62,Romano Schmid,AM (C),AM (RL),26,"5'6""",Reasonable,Very Strong,6.92,0,1042,4,260.5,0.3,2.52,2.52,1.48,0.2,14%,0.09,2.4,1,0.9,39%,0,0,0,3,0.3,4.08,0.4,88%,47.2,0.3,1.5,2.7,1.7,0.2,10,1.2,0.1,7,1.2,12,3,16.6,8.1,1.2,1.1,4.8,70,20,0,0,0.4,0,5,0,0,12,12.4,No recurring injuries,Below Average,2.6,33,0,0,0,0,0,0,0,0,0,0,0,1.9,1
Ligue 2 BKT,FC Rouen,0.43,Idrissa Seydi,ST (C),"WB (L), AM (R)",28,"5'10""",Very Strong,Weak,6.75,2,1120,4,280,0.3,2.09,2.09,1.91,0.2,27%,0.1393333333,1.2,0.7,0.1,60%,0,0,0,1,0.1,0.71,0.1,90%,27,0.2,0.6,0.2,0.2,0.1,33,0.2,0.1,33,1,20,12,27.1,1.4,0,1.7,1.5,0,1,0,0.2,0,0,17,0,0,9,4.5,No recurring injuries,Average,9.7,18,0,0,0,0,0,0,0,0,0,0,0,0.7,1.4
Ligue 2 BKT,FC Annecy,0.43,Moïse Sahi Dion,ST (C),,24,"5'9""",Very Strong,Fairly Strong,6.64,0,1072,4,268,0.3,3.18,3.18,0.82,0.3,14%,0.1135714286,2.4,1.3,0.6,54%,1,0,0,0,0,1.81,0.2,89%,27.5,0.2,0.9,0.8,0.7,0.1,12,0.7,0.1,13,0.8,23,5,19.8,1.8,0.2,0.9,0.9,100,2,0,0.1,0.3,0,17,1,0,10.3,5.6,No recurring injuries,Above Average,8.5,17,0,0,0,0,0,0,0,0,0,0,0,0.9,1.2
Premier League,Benfica,0.59,Lucas Ocampos,AM (R),"M (RL), ST (C)",32,"5'10""",Reasonable,Very Strong,6.95,1,1086,4,271.5,0.3,2.82,2.82,1.18,0.2,13%,0.09096774194,2.6,1,0.8,39%,0,0,0,2,0.2,2.12,0.2,86%,48.1,0.6,1,3.1,3.3,0.8,25,3,0.8,28,2.7,11,7,15.6,7,1.8,2.2,9.6,65,34,0,0.5,0.7,0.2,12,0,0,12.5,19.1,No recurring injuries,High,3.9,40,0.3,0,0,0,0,0,0,0,0,0,0,1.8,0.7
Ligue 2 BKT,Angers SCO,0.60,Yassin Belkhdim,M (C),AM (LC),24,"5'9""",Reasonable,Very Strong,7.17,3,1092,4,273,0.3,3.12,3.12,0.88,0.3,13%,0.104,2.5,0.7,0.5,30%,1,1,100,3,0.2,2.24,0.2,89%,56.2,0.7,2.2,4.9,3.1,0.8,26,3.1,0.8,26,1.9,13,2,14.3,8.2,2.5,1.7,9.8,77,39,0,0.2,0.8,0,7,0,0,11.7,17.3,No recurring injuries,Below Average,3.5,40,0.2,0,0,0,0,0,0,0,0,0,0,1.8,0.8
Premier League,BRG,0.57,Ricardo Horta,AM (C),ST (C),32,"5'8""",Fairly Strong,Very Strong,7.21,4,1582,4,395.5,0.2,4.82,4.82,-0.82,0.3,9%,0.1120930233,2.4,0.9,0.6,37%,2,1,100,1,0.1,1.29,0.1,89%,49.2,0.1,2.4,4.2,3.4,1,28,3,1,33,3,23,7,15.4,6.7,1.8,1.9,10.1,79,39,2,0.2,0.6,0,19,0,0,12.4,16.1,No recurring injuries,Below Average,2.6,20,0.1,0,0,0,0,0,0,0,0,0,0,1.1,0.7
Ligue 1 McDonald's,Toulouse FC,0.49,Aron Dønnum,AM (R),"WB/M (R), AM (L)",28,"5'10""",Very Strong,Reasonable,7.14,2,1060,4,265,0.3,3.55,3.55,0.45,0.3,20%,0.1775,1.7,0.5,0.6,30%,0,0,0,1,0.1,1.43,0.1,88%,50.9,0.3,2,4.2,3.8,0.6,15,3.5,0.5,15,4.8,13,8,18.2,4.2,1.8,2.7,10.3,84,25,0,0.3,0.6,0,17,1,0,11.8,16.5,No recurring injuries,Average,2.7,50,0,0,0,0,0,0,0,0,0,0,0,1.1,1.3
Premier League,Sporting CP,0.62,Geny,M/AM (R),"WB (RL), AM (L)",25,"5'8""",Very Strong,Weak,7.26,2,1292,4,323,0.3,3.26,3.26,0.74,0.2,13%,0.1086666667,2.1,1.1,0.6,53%,1,0,0,3,0.2,2.82,0.2,90%,46.8,0.3,2.2,4.2,3.3,0.6,16,2.6,0.5,18,3.8,16,7,13.1,5.2,1.6,2.2,10.2,79,29,0,0.2,0.4,0,10,0,0,12.4,15.5,No recurring injuries,Low,3.2,9,0,0,0,0,0,0,0,0,0,0,0,1.7,0.7
Jupiler Pro League,Club Brugge,0.54,Nicolò Tresoldi,ST (C),,22,"6'1""",Fairly Strong,Very Strong,6.98,0,1287,4,321.75,0.3,5.04,5.04,-1.04,0.4,9%,0.112,3.1,1.5,1.5,47%,0,0,0,3,0.2,1.18,0.1,89%,28.5,0.3,1.1,1,0.6,0.1,25,0.6,0.1,25,0.6,36,11,18.6,2.5,0.1,0.8,1.2,67,3,0,0,0.1,0,11,1,0,10.8,6.2,No recurring injuries,Below Average,7.1,39,0.4,0,0,0,0,0,0,0,0,0,0,1.3,0.8
Premier League,Liverpool,0.59,Mohamed Salah,AM (R),"AM (L), ST (C)",34,"5'9""",Very Strong,Weak,6.86,1,1152,4,288,0.3,2.25,2.25,1.75,0.2,16%,0.09,2,0.8,0.7,40%,1,0,0,1,0.1,3.5,0.3,91%,63,0.4,2,3.1,7.2,2.1,29,3.4,1.2,36,2.3,21,21,13.8,8.4,2,2.7,12.1,69,36,1,0.3,0.3,0.2,27,1,0,13.4,26.1,No recurring injuries,Low,2.3,17,0,0,0,0,0,0,0,0,0,0,0,1.9,1.6
Bundesliga,Eintracht Frankfurt,0.46,Jonathan Burkardt,ST (C),,26,"5'11""",Fairly Strong,Very Strong,6.86,0,1473,4,368.25,0.2,5.52,4.71,-1.52,0.3,8%,0.1104,3.1,1.4,0.7,46%,1,1,0,1,0.1,0.85,0.1,89%,29.6,0.1,1,1,0.6,0.2,30,0.6,0.2,30,0.5,42,14,20.1,1.9,0.1,0.4,1.1,40,5,0,0.1,0.2,0,10,0,0,10.6,7,No recurring injuries,High,5.9,36,0.1,0,0,0,0,0,0,0,0,0,0,1.1,1
First Division,A. Bilbao,0.61,Gorka Guruzeta,ST (C),AM (L),30,"6'2""",Reasonable,Very Strong,6.69,0,1068,4,267,0.3,4.95,4.95,-0.95,0.4,8%,0.09519230769,4.4,2.2,1.6,50%,3,0,0,0,0,1.42,0.1,90%,29.7,0.4,1.4,1.2,0.5,0.1,16,0.5,0.1,17,0.8,11,15,14.7,3.1,0.4,0.8,2.3,83,6,0,0.1,0.2,0,16,0,0,10.6,6.9,No recurring injuries,Above Average,6.2,32,0.1,0,0,0,0,0,0,0,0,0,0,1.6,1
Ligue 1 McDonald's,Olympique de Marseille,0.54,Amine Gouiri,AM (L),,26,"5'11""",Weak,Very Strong,6.77,1,1281,4,320.25,0.3,4.01,4.01,-0.01,0.3,8%,0.0802,3.5,2.1,1.4,60%,2,0,0,3,0.2,1.39,0.1,87%,36.1,0.3,1.4,1.1,0.6,0.3,50,0.5,0.3,57,1.1,22,8,15.1,1.8,0.1,0.6,1.1,67,3,0,0.2,0.1,0.1,11,1,0,10.5,5.2,No recurring injuries,Below Average,4.5,31,0.1,0,0,0,0,0,0,0,0,0,0,1,1.3
Serie A,Torino,0.5,Che Adams,ST (C),,30,"5'9""",Reasonable,Very Strong,6.87,0,1246,4,311.5,0.3,6.06,6.06,-2.06,0.4,7%,0.1027118644,4.3,1.4,1.2,34%,2,0,0,0,0,1.58,0.1,90%,29.1,0.2,1,1,0.5,0.3,57,0.5,0.3,57,0.4,35,6,17.6,2.1,0.1,0.5,1.7,67,3,1,0.1,0.1,0,7,0,0,10.9,6.5,No recurring injuries,Very Low,6.6,48,0.1,0,0,0,0,0,0,0,0,0,0,0.8,1.1
Jupiler Pro League,Westerlo,0.47,Shunsuke Saito,AM (C),"M (R), AM (L), ST (C)",21,"5'9""",Fairly Strong,Very Strong,6.83,0,1395,4,348.75,0.3,2.38,2.38,1.62,0.2,17%,0.1034782609,1.5,0.6,0.3,43%,0,0,0,1,0.1,0.91,0.1,91%,42.3,0,1.3,1.9,0.6,0,0,0.6,0,0,1.2,3,6,16.6,8.8,0.5,1.2,5.3,54,13,0,0.3,0.3,0,7,0,0,11.9,10.5,No recurring injuries,Below Average,3.5,19,0.1,0,0,0,0,0,0,0,0,0,0,1,1.3
Sky Bet Championship,Bristol City,0.45,Max Bird,M (C),DM,26,"6'0""",Very Strong,Reasonable,6.57,0,1421,4,355.25,0.3,2.71,2.71,1.29,0.2,19%,0.129047619,1.3,0.4,0.5,33%,1,0,0,1,0.1,2.38,0.2,88%,2.7,0.2,0.1,0.4,1.2,0.3,21,0,0,0,0,8,0,12.3,12.2,0.2,0,1.3,100,3,1,0,0,0,1,1,0,0.7,1.3,No recurring injuries,Average,0.2,33,0,0,0,0,0,0,0,0,0,0,0,1.5,1
Premier League,Famalicão,0.5,Gustavo Sá,M (C),,22,"6'2""",Fairly Strong,Very Strong,6.92,1,1196,4,299,0.3,4.54,3.77,-0.54,0.3,9%,0.1031818182,3.3,1.2,1.1,36%,1,2,100,2,0.2,1.66,0.1,92%,51.6,0.4,1.5,2.7,0.3,0.2,50,0.3,0.2,50,1.2,13,2,11.8,10.5,0.2,2.3,5,67,3,1,0.3,0.5,0,3,1,0,13.1,13.5,No recurring injuries,Below Average,3.3,41,0.1,0,0,0,0,0,0,0,0,0,0,1.1,1.4
Second Division,Zaragoza,0.48,Sebas Moyano,AM (R),"M (L), AM (C)",29,"5'8""",Weak,Very Strong,7.09,1,1130,4,282.5,0.3,1.86,1.86,2.14,0.1,15%,0.07153846154,2.1,0.8,1,38%,1,0,0,0,0,2.81,0.2,87%,43.5,0.2,1.6,2.9,7.8,2,25,4.2,1,25,4.9,19,8,18.3,4.9,1.2,1.8,7.6,83,18,0,0.3,0.3,0,19,1,0,11.5,11.9,No recurring injuries,Below Average,3.4,28,0.1,0,0,0,0,0,0,0,0,0,0,1,1.2
Eredivisie,Go Ahead Eagles,0.51,Victor Edvardsen,ST (C),AM (RL),30,"6'1""",Reasonable,Very Strong,6.75,0,1400,4,350,0.3,4.57,4.57,-0.57,0.3,9%,0.09934782609,3,1.2,0.9,41%,2,0,0,0,0,1.3,0.1,86%,27.3,0.3,1.5,0.9,0.6,0.1,20,0.6,0.1,20,1.1,22,10,22,2.1,0.2,0.5,2,60,5,0,0.1,0.2,0,12,0,0,10.9,9.6,No recurring injuries,Below Average,7.8,28,0.1,0,0,0,0,0,0,0,0,0,0,0.8,1
Bundesliga 2,Rot-Weiss Essen,0.55,Lars Gindorf,AM (C),"M (C), ST (C)",25,"5'11""",Reasonable,Very Strong,7.04,1,1306,4,326.5,0.3,2.2,2.2,1.8,0.2,18%,0.1,1.5,0.7,0.4,45%,1,1,100,2,0.1,2.37,0.2,89%,42.6,0.2,1.5,2.8,2.8,0.6,21,1,0.3,36,0.9,5,2,17,11.9,0.7,0.9,4.3,83,12,1,0.5,0.6,0,8,1,0,12.6,11.9,No recurring injuries,Below Average,2.6,39,0.1,0,0,0,0,0,0,0,0,0,0,1,1.3
Second Division,Tenerife,0.44,Jesús De Miguel,ST (C),AM (C),30,"6'2""",Fairly Strong,Very Strong,6.84,0,1315,4,328.75,0.3,6.18,6.18,-2.18,0.4,8%,0.1188461538,3.6,1.5,1,42%,1,0,0,3,0.2,1.19,0.1,88%,29.4,0.1,0.8,0.5,0.2,0,0,0.2,0,0,0.8,23,12,22,2.3,0.1,1,2.7,100,2,0,0,0.1,0,16,1,0,10.4,9.2,No recurring injuries,Average,6.4,46,0.1,0,0,0,0,0,0,0,0,0,0,0.8,1.4
Bundesliga 2,Hannover 96,0.53,Benjamin Källman,ST (C),AM (R),28,"6'0""",Reasonable,Very Strong,6.73,1,1190,4,297.5,0.3,4.61,4.61,-0.61,0.3,10%,0.11525,3,1.7,0.9,58%,0,2,100,0,0,1.93,0.1,91%,26.8,0.2,1.2,0.8,0.3,0,0,0.3,0,0,1.1,27,15,20.1,2.4,0.2,0.7,2.1,100,3,0,0.2,0.1,0,16,2,0,10.4,8,No recurring injuries,Below Average,6.6,37,0.2,0,0,0,0,0,0,0,0,0,0,0.7,0.7
Serie BKT,AC Monza,0.5,Paulo Azzi,D/M (L),M (R),32,"6'2""",Weak,Very Strong,7.1,2,1188,4,297,0.3,1.47,1.47,2.53,0.1,50%,0.18375,0.6,0.2,0,38%,0,0,0,1,0.1,1.59,0.1,70%,21.2,0,0,0,0,0,0,0,0,0,0,18,0,0,0,1.9,0,0,100,25,0,0,0,0,14,0,0,0,0,No recurring injuries,Very Low,0,0,0,0,0,0,0,0,0,0,0,0,0,0,0
Ligue 1 McDonald's,Saint-Étienne,0.5,Lucas Stassin,ST (C),,22,"6'0""",Weak,Very Strong,6.7,1,1265,4,316.25,0.3,5.88,3.5,-1.88,0.4,10%,0.147,2.8,1.4,1.1,48%,2,3,33,0,0,0.73,0.1,90%,27,0.3,1.4,1.1,0.4,0,0,0.4,0,0,0.6,16,8,16.6,2.6,0.3,0.9,1.5,80,5,0,0.2,0.1,0,9,0,0,10.1,6.2,Recurring badly fractured lower leg,Very High,7.8,18,0.1,0,0,0,0,0,0,0,0,0,0,0.6,1.4
Serie A,Bologna,0.5,Jonathan Rowe,AM (L),ST (C),23,"5'8""",Fairly Strong,Very Strong,6.72,0,1246,4,311.5,0.3,1.56,1.56,2.44,0.1,24%,0.09176470588,1.2,0.7,0.4,53%,1,0,0,0,0,0.85,0.1,93%,45.1,0.1,1.2,3.7,2,0.5,25,2,0.5,26,3,5,8,19,3.8,0.9,1.7,9.8,65,20,0,0.5,0.9,0,16,0,0,12,13.8,No recurring injuries,Average,3.3,24,0,0,0,0,0,0,0,0,0,0,0,1.3,1.7
Premier League,BRG,0.57,Gustaf Lagerbielke,D (C),,26,"6'4""",Fairly Strong,Very Strong,7.2,5,1980,4,495,0.2,1.72,1.72,2.28,0.1,21%,0.09052631579,0.9,0.3,0.2,37%,1,1,100,1,0,1.48,0.1,94%,50.5,0.2,0.2,2.3,0,0,0,0,0,0,0,3,0,2.4,19.7,0.6,2.9,2.5,76,17,4,0.6,0.9,0.3,12,3,0,9.9,4.8,No recurring injuries,Low,5,74,1,0,0,0,0,0,0,0,0,0,0,1.3,0.7
Premier League,Fulham,0.45,Oscar Bobb,AM (RC),"M (R), AM (L), ST (C)",23,"5'9""",Very Strong,Fairly Strong,6.76,1,1183,4,295.75,0.3,1.92,1.92,2.08,0.1,13%,0.064,2.3,1.2,1.4,53%,2,0,0,2,0.2,2.55,0.2,85%,40.5,0.4,1.4,2.7,2.4,0.5,19,2.1,0.5,22,2.8,17,4,12.3,7.8,1.5,2.9,11.4,77,26,0,0.2,0.6,0.1,6,0,0,13.4,17.1,No recurring injuries,Above Average,4,15,0,0,0,0,0,0,0,0,0,0,0,1.1,2.1
Bundesliga,1. FC Nürnberg,0.5,Julian Justvan,AM (C),M (RC),28,"5'10""",Very Strong,Weak,7.02,0,1110,4,277.5,0.3,3.45,3.45,0.55,0.3,15%,0.1326923077,2.1,0.6,0.7,31%,1,0,0,2,0.2,2.55,0.2,90%,41.6,0.5,1.6,2.8,5.8,0.8,13,1,0.2,25,1.1,10,5,14.4,11.9,0.6,1.1,4.7,58,12,0,0.4,0.1,0,7,0,0,11.8,10.2,No recurring injuries,Above Average,3.9,29,0.1,0,0,0,0,0,0,0,0,0,0,1.5,1.5
Sky Bet Championship,Lincoln,0.33,Rob Street,ST (C),AM (L),25,"6'2""",Weak,Very Strong,6.7,0,1222,4,305.5,0.3,2.73,2.73,1.27,0.2,12%,0.08272727273,2.4,1.1,0.7,45%,1,0,0,0,0,0.71,0.1,88%,31.6,0.1,1,1,1,0.1,15,1,0.1,15,0.7,19,7,23.1,0.8,0.1,0.7,2.1,50,4,0,0,0.3,0,19,3,0,10.5,7.1,No recurring injuries,Below Average,7.2,31,0.1,0,0,0,0,0,0,0,0,0,0,0.8,1.8
Sky Bet Championship,Hull,0.39,Mason Burstow,ST (C),AM (R),23,"6'2""",Reasonable,Very Strong,6.66,0,1379,4,344.75,0.3,2.21,2.21,1.79,0.1,16%,0.0884,1.6,0.7,0.6,44%,1,0,0,0,0,0.35,0,88%,26.6,0,0.7,0.6,0.4,0,0,0.4,0,0,0.5,20,10,22,0.9,0.3,0.7,2.2,83,6,0,0.1,0.1,0.1,14,1,0,10.3,6.2,No recurring injuries,Very Low,10.1,34,0,0,0,0,0,0,0,0,0,0,0,1.3,1.6
Ligue 2 BKT,Red Star FC,0.39,Abdelsamad Hachem,ST (C),,24,"6'2""",Weak,Very Strong,6.71,0,1021,4,255.25,0.4,5.19,5.19,-1.19,0.5,9%,0.1104255319,4.1,2.1,1.5,51%,0,0,0,1,0.1,0.3,0,88%,25.8,0.1,1.1,0.5,0.4,0.1,20,0.4,0.1,20,0.5,21,10,30,1,0.1,0.9,1.4,100,1,0,0.1,0.1,0,12,0,0,10.4,4.7,No recurring injuries,High,9.4,49,0.3,0,0,0,0,0,0,0,0,0,0,0.7,0.6
Serie BKT,Entella,0.5,Bernat Guiu,ST (C),AM (R),26,"5'11""",Weak,Very Strong,6.98,0,1260,4,315,0.3,2.33,2.33,1.67,0.2,13%,0.07766666667,2.1,1.3,0,60%,0,0,0,1,0.1,2.04,0.1,59%,20,0,0,0,0,0,0,0,0,0,0,18,0,0,0,0.4,0,0,86,7,0,0,0,0,17,0,0,0,0,No recurring injuries,Very Low,0,0,0,0,0,0,0,0,0,0,0,0,0,0,0
Ligue 1 McDonald's,Olympique de Marseille,0.54,Mason Greenwood,AM (R),AM (LC),25,"6'0""",Very Strong,Very Strong,6.91,0,1117,4,279.25,0.3,3.4,3.4,0.6,0.3,15%,0.1259259259,2.2,1,0.8,48%,0,0,0,2,0.2,1.64,0.1,89%,33.7,0.6,1.3,1.7,2.5,0.6,22,1,0.2,23,0.7,18,4,11.7,3.1,1,1,5.2,86,14,0,0,0.3,0,6,0,0,11.4,9.5,No recurring injuries,Above Average,4,22,0.1,0,0,0,0,0,0,0,0,0,0,0.9,1.5
Jupiler Pro League,Dender EH,0.54,David Hrnčár,D (R),M (R),28,"6'2""",Weak,Very Strong,7.05,2,1426,4,356.5,0.3,3.45,3.45,0.55,0.2,21%,0.1815789474,1.2,0.6,0.5,47%,0,0,0,0,0,1.69,0.1,87%,49.3,0.3,1.6,5.6,1.8,0.1,7,1.8,0.1,7,1.6,12,5,15,9.3,2.1,2.7,8.4,94,35,2,0.4,0.7,0.5,18,2,0,11.2,14.1,No recurring injuries,Below Average,4.2,39,0.1,0,0,0,0,0,0,0,0,0,0,1.2,1.3
Serie A,Empoli FC,0.5,Faustino Anjorin,AM (C),AM (L),25,"6'1""",Fairly Strong,Very Strong,6.72,0,1299,4,324.75,0.3,3.17,3.17,0.83,0.2,14%,0.1093103448,2,0.7,0.6,34%,0,1,100,1,0.1,1.68,0.1,87%,25.8,0.3,0.7,1.8,3.3,0.7,20,1.3,0.3,21,1.1,22,2,10.9,6.9,1,0.9,4.2,79,19,0,0.1,0.3,0,15,2,0,6,7.3,No recurring injuries,Very Low,1.7,44,0,0,0,0,0,0,0,0,0,0,0,0.6,1.1
Sky Bet Championship,Middlesbrough,0.50,Dávid Strelec,ST (C),AM (RC),25,"6'1""",Very Strong,Fairly Strong,6.62,0,1288,4,322,0.3,5.23,5.23,-1.23,0.4,9%,0.1112765957,3.3,1.4,0.8,43%,1,0,0,0,0,1.66,0.1,87%,29.8,0.3,1.2,1.1,0.4,0.1,33,0.4,0.1,33,0.3,28,14,17.5,2.3,0.1,0.4,1.4,50,2,0,0.1,0.1,0,15,1,0,10,5,No recurring injuries,Below Average,6.6,18,0.1,0,0,0,0,0,0,0,0,0,0,0.7,1.5
Sky Bet Championship,Norwich,0.56,Oscar Schwartau,AM (L),ST (C),20,"6'1""",Reasonable,Very Strong,6.92,1,1456,4,364,0.2,2.03,2.03,1.97,0.1,16%,0.0812,1.5,0.8,0.3,52%,0,0,0,1,0.1,2.31,0.1,89%,50.1,0.5,1.9,2.6,1.5,0.4,28,1.1,0.3,28,0.8,6,7,20.3,8.8,0.4,0.9,4.7,70,10,0,0.1,0.2,0,10,0,0,12.7,13,No recurring injuries,Below Average,3.4,31,0.1,0,0,0,0,0,0,0,0,0,0,1,0.8
Premier League,Liverpool,0.59,Alexis Mac Allister,M (C),,27,"5'9""",Reasonable,Very Strong,7.25,1,1451,4,362.75,0.2,4.49,3.73,-0.49,0.3,7%,0.07877192982,3.5,1.2,2.5,35%,2,1,100,7,0.4,4.6,0.3,91%,68.6,0.7,2.6,5,2.2,0.4,19,0.6,0.2,44,0.7,10,0,8.4,7.3,1.6,2.6,6.1,69,36,5,0.6,0.6,0.6,7,0,0,12.5,16.2,No recurring injuries,Below Average,1.2,30,0.1,0,0,0,0,0,0,0,0,0,0,2.3,1.5
First Division,A. Bilbao,0.61,Álex Berenguer,AM (L),"D/WB (L), M/AM (R)",31,"5'9""",Fairly Strong,Very Strong,7.08,1,1356,4,339,0.3,3.43,3.43,0.57,0.2,13%,0.1106451613,2.1,0.8,0.9,39%,0,0,0,2,0.1,3.06,0.2,90%,52.3,0.6,2.4,6.3,7,1.6,22,2.3,0.7,32,3.3,18,8,13.3,7.1,1.9,2.6,10,76,38,1,0.3,0.7,0.1,15,4,0,11.7,16.3,No recurring injuries,Below Average,2.6,18,0,0,0,0,0,0,0,0,0,0,0,2,1
Premier League,FC Porto,0.57,Victor Froholdt,M (C),AM (C),20,"6'2""",Reasonable,Very Strong,6.75,0,1426,4,356.5,0.3,2.6,2.6,1.4,0.2,17%,0.1083333333,1.5,0.9,0.6,63%,2,0,0,4,0.3,4.73,0.3,89%,14,0.4,0.7,0.6,0.2,0.1,66,0.2,0.1,67,0.1,13,2,10.5,12.5,0.4,0.9,1.8,60,10,1,0.3,0.1,0.1,5,2,0,2.3,4.4,No recurring injuries,Below Average,0.3,20,0.1,0,0,0,0,0,0,0,0,0,0,1.8,0.6
First Division,Burgos,0.35,Mario González,ST (C),,30,"6'0""",Reasonable,Very Strong,6.64,0,1077,4,269.25,0.3,1.91,1.91,2.09,0.2,21%,0.1005263158,1.6,0.9,0.4,58%,0,0,0,2,0.2,0.8,0.1,89%,26.6,0.1,0.8,0.6,0.3,0.3,75,0.3,0.3,75,1.3,24,12,25.5,1.1,0.1,1.2,1.5,50,2,0,0.2,0.3,0,14,0,0,10.1,5,No recurring injuries,Below Average,6.9,30,0.1,0,0,0,0,0,0,0,0,0,0,0.8,2.2
Jupiler Pro League,OH Leuven,0.47,Mathieu Maertens,AM (C),ST (C),31,"6'0""",Reasonable,Very Strong,6.86,1,1072,4,268,0.3,3.6,3.6,0.4,0.3,16%,0.144,2.1,1,0.6,48%,0,0,0,3,0.3,3.26,0.3,87%,40.2,0.3,1.8,2.3,0.8,0.3,33,0.8,0.3,33,1.1,9,3,20.4,9.1,0.2,1.4,3.9,40,5,1,0,0.2,0,8,1,0,11.1,11,No recurring injuries,Above Average,4.4,26,0.1,0,0,0,0,0,0,0,0,0,0,1.1,1.8
Premier League,Benfica,0.59,Dodi Lukébakio,AM (R),"M (R), AM (L), ST (C)",29,"6'2""",Very Strong,Reasonable,6.93,2,1180,4,295,0.3,3.16,3.16,0.84,0.2,13%,0.09875,2.4,1.1,1.3,47%,0,1,100,3,0.2,3.71,0.3,89%,44.8,0.3,2.5,3.7,5,1.3,26,2.8,0.8,27,3.6,21,6,12.4,6,1.7,2.3,9.2,79,28,0,0.3,0.4,0.2,15,0,0,11,12.1,No recurring injuries,Below Average,3.1,40,0,0,0,0,0,0,0,0,0,0,0,1.7,0.8
Bundesliga 2,SV Elversberg,0.52,David Mokwa,ST (C),AM (RLC),22,"5'11""",Fairly Strong,Very Strong,6.78,0,1111,4,277.75,0.3,4.74,4.74,-0.74,0.4,11%,0.1316666667,2.9,1,0.7,33%,0,0,0,2,0.2,0.66,0.1,89%,27.7,0.1,0.9,0.6,0.5,0.1,16,0.5,0.1,17,1,20,8,17.4,2.3,0.3,0.6,1.9,67,6,0,0,0.4,0,7,0,0,10,6.3,No recurring injuries,Average,7.4,34,0,0,0,0,0,0,0,0,0,0,0,1.3,1.3
Ligue 2 BKT,Pau FC,0.48,Giovani Versini,AM (R),AM (L),22,"5'6""",Very Strong,Weak,6.95,2,1014,4,253.5,0.4,3.27,3.27,0.73,0.3,19%,0.1557142857,1.9,0.4,0.7,24%,2,0,0,2,0.2,3.52,0.3,87%,41.1,0.5,2,3.3,2.9,0.6,21,2.9,0.6,21,4.1,14,1,19.3,4.7,0.8,2,9.9,41,22,0,0.2,0.8,0,13,2,0,11.3,13.7,No recurring injuries,Below Average,2.4,11,0,0,0,0,0,0,0,0,0,0,0,1,1.3
Second Division,Valladolid,0.54,Julien Ponceau,M (C),,26,"5'7""",Weak,Very Strong,7.14,1,1166,4,291.5,0.3,2.56,2.56,1.44,0.2,18%,0.1163636364,1.7,0.7,0.3,41%,0,1,100,1,0.1,3.44,0.3,89%,42.2,0.3,1.5,2.7,6.2,1.4,22,3.4,1.2,36,3.8,12,8,13.1,7.9,0.8,1.6,9.4,56,18,0,0.2,0.6,0,12,1,0,11.3,14.9,No recurring injuries,Below Average,3.9,18,0,0,0,0,0,0,0,0,0,0,0,1.6,1.1
Serie BKT,Reggiana,0.5,Yayah Kallon,AM (R),"AM (LC), ST (C)",25,"5'9""",Very Strong,Weak,6.63,0,1260,4,315,0.3,3.64,3.64,0.36,0.3,10%,0.0887804878,2.9,0.9,0,32%,0,0,0,2,0.1,1.37,0.1,60%,20,0,0,0,0,0,0,0,0,0,0,20,0,0,0,0.9,0,0,65,20,0,0,0,0,9,0,0,0,0,No recurring injuries,Very Low,0,0,0,0,0,0,0,0,0,0,0,0,0,0,0
Ligue 1 McDonald's,Saint-Étienne,0.5,Tatsuya Ito,AM (RL),M (RL),29,"5'6""",Reasonable,Very Strong,6.96,1,1245,4,311.25,0.3,2.63,2.63,1.37,0.2,13%,0.08766666667,2.2,0.6,0.7,27%,0,0,0,0,0,1.6,0.1,88%,43.3,0.3,2.2,4,4.3,0.9,21,4.3,0.9,22,3,13,10,19.4,4,2,1.4,10.9,66,41,0,0,0.3,0,9,0,0,12.3,19.4,Recurring hamstring strain,Very High,2.1,34,0.1,0,0,0,0,0,0,0,0,0,0,0.6,1.4
First Division,Oviedo,0.45,Ilyas Chaira,AM (C),,25,"5'11""",Reasonable,Very Strong,6.88,0,1112,4,278,0.3,1.52,1.52,2.48,0.1,24%,0.08941176471,1.4,0.9,0.5,65%,1,0,0,0,0,0.99,0.1,90%,43.5,0,1.5,2.9,3.5,0.8,23,1.1,0.5,43,1.8,6,4,20.3,5.9,0.7,1.8,4.6,82,11,0,0.4,0.1,0.2,12,1,0,11,9.8,No recurring injuries,Below Average,3.4,33,0.2,0,0,0,0,0,0,0,0,0,0,0.7,2
Sky Bet Championship,Sheffield United,0.52,Alfie Devine,AM (C),DM,22,"6'0""",Fairly Strong,Very Strong,6.81,1,1290,4,322.5,0.3,4.22,4.22,-0.22,0.3,11%,0.1140540541,2.6,0.8,0.5,30%,1,0,0,1,0.1,2.34,0.2,89%,42.3,0.1,2.1,2.8,1.1,0.3,25,1.1,0.3,25,1,4,6,17.2,12.4,0.3,1,5.7,40,10,0,0.1,0.3,0,13,4,0,11.3,9.8,No recurring injuries,Below Average,2.6,16,0,0,0,0,0,0,0,0,0,0,0,1.4,1.5
Serie A,Celesti,0.5,Stiven Shpendi,AM (L),,23,"5'11""",Reasonable,Very Strong,6.84,1,1135,4,283.75,0.3,4.18,4.18,-0.18,0.3,10%,0.1045,3.2,1.9,1.3,60%,1,0,0,1,0.1,0.79,0.1,86%,30.4,0.2,1.6,2,1,0.2,25,1,0.2,25,0.8,20,11,19.3,2.5,0.6,0.3,4,67,12,0,0,0,0,14,0,0,11.3,7.9,No recurring injuries,Very Low,5.9,25,0.1,0,0,0,0,0,0,0,0,0,0,1.3,0.8
Jupiler Pro League,Westerlo,0.47,Josimar Alcócer,AM (L),AM (R),22,"6'1""",Reasonable,Very Strong,7,2,1365,4,341.25,0.3,3.2,3.2,0.8,0.2,15%,0.1230769231,1.7,0.5,0.3,31%,1,0,0,1,0.1,3.22,0.2,89%,43.3,0.5,2.3,3.6,2.2,0.4,17,2.2,0.4,18,2.9,13,4,17.5,4.9,2.2,1.8,9.7,85,39,0,0.1,0.3,0,9,0,0,11.5,14.4,No recurring injuries,Average,4.6,34,0.3,0,0,0,0,0,0,0,0,0,0,0.9,1.2
Jupiler Pro League,RWDM Brussels,0.50,Valentín Adamo,ST (C),,24,"6'4""",Reasonable,Very Strong,6.73,2,1241,4,310.25,0.3,4.94,4.94,-0.94,0.4,11%,0.1335135135,2.7,1.3,0.7,49%,0,2,100,0,0,1.87,0.1,92%,25.5,0,1,0.4,0.4,0.2,60,0.4,0.2,60,0.9,27,13,17.9,2,0,0.7,2.4,0,2,0,0.1,0.1,0,15,0,0,10,5.3,No recurring injuries,Average,8,36,0.1,0,0,0,0,0,0,0,0,0,0,1.1,1
Bundesliga,Eintracht Frankfurt,0.46,Ritsu Doan,AM (R),"M (R), AM (LC)",28,"5'8""",Very Strong,Reasonable,7.06,1,1216,4,304,0.3,2.54,2.54,1.46,0.2,13%,0.08466666667,2.2,1.1,0.5,50%,0,0,0,2,0.1,4.77,0.4,82%,55.4,0.4,2,5,3.5,0.6,17,3.5,0.6,17,3.6,12,9,18.7,4.4,1.2,2.3,10.3,57,28,1,0.3,0.5,0,13,1,0,11.6,18.6,No recurring injuries,Below Average,3,27,0.1,0,0,0,0,0,0,0,0,0,0,1,1.3
Premier League,VTSC,0.46,Alioune Ndoye,ST (C),,25,"6'3""",Very Weak,Very Weak,6.83,1,1416,4,354,0.3,4.41,4.41,-0.41,0.3,8%,0.091875,3.1,1.3,1.1,42%,1,2,100,1,0.1,0.59,0,88%,26.1,0.2,1,0.6,0.2,0.1,66,0.2,0.1,67,0.7,23,11,20.5,0.8,0,0.8,1.7,0,2,0,0.1,0.1,0,12,1,0,9.8,5.4,No recurring injuries,Below Average,8.2,46,0.1,0,0,0,0,0,0,0,0,0,0,1.5,1.4
First Division,Elche,0.34,Álvaro Rodríguez,ST (C),AM (L),22,"6'4""",Very Strong,Reasonable,6.69,1,1289,4,322.25,0.3,3.7,3.7,0.3,0.3,12%,0.1121212121,2.3,1.7,0.7,73%,1,0,0,0,0,0.43,0,90%,28.9,0.1,0.7,0.6,0.5,0.1,28,0.5,0.1,29,0.5,26,15,19.2,1.3,0.2,0.8,1.4,100,3,0,0.1,0.1,0,16,2,0,11,6.7,No recurring injuries,High,7.8,54,0.1,0,0,0,0,0,0,0,0,0,0,0.7,2
Ligue 1 McDonald's,Reims,0.47,Keito Nakamura,AM (L),"AM (RC), ST (C)",26,"5'11""",Reasonable,Very Strong,6.82,0,1037,4,259.25,0.3,2.43,2.43,1.57,0.2,16%,0.0972,2.2,1,1,44%,0,0,0,3,0.3,1.66,0.1,90%,32.4,0.1,1.5,1.8,0.6,0.2,28,0.6,0.2,29,0.5,18,4,15.4,3.2,0.1,0.8,2.3,50,2,0,0.1,0.1,0,12,0,0,11.6,7.6,No recurring injuries,Above Average,6,23,0,0,0,0,0,0,0,0,0,0,0,1.1,1.6
Premier League,Aston Villa,0.54,Youri Tielemans,M (C),,29,"5'9""",Fairly Strong,Very Strong,6.98,1,1041,4,260.25,0.3,1.57,1.57,2.43,0.1,14%,0.05413793103,2.5,0.9,2,34%,3,0,0,2,0.2,1.88,0.2,90%,70.8,0.4,1.2,6.4,0.3,0.1,33,0.2,0.1,50,0.3,6,2,8.6,5.7,0.7,2.4,6.1,62,13,1,1,0.5,0.8,7,0,0,12.7,20.4,No recurring injuries,Below Average,1.6,17,0.2,0,0,0,0,0,0,0,0,0,0,1.5,1.6
First Division,Real Hispalis,0.53,Ez Abde,AM (L),"M (RL), ST (C)",24,"5'10""",Fairly Strong,Very Strong,7.04,1,1273,4,318.25,0.3,3.28,3.28,0.72,0.2,15%,0.1261538462,1.8,0.9,0.6,50%,0,0,0,4,0.3,1.82,0.1,90%,48.4,0.3,1.8,3.6,3.4,0.6,18,3.4,0.6,19,4.3,9,6,13.3,5.4,1.4,2.5,9.3,100,20,0,0.5,0.4,0,20,1,0,12.2,14.1,No recurring injuries,Below Average,2.3,27,0,0,0,0,0,0,0,0,0,0,0,2,1.1
First Division,Granada,0.42,Pablo Sáenz,AM (L),"M (L), ST (C)",25,"5'9""",Very Strong,Weak,6.88,0,1010,4,252.5,0.4,0.9,0.9,3.1,0.1,33%,0.075,1.1,0.5,0.1,50%,0,0,0,2,0.2,0.61,0.1,88%,45.9,0,1.3,4.3,3.5,0.9,25,2.4,0.5,22,2.9,14,5,20.9,4.9,1.7,2.4,10,86,22,0,0.3,0.4,0,11,0,0,11.1,15.3,No recurring injuries,Above Average,4.4,8,0.1,0,0,0,0,0,0,0,0,0,0,1.1,2
Premier League,Birmingham,0.48,Julian Brandt,AM (C),"M (L), AM (RL)",30,"6'1""",Fairly Strong,Very Strong,7.05,2,1260,4,315,0.3,2.5,2.5,1.5,0.2,13%,0.08064516129,2.2,0.8,1.4,35%,2,0,0,6,0.4,3.95,0.3,87%,46.2,0.8,1.8,2.4,4.9,1.1,22,1.5,0.5,33,0.5,6,5,10.4,5.2,0.8,1.9,6.9,79,14,0,0.3,0.4,0.2,8,0,0,12.3,8.6,No recurring injuries,Above Average,2.1,21,0,0,0,0,0,0,0,0,0,0,0,1.5,2.2
Serie BKT,Venezia,0.5,Antonio Casas,ST (C),,26,"6'0""",Weak,Very Strong,7.19,1,1260,4,315,0.3,5.31,5.31,-1.31,0.4,8%,0.110625,3.4,1.7,0,50%,0,0,0,2,0.1,1.39,0.1,60%,20,0,0,0,0,0,0,0,0,0,0,21,0,0,0,1.3,0,0,64,28,0,0,0,0,14,0,0,0,0,No recurring injuries,Very Low,0,0,0,0,0,0,0,0,0,0,0,0,0,0,0
Second Division,Eibar,0.55,Jon Guruzeta,AM (R),"M (L), AM (C)",26,"6'1""",Fairly Strong,Very Strong,6.96,1,1041,4,260.25,0.3,3.39,3.39,0.61,0.3,15%,0.1255555556,2.3,1.4,0.5,59%,1,0,0,1,0.1,1.33,0.1,89%,43.1,0.2,1.9,4.5,2.9,1,32,2.9,1,32,4.1,14,4,16.2,6.2,2.1,1.8,9.5,92,26,0,0.3,0.8,0,13,0,0,11.4,12.4,No recurring injuries,Below Average,4.8,40,0.2,0,0,0,0,0,0,0,0,0,0,1.5,1
Second Division,Coruña,0.5,David Mella,AM (L),M (R),21,"5'6""",Very Strong,Reasonable,7.12,0,1060,4,265,0.3,2.31,2.31,1.69,0.2,18%,0.105,1.9,1.1,0.5,59%,0,0,0,1,0.1,1.83,0.2,92%,48.1,0.1,1.9,4.2,3.4,1,30,3.2,1,32,2.5,16,6,16.3,6.1,1.1,2,10.9,76,17,0,0.2,0.3,0,9,0,0,10.7,15.9,No recurring injuries,Average,3.2,18,0,0,0,0,0,0,0,0,0,0,0,0.9,1.3
Eredivisie,PSV,0.55,Ismael Saibari,AM (C),ST (C),25,"6'1""",Fairly Strong,Very Strong,7.23,0,1230,4,307.5,0.3,2.1,2.1,1.9,0.2,20%,0.105,1.5,0.8,0.4,55%,1,0,0,5,0.4,3.58,0.3,91%,49.5,0.5,2.6,5.4,4,0.7,18,3.9,0.7,19,3,28,1,16.2,5.3,1.8,2.3,10,69,36,0,0.2,0.4,0.1,3,0,0,12.2,14.9,No recurring injuries,High,3.3,40,0.2,0,0,0,0,0,0,0,0,0,0,1.5,1.1
Ligue 2 BKT,SM Caen,0.41,Taylor Luvambo,ST (C),AM (RL),27,"5'11""",Weak,Very Strong,6.74,0,1124,4,281,0.3,3.07,3.07,0.93,0.2,11%,0.08527777778,2.9,1.6,1,56%,3,0,0,0,0,0.41,0,86%,25.5,0,1,0.8,0.7,0,0,0.4,0,0,0.9,20,8,22.1,1.4,0.2,0.7,1.8,100,3,0,0.2,0.2,0,12,1,0,10.6,6.7,No recurring injuries,Average,7.4,27,0,0,0,0,0,0,0,0,0,0,0,1.1,1
Premier League,Chelsea,0.56,Geovany Quenda,M (R),,19,"5'10""",Very Strong,Weak,7.07,1,1278,4,319.5,0.3,2.77,2.77,1.23,0.2,14%,0.09892857143,2,1.1,0.8,57%,1,0,0,4,0.3,4.15,0.3,91%,67.1,1.1,3.1,7.6,8.5,2.3,27,4.8,1.6,34,4.1,21,12,16.2,8.3,2,2.2,13.6,90,31,0,0.4,1.1,0.1,16,0,0,12.7,18.2,No recurring injuries,Low,3.1,23,0,0,0,0,0,0,0,0,0,0,0,1.8,0.5
Premier League,Brentford,0.38,Mikkel Damsgaard,AM (C),"M (C), AM (RL)",26,"5'11""",Strong,Very Strong,7.08,0,1134,4,283.5,0.3,3.2,3.2,0.8,0.3,19%,0.1523809524,1.7,1.2,0.6,71%,0,0,0,5,0.4,2.76,0.2,89%,56,0.5,1.8,4.1,2.1,0.4,18,1,0,0,1.2,14,0,10.3,6.6,0.7,3.1,7,53,17,1,0.3,0.5,0.2,3,0,0,13,13.3,No recurring injuries,High,2.5,16,0,0,0,0,0,0,0,0,0,0,0,2,2
Premier League,Benfica,0.59,Loïs Openda,ST (C),AM (LC),26,"5'10""",Fairly Strong,Very Strong,6.84,2,1279,4,319.75,0.3,6.97,6.97,-2.97,0.5,8%,0.1366666667,3.6,1.5,1,43%,0,0,0,1,0.1,1.49,0.1,92%,28.1,0.1,0.9,0.6,0.4,0.1,33,0.4,0.1,33,0.7,24,13,12,2.2,0.1,0.6,1.8,100,2,0,0.1,0.4,0,18,3,0,10.6,6.2,No recurring injuries,Low,6.7,36,0.1,0,0,0,0,0,0,0,0,0,0,1.3,0.8
Second Division,Alavés,0.5,Gaëtan Perrin,AM (L),"M (RL), ST (C)",30,"5'8""",Reasonable,Very Strong,7.04,1,1286,4,321.5,0.3,4,4,0,0.3,13%,0.1290322581,2.2,0.6,0.7,26%,2,1,100,3,0.2,2.7,0.2,87%,43.9,0.3,2,4.5,2.4,0.8,35,2.4,0.8,35,3.6,17,3,16.7,5,1.5,2.1,10.6,75,28,0,0.1,0.6,0,11,0,0,11.4,16,No recurring injuries,Average,3.6,14,0.1,0,0,0,0,0,0,0,0,0,0,0.8,1.2
Bundesliga 2,SC Paderborn 07,0.49,Kennedy Okpala,ST (C),AM (RC),21,"6'1""",Reasonable,Very Strong,6.75,0,1159,4,289.75,0.3,4.13,3.32,-0.13,0.3,15%,0.1588461538,2,0.9,0.5,46%,1,1,0,0,0,0.89,0.1,91%,25.3,0.1,0.9,0.5,0.5,0.2,50,0.5,0.2,50,0.7,21,8,19,1.6,0.3,0.8,1.9,67,6,1,0,0,0,11,0,0,11.1,6.1,No recurring injuries,Below Average,8.6,32,0.2,0,0,0,0,0,0,0,0,0,0,1.2,1.5
Ligue 1 McDonald's,Olympique de Marseille,0.54,Himad Abdelli,M (C),,27,"6'1""",Reasonable,Very Strong,6.84,0,1560,4,390,0.2,3.52,3.52,0.48,0.2,15%,0.1353846154,1.5,0.6,0.6,38%,1,0,0,1,0.1,3.48,0.2,89%,46.7,0.2,1.8,3.1,1.4,0.5,36,0.8,0.3,46,0.7,13,6,15.2,6.2,0.6,1.7,6.6,63,16,2,0.1,0.4,0.1,11,0,0,12.4,12.4,Recurring sprained ankle ligaments,Very High,2.6,33,0.1,0,0,0,0,0,0,0,0,0,0,1,1.3
Jupiler Pro League,Union SG,0.51,Anan Khalaili,AM (R),,22,"6'0""",Strong,Very Strong,6.97,1,1307,4,326.75,0.3,4.07,4.07,-0.07,0.3,13%,0.1271875,2.2,0.9,0.8,41%,1,0,0,2,0.1,0.78,0.1,90%,47.4,0.2,1.2,4,3.6,0.6,17,3.6,0.6,17,3.9,24,5,15.7,5.9,1.7,3,10.1,78,32,1,0.5,0.9,0.1,11,0,0,12.6,18,No recurring injuries,Below Average,3.6,50,0.1,0,0,0,0,0,0,0,0,0,0,1,1.3
Serie A,Fiorentina,0.5,Cher Ndour,M (C),AM (C),22,"6'3""",Reasonable,Very Strong,6.56,0,1967,4,491.75,0.2,2.77,2.77,1.23,0.1,17%,0.1204347826,1.1,0.2,0.3,22%,0,0,0,5,0.2,5.86,0.3,0%,0,0.2,0.2,0,0.4,0.1,25,0,0,0,0,20,0,16.2,11.6,0,0,0,0,0,0,0,0,0,2,2,0,0,0,No recurring injuries,Very Low,0,0,0,0,0,0,0,0,0,0,0,0,0,1.5,0.7
First Division,Valencia,0.49,Hugo Duro,ST (C),AM (LC),27,"5'10""",Very Strong,Reasonable,6.75,1,1271,4,317.75,0.3,2.94,2.94,1.06,0.2,10%,0.07538461538,2.8,1.1,0.6,41%,1,1,100,1,0.1,2.65,0.2,89%,31.4,0.4,1.2,0.9,0.7,0.1,20,0.7,0.1,20,0.7,31,17,13.5,2.6,0.1,0.6,1.1,50,2,0,0.1,0.1,0,13,0,0,10.7,7.7,No recurring injuries,Low,6.6,28,0.1,0,0,0,0,0,0,0,0,0,0,1,1.3
Jupiler Pro League,RAAL La Louvière,0.5,David Henen,ST (C),AM (L),30,"6'1""",Fairly Strong,Very Strong,6.64,0,1234,4,308.5,0.3,3.16,3.16,0.84,0.2,22%,0.1755555556,1.3,0.7,0.5,50%,0,0,0,0,0,1.1,0.1,90%,24.4,0.1,0.7,0.5,0.2,0,0,0.2,0,0,0.7,25,11,27.4,0.8,0.2,0.9,1.4,75,4,0,0.1,0.4,0,10,1,0,10.3,5.5,No recurring injuries,Below Average,7.4,18,0.1,0,0,0,0,0,0,0,0,0,0,0.7,1.2
Bundesliga 2,Karlsruher SC,0.46,Louey Ben Farhat,AM (C),,20,"5'9""",Reasonable,Very Strong,6.71,0,1200,4,300,0.3,2.4,2.4,1.6,0.2,13%,0.07741935484,2.3,1.2,1,52%,2,0,0,1,0.1,1.66,0.1,87%,26.2,0.1,1,1,0.7,0.1,11,0.7,0.1,11,0.8,27,7,20,2.3,0.9,0.8,2.5,86,14,0,0.1,0.3,0,10,0,0,10.8,6.6,No recurring injuries,Above Average,6.6,15,0.1,0,0,0,0,0,0,0,0,0,0,1,0.8
Sky Bet Championship,Preston,0.50,Mirko Marić,ST (C),AM (RC),31,"6'2""",Very Strong,Fairly Strong,6.64,0,1223,4,305.75,0.3,4.29,4.29,-0.29,0.3,13%,0.143,2.2,0.9,0.5,40%,0,0,0,2,0.1,1.99,0.1,89%,25.8,0.1,1.4,0.9,0.5,0.1,28,0.5,0.1,29,0.4,29,10,22,1.5,0.3,0.4,1.9,67,6,0,0.1,0.3,0,10,1,0,10.7,6.3,No recurring injuries,Average,8.2,32,0.2,0,0,0,0,0,0,0,0,0,0,0.9,1.4
Second Division,Almería,0.5,Thalys,ST (C),AM (R),21,"6'0""",Very Strong,Reasonable,6.72,0,1044,4,261,0.3,3.51,3.51,0.49,0.3,12%,0.1063636364,2.8,1.2,1.2,42%,1,0,0,1,0.1,1.4,0.1,85%,26.7,0.3,1.5,1.2,0.5,0.2,33,0.5,0.2,33,0.3,16,15,15.9,2,0.1,0.3,2.1,50,2,0,0.1,0,0,16,0,0,9.8,4.8,No recurring injuries,Average,7.2,29,0.2,0,0,0,0,0,0,0,0,0,0,1.1,1.3
Ligue 2 BKT,SC Bastia,0.51,Mehdi Merghem,AM (R),"M (R), AM (LC)",29,"6'1""",Very Strong,Weak,7.28,4,1363,4,340.75,0.3,3.52,3.52,0.48,0.2,12%,0.1035294118,2.2,0.7,0.6,29%,0,0,0,7,0.5,3.01,0.2,88%,44.5,0.5,1.7,3.4,6.4,1.6,24,5,1.1,21,5,19,8,17.4,5.9,1.8,1.9,9.1,88,32,1,0.2,0.4,0,14,1,0,11.5,16.9,No recurring injuries,Above Average,4.3,54,0.1,0,0,0,0,0,0,0,0,0,0,1.1,1.5
First Division,Atlético Pamplona,0.5,Ante Budimir,ST (C),,35,"6'3""",Very Strong,Fairly Strong,6.8,0,1008,4,252,0.4,6.56,5.79,-2.56,0.6,8%,0.1312,4.5,2.1,1.7,48%,0,1,100,0,0,0.81,0.1,88%,29.9,0.1,1.1,1,0.6,0.4,57,0.6,0.4,57,0.1,17,7,18,2.9,0.1,1,1.3,100,1,0,0.1,0.4,0,11,0,0,10.3,6.7,No recurring injuries,Below Average,8.8,35,0.1,0,0,0,0,0,0,0,0,0,0,1.2,1.2
First Division,Oviedo,0.45,Thiago Borbas,ST (C),AM (R),24,"5'11""",Fairly Strong,Very Strong,6.7,1,1273,4,318.25,0.3,4.19,3.42,-0.19,0.3,13%,0.1351612903,2.2,1.3,0.5,61%,0,1,100,1,0.1,0.58,0,87%,26.8,0.1,0.8,1,0.6,0.1,22,0.6,0.1,13,0.8,16,10,18.4,1.6,0.1,0.6,1.7,14,7,0,0.1,0.4,0,15,1,0,10.1,5.9,No recurring injuries,Above Average,7.6,28,0.1,0,0,0,0,0,0,0,0,0,0,0.9,2.1
Ligue 2 BKT,EA Guingamp,0.54,Gautier Ott,AM (L),M (L),24,"5'10""",Very Strong,Weak,7.15,1,1127,4,281.75,0.3,0.92,0.92,3.08,0.1,25%,0.0575,1.3,0.6,0.6,44%,0,0,0,0,0,2.75,0.2,88%,43,0.3,1.7,3.5,2.4,0.9,36,2.4,0.9,37,4.1,12,2,16.9,4.7,0.6,2.5,8.9,53,15,0,0.4,0.7,0,5,0,0,11.5,12.4,No recurring injuries,Average,3.8,27,0.1,0,0,0,0,0,0,0,0,0,0,1,0.8
Bundesliga 2,Hamburger SV,0.54,Fabio Baldé,AM (L),"WB (L), M (RL)",21,"6'0""",Reasonable,Very Strong,7.17,2,1098,3,366,0.2,2.23,2.23,0.77,0.2,16%,0.1173684211,1.6,0.9,0.2,58%,0,0,0,2,0.2,1.69,0.1,86%,44.4,0.2,1.7,3.6,3.4,0.4,12,3.4,0.4,12,5.7,9,4,18.9,3.9,2,2.3,9.8,80,30,0,0.2,0.2,0,11,0,0,11.5,11.6,No recurring injuries,Above Average,3.6,30,0,0,0,0,0,0,0,0,0,0,0,1.3,0.8
Premier League,Alverca SAD,0.45,Chiquinho,AM (RL),,26,"5'10""",Weak,Very Strong,7.03,3,1004,3,334.6666667,0.3,1.22,1.22,1.78,0.1,25%,0.1016666667,1.1,0.4,0.2,33%,0,1,100,1,0.1,0.45,0,90%,43.9,0.3,1.9,4,5,0.8,16,2.2,0.4,17,5.3,15,6,16,6.5,1.2,2.5,10.2,59,22,0,0.3,0.4,0,15,0,0,12.3,16.8,No recurring injuries,Above Average,3.3,30,0,0,0,0,0,0,0,0,0,0,0,0.9,1.2
Premier League,Man Utd,0.51,Noussair Mazraoui,D (R),"D (LC), WB (R)",29,"6'0""",Reasonable,Very Strong,7,0,1155,3,385,0.2,0.82,0.82,2.18,0.1,17%,0.04555555556,1.4,0.6,1.2,44%,3,0,0,5,0.4,1.8,0.1,87%,55.4,0.3,2.2,8.7,5.1,0.9,16,5.1,0.9,17,1.6,8,1,13.2,10.7,1.8,3,9,92,25,0,0.6,0.6,0.3,6,1,0,13.6,30.2,No recurring injuries,High,4.1,46,0.2,0,0,0,0,0,0,0,0,0,0,3,2.3
Eredivisie,FC Utrecht,0.55,Dani de Wit,AM (C),ST (C),28,"6'0""",Reasonable,Very Strong,6.98,0,1088,3,362.6666667,0.2,3.11,3.11,-0.11,0.3,10%,0.1036666667,2.5,1.2,1.1,47%,2,1,100,1,0.1,0.97,0.1,90%,41.3,0.2,1.6,2,0.9,0.2,27,0.9,0.2,27,0.7,5,1,19.6,12.8,0.8,1.4,4.6,83,12,2,0.2,0.7,0,3,2,0,12.2,12.2,No recurring injuries,Below Average,3.2,28,0.2,0,0,0,0,0,0,0,0,0,0,1.5,0.7
Ligue 1 McDonald's,Toulouse FC,0.49,Frank Magri,ST (C),AM (R),27,"5'10""",Reasonable,Very Strong,6.8,0,1160,3,386.6666667,0.2,4.56,4.56,-1.56,0.4,6%,0.095,3.7,1.6,1.2,42%,1,2,100,0,0,0.36,0,87%,30.8,0.1,1.2,0.9,0.4,0.1,20,0.4,0.1,20,0.7,26,6,18.5,1.6,0.1,0.5,1.9,20,5,0,0.2,0.2,0,12,0,0,10.7,8.8,No recurring injuries,Above Average,7.8,30,0.2,0,0,0,0,0,0,0,0,0,0,0.9,1.2
Sky Bet Championship,Blackburn,0.52,Oladapo Afolayan,AM (L),"M (RL), ST (C)",29,"5'11""",Fairly Strong,Very Strong,7.03,1,1323,3,441,0.2,2.93,2.93,0.07,0.2,13%,0.1220833333,1.6,0.6,0.5,38%,0,1,100,3,0.2,2.93,0.2,90%,43.2,0.5,1.7,3.9,2.3,0.1,5,2.3,0.1,6,4.8,9,5,19.9,4.5,1.2,2,9.3,67,27,0,0.3,0.7,0,14,2,0,11.5,13.3,No recurring injuries,Low,3.7,30,0.1,0,0,0,0,0,0,0,0,0,0,1.2,1.5
First Division,Real San Sebastián,0.5,Brais Méndez,AM (C),M (C),29,"6'2""",Very Strong,Reasonable,6.9,0,1330,3,443.3333333,0.2,3.42,3.42,-0.42,0.2,8%,0.095,2.4,1,0.9,42%,3,0,0,2,0.1,1.97,0.1,88%,50.5,0.4,1.4,2.8,7,1.1,15,1.6,0.2,13,1.8,7,7,14.2,12.4,0.7,1.4,7.7,50,22,1,0.3,0.2,0,9,0,0,11.9,13.6,No recurring injuries,Below Average,4,25,0.1,0,0,0,0,0,0,0,0,0,0,1.4,0.8
Second Division,Valladolid,0.54,Amath N'Diaye,AM (R),,30,"5'9""",Reasonable,Very Strong,7.11,2,1321,3,440.3333333,0.2,3.62,3.62,-0.62,0.2,10%,0.1167741935,2.1,0.7,0.6,35%,2,0,0,2,0.1,1.5,0.1,92%,42.2,0.5,1.8,3.1,4.8,1.2,25,4.8,1.2,26,5.2,20,10,19.3,4.9,1.4,1.6,8.7,80,25,0,0.3,0.8,0,18,0,0,11.6,13.8,No recurring injuries,High,2.5,35,0,0,0,0,0,0,0,0,0,0,0,1.5,1.1
Jupiler Pro League,KV Kortrijk,0.57,Jellert Van Landschoot,AM (L),,29,"6'0""",Very Strong,Reasonable,7.01,0,1147,3,382.3333333,0.2,2.75,2.75,0.25,0.2,14%,0.130952381,1.6,0.4,0.2,24%,0,0,0,5,0.4,2.77,0.2,89%,44.3,0.5,1.6,3.1,2,0.5,28,2,0.5,28,2.2,14,3,14.6,6.9,1.6,2.4,9.1,87,23,0,0.4,0.5,0,21,0,0,12.3,15,Recurring abdominal strain,Very High,3.5,44,0,0,0,0,0,0,0,0,0,0,0,1.4,0.9
Ligue 2 BKT,USL Dunkerque,0.50,Zaid Seha,AM (R),,19,"5'7""",Reasonable,Very Strong,6.97,1,1013,3,337.6666667,0.3,1.65,1.65,1.35,0.1,14%,0.075,2,0.5,0.9,27%,3,0,0,1,0.1,0.74,0.1,89%,44.6,0.2,1.9,3.7,3.9,0.8,20,3.9,0.8,20,3.4,13,4,17.8,3.6,1.2,1.8,9.1,67,21,0,0.1,0.4,0,8,0,0,12.2,12.7,No recurring injuries,Below Average,4.4,63,0.3,0,0,0,0,0,0,0,0,0,0,1.2,0.6
Bundesliga,1. FC Nürnberg,0.5,Gustav Christensen,AM (L),"M (L), AM (R)",22,"5'10""",Reasonable,Very Strong,6.76,0,1016,3,338.6666667,0.3,1.16,1.16,1.84,0.1,20%,0.07733333333,1.3,0.4,0.6,33%,0,0,0,0,0,1.19,0.1,89%,45.3,0.2,2.1,4.1,3.4,0.9,26,2.7,0.7,27,3.2,10,6,17.4,5.1,1,1.5,9.1,58,19,0,0,0.4,0,10,0,0,10.9,12.9,No recurring injuries,Below Average,4.3,31,0,0,0,0,0,0,0,0,0,0,0,1.5,1.2
Premier League,Liverpool,0.59,Virgil van Dijk,D (C),,35,"6'5""",Reasonable,Very Strong,7,0,1620,3,540,0.2,1.37,1.37,1.63,0.1,38%,0.17125,0.4,0.4,0,88%,0,0,0,0,0,0.2,0,95%,61,0,0.3,4.7,0,0,0,0,0,0,0.1,3,0,3.3,9.2,0.7,2.7,2.3,63,19,2,1.2,0.7,0.9,4,0,0,10.7,7.6,No recurring injuries,Above Average,7.1,68,1.5,0,0,0,0,0,0,0,0,0,0,2.1,1.7
Premier League,Arsenal,0.61,Gabriel Jesus,ST (C),AM (RL),29,"5'9""",Fairly Strong,Very Strong,6.83,1,1020,3,340,0.3,4.08,4.08,-1.08,0.4,18%,0.24,1.5,0.6,0.6,41%,0,0,0,3,0.3,1.78,0.2,91%,39.4,0.4,1.6,2.1,0.7,0.3,37,0.7,0.3,38,0.6,15,4,6.3,2.4,0.2,0.6,3.9,40,5,0,0,0.2,0,10,1,0,12.1,8.8,No recurring injuries,High,2.9,33,0,0,0,0,0,0,0,0,0,0,0,1.8,1.1
Second Division,Mallorca,0.57,Pablo Torre,AM (C),M (L),23,"5'8""",Fairly Strong,Very Strong,6.91,2,1179,3,393,0.2,2.03,2.03,0.97,0.2,10%,0.07,2.2,0.5,0.8,21%,4,2,100,3,0.2,3.13,0.2,90%,42.1,0.4,1.5,3,8.3,1.7,20,2,0.8,38,1.8,19,3,11.2,9.1,1.1,1.5,7.2,79,19,0,0.4,0.6,0,7,0,0,9,11.3,No recurring injuries,Below Average,2,27,0,0,0,0,0,0,0,0,0,0,0,1.7,0.9
Ligue 2 BKT,SM Caen,0.41,Lorenzo Rajot,M (C),AM (C),29,"5'10""",Very Strong,Weak,6.56,0,1065,3,355,0.3,1.61,0.8,1.39,0.1,27%,0.1463636364,0.9,0.3,0.3,36%,0,1,0,2,0.2,0.76,0.1,0%,0,0.3,0.2,0,2.7,0.4,15,0,0,0,0,5,0,16.6,9.8,0,0,0,0,0,0,0,0,0,3,3,0,0,0,No recurring injuries,Above Average,0,0,0,0,0,0,0,0,0,0,0,0,0,1,1.2
First Division,A. Bilbao,0.61,Iñaki Williams,ST (C),"M (RL), AM (C)",32,"6'1""",Reasonable,Very Strong,6.74,0,1178,3,392.6666667,0.2,3.69,3.69,-0.69,0.3,10%,0.1190322581,2.4,0.9,0.8,39%,1,0,0,0,0,2.01,0.2,87%,35.7,0.5,1.3,1.6,1.2,0.3,25,1.2,0.3,25,1.2,22,6,13.4,3.2,0.3,0.9,4,100,4,0,0.1,0.1,0.1,12,1,0,11,8.6,No recurring injuries,Below Average,6,26,0.1,0,0,0,0,0,0,0,0,0,0,1.3,1.3
Eredivisie,N.E.C.,0.54,Başar Önal,AM (C),,22,"5'10""",Fairly Strong,Very Strong,7.07,2,1195,3,398.3333333,0.2,5.33,5.33,-2.33,0.4,9%,0.1615151515,2.5,0.8,1,30%,1,0,0,0,0,1.86,0.1,90%,50.8,0.3,2.5,5.2,2.7,0.5,16,2.7,0.5,17,3.2,19,4,15.8,4.8,1.1,2,9,70,20,0,0.2,0.5,0,10,0,0,12.2,16.7,No recurring injuries,Low,2.6,23,0,0,0,0,0,0,0,0,0,0,0,1.1,1.2
Premier League,Alverca SAD,0.45,Figueiredo,AM (L),ST (C),25,"5'10""",Very Weak,Very Weak,6.86,1,1111,3,370.3333333,0.2,3.23,3.23,-0.23,0.3,13%,0.1345833333,1.9,1,0.6,50%,0,0,0,2,0.2,1.64,0.1,89%,34.6,0.2,1.1,2.3,1.7,0.6,38,1.6,0.6,40,3.2,17,5,17.3,4,0.6,1.9,5.8,70,10,0,0.2,0.3,0,8,0,0,10.7,9.8,No recurring injuries,Average,5.8,29,0.1,0,0,0,0,0,0,0,0,0,0,0.9,1.3
Premier League,Liverpool,0.59,Alexander Isak,ST (C),,27,"6'3""",Reasonable,Very Strong,6.99,1,1063,3,354.3333333,0.3,3.63,2.86,-0.63,0.3,9%,0.11,2.8,1.2,1.3,42%,1,1,100,5,0.4,3.69,0.3,90%,56.8,0.8,2.4,6,3.5,0.8,21,3.5,0.8,22,2.5,21,6,11.3,7.8,1.4,1.9,10.5,67,24,0,0,0.3,0,13,0,0,13.1,20,No recurring injuries,Average,4.5,34,0,0,0,0,0,0,0,0,0,0,0,2,1.3
Premier League,Chelsea,0.56,Enzo Fernández,M (C),AM (C),25,"5'10""",Fairly Strong,Very Strong,6.71,1,1615,3,538.3333333,0.2,1.98,1.98,1.02,0.1,10%,0.06827586207,1.6,0.6,0.8,38%,2,0,0,1,0.1,3.07,0.2,88%,46.1,0.1,1.4,3,1.3,0.4,29,0.9,0.3,29,0.1,14,2,8.4,7.2,1.1,1.5,6.1,80,25,0,0.2,0.7,0.2,5,0,0,10.1,14.5,No recurring injuries,Low,1.1,30,0.1,0,0,1,0,0,0,0,0,0,0,1.5,0.7
Premier League,Sporting CP,0.62,Pote,AM (LC),"M (C), AM (R), ST (C)",28,"5'8""",Fairly Strong,Very Strong,7.03,1,1033,3,344.3333333,0.3,5.31,5.31,-2.31,0.5,7%,0.1264285714,3.7,1.5,1.4,40%,1,0,0,6,0.5,3.24,0.3,88%,44.8,0.4,2,3.3,6.9,1.3,18,1.1,0.3,31,1,9,2,11.8,13.5,1,1.5,4.7,75,16,0,0.2,0.3,0,6,1,0,11.8,10.9,No recurring injuries,Above Average,2.7,23,0.1,0,0,0,0,0,0,0,0,0,0,2,0.6
Ligue 2 BKT,FC Metz,0.59,Gauthier Hein,AM (R),"M (C), AM (L)",30,"5'7""",Very Strong,Weak,7.21,1,1165,3,388.3333333,0.2,3.6,3.6,-0.6,0.3,7%,0.08372093023,3.3,1.2,1.2,35%,2,0,0,0,0,4.31,0.3,91%,44.1,0.6,2.2,3.6,9,2.1,23,4.2,1.2,27,4.3,8,6,16.1,6.2,1.7,1.8,8.3,81,27,0,0.2,0.6,0,8,1,0,11.9,17.2,No recurring injuries,Below Average,2.2,25,0,0,0,0,0,0,0,0,0,0,0,1.2,0.5
Sky Bet Championship,Leeds,0.62,Jayden Bogle,D/WB (R),,26,"5'10""",Reasonable,Very Strong,7.24,5,1961,3,653.6666667,0.1,3.46,3.46,-0.46,0.2,16%,0.1821052632,0.9,0.3,0.1,37%,1,0,0,4,0.2,5.54,0.3,94%,74.1,0.2,1.2,9.1,1.2,0.2,19,1.2,0.2,19,0.6,23,5,10.6,14.7,2,3.4,7.3,85,52,2,0.4,1,0.1,14,1,0,11.5,16.1,No recurring injuries,Above Average,3,58,0.1,0,0,0,0,0,0,0,0,0,0,1.6,0.8
Premier League,Nott'm Forest,0.58,Dan Ndoye,AM (R),"WB/M (R), AM (L)",26,"6'0""",Weak,Very Strong,6.71,0,1416,3,472,0.2,2.9,2.9,0.1,0.2,10%,0.0935483871,2,1.1,0.9,58%,0,0,0,2,0.1,2.9,0.2,89%,55.6,0.4,1.7,2.8,5,0.6,11,5,0.6,11,6.4,45,13,17.1,3.5,0.4,0.8,4.1,67,9,0,0.2,0.2,0.1,19,0,0,12.9,11.5,No recurring injuries,Below Average,4.8,35,0.1,0,0,0,0,0,0,0,0,0,0,1.5,1
Jupiler Pro League,STVV,0.39,Andrés Ferrari,ST (C),,23,"6'3""",Reasonable,Very Strong,6.57,0,1184,3,394.6666667,0.2,2.16,2.16,0.84,0.2,11%,0.08,2.1,1,0.7,48%,0,0,0,0,0,0.44,0,90%,26.9,0.2,0.9,0.8,0.7,0.1,11,0.7,0.1,11,0.7,29,5,24.4,1.4,0.4,0.8,1.7,56,9,0,0.2,0.3,0,8,1,0,9.7,7.4,No recurring injuries,Average,8.2,26,0.2,0,0,0,0,0,0,0,0,0,0,0.7,1.1
Sky Bet Championship,Stockport,0.48,Salvi Sánchez,AM (R),,35,"5'9""",Fairly Strong,Very Strong,6.89,1,1233,3,411,0.2,2.16,2.16,0.84,0.2,13%,0.09391304348,1.7,0.7,0.4,39%,0,0,0,1,0.1,2.25,0.2,88%,39.6,0.3,2.3,4.1,2.2,0.1,6,2.2,0.1,7,3.2,15,4,20.7,4.8,1.8,1.9,10.4,69,35,1,0.1,0.9,0,11,0,0,11.5,14.5,No recurring injuries,Average,3.4,15,0,0,0,0,0,0,0,0,0,0,0,1.3,1.7
Second Division,Málaga,0.57,Carlos Puga,D (R),M/AM (R),26,"5'9""",Weak,Very Strong,7.03,1,1611,3,537,0.2,1.54,1.54,1.46,0.1,23%,0.1184615385,0.7,0.2,0.2,31%,1,0,0,1,0.1,0.53,0,87%,52.7,0.2,0.6,7.1,2.2,0.4,20,2.2,0.4,20,1.3,16,0,14.4,13.3,1.7,3.4,6.6,78,40,0,0.6,0.7,0.5,14,2,0,11,15.8,No recurring injuries,Below Average,3.6,49,0.1,0,0,0,0,0,0,0,0,0,0,1.5,0.7
Serie BKT,Palermo,0.5,Dimitris Nikolaou,D (C),,28,"6'2""",Very Strong,Weak,7.42,1,1170,3,390,0.2,1.3,1.3,1.7,0.1,25%,0.1083333333,0.9,0.2,0,25%,0,0,0,0,0,0.02,0,82%,25.9,0,0.1,0.7,0,0,0,0,0,0,0,14,0,1.3,2.8,1.1,0.8,0.6,88,16,0,0.2,0.2,0,15,1,2,2.2,1.7,No recurring injuries,Very Low,1.1,71,0,0,0,0,0,0,0,0,0,0,0,0.3,0.2
First Division,R. Madrid,0.59,Aurélien Tchouaméni,DM,D/M (C),26,"6'2""",Reasonable,Very Strong,7.05,1,1538,3,512.6666667,0.2,1.82,1.82,1.18,0.1,19%,0.11375,0.9,0.5,0.3,50%,1,0,0,2,0.1,3.33,0.2,91%,59.5,0,0.9,6.7,0.2,0.1,33,0.2,0.1,33,0.1,9,0,5.5,13.5,1.2,2.6,6,62,34,0,0.4,0.7,0.1,12,3,0,12.1,12.3,No recurring injuries,Average,3.7,58,0.6,0,0,0,0,0,0,0,0,0,0,2.9,0.7
Sky Bet Championship,Wrexham,0.46,Kieffer Moore,ST (C),,34,"6'5""",Reasonable,Very Strong,6.71,0,1194,3,398,0.2,3.55,3.55,-0.55,0.3,9%,0.1014285714,2.6,1.1,1.1,40%,2,0,0,0,0,0.79,0.1,90%,27.1,0,1,0.8,0.5,0.2,42,0.5,0.2,43,0.5,20,7,23.8,1.7,0.1,1,1.3,33,3,0,0.2,0.4,0,10,3,0,10.1,5.7,No recurring injuries,Average,8.9,41,0.1,0,0,0,0,0,0,0,0,0,0,0.8,1.2
Bundesliga,TSG Hoffenheim,0.53,Wouter Burger,"DM, M (C)",,25,"6'3""",Very Strong,Reasonable,7.08,2,1315,3,438.3333333,0.2,2.05,2.05,0.95,0.1,19%,0.128125,1.1,0.3,0.3,25%,1,1,100,4,0.3,2.71,0.2,94%,46.1,0.4,0.9,2.9,0.3,0.1,25,0.3,0.1,25,0.1,5,1,6,18,1,1.8,5.1,68,22,2,0.5,0.9,0.3,10,3,1,9.4,10.1,No recurring injuries,Average,2.5,58,0.3,0,0,0,0,0,0,0,0,0,0,1.7,0.8
Sky Bet Championship,Leeds,0.62,Datro Fofana,AM (R),AM (L),23,"5'11""",Reasonable,Very Strong,7.21,2,1140,3,380,0.2,5.23,5.23,-2.23,0.4,8%,0.1452777778,2.8,1,0.9,36%,0,0,0,5,0.4,3.09,0.2,90%,50.1,0.2,2.1,3.7,3.9,0.8,20,3.9,0.8,20,3.1,12,8,16.3,4.4,1.7,2.3,9.7,72,29,0,0.1,0.1,0,22,1,0,11.8,14.6,No recurring injuries,Below Average,3.4,40,0,0,0,0,0,0,0,0,0,0,0,1.3,1.1
Ligue 1 McDonald's,AS Monaco,0.50,Maghnes Akliouche,AM (R),"M (R), AM (LC)",24,"6'0""",Very Strong,Fairly Strong,6.68,0,1255,3,418.3333333,0.2,1,1,2,0.1,20%,0.06666666667,1.1,0.4,0.3,33%,0,0,0,3,0.2,2.4,0.2,90%,19.5,0.4,0.5,2.7,0.3,0.1,25,0.3,0.1,25,0.1,8,0,12.3,8.4,0.4,0.9,2.3,86,7,0,0.1,0.1,0.1,2,2,0,3.5,3.6,No recurring injuries,Below Average,0.9,25,0,0,0,0,0,0,0,0,0,0,0,1.5,1.1
Serie BKT,Catanzaro,0.5,Federico Di Francesco,AM (L),ST (C),32,"5'8""",Very Strong,Weak,7.23,2,1260,3,420,0.2,5.25,5.25,-2.25,0.4,6%,0.1029411765,3.6,2.2,0,61%,0,0,0,1,0.1,0.77,0.1,59%,20,0,0,0,0,0,0,0,0,0,0,24,0,0,0,0.9,0,0,86,14,0,0,0,0,15,0,0,0,0,No recurring injuries,Very Low,0,0,0,0,0,0,0,0,0,0,0,0,0,0,0
Serie A,Udinese,0.5,Erik Botheim,ST (C),AM (RC),26,"6'2""",Reasonable,Very Strong,7.17,3,1021,3,340.3333333,0.3,3.17,3.17,-0.17,0.3,10%,0.1056666667,2.6,1.1,1,43%,0,0,0,5,0.4,2.68,0.2,91%,37.9,0.5,2.2,3.6,4.1,1.1,26,4.1,1.1,26,1.9,15,3,19,4.8,1.1,1.7,6.8,81,16,0,0.2,0.4,0,7,0,0,10.6,13.4,No recurring injuries,Very Low,4.5,33,0,0,0,0,0,0,0,0,0,0,0,1.3,1.1
Sky Bet Championship,Derby,0.56,Bertrand Traoré,AM (R),"M (R), AM (L), ST (C)",31,"5'11""",Very Strong,Weak,6.92,1,1229,3,409.6666667,0.2,2.1,2.1,0.9,0.2,14%,0.09545454545,1.6,0.7,0.5,45%,0,0,0,3,0.2,2.08,0.2,85%,46.6,0.1,2.3,3.9,3.1,0.4,11,3.1,0.4,12,4.4,18,4,20.4,4.5,1.1,2.1,10,65,23,1,0.1,0.4,0,16,1,0,11.1,15.5,No recurring injuries,High,3.2,50,0,0,0,0,0,0,0,0,0,0,0,1.2,1
Jupiler Pro League,KV Mechelen,0.51,Rúben Furtado,AM (R),,20,"5'9""",Very Strong,Reasonable,7.04,2,1650,3,550,0.2,4.14,4.14,-1.14,0.2,9%,0.1217647059,1.9,0.8,0.5,41%,1,0,0,0,0,1.82,0.1,89%,43.5,0.3,2.2,3.4,8,1.5,19,4.5,1.1,25,5.4,17,8,19.3,3.6,1.7,2.3,8.1,79,39,0,0.2,0.5,0.1,22,1,0,11.5,11.8,No recurring injuries,Average,3,20,0.2,0,0,0,0,0,0,0,0,0,0,1.4,1.6
Jupiler Pro League,Club Brugge,0.54,Ibrahim Sadiq,AM (R),AM (C),26,"5'6""",Weak,Very Strong,6.96,2,1048,3,349.3333333,0.3,1.49,1.49,1.51,0.1,17%,0.08277777778,1.5,0.5,0.5,33%,1,0,0,0,0,1.37,0.1,90%,40.6,0.5,1.5,4,4.2,1.4,32,4.2,1.4,33,5.3,7,6,19,4.3,1.1,2.1,9.4,68,19,0,0.3,0.6,0,14,0,0,11.3,14.7,No recurring injuries,High,3.3,64,0,0,0,0,0,0,0,0,0,0,0,1.4,0.7
Second Division,Eibar,0.55,Jon Magunazelaia,AM (C),"M (C), AM (RL), ST (C)",25,"5'11""",Reasonable,Very Strong,6.91,1,1161,3,387,0.2,2.4,2.4,0.6,0.2,14%,0.1090909091,1.7,0.7,0.3,41%,1,0,0,2,0.2,1.75,0.1,90%,42.5,0.2,1.7,2,1.6,0.3,19,1.6,0.3,19,0.9,3,8,14.8,13.1,1.4,0.6,5.4,90,20,0,0.1,0.3,0,11,0,0,12.1,10.8,No recurring injuries,High,5,27,0.1,0,0,0,0,0,0,0,0,0,0,1.2,1.2
Serie BKT,Modena F.C.,0.5,Davide Adorni,D (C),,34,"6'1""",Weak,Very Strong,6.79,0,1260,3,420,0.2,0.28,0.28,2.72,0,33%,0.03111111111,0.6,0.1,0,22%,0,0,0,3,0.2,0,0,69%,20,0,0,0,0,0,0,0,0,0,0,0,0,0,0,1.9,0,0,100,27,0,0,0,0,20,1,0,0,0,No recurring injuries,Very Low,0,0,0,0,0,0,0,0,0,0,0,0,0,0,0
Premier League,Benfica,0.59,Fredrik Aursnes,M (RC),,30,"5'10""",Reasonable,Very Strong,6.69,0,1394,3,464.6666667,0.2,1.81,1.81,1.19,0.1,12%,0.0724,1.6,0.7,1.1,44%,0,0,0,1,0.1,3.33,0.2,89%,22.3,0.5,0.8,2.1,0.8,0.1,16,0.1,0.1,50,0.3,5,0,9,10.8,0.1,0.5,1.2,25,8,0,0.1,0.2,0.1,5,2,0,4.6,4.5,No recurring injuries,Very Low,0.4,83,0.1,0,0,0,0,0,0,0,0,0,0,1.6,0.7
Premier League,Spurs,0.55,Dejan Kulusevski,AM (RC),"M (C), ST (C)",26,"6'1""",Very Strong,Fairly Strong,6.8,0,1141,3,380.3333333,0.2,4.12,4.12,-1.12,0.3,10%,0.1329032258,2.4,1.1,0.9,45%,0,0,0,2,0.2,2.05,0.2,90%,47.6,0.2,1.7,3.1,2.4,0.2,9,1.4,0.1,6,1.5,14,4,9.1,3.5,0.2,1.2,3.5,20,10,0,0,0.3,0,6,0,0,11.6,12,No recurring injuries,Below Average,4.9,31,0,0,0,0,0,0,0,0,0,0,0,1.4,0.7
Serie BKT,Palermo,0.5,Giangiacomo Magnani,D (C),,31,"6'3""",Weak,Very Strong,7.32,1,1170,3,390,0.2,0.63,0.63,2.37,0,33%,0.07,0.7,0.2,0.2,22%,0,0,0,2,0.2,0.08,0,79%,24.8,0,0,0.7,0.1,0,0,0.1,0,0,0,16,0,0.9,2.8,2,0.4,1,93,28,1,0.1,0.4,0.1,10,3,0,2.3,0.9,No recurring injuries,Very Low,1.3,82,0.2,0,0,0,0,0,0,0,0,0,0,0.3,0.2
Sky Bet Championship,Swansea,0.48,Cameron Congreve,AM (R),"AM (C), ST (C)",22,"5'11""",Very Strong,Weak,6.91,1,1503,3,501,0.2,1.94,1.94,1.06,0.1,15%,0.097,1.2,0.5,0.5,45%,3,0,0,1,0.1,1.44,0.1,88%,40.8,0.1,1.7,3.7,6.6,1.3,19,4.6,1,21,4.7,13,8,19.7,4,1.7,1.9,8.5,88,33,0,0.2,0.5,0,13,1,0,11.9,14.3,No recurring injuries,Below Average,4.6,39,0.1,0,0,0,0,0,0,0,0,0,0,1.5,1
Bundesliga 2,SSV Jahn Regensburg,0.47,Luca Kerber,M (C),AM (C),24,"6'0""",Reasonable,Very Strong,6.7,0,1002,3,334,0.3,0.21,0.21,2.79,0,75%,0.0525,0.4,0.3,0.2,75%,1,0,0,3,0.3,1.07,0.1,91%,18.1,0.2,0.5,1,0,0,0,0,0,0,0,5,1,10.4,11.3,0.7,0.4,3.1,89,9,1,0.1,0.3,0.1,9,5,0,4.1,4.2,No recurring injuries,Above Average,0.7,100,0,0,0,0,0,0,0,0,0,0,0,1,1.1
Second Division,Huesca,0.53,Manu Rico,AM (C),M (C),23,"5'10""",Very Strong,Weak,6.77,0,1434,3,478,0.2,1.46,1.46,1.54,0.1,14%,0.06636363636,1.4,0.5,0.4,36%,1,0,0,1,0.1,3.48,0.2,88%,42.8,0.3,2.4,3,0.8,0.2,23,0.8,0.2,23,1.3,14,7,17.6,10.6,1.1,1.1,5,82,22,1,0.2,0.5,0,11,0,0,12,11.5,No recurring injuries,Below Average,3.2,27,0,0,0,0,0,0,0,0,0,0,0,0.9,0.8
Second Division,Valladolid,0.54,Ramón,D (R),D (R),24,"6'1""",Weak,Very Strong,7.03,2,1710,3,570,0.2,1.02,1.02,1.98,0.1,25%,0.085,0.6,0.3,0.2,50%,0,0,0,2,0.1,1.38,0.1,93%,45.9,0.1,0.4,3.1,0.1,0,0,0.1,0,0,0.2,9,0,3.6,18.3,0.3,3.4,2.4,50,12,0,0.7,0.8,0.3,4,1,0,10.7,5.8,No recurring injuries,Average,4.4,60,0.7,0,0,0,0,0,0,0,0,0,0,1.5,1.3
Serie A,Bergamo,0.5,Charles De Ketelaere,AM (C),AM (R),25,"6'4""",Very Strong,Reasonable,6.75,2,1193,3,397.6666667,0.2,1.96,1.96,1.04,0.1,13%,0.08166666667,1.8,0.6,0.4,33%,0,0,0,3,0.2,2.07,0.2,86%,46.2,0.1,1.9,3.9,1.1,0.3,28,0.8,0.2,30,1.1,17,1,14.1,9.1,0.7,2.1,6.6,64,14,0,0,0.5,0,5,0,0,11.3,11.5,No recurring injuries,Very Low,3.1,44,0.2,0,0,0,0,0,0,0,0,0,0,1.3,1.1
Serie BKT,Pisa,0.5,Mirko Antonucci,AM (C),M (C),27,"5'11""",Fairly Strong,Very Strong,7.2,1,1256,3,418.6666667,0.2,4.95,4.95,-1.95,0.4,8%,0.12375,2.9,1.4,0.1,50%,0,0,0,4,0.3,0.92,0.1,74%,22.5,0,0,0,0,0,0,0,0,0,0.3,16,2,2.1,1.4,0.9,0.1,0.4,76,17,0,0,0.1,0,17,0,0,1.5,1.1,No recurring injuries,Very Low,0.6,13,0,0,0,0,0,0,0,0,0,0,0,0.4,0.1
Sky Bet Championship,Preston,0.50,Andrew Moran,M/AM (C),,23,"5'10""",Reasonable,Very Strong,6.77,0,1659,3,553,0.2,3.53,3.53,-0.53,0.2,12%,0.1357692308,1.4,0.5,0.5,38%,1,0,0,1,0.1,1.95,0.1,86%,42.2,0.1,1.3,2.3,0.8,0.2,20,0.7,0.2,23,1.6,11,4,16.5,10.7,0.5,1.7,5.9,82,11,1,0.4,0.5,0,9,1,0,12.4,11.8,No recurring injuries,Low,4.1,14,0.2,0,0,0,0,0,0,0,0,0,0,0.9,1.3
Ligue 2 BKT,EA Guingamp,0.54,Charles Boli,AM (R),,28,"5'9""",Very Strong,Weak,6.95,1,1260,3,420,0.2,4.81,4.81,-1.81,0.3,9%,0.1503125,2.3,0.9,0.6,38%,0,0,0,0,0,1.17,0.1,91%,41.6,0.1,1.9,3.7,3.5,0.5,14,3.5,0.5,14,3.6,15,6,19.1,4.2,0.6,1.8,9.2,67,12,0,0.1,0.6,0,25,4,0,10.6,13.1,No recurring injuries,Above Average,3.4,23,0.1,0,0,0,0,0,0,0,0,0,0,1.1,0.9
First Division,Oviedo,0.45,Haissem Hassan,AM (R),M (R),24,"5'10""",Very Strong,Reasonable,7.14,3,1274,3,424.6666667,0.2,2.46,2.46,0.54,0.2,12%,0.09461538462,1.8,0.9,0.8,50%,0,0,0,4,0.3,2.76,0.2,88%,50.1,0.5,1.9,4.7,3.5,0.7,20,3,0.6,19,4.9,19,9,14.8,3.7,1.2,1.8,8.8,85,20,0,0.4,0.5,0,20,2,0,11.3,12.9,No recurring injuries,Average,4.3,25,0.1,0,0,0,0,0,0,0,0,0,0,1,1.9
Premier League,Estoril Praia,0.46,João Carvalho,AM (C),"M (C), AM (L)",29,"5'8""",Fairly Strong,Very Strong,6.77,0,1087,3,362.3333333,0.2,2.85,2.85,0.15,0.2,13%,0.11875,2,0.7,0.5,33%,0,0,0,2,0.2,1.43,0.1,88%,43,0.5,1.9,3.1,0.7,0.2,25,0.7,0.2,25,1.4,9,3,17.5,10.8,0.3,1.2,3.6,80,5,0,0.1,0.4,0,8,2,0,11.8,9.4,Recurring moderately sprained ankle ligaments,Very High,1.9,22,0.1,0,0,0,0,0,0,0,0,0,0,0.9,2
Jupiler Pro League,KRC Genk,0.54,Jarne Steuckers,AM (R),M (R),24,"5'11""",Very Strong,Weak,6.95,0,1176,3,392,0.2,3.1,3.1,-0.1,0.2,12%,0.124,1.9,1,0.5,52%,1,0,0,0,0,1.59,0.1,88%,44.5,0.2,1.9,3.6,3.8,0.5,12,3.6,0.5,13,3.2,12,5,19,4.9,2.1,2.4,11.1,90,31,1,0.2,0.5,0,9,0,0,12.1,15.2,No recurring injuries,Average,4,44,0.1,0,0,0,0,0,0,0,0,0,0,1.5,0.9
Ligue 1 McDonald's,Reims,0.47,Axel Ngando,AM (C),AM (R),33,"5'10""",Very Strong,Reasonable,6.78,0,1004,3,334.6666667,0.3,1.72,1.72,1.28,0.2,19%,0.1075,1.4,0.5,0.6,38%,1,0,0,2,0.2,0.58,0.1,84%,42.5,0.1,2,3,4.1,0.4,10,1.8,0.2,10,0.9,4,4,18.4,8.9,1.5,1.3,5.8,85,20,0,0.1,0.2,0,8,1,0,12.5,12.1,No recurring injuries,Below Average,4.3,19,0.1,0,0,0,0,0,0,0,0,0,0,0.7,1.4
Eredivisie,Go Ahead Eagles,0.51,Mathis Suray,AM (C),AM (RL),25,"5'8""",Reasonable,Very Strong,6.8,0,1352,3,450.6666667,0.2,3.05,3.05,-0.05,0.2,16%,0.1605263158,1.3,0.7,0.3,53%,0,0,0,1,0.1,2.21,0.1,89%,42.7,0.2,2.5,3.1,1.3,0.1,10,1.3,0.1,11,1.3,2,6,20.8,11,0.5,0.9,5.3,57,14,0,0,0.2,0,15,1,0,11.8,10.3,No recurring injuries,Below Average,2.6,8,0,0,0,0,0,0,0,0,0,0,0,0.9,0.9
Jupiler Pro League,KAA Gent,0.45,Mathias Delorge,M (C),,22,"6'2""",Very Strong,Reasonable,6.57,0,1217,3,405.6666667,0.2,1.82,1.82,1.18,0.1,17%,0.1011111111,1.3,0.5,0.4,39%,0,0,0,2,0.1,4.07,0.3,0%,0,0.2,0.1,0,0,0,0,0,0,0,0,5,0,12.5,12.4,0,0,0,0,0,0,0,0,0,1,1,0,0,0,No recurring injuries,Average,0,0,0,0,0,0,0,0,0,0,0,0,0,1.1,1.4
Premier League,Brighton,0.51,Georginio Rutter,AM (C),"AM (R), ST (C)",24,"6'0""",Very Strong,Strong,6.63,0,1347,3,449,0.2,3.46,3.46,-0.46,0.2,11%,0.1281481481,1.8,1.1,0.5,63%,1,0,0,3,0.2,3.03,0.2,87%,46.1,0.7,1.6,2.5,1.6,0.3,20,1.6,0.3,21,2.2,19,5,10.6,2.4,0.1,0.7,2.7,20,5,0,0.1,0.2,0.1,7,0,0,12.5,9.2,No recurring injuries,Below Average,4.3,34,0.3,0,0,0,0,0,0,0,0,0,0,1.7,2.6
First Division,Sevilla,0.43,Djibril Sow,M (C),,29,"6'0""",Reasonable,Very Strong,6.55,0,1209,3,403,0.2,2.76,2.76,0.24,0.2,13%,0.115,1.8,0.7,0.5,38%,0,0,0,0,0,1.83,0.1,93%,6.6,0.4,0.1,0.7,0,0,0,0,0,0,0.1,2,0,14,10,0.2,0.2,0.5,100,3,0,0.1,0,0.1,1,1,0,0.9,0.7,No recurring injuries,High,0.1,50,0,0,0,0,0,0,0,0,0,0,0,1.3,1.2
Ligue 1 McDonald's,AS Monaco,0.50,Motohiko Nakajima,ST (C),"M (C), AM (LC)",27,"5'7""",Reasonable,Very Strong,6.66,0,1368,3,456,0.2,4.3,4.3,-1.3,0.3,9%,0.1264705882,2.2,1.4,0.7,65%,0,0,0,0,0,0.76,0.1,89%,26.1,0.1,1.2,0.9,1.8,0.2,11,0.6,0.1,22,0.9,20,12,18,1.8,0.1,0.8,2,67,3,0,0.1,0.1,0,15,0,0,10.3,6.4,No recurring injuries,Average,7,21,0,0,0,0,0,0,0,0,0,0,0,1.2,0.9
First Division,R. Madrid,0.59,Federico Valverde,DM,"DM, M/AM (R)",28,"6'0""",Fairly Strong,Very Strong,6.8,0,1485,3,495,0.2,2.1,2.1,0.9,0.1,11%,0.07777777778,1.6,0.8,0.8,48%,0,0,0,1,0.1,3.77,0.2,93%,17,0.1,0.6,1.6,0.4,0.1,14,0.4,0.1,17,0.2,7,0,9.3,12.3,0.4,1,2.5,78,9,0,0.1,0.4,0.1,2,1,0,4.1,6.8,No recurring injuries,Below Average,0.7,42,0.1,0,0,0,0,0,0,0,0,0,0,3.2,0.7
Serie BKT,Modena F.C.,0.5,Gianluca Lapadula,ST (C),,36,"5'10""",Very Strong,Reasonable,6.01,0,1260,3,420,0.2,3.87,3.87,-0.87,0.3,7%,0.086,3.2,1.6,0,51%,0,0,0,1,0.1,2.04,0.1,57%,20,0,0,0,0,0,0,0,0,0,0,22,0,0,0,1.1,0,0,65,23,0,0,0,0,10,0,1,0,0,No recurring injuries,Very Low,0,0,0,0,0,0,0,0,0,0,0,0,0,0,0
Sky Bet Championship,Leeds,0.62,Noah Okafor,AM (L),AM (R),26,"6'1""",Fairly Strong,Very Strong,7.01,2,1093,3,364.3333333,0.2,3.88,3.88,-0.88,0.3,7%,0.09463414634,3.4,1.4,1.2,41%,1,0,0,2,0.2,2.61,0.2,87%,53,0.5,2.2,5.5,3.1,1.4,44,3.1,1.4,45,2.7,14,4,13.2,5.6,1.6,1.7,9.9,83,24,0,0,0.7,0,3,0,0,12.3,14.7,Recurring moderate thigh strain and partially torn hamstring,Very High,3.2,44,0.1,0,0,0,0,0,0,0,0,0,0,2.1,0.8
Ligue 2 BKT,EA Guingamp,0.54,Amine Hemia,AM (C),,28,"5'10""",Fairly Strong,Very Strong,6.82,0,1161,3,387,0.2,2.69,2.69,0.31,0.2,11%,0.09607142857,2.2,0.8,1.1,36%,0,0,0,2,0.2,2.55,0.2,91%,40.5,0.4,2.6,3.4,1.9,0.4,20,0.9,0.2,17,1.6,12,4,16.7,13.3,0.4,1.6,5.7,56,9,1,0,0.3,0,7,0,0,12.9,11.2,No recurring injuries,Average,2.5,6,0,0,0,0,0,0,0,0,0,0,0,1,0.9
Second Division,Mallorca,0.57,Jan Virgili,AM (R),,20,"5'10""",Weak,Very Strong,7.13,2,1097,3,365.6666667,0.2,2.6,2.6,0.4,0.2,11%,0.09285714286,2.3,1,0.7,43%,0,0,0,3,0.2,1.48,0.1,88%,47.7,0.4,2.4,4.3,2.5,0.5,19,2.5,0.5,19,3.6,15,2,14.3,5.1,1.5,2.1,10.1,82,22,1,0.4,0.7,0,8,0,0,11.6,15.4,No recurring injuries,Below Average,3.1,32,0,0,0,0,0,0,0,0,0,0,0,1.7,1
Serie BKT,Hellas Verona,0.5,Tomáš Suslov,AM (R),AM (RL),24,"5'9""",Very Strong,Weak,7.28,1,1170,3,390,0.2,3.78,3.78,-0.78,0.3,12%,0.1512,1.9,0.6,0.2,32%,1,0,0,0,0,0.68,0.1,75%,25.4,0.1,0.6,1,1.2,0.2,18,0.9,0.1,8,1.5,24,3,4.2,1.1,1.5,0.2,2.1,91,22,0,0,0,0,16,0,0,2.4,3.1,No recurring injuries,Very Low,0.6,13,0,0,0,0,0,0,0,0,0,0,0,0.3,0.4
First Division,Vigo,0.52,Florin Tănase,AM (C),"AM (L), ST (C)",31,"6'1""",Weak,Very Strong,6.93,1,1057,3,352.3333333,0.3,1.83,1.83,1.17,0.2,12%,0.07038461538,2.2,0.8,0.9,35%,3,0,0,5,0.4,2.45,0.2,87%,41.6,0.2,2.2,3.4,1.4,0.3,23,1.4,0.3,19,1.2,7,2,24.4,8.3,0.7,1.4,5.8,89,9,0,0,0.2,0,9,2,0,12.4,11,Recurring partially torn calf muscle,Very High,3.3,41,0.2,0,0,0,0,0,0,0,0,0,0,1.2,1
Ligue 2 BKT,Pau FC,0.48,Kyllian Gasnier,AM (C),AM (R),24,"5'8""",Weak,Very Strong,6.94,0,1332,3,444,0.2,2.2,2.2,0.8,0.1,12%,0.088,1.7,0.9,0.6,52%,0,0,0,3,0.2,2.05,0.1,91%,44.3,0.1,1.1,2.4,0.7,0.1,10,0.7,0.1,10,1.8,9,4,19.5,9.9,0.6,1.1,6.2,82,11,0,0.5,0.4,0,10,3,0,11.6,9.3,No recurring injuries,Below Average,3.8,23,0,0,0,0,0,0,0,0,0,0,0,1,1.2
Second Division,Alavés,0.5,Lucas Boyé,ST (C),AM (RC),30,"5'11""",Reasonable,Very Strong,6.81,0,1263,3,421,0.2,3.81,3.81,-0.81,0.3,12%,0.1465384615,1.9,0.9,0.5,50%,1,0,0,0,0,1.31,0.1,88%,48.4,0.2,1.8,3.8,2.6,0.5,18,2.6,0.5,19,2.8,21,7,17.4,3.9,1.2,1.8,9.2,85,20,1,0.2,0.6,0,9,1,0,12,16.2,No recurring injuries,Below Average,4,30,0.1,0,0,0,0,0,0,0,0,0,0,0.9,1.2
Premier League,Arouca,0.51,Tiago Esgaio,D (R),"D (L), WB (R)",31,"5'9""",Very Weak,Very Weak,7.28,1,1080,3,360,0.2,1.19,1.19,1.81,0.1,23%,0.09153846154,1.1,0.2,0.4,23%,0,0,0,1,0.1,0.39,0,90%,53.6,0.1,0.8,5.5,1.6,0.3,21,1.6,0.3,21,0.8,3,2,13.7,13.4,1.9,3.7,6.5,85,27,1,0.5,0.8,0.8,16,0,0,11.7,16,No recurring injuries,Low,3.8,57,0.4,0,0,0,0,0,0,0,0,0,0,1.2,0.8
Sky Bet Championship,Swansea,0.48,Ronald,AM (R),,25,"5'10""",Reasonable,Very Strong,7.08,1,1541,3,513.6666667,0.2,5.38,5.38,-2.38,0.3,8%,0.1379487179,2.3,0.7,0.7,31%,2,0,0,1,0.1,1.73,0.1,89%,42.8,0.1,2,3.4,3.1,0.5,15,3.1,0.5,15,4.4,16,4,20,4.8,1.4,2.3,9.1,80,30,1,0.1,0.6,0,15,2,0,11.4,13.1,No recurring injuries,Above Average,3.3,36,0.1,0,0,0,0,0,0,0,0,0,0,1.3,1.1
Sky Bet Championship,Derby,0.56,Derry Murkin,AM (L),,27,"6'0""",Very Strong,Weak,6.96,1,1543,3,514.3333333,0.2,3.96,3.96,-0.96,0.2,9%,0.1131428571,2,0.8,0.9,40%,1,0,0,1,0.1,1.75,0.1,89%,42.3,0.2,1.7,3.3,3.1,0.6,18,3.1,0.6,19,3.8,18,10,17.9,6.4,2,2.3,9.1,87,39,1,0.3,0.5,0.1,22,0,0,11.2,15.2,No recurring injuries,Average,4.7,36,0,0,0,0,0,0,0,0,0,0,0,1,0.9
Eredivisie,Sparta Rotterdam,0.46,Joshua Kitolano,M (C),,25,"5'7""",Reasonable,Very Strong,6.58,0,1239,3,413,0.2,1.32,1.32,1.68,0.1,20%,0.088,1.1,0.7,0.5,60%,0,1,100,1,0.1,0.87,0.1,0%,0,0.2,0.1,0,0,0,0,0,0,0,0,9,0,12.9,11.5,0,0,0,0,0,0,0,0,0,2,2,0,0,0,No recurring injuries,Below Average,0,0,0,0,0,0,0,0,0,0,0,0,0,1.1,1.1
Jupiler Pro League,KV Kortrijk,0.57,Youssef Challouk,AM (L),,31,"5'8""",Weak,Very Strong,6.84,0,1247,3,415.6666667,0.2,5.45,5.45,-2.45,0.4,7%,0.1297619048,3,1.1,0.9,36%,1,1,100,1,0.1,1.69,0.1,88%,25.5,0.4,1.2,1.1,1.1,0.3,26,0.4,0.2,60,0.8,21,5,16.4,2.9,0.5,0.8,1.7,100,7,0,0.1,0.2,0,11,0,0,10.1,5.3,Recurring torn knee ligaments,Very High,7.9,18,0.1,0,0,0,0,0,0,0,0,0,0,1.6,1.1
Sky Bet Championship,Leicester,0.47,Stephy Mavididi,AM (L),M (L),28,"6'0""",Weak,Very Strong,6.81,1,1129,3,376.3333333,0.2,2.02,2.02,0.98,0.2,15%,0.101,1.6,0.4,0.6,25%,0,0,0,1,0.1,0.6,0,88%,44.4,0.1,1.8,4.1,2,0.4,20,2,0.4,20,5.7,13,2,20.6,3.5,1.1,2.5,9.8,74,19,0,0.1,0.6,0,9,0,0,11.7,13.6,No recurring injuries,Average,3.9,35,0.1,0,0,0,0,0,0,0,0,0,0,1.4,1.4
Second Division,Mallorca,0.57,Manu Morlanes,M (C),DM,27,"5'10""",Fairly Strong,Very Strong,6.59,0,1133,3,377.6666667,0.2,3,3,0,0.2,16%,0.1578947368,1.5,0.4,0.3,26%,0,0,0,2,0.2,1.69,0.1,0%,0,0.8,0.2,0,0,0,0,0,0,0,0,8,0,11.4,13.4,0,0,0,0,0,0,0,0,0,1,1,0,0,0,No recurring injuries,High,0,0,0,0,0,0,0,0,0,0,0,0,0,1.7,0.9
Serie A,Celesti,0.5,Gustav Isaksen,AM (R),,25,"5'10""",Very Strong,Reasonable,6.99,2,1456,3,485.3333333,0.2,3.25,3.25,-0.25,0.2,10%,0.1048387097,1.9,0.7,0.7,35%,2,0,0,1,0.1,1.72,0.1,89%,45.6,0.1,1.8,4.1,2.9,0.4,14,2.8,0.4,15,4,26,10,16,5.3,2,2.4,11.2,82,39,1,0.1,0.6,0,34,4,0,12,14.6,No recurring injuries,Very Low,3.8,34,0.1,0,0,0,0,0,0,0,0,0,0,1.4,1.2
Second Division,Las Palmas,0.49,Kirian,M (C),AM (C),30,"5'11""",Fairly Strong,Very Strong,6.56,0,1346,3,448.6666667,0.2,2.57,2.57,0.43,0.2,11%,0.09178571429,1.9,0.9,0.9,46%,1,0,0,0,0,2.35,0.2,92%,9.6,0.3,0.1,0.5,0.3,0.1,25,0.1,0,0,0.1,11,2,9.5,11,0.1,0.1,1.3,67,3,0,0.1,0,0.1,3,1,0,1.6,2.3,No recurring injuries,Average,0.4,33,0,0,0,0,0,0,0,0,0,0,0,1.2,0.9
First Division,Real Hispalis,0.53,Antony,AM (R),,26,"5'8""",Very Strong,Weak,7.14,0,1510,3,503.3333333,0.2,4.34,4.34,-1.34,0.3,8%,0.1172972973,2.2,0.7,0.4,32%,0,1,100,2,0.1,3.13,0.2,88%,56.3,0.2,1.7,3.6,4.1,1.1,27,4.1,1.1,28,3.7,14,9,13,7.1,1.7,2.2,10.2,76,38,0,0.3,0.5,0,17,1,0,13.2,19.5,No recurring injuries,Below Average,2.7,48,0.1,0,0,0,0,0,0,0,0,0,0,1.9,0.8
Premier League,Crystal Palace,0.49,Christantus Uche,AM (C),,23,"6'3""",Reasonable,Very Strong,6.76,1,1162,3,387.3333333,0.2,2.32,2.32,0.68,0.2,17%,0.1288888889,1.4,0.8,0.5,56%,0,0,0,1,0.1,1.9,0.1,91%,52.5,0.2,1.6,2.6,0.9,0.2,25,0.9,0.2,25,1.7,11,2,9.3,3.8,1.1,2,6,74,19,0,0.4,0.5,0.2,9,0,1,12.9,8.9,No recurring injuries,Below Average,3.8,31,0.2,0,0,0,0,0,0,0,0,0,0,0.8,1.4
Bundesliga,VfB Stuttgart,0.57,Chris Führich,AM (L),"M (RL), AM (C)",28,"5'11""",Reasonable,Very Strong,7.11,0,1145,3,381.6666667,0.2,1.98,1.98,1.02,0.2,16%,0.1042105263,1.5,0.6,0.3,37%,1,0,0,4,0.3,3.83,0.3,86%,46.2,0.8,2.7,6.2,7.6,1.3,16,3.5,0.6,16,3.9,9,5,19.4,6.1,1.7,2.4,10.8,67,33,0,0.1,0.5,0,9,0,0,11.3,14.4,No recurring injuries,Average,2.4,35,0,0,0,0,0,0,0,0,0,0,0,1.9,1
Eredivisie,Feyenoord,0.65,Leo Sauer,AM (L),"M (RL), AM (C)",20,"6'0""",Weak,Very Strong,6.74,1,1368,3,456,0.2,3.83,3.83,-0.83,0.3,7%,0.08704545455,2.9,1,1.2,34%,1,0,0,2,0.1,2.1,0.1,90%,49.4,0.4,1.3,3.7,3.6,0.7,20,3.6,0.7,20,5.5,23,6,12,7.3,2,2,10.2,76,41,0,0.4,0.5,0.1,19,1,0,12,15.5,No recurring injuries,Below Average,3.9,53,0.1,0,0,0,0,0,0,0,0,0,0,1.4,1
Ligue 1 McDonald's,OL,0.56,Pavel Šulc,AM (C),"AM (L), ST (C)",25,"5'9""",Fairly Strong,Very Strong,6.89,1,1014,3,338,0.3,4.47,4.47,-1.47,0.4,9%,0.1277142857,3.1,0.6,1.3,20%,1,1,100,2,0.2,2,0.2,88%,45.2,0.1,1.2,2,0.8,0.4,55,0.8,0.4,56,1.6,4,3,17.6,9.4,0.8,2,4,75,12,0,0.3,0.2,0,5,1,0,13.1,10.7,No recurring injuries,Below Average,2.4,30,0,0,0,0,0,0,0,0,0,0,0,1.2,1
First Division,Atlético Pamplona,0.5,Aimar,AM (C),"M (L), AM (R)",25,"5'10""",Fairly Strong,Very Strong,6.8,1,1069,3,356.3333333,0.3,2.82,2.82,0.18,0.2,11%,0.1044444444,2.3,0.8,0.7,33%,0,0,0,4,0.3,4.35,0.4,88%,49.3,0.6,2.9,3.6,1.9,0.7,36,1,0.3,25,0.8,10,3,14.9,11.4,0.8,0.8,6.7,47,19,0,0.1,0.1,0,13,0,0,12,11.8,No recurring injuries,Average,2.2,4,0,0,0,0,0,0,0,0,0,0,0,0.8,1.2
Ligue 1 McDonald's,Paris SG,0.61,Warren Zaïre-Emery,M (C),D/WB (R),20,"5'10""",Fairly Strong,Very Strong,6.76,0,1489,3,496.3333333,0.2,3.43,3.43,-0.43,0.2,10%,0.1182758621,1.8,0.5,0.9,28%,2,0,0,3,0.2,2.96,0.2,91%,25.7,0.4,0.8,2.5,0.5,0.2,37,0.5,0.2,38,0.3,10,2,10,11.6,0.7,0.7,3,75,16,0,0.1,0.2,0.1,4,0,0,4.7,6.4,No recurring injuries,Low,0.7,58,0,0,0,0,0,0,0,0,0,0,0,2.1,0.4
Premier League,Chelsea,0.56,João Pedro,AM (C),,25,"6'0""",Weak,Very Strong,6.82,1,1010,3,336.6666667,0.3,2.66,2.66,0.34,0.2,12%,0.1064,2.2,0.7,1,32%,0,0,0,1,0.1,1.54,0.1,87%,34.1,0.4,1.7,2.2,0.5,0.4,66,0.5,0.4,67,2,10,6,11.5,1.5,0.2,0.4,2.4,67,3,0,0,0.1,0,7,1,0,11.3,6.7,No recurring injuries,Below Average,3.7,12,0.1,0,0,0,0,0,0,0,0,0,0,2,0.9
Bundesliga 2,Rot-Weiss Essen,0.55,Marvin Obuz,AM (R),M (RL),24,"6'0""",Reasonable,Very Strong,6.91,1,1115,3,371.6666667,0.2,2.48,2.48,0.52,0.2,11%,0.09185185185,2.2,0.7,0.9,33%,1,0,0,0,0,1.64,0.1,87%,43,0.4,1.5,2.3,5.7,1.5,26,4.8,1.2,25,4.9,11,1,18.6,4.6,1.4,2.7,8.3,74,23,0,0.3,0.6,0,7,0,0,11.3,12.1,No recurring injuries,Below Average,3.5,40,0.1,0,0,0,0,0,0,0,0,0,0,1,1.5
Jupiler Pro League,Union SG,0.51,Christian Burgess,D (C),,35,"6'5""",Weak,Very Strong,7.1,4,1890,3,630,0.1,0.84,0.84,2.16,0,33%,0.09333333333,0.4,0.2,0.1,56%,1,0,0,3,0.1,0.62,0,92%,42.1,0.1,0.3,1.9,0,0,0,0,0,0,0,1,0,3.5,15,0.9,2.1,2.2,90,21,2,0.8,1.3,0.9,15,5,0,10.2,4.1,No recurring injuries,Very Low,6,78,1.5,0,0,0,0,0,0,0,0,0,0,1.3,1.1
Bundesliga,RB Leipzig,0.52,Christoph Baumgartner,AM (C),AM (RL),27,"5'11""",Reasonable,Very Strong,6.64,0,1377,3,459,0.2,4.07,3.3,-1.07,0.3,10%,0.1403448276,1.9,1,0.7,52%,1,1,100,4,0.3,3.01,0.2,92%,16.9,0.4,0.4,1.2,0.5,0,0,0.1,0,0,0.1,12,2,11.9,9.9,0.1,0.1,0.8,50,2,0,0,0,0,5,3,0,2.9,2,No recurring injuries,Below Average,0.5,43,0,0,0,0,0,0,0,0,0,0,0,1.8,1
Sky Bet Championship,Watford,0.43,Víctor Meseguer,M (C),"DM, AM (C)",27,"6'0""",Reasonable,Very Strong,6.84,0,1583,3,527.6666667,0.2,1.77,1.77,1.23,0.1,18%,0.1041176471,1,0.3,0.4,35%,0,0,0,1,0.1,3.07,0.2,92%,47.7,0.4,0.8,4.8,3.4,0.5,15,0.3,0.1,17,0.7,11,6,10.2,9.4,0.5,2.4,5.2,57,14,0,0.4,0.5,0.1,13,1,0,11.9,12.1,No recurring injuries,Average,3,52,0.1,0,0,0,0,0,0,0,0,0,0,1.2,1.5
Sky Bet Championship,Leicester,0.47,Randy Nteka,ST (C),,28,"6'2""",Very Strong,Reasonable,6.89,2,1249,3,416.3333333,0.2,4.89,4.08,-1.89,0.4,7%,0.1137209302,3.1,1.3,0.9,42%,0,1,0,2,0.1,1.28,0.1,92%,30.3,0,1.5,1.2,0.3,0.1,25,0.3,0.1,25,1.2,21,8,22.9,2.2,0.1,0.7,1.4,100,2,0,0,0.1,0,11,3,0,10.9,8.6,No recurring injuries,Below Average,9.1,33,0.1,0,0,0,0,0,0,0,0,0,0,1.1,1.4
Ligue 2 BKT,Angers SCO,0.60,Antoine Bernier,AM (R),AM (L),29,"5'7""",Reasonable,Very Strong,7.03,1,1293,3,431,0.2,1.89,1.89,1.11,0.1,14%,0.08590909091,1.5,0.6,0.5,36%,2,0,0,2,0.1,1.02,0.1,87%,46.1,0.1,2.2,4.2,3.4,0.3,10,3,0.3,9,3.1,13,10,16.6,5.9,1.6,1.5,9.8,88,26,0,0.2,0.5,0,10,2,0,11.3,16.1,No recurring injuries,Below Average,3.3,36,0,0,0,0,0,0,0,0,0,0,0,1.7,0.8
Bundesliga 2,Eintracht Braunschweig,0.50,Robert Ramšak,ST (C),AM (C),20,"6'1""",Reasonable,Very Strong,6.81,0,1127,3,375.6666667,0.2,3.64,3.64,-0.64,0.3,10%,0.1213333333,2.4,0.7,0.6,30%,2,0,0,0,0,0.89,0.1,90%,27.5,0,1,0.6,0.2,0.1,33,0.2,0.1,33,0.7,24,8,20.1,1.7,0.2,0.6,1.3,50,4,0,0.2,0.2,0,8,0,0,10.1,7.5,No recurring injuries,Low,7.7,25,0.2,0,0,0,0,0,0,0,0,0,0,1,1
Premier League,Ipswich,0.42,Tomáš Souček,"DM, M (C)",,31,"6'4""",Reasonable,Very Strong,6.87,0,1342,3,447.3333333,0.2,1.18,1.18,1.82,0.1,11%,0.04214285714,1.9,0.9,1.4,46%,1,0,0,0,0,1,0.1,88%,47.7,0,0.9,4.2,0.1,0,0,0.1,0,0,0.2,3,2,6.1,6.8,1.2,2.2,3.6,69,26,7,0.8,1.5,0.7,6,0,0,12.3,15.6,No recurring injuries,Above Average,3.4,65,0.7,0,0,1,0,0,0,0,0,0,0,0.8,1.6
Serie A,Parma,0.5,Nesta Elphege,ST (C),,25,"6'5""",Very Strong,Reasonable,6.71,0,1060,3,353.3333333,0.3,3.8,3.8,-0.8,0.3,9%,0.11875,2.7,1.3,0.8,47%,0,0,0,1,0.1,0.82,0.1,88%,24.5,0,0.8,0.7,0.7,0.4,62,0.7,0.4,63,0.3,9,5,18.8,0.8,0.3,0.4,1.4,100,4,0,0,0.1,0,11,0,0,8.6,4.8,No recurring injuries,Very Low,7.8,45,0.1,0,0,0,0,0,0,0,0,0,0,0.7,0.8
Serie A,Genoa,0.5,Vitinha,ST (C),AM (LC),26,"6'0""",Fairly Strong,Very Strong,6.63,0,1505,3,501.6666667,0.2,4.9,4.9,-1.9,0.3,6%,0.09423076923,3.1,1.3,0.9,40%,4,0,0,0,0,1.56,0.1,88%,27.4,0,0.7,0.5,0.2,0.1,25,0.2,0.1,25,0.8,28,13,20.5,1.3,0.1,0.8,0.8,100,2,0,0,0.2,0,20,0,2,9.7,5.5,No recurring injuries,Very Low,3.7,32,0.1,0,0,0,0,0,0,0,0,0,0,0.7,0.7
Second Division,Espanyol,0.57,Javi Hernàndez,AM (C),"AM (L), ST (C)",22,"6'0""",Very Strong,Reasonable,6.92,0,1195,3,398.3333333,0.2,3.25,3.25,-0.25,0.2,8%,0.08783783784,2.8,1.1,1,38%,2,2,100,2,0.2,0.7,0.1,90%,43.9,0.4,1.7,2.6,1.4,0.4,27,1.4,0.4,28,1.6,8,5,21,7.8,1,0.8,5.5,81,16,0,0.2,0.2,0,10,1,0,11.4,8,No recurring injuries,Below Average,3.1,12,0.1,0,0,0,0,0,0,0,0,0,0,1.3,1
Sky Bet Championship,Swansea,0.48,Ethan Galbraith,AM (C),D (R),25,"5'9""",Reasonable,Very Strong,7.01,1,1196,3,398.6666667,0.2,3.24,3.24,-0.24,0.2,9%,0.10125,2.4,0.8,0.7,31%,1,0,0,2,0.2,2.09,0.2,88%,47.9,0.2,2.2,3.1,1.4,0.2,11,1.4,0.2,11,1,13,2,16.2,13.3,0.7,1.4,5.1,53,17,1,0.2,0.2,0.1,7,1,0,12.5,11.7,No recurring injuries,Below Average,2.9,13,0.1,0,0,0,0,0,0,0,0,0,0,1.4,1.1
Second Division,S. Gijón,0.5,Gaspar,AM (L),"M (R), AM (C)",26,"5'9""",Fairly Strong,Very Strong,7,2,1071,3,357,0.3,1.98,1.98,1.02,0.2,17%,0.11,1.5,0.7,0.3,44%,0,0,0,5,0.4,2.34,0.2,88%,47.1,0.5,1.7,3.4,3,0.8,25,3,0.8,25,2.6,12,5,11.9,6.1,1.2,2.7,9.9,78,18,0,0.2,0.7,0,10,0,0,11.1,13.6,No recurring injuries,High,2.9,11,0.2,0,0,0,0,0,0,0,0,0,0,1.5,1
Sky Bet Championship,Bristol City,0.45,Yu Hirakawa,AM (R),"M (R), AM (C)",25,"5'7""",Fairly Strong,Very Strong,6.85,1,1367,3,455.6666667,0.2,2.43,2.43,0.57,0.2,15%,0.1215,1.3,0.5,0.5,35%,0,0,0,4,0.3,6.48,0.4,89%,40.2,0.6,1.3,5,3.1,1.3,40,3.1,1.3,40,2.4,15,0,14,5.6,1.6,2.4,11.7,66,38,0,0,0.5,0,18,2,0,11.3,10.5,No recurring injuries,Below Average,2.2,9,0,0,0,0,0,0,0,0,0,0,0,1.7,0.9
Premier League,Newcastle,0.54,Bruno Guimarães,M (C),,29,"6'0""",Weak,Very Strong,6.94,1,1469,3,489.6666667,0.2,1.54,1.54,1.46,0.1,11%,0.055,1.7,0.8,1.3,46%,0,0,0,3,0.2,2.04,0.1,91%,82.5,0.3,1.2,6.8,1.2,0.2,20,0.5,0.1,25,0.2,4,3,8.7,8.7,1.4,3.4,7.4,72,32,0,0.6,1,0.4,8,2,0,13.2,18,No recurring injuries,Above Average,1.3,43,0.2,0,0,0,0,0,0,0,0,0,0,1.7,1
First Division,Real San Sebastián,0.5,Ander Barrenetxea,AM (L),"WB (L), M (RL), AM (R)",24,"5'9""",Fairly Strong,Very Strong,6.98,0,1169,3,389.6666667,0.2,3.31,3.31,-0.31,0.3,8%,0.08710526316,2.9,1.2,0.9,42%,2,0,0,1,0.1,3.74,0.3,89%,54,0.4,1.9,3.9,2.9,0.5,18,2.9,0.5,18,3.4,11,8,13.6,5.8,1.3,2.5,9.5,74,23,0,0.2,0.8,0,13,0,0,11.9,15.9,No recurring injuries,High,4.1,30,0,0,0,0,0,0,0,0,0,0,0,1.2,1.2
Bundesliga 2,SSV Jahn Regensburg,0.47,Paul Hennrich,AM (L),"M (LC), AM (RC)",21,"5'11""",Very Strong,Weak,7.08,1,1011,3,337,0.3,2.04,2.04,0.96,0.2,15%,0.102,1.8,0.9,0.3,50%,1,0,0,2,0.2,1.83,0.2,92%,41.1,0.5,1.8,2.6,5.3,0.8,15,3.6,0.7,20,4.9,15,4,18.7,5.7,1.4,2,9.3,67,24,0,0.4,0.4,0,9,0,0,11.8,15.4,No recurring injuries,Average,3.7,26,0.1,0,0,0,0,0,0,0,0,0,0,1.2,1
Premier League,Nott'm Forest,0.58,Elliot Anderson,DM,AM (LC),24,"5'10""",Fairly Strong,Very Strong,6.99,0,1346,3,448.6666667,0.2,1.94,1.94,1.06,0.1,9%,0.05542857143,2.3,0.9,1.8,37%,1,0,0,1,0.1,1.21,0.1,91%,74.3,0.1,1.2,6.8,1.3,0.1,5,0.6,0.1,11,0.6,4,0,8.4,7.6,1.5,2.7,8.2,72,32,1,0.2,1.1,0,11,1,0,13.6,20.5,No recurring injuries,Below Average,1.5,27,0.1,0,0,0,0,0,0,0,0,0,0,1.3,1
Second Division,Las Palmas,0.49,Manu Fuster,AM (L),,29,"5'7""",Fairly Strong,Very Strong,6.94,0,1328,3,442.6666667,0.2,3.98,3.98,-0.98,0.3,7%,0.08652173913,3.1,1.2,1.2,39%,5,0,0,2,0.1,3.03,0.2,89%,43.9,0.7,1.9,3.3,9.2,2.1,22,2.4,0.6,26,2.2,23,8,14.5,4.8,2.1,2,8.7,94,33,1,0.1,0.3,0.1,14,0,0,10.9,12.1,No recurring injuries,Below Average,3.1,13,0,0,0,0,0,0,0,0,0,0,0,1.2,0.9
Sky Bet Championship,Blackburn,0.52,Mathias Jørgensen,ST (C),,26,"6'1""",Reasonable,Very Strong,6.96,0,1461,3,487,0.2,7.12,7.12,-4.12,0.4,6%,0.1318518519,3.3,1.2,0.9,37%,1,0,0,2,0.1,1.49,0.1,88%,27.3,0,1.3,1.2,0.7,0.4,58,0.7,0.4,58,0.3,34,2,18.2,1.8,0.7,0.4,1.7,100,11,0,0,0.1,0,7,0,0,10.4,7.7,No recurring injuries,Below Average,8.1,45,0.2,0,0,0,0,0,0,0,0,0,0,1.2,1.4
Premier League,FC Porto,0.57,Gabri Veiga,M (C),,24,"6'0""",Fairly Strong,Very Strong,6.72,1,1331,3,443.6666667,0.2,5.2,5.2,-2.2,0.4,8%,0.1368421053,2.6,1.4,0.9,53%,0,0,0,4,0.3,4.05,0.3,91%,16.4,0.5,0.9,1.2,0.1,0.1,50,0.1,0.1,50,0.5,12,1,9.3,11.4,0.4,0.7,4.1,40,15,0,0.3,0.2,0.2,5,3,0,4.1,7.2,No recurring injuries,Average,0.3,20,0,0,0,0,0,0,0,0,0,0,0,2,0.8
First Division,A. Madrid,0.59,Álex Baena,AM (C),"M (C), AM (R)",25,"5'9""",Strong,Very Strong,6.99,2,1296,3,432,0.2,4.03,4.03,-1.03,0.3,12%,0.155,1.8,0.8,0.6,42%,0,0,0,7,0.5,2.67,0.2,88%,52.2,0.6,1.3,3.7,2.1,0.6,30,1.4,0.6,40,1.8,10,5,11,6.2,1,1.9,8.8,71,21,0,0.1,0.3,0.1,15,1,0,12.5,15.1,No recurring injuries,Above Average,2.6,26,0.1,0,0,0,0,0,0,0,0,0,0,1.6,1
Second Division,Espanyol,0.57,Javi Puado,AM (L),AM (R),28,"5'10""",Fairly Strong,Very Strong,6.82,0,1184,3,394.6666667,0.2,4.09,4.09,-1.09,0.3,9%,0.1202941176,2.6,1.1,0.7,44%,2,0,0,1,0.1,2.08,0.2,87%,44.2,0.4,1.1,2.2,1.1,0.2,21,1.1,0.2,21,1.4,8,1,16.1,10.2,0.5,1.5,4.9,86,7,0,0.4,0.5,0,4,0,0,11.9,10.9,No recurring injuries,Above Average,2.1,14,0.1,0,0,0,0,0,0,0,0,0,0,1.1,1.2
Premier League,Santa Clara,0.54,Vinícius Lopes,AM (R),"AM (L), ST (C)",27,"5'11""",Very Weak,Very Weak,6.83,1,1075,3,358.3333333,0.3,1.99,1.99,1.01,0.2,18%,0.1170588235,1.4,0.4,0.3,29%,0,0,0,0,0,0.57,0,90%,42.4,0,1.7,3.3,3.7,0.5,13,3.7,0.5,14,4.2,10,7,18.7,5.3,1.3,2.6,9.8,80,20,0,0.1,0.3,0,23,1,0,12.4,17.8,No recurring injuries,Below Average,4.4,33,0.1,0,0,0,0,0,0,0,0,0,0,1.2,1.3
Serie A,Juventus,0.5,Rodrigo Zalazar,AM (C),AM (L),27,"5'10""",Reasonable,Very Strong,6.91,0,1038,3,346,0.3,4.8,4.8,-1.8,0.4,8%,0.1263157895,3.3,1.6,0.9,50%,0,1,100,1,0.1,1.85,0.2,88%,46.1,0.4,2.5,3.8,6.7,1,14,1,0.1,8,1.7,4,5,19.1,12.1,0.5,1,4.4,60,10,0,0.2,0.2,0,11,1,0,12.7,12.6,No recurring injuries,Very Low,2.9,35,0.1,0,0,0,0,0,0,0,0,0,0,1.3,0.4
Premier League,West Ham,0.44,Jarrod Bowen,ST (C),M (RL),29,"5'9""",Very Strong,Reasonable,6.82,0,1342,3,447.3333333,0.2,2.52,2.52,0.48,0.2,11%,0.09333333333,1.8,0.9,0.9,52%,0,0,0,3,0.2,2.28,0.2,86%,43.5,0.4,1.7,3.6,5.3,0.7,13,2.5,0.5,21,4.1,33,6,15.6,7.9,2,2.3,14.2,68,44,0,0.3,0.8,0.2,16,1,0,13.9,19.2,No recurring injuries,Low,3.7,18,0,0,0,0,0,0,0,0,0,0,0,1.3,0.9
Serie A,Parma,0.5,Adrián Bernabé,M (C),AM (C),25,"5'9""",Very Strong,Reasonable,7.19,4,1441,3,480.3333333,0.2,3.53,3.53,-0.53,0.2,10%,0.1176666667,1.9,0.6,0.3,33%,0,0,0,4,0.2,4.81,0.3,91%,43.8,0.2,0.9,5.3,5.4,0.6,11,0.4,0,0,0.1,14,0,4.8,15.7,1.1,1.8,3.9,72,25,1,0.2,0.6,0.1,5,1,0,7.6,7.6,No recurring injuries,Very Low,0.6,30,0.2,0,0,0,0,0,0,0,0,0,0,0.7,0.7
Serie BKT,Cremonese,0.5,Jari Vandeputte,M (C),"M (L), AM (LC)",30,"5'9""",Reasonable,Very Strong,7.56,1,1260,3,420,0.2,2.92,2.92,0.08,0.2,11%,0.1042857143,2,0.9,0,46%,0,0,0,3,0.2,0.47,0,71%,20,0,0,0,0,0,0,0,0,0,0,30,0,0,0,1.4,0,0,74,27,0,0,0,0,19,0,0,0,0,No recurring injuries,Very Low,0,0,0,0,0,0,0,0,0,0,0,0,0,0,0
Bundesliga,TSG Hoffenheim,0.53,Andrej Kramarić,AM (C),AM (RL),35,"5'10""",Fairly Strong,Very Strong,6.59,0,1047,3,349,0.3,0.84,0.84,2.16,0.1,23%,0.06461538462,1.1,0.3,0.6,31%,1,1,100,1,0.1,2.5,0.2,83%,2,0.3,0.1,0.1,0.8,0,0,0,0,0,0,5,0,12,10.7,0,0.1,0.4,0,1,0,0,0.1,0,2,2,1,0.6,0.3,No recurring injuries,Above Average,0,0,0,0,0,0,0,0,0,0,0,0,0,1.8,0.9
Ligue 1 McDonald's,Reims,0.47,Mohamed Daramy,AM (L),AM (R),24,"5'11""",Reasonable,Very Strong,7.14,1,1208,3,402.6666667,0.2,4.94,4.94,-1.94,0.4,8%,0.1372222222,2.7,1,0.8,36%,1,0,0,2,0.1,2.09,0.2,90%,49,0.4,2,4.4,3.4,0.4,13,3.4,0.4,13,4.8,20,5,16.7,4.8,1.1,2,10.5,63,24,1,0.3,0.8,0,11,0,0,11.8,14.4,No recurring injuries,Above Average,3.9,32,0,0,0,0,0,0,0,0,0,0,0,1,1.6
Second Division,Coruña,0.5,Yeremay,AM (L),"M (L), AM (R)",23,"5'7""",Fairly Strong,Very Strong,7.11,2,1176,3,392,0.2,2.06,2.06,0.94,0.2,10%,0.07103448276,2.2,1.1,1,52%,0,1,100,1,0.1,2.49,0.2,83%,46.4,0.5,2.1,4.7,6.3,1.1,17,2.7,0.8,29,3.9,19,6,16.4,5.4,1.5,2.5,10.4,76,25,0,0.2,0.4,0,16,1,0,11.3,14,No recurring injuries,Below Average,2.1,25,0,0,0,0,0,0,0,0,0,0,0,0.8,1.3
Second Division,Córdoba,0.5,Pedro Ortiz,M (C),,26,"6'0""",Very Strong,Weak,6.62,0,1357,3,452.3333333,0.2,2.8,2.8,0.2,0.2,14%,0.1272727273,1.5,0.7,0.2,45%,1,0,0,2,0.1,3.64,0.2,91%,4.6,0.5,0.3,0.5,3.1,0.7,21,0.1,0.1,100,0,5,0,13.5,10.9,0,0.2,0.5,0,0,0,0.1,0,0.1,3,1,0,0.7,0.6,No recurring injuries,Below Average,0.3,60,0,0,0,0,0,0,0,0,0,0,0,1.1,1.1
First Division,Valencia,0.49,Diego López,AM (R),"M (RL), ST (C)",24,"5'8""",Fairly Strong,Very Strong,7.01,1,1107,2,553.5,0.2,3.46,3.46,-1.46,0.3,7%,0.1281481481,2.2,0.7,0.6,33%,0,0,0,4,0.3,1.78,0.1,86%,51,0.4,2.6,4.6,4.2,1,23,4.2,1,23,3.3,11,6,16.5,5.1,2,1.8,9.9,78,32,1,0.2,0.4,0,24,1,0,11.9,17.1,No recurring injuries,Average,2.5,35,0,0,0,0,0,0,0,0,0,0,0,1,1.5
Eredivisie,Fortuna Sittard,0.56,Samuel Bastien,M (C),,30,"5'9""",Weak,Very Strong,6.93,0,1105,2,552.5,0.2,0.74,0.74,1.26,0.1,20%,0.074,0.8,0.2,0.2,30%,0,0,0,1,0.1,1.71,0.1,94%,50.8,0.2,0.7,5.5,0.7,0.1,11,0.1,0.1,100,0.2,5,1,5,14.7,1,2.1,6.2,86,14,0,0.7,0.8,0.2,8,0,0,11.9,11.8,No recurring injuries,Very High,2,60,0.1,0,0,0,0,0,0,0,0,0,0,1.2,0.7
First Division,Burgos,0.35,Miguel Atienza,DM,,27,"6'1""",Reasonable,Very Strong,6.4,0,1282,2,641,0.1,1.18,1.18,0.82,0.1,20%,0.118,0.7,0.4,0.4,50%,0,0,0,0,0,0.33,0,95%,2.9,0.1,0,0.1,0,0,0,0,0,0,0.1,2,0,13.7,8.1,0,0.1,0.6,0,1,0,0.1,0.1,0,3,3,0,0.8,0.9,No recurring injuries,Average,0,0,0,0,0,0,0,0,0,0,0,0,0,0.8,2
Premier League,Moreirense,0.44,Alan,AM (C),,26,"5'4""",Very Weak,Very Weak,6.84,0,1018,2,509,0.2,3.89,3.89,-1.89,0.3,8%,0.1620833333,2.1,1.3,0.4,63%,0,0,0,3,0.3,1.31,0.1,86%,27.6,0.2,1.5,1.1,6.1,1.1,17,0.1,0.1,100,1,33,10,20.2,1.9,0,0.8,1.1,0,3,0,0.1,0.1,0,11,0,0,10.2,5.8,No recurring injuries,Below Average,6.1,32,0,0,0,0,0,0,0,0,0,0,0,0.9,1.1
Second Division,Leganés,0.5,Duk,AM (L),,26,"5'11""",Weak,Very Strong,6.89,0,1253,2,626.5,0.1,0.96,0.96,1.04,0.1,11%,0.05333333333,1.3,0.5,0.7,39%,0,0,0,0,0,0.6,0,86%,43.1,0,1.3,3,3.7,0.6,17,3.7,0.6,18,6.8,12,4,23.6,3.4,1.3,1.8,8.2,75,24,0,0.4,0.7,0,9,0,0,11.4,12.1,No recurring injuries,Average,4,42,0.1,0,0,0,0,0,0,0,0,0,0,1.1,0.9
Sky Bet Championship,Burnley,0.53,Hannibal,AM (C),AM (R),23,"6'0""",Reasonable,Very Strong,6.5,0,1202,2,601,0.1,2.35,2.35,-0.35,0.2,6%,0.07580645161,2.3,0.6,0.9,26%,1,1,100,3,0.2,2.74,0.2,88%,7.8,0.1,0.4,0.9,6.9,1,15,0.4,0,0,0.2,18,0,14.5,10.6,0.1,0.2,1.4,100,2,0,0,0,0,9,6,1,1.8,3.1,No recurring injuries,Below Average,0.5,29,0,0,0,0,0,0,0,0,0,0,0,1.5,0.6
Jupiler Pro League,Beerschot,0.38,Bas Van den Eynden,D (C),,24,"6'3""",Weak,Very Strong,6.93,0,1108,2,554,0.2,0.52,0.52,1.48,0,40%,0.104,0.4,0.2,0,60%,0,0,0,1,0.1,1.25,0.1,94%,42.6,0.1,0.4,2.2,0,0,0,0,0,0,0,1,0,3.4,13,0.3,2.8,2.7,50,8,2,1.1,1.2,0.3,6,4,0,9.6,3.7,No recurring injuries,Below Average,3.2,75,0.2,0,0,0,0,0,0,0,0,0,0,1.1,1.4
Premier League,Sporting CP,0.62,João Simões,DM,AM (C),19,"5'9""",Very Strong,Reasonable,7.07,1,1374,2,687,0.1,0.84,0.84,1.16,0.1,22%,0.09333333333,0.6,0.3,0.3,44%,0,0,0,2,0.1,1.78,0.1,92%,56.9,0.4,0.7,6.5,0.2,0.1,33,0.2,0.1,33,0.2,8,0,4,13.2,0.9,3.4,5.3,72,18,4,0.7,0.8,0.3,5,1,0,11.2,11.7,No recurring injuries,Low,1.6,20,0,0,0,0,0,0,0,0,0,0,0,2,0.7
Premier League,VTSC,0.46,Samu,M (C),AM (C),30,"5'9""",Very Strong,Weak,6.52,0,1399,2,699.5,0.1,0.77,0.77,1.23,0,20%,0.077,0.6,0.2,0.3,30%,0,0,0,3,0.2,3.87,0.2,0%,0,0.6,0.2,0,2.3,0.2,8,0,0,0,0,15,0,13.1,11.4,0,0,0,0,0,0,0,0,0,3,3,0,0,0,No recurring injuries,Average,0,0,0,0,0,0,0,0,0,0,0,0,0,1.7,1.3
Ligue 2 BKT,Angers SCO,0.60,Emmanuel Biumla,DM,,21,"6'1""",Reasonable,Very Strong,6.96,2,1040,2,520,0.2,0.87,0.87,1.13,0.1,25%,0.10875,0.7,0.3,0.2,38%,0,0,0,2,0.2,1.71,0.1,90%,52.3,0.3,0.6,4.2,0,0,0,0,0,0,0.1,9,1,5.9,17.6,1,1.6,4.6,85,13,0,0.3,0.7,0,13,3,1,11.8,10.6,No recurring injuries,Above Average,3.5,78,0.7,0,0,0,0,0,0,0,0,0,0,1.6,0.9
Second Division,Almería,0.5,Daijiro Chirino,D (R),"WB (R), DM",24,"6'1""",Reasonable,Very Strong,6.73,0,1021,2,510.5,0.2,0.52,0.52,1.48,0,40%,0.104,0.4,0.2,0,40%,0,0,0,0,0,0.5,0,92%,42,0.2,0,1.7,0.1,0,0,0.1,0,0,0.3,6,0,3,14.7,0.3,3.8,1.9,75,4,0,0.7,1.1,0.4,4,2,0,11.1,5.4,No recurring injuries,Below Average,4.1,57,0.3,0,0,0,0,0,0,0,0,0,0,1.1,1
Eredivisie,NAC Breda,0.33,Mohamed Nassoh,M (C),M (L),23,"6'2""",Fairly Strong,Very Strong,6.5,0,1182,2,591,0.2,1.78,1.78,0.22,0.1,20%,0.178,0.8,0.5,0,60%,0,0,0,0,0,1.55,0.1,0%,0,0.2,0,0,5,1,19,0,0,0,0,10,0,21.2,6.5,0,0,0,0,0,0,0,0,0,0,0,0,0,0,No recurring injuries,Below Average,0,0,0,0,0,0,0,0,0,0,0,0,0,0.8,1.4
Sky Bet Championship,Watford,0.43,Pierre Dwomoh,M (C),,22,"6'2""",Reasonable,Very Strong,6.81,0,1170,2,585,0.2,2.08,2.08,-0.08,0.2,13%,0.1386666667,1.2,0.3,0.5,27%,0,0,0,1,0.1,0.84,0.1,87%,40.8,0.1,1.8,2.9,0.8,0,0,0.8,0,0,1.5,6,3,18.8,9,0.2,1.2,5.5,50,6,0,0.2,0.5,0,14,1,0,12.2,10.7,No recurring injuries,Below Average,4.3,25,0,0,0,0,0,0,0,0,0,0,0,1.2,1.3
First Division,Girona,0.57,Iván Martín,DM,AM (C),27,"5'10""",Very Strong,Fairly Strong,6.92,1,1116,2,558,0.2,2.41,2.41,-0.41,0.2,13%,0.1606666667,1.2,0.2,0.5,13%,1,0,0,4,0.3,3.97,0.3,92%,62.7,0.7,1.1,8.2,0.3,0.1,25,0.3,0.1,25,0.2,5,0,5.1,11.6,1,2.5,5.1,80,15,0,0.3,0.5,0.2,7,0,0,11.8,12.6,No recurring injuries,Below Average,1.9,57,0.2,0,0,0,0,0,0,0,0,0,0,1.7,1.5
Jupiler Pro League,Club Brugge,0.54,Aleksandar Stanković,M (C),,21,"6'1""",Weak,Very Strong,7.01,1,1246,2,623,0.1,1.59,1.59,0.41,0.1,13%,0.106,1.1,0.3,0.4,27%,1,0,0,0,0,0.93,0.1,93%,57.9,0.1,1.1,6.7,1.4,0.2,15,0,0,0,0.1,11,0,6.1,14.9,0.9,2.2,4.5,76,17,0,0.8,0.9,0.1,4,0,0,11,10,No recurring injuries,Low,2.2,57,0.1,0,0,0,0,0,0,0,0,0,0,1.2,0.8
Sky Bet Championship,QPR,0.52,Jimmy Dunne,D (R),,29,"6'0""",Reasonable,Very Strong,6.96,1,1812,2,906,0.1,1.14,1.14,0.86,0.1,15%,0.08769230769,0.6,0.2,0.3,31%,0,0,0,1,0,0.71,0,89%,49.3,0.1,0.9,6.1,1.5,0.1,6,1.5,0.1,7,0.2,5,1,10.4,15,1.7,2.9,5.6,89,38,2,0.6,1.5,1.1,27,4,0,11.2,12.1,No recurring injuries,Low,5.1,67,0.6,0,0,0,0,0,0,0,0,0,0,1.2,1.4
Jupiler Pro League,Dender EH,0.54,Bruny Nsimba,ST (C),AM (L),26,"6'2""",Reasonable,Very Strong,6.72,0,1368,2,684,0.1,1.8,1.8,0.2,0.1,6%,0.05806451613,2,1,1,48%,0,0,0,1,0.1,1.05,0.1,90%,25.8,0.1,1.2,1.1,0.7,0.1,18,0.7,0.1,18,0.6,21,10,17.9,2.4,0.3,0.3,1.7,50,8,1,0.1,0,0,16,1,0,10.4,5.7,No recurring injuries,Average,7.9,53,0.1,0,0,0,0,0,0,0,0,0,0,1.1,1.4
Serie A,Bergamo,0.5,Éderson,M (C),"DM, AM (C)",27,"6'0""",Fairly Strong,Very Strong,7.16,3,1489,2,744.5,0.1,1.96,1.96,0.04,0.1,8%,0.08166666667,1.5,0.5,0.8,38%,1,0,0,2,0.1,3.36,0.2,92%,64.6,0.1,1,7.3,0.1,0.1,100,0.1,0.1,100,0.1,13,1,4.4,13.7,1.7,3,7.1,76,37,1,0.5,0.8,0.3,14,0,1,11.3,13,No recurring injuries,Very Low,2.4,62,0.2,0,0,0,0,0,0,0,0,0,0,1.4,1.1
Sky Bet Championship,Sheffield United,0.52,Oliver Arblaster,M (C),,22,"5'9""",Fairly Strong,Very Strong,7.02,2,1780,2,890,0.1,1.37,1.37,0.63,0.1,17%,0.1141666667,0.6,0.1,0.3,17%,0,0,0,5,0.3,5.56,0.3,90%,51.7,0.4,1.3,6.1,0.4,0.1,25,0.1,0.1,50,0.2,11,0,6.6,12.9,0.9,2.7,5.8,67,27,2,0.9,1,0.2,8,1,0,11.8,12.8,No recurring injuries,Average,1.6,47,0.1,0,0,0,0,0,0,0,0,0,0,1.5,1.3
Serie A,Udinese,0.5,Thomas Kristensen,D (C),,24,"6'6""",Reasonable,Very Strong,7.08,2,1346,2,673,0.1,0.61,0.61,1.39,0,29%,0.08714285714,0.5,0.1,0.3,29%,0,0,0,0,0,0.39,0,92%,47.5,0.1,0.1,2.4,0.1,0,0,0.1,0,0,0,4,0,3.1,17.3,0.6,3.4,2.7,90,10,6,0.7,1.1,1.2,6,3,1,10,4,No recurring injuries,Very Low,6,82,0.9,0,0,0,0,0,0,0,0,0,0,1.5,1.3
Ligue 2 BKT,SC Bastia,0.51,Anthony Bermont,AM (C),WB (L),21,"6'2""",Reasonable,Very Strong,6.83,0,1197,2,598.5,0.2,4.4,4.4,-2.4,0.3,8%,0.176,1.9,0.7,0.6,36%,0,0,0,0,0,1.14,0.1,89%,40.9,0.1,1.6,2.1,1.1,0.4,35,1.1,0.4,36,0.7,16,2,18.5,12.3,0.6,1.3,5.1,89,9,0,0.2,0.2,0,11,3,1,11.8,10.2,No recurring injuries,Average,3.6,33,0.2,0,0,0,0,0,0,0,0,0,0,0.9,1.4
Second Division,Almería,0.5,Sergio Arribas,AM (C),"M (R), AM (RL)",25,"5'8""",Very Strong,Fairly Strong,6.85,1,1001,2,500.5,0.2,1.88,1.88,0.12,0.2,9%,0.08545454545,2,0.7,0.6,36%,0,0,0,2,0.2,2.12,0.2,85%,49.3,0.4,1.4,3.3,7.9,2.2,27,2.6,0.7,28,4,7,3,16.2,6.6,1,2.1,9.5,58,19,0,0.4,0.6,0,9,0,0,12.7,16.2,No recurring injuries,Below Average,3.2,17,0,0,0,0,0,0,0,0,0,0,0,1.3,1.3
Bundesliga 2,Fortuna Düsseldorf,0.5,Satoshi Tanaka,DM,,24,"5'10""",Very Strong,Reasonable,7.06,1,1246,2,623,0.1,1.48,1.48,0.52,0.1,17%,0.1233333333,0.9,0.2,0.2,25%,1,0,0,3,0.2,4.19,0.3,90%,58.9,0.5,0.4,2.8,0.1,0,0,0.1,0,0,0.1,9,0,8.5,12.9,0.6,3,6.7,62,13,0,0.7,1.2,0.2,5,2,0,12.4,15,No recurring injuries,Below Average,1.5,38,0.1,0,0,0,0,0,0,0,0,0,0,0.7,1.4
Sky Bet Championship,Middlesbrough,0.50,Sontje Hansen,AM (C),"M (C), AM (L)",24,"5'9""",Weak,Very Strong,6.87,1,1336,2,668,0.1,3.23,3.23,-1.23,0.2,6%,0.1041935484,2.1,0.8,0.7,39%,0,0,0,2,0.1,1.07,0.1,86%,38.9,0.1,1.7,3.4,5.5,1.1,19,4.2,0.9,22,4.4,12,7,18,3.5,1.5,1.5,9.4,81,27,0,0.5,0.2,0,14,0,0,11.5,14.1,No recurring injuries,Below Average,3.8,44,0,0,0,0,0,0,0,0,0,0,0,1,1.1
Ligue 2 BKT,Laval MFC,0.43,Baptiste Guillaume,ST (C),AM (R),31,"6'3""",Weak,Very Strong,6.73,0,1231,2,615.5,0.1,3.62,3.62,-1.62,0.3,5%,0.09282051282,2.9,0.8,1.2,28%,1,1,100,0,0,1.17,0.1,89%,27.5,0.2,1.2,0.9,0.6,0.3,50,0.6,0.3,50,0.4,22,7,26.2,1.9,0.4,0.5,2.2,83,6,2,0.1,0.2,0,13,0,0,10,8,No recurring injuries,Below Average,7.1,41,0.2,0,0,0,0,0,0,0,0,0,0,0.5,1.5
Premier League,Spurs,0.55,Cristian Romero,D (C),,28,"6'1""",Reasonable,Very Strong,7.01,0,1104,2,552,0.2,1.65,1.65,0.35,0.1,29%,0.2357142857,0.6,0.3,0,57%,0,0,0,0,0,0.01,0,95%,47.6,0,0.1,2.9,0,0,0,0,0,0,0,0,0,2.8,8.4,1.6,3.5,4.5,71,28,1,0.2,0.5,0.2,12,1,1,10.4,3.2,No recurring injuries,Average,4,59,0.6,0,0,0,0,0,0,0,0,0,0,1.4,0.8
Second Division,Tarragona,0.51,Óscar Sanz,"DM, M (C)",D (C),26,"6'0""",Reasonable,Very Strong,6.78,1,1354,2,677,0.1,1.29,1.29,0.71,0.1,17%,0.1075,0.8,0.3,0.3,33%,0,0,0,3,0.2,1.35,0.1,91%,51.8,0.1,0.9,4.9,0,0,0,0,0,0,0.1,8,0,7,11.8,0.8,2.3,6.1,60,20,2,0.6,1.2,0.3,9,3,0,10.8,10.5,No recurring injuries,Above Average,1.6,42,0.4,0,0,0,0,0,0,0,0,0,0,1.1,1.4
Bundesliga 2,1. FC Köln,0.5,Noah Darvich,AM (C),M (R),20,"6'0""",Very Strong,Fairly Strong,7.11,1,1089,2,544.5,0.2,5.95,5.95,-3.95,0.5,5%,0.1525641026,3.2,1,1.2,31%,2,0,0,4,0.3,1.08,0.1,89%,44.2,0.2,1.8,4,3.8,1.2,32,3.8,1.2,33,4.8,6,2,19.5,4.4,1.2,1.3,8.4,70,20,0,0.4,1,0,9,0,0,11.8,16.4,No recurring injuries,Above Average,4.2,45,0.1,0,0,0,0,0,0,0,0,0,0,1.1,0.9
Second Division,F.C. Andorra,0.45,Marc Domènech,M (C),AM (C),24,"5'7""",Very Strong,Reasonable,6.56,0,1219,2,609.5,0.1,1.09,1.09,0.91,0.1,17%,0.09083333333,0.9,0.4,0.3,50%,0,2,100,5,0.4,3.76,0.3,0%,0,0.4,0.4,0,2.8,0.1,5,0,0,0,0,4,0,16,9.6,0,0,0,0,0,0,0,0,0,2,2,0,0,0,No recurring injuries,Average,0,0,0,0,0,0,0,0,0,0,0,0,0,1.2,1
Ligue 1 McDonald's,Strasbourg,0.45,Diego Moreira,AM (L),"WB/M (L), AM (R)",22,"5'10""",Very Strong,Reasonable,7.01,3,1558,2,779,0.1,2.61,2.61,-0.61,0.2,5%,0.06525,2.3,1,1.1,45%,1,0,0,4,0.2,2.47,0.1,89%,49.3,0.3,1.5,3.9,3.8,1.1,28,3.8,1.1,29,4.8,19,12,23.6,4.4,1.8,1.5,9,84,38,0,0.2,0.3,0,18,2,0,12.2,17.8,No recurring injuries,Below Average,3,8,0.1,0,0,0,0,0,0,0,0,0,0,1.2,1.1
Bundesliga 2,1. FC Kaiserslautern,0.53,Semih Şahin,M (C),,26,"5'10""",Reasonable,Very Strong,6.95,0,1333,2,666.5,0.1,0.44,0.44,1.56,0,22%,0.04888888889,0.6,0.2,0.2,33%,0,0,0,2,0.1,1.47,0.1,90%,51.2,0.1,0.7,5.6,0.3,0,0,0.3,0,0,0.2,11,1,7.2,13.2,1.6,2,5.6,79,29,1,0.5,1.3,0.1,8,3,0,11.3,11.3,No recurring injuries,Below Average,1.1,47,0.1,0,0,0,0,0,0,0,0,0,0,1,0.8
Second Division,S. Gijón,0.5,César Gelabert,AM (C),"M (C), AM (L)",26,"6'0""",Fairly Strong,Very Strong,6.59,0,1146,2,573,0.2,2.91,2.91,-0.91,0.2,8%,0.1119230769,2,0.7,0.9,35%,1,0,0,1,0.1,1.83,0.1,96%,8,0.4,0.5,0.9,1.2,0,0,0.5,0,0,0.6,5,1,10.7,12.6,0.2,0.4,1.6,50,4,0,0.1,0,0,6,3,0,2,2.7,No recurring injuries,Above Average,0.4,20,0,0,0,0,0,0,0,0,0,0,0,1.5,1
Sky Bet Championship,Stockport,0.48,Jack Diamond,AM (L),"M (RL), AM (C)",26,"5'9""",Reasonable,Very Strong,7.03,0,1790,2,895,0.1,2.54,2.54,-0.54,0.1,10%,0.120952381,1.1,0.4,0.3,33%,1,0,0,1,0.1,3.98,0.2,87%,41.7,0.3,1.7,3.3,3.1,1.1,34,3.1,1.1,34,6.2,26,11,18.8,5,1.5,1.4,8.9,73,40,1,0.2,0.7,0,25,1,0,11.8,15.2,No recurring injuries,Below Average,3.8,38,0,0,0,0,0,0,0,0,0,0,0,1.1,1.6
Sky Bet Championship,Stoke,0.44,Million Manhoef,AM (R),,24,"5'10""",Very Strong,Reasonable,6.86,1,1191,2,595.5,0.2,1.21,1.21,0.79,0.1,12%,0.07117647059,1.3,0.5,0.3,35%,1,0,0,0,0,1.01,0.1,93%,43.4,0.2,1.2,2.7,3.4,0.8,22,3.4,0.8,22,3.2,13,4,17.3,4.8,1.4,2,8.7,78,23,0,0.2,0.4,0,18,1,0,11.8,14.2,No recurring injuries,Below Average,2.9,26,0,0,0,0,0,0,0,0,0,0,0,1,1.6
Jupiler Pro League,Beerschot,0.38,Michaël Heylen,D (C),DM,32,"6'2""",Weak,Very Strong,6.87,1,1530,2,765,0.1,1.12,1.12,0.88,0.1,22%,0.1244444444,0.5,0.2,0.1,33%,1,0,0,0,0,0.32,0,90%,41.6,0,0.2,2.4,0,0,0,0,0,0,0,10,0,4.1,9.5,0.2,2.8,2.5,31,13,2,0.6,1,0.5,10,5,0,9.7,3.2,No recurring injuries,Below Average,5.1,73,0.9,0,0,0,0,0,0,0,0,0,0,0.9,1.5
Sky Bet Championship,QPR,0.52,Nathanaël Mbuku,AM (R),M (RL),24,"5'8""",Very Strong,Weak,7.12,1,1579,2,789.5,0.1,2.54,2.54,-0.54,0.1,10%,0.120952381,1.2,0.5,0.4,38%,0,0,0,3,0.2,3.53,0.2,87%,44.1,0.1,1.9,3.4,2.5,0.5,20,2.4,0.5,21,4.8,14,3,18.7,5.3,1.8,2.3,10,94,33,2,0.3,0.6,0,10,2,0,11.3,13.4,No recurring injuries,Below Average,2.8,8,0.1,0,0,0,0,0,0,0,0,0,0,1.4,1.4
Serie A,Casciavit,0.5,Alexis Saelemaekers,M (R),AM (L),27,"5'11""",Fairly Strong,Very Strong,7.19,1,1618,2,809,0.1,1.32,1.32,0.68,0.1,15%,0.1015384615,0.7,0.3,0.3,46%,0,0,0,5,0.3,3.44,0.2,89%,53.6,0.1,2.8,6.7,9.7,1.7,17,6.7,1.1,16,2.7,21,3,17.7,10.5,2.7,3.2,9.1,80,60,4,0.6,0.8,0.3,31,2,0,11.8,24.4,No recurring injuries,Very Low,2.2,31,0,0,0,0,0,0,0,0,0,0,0,1.9,0.9
Serie BKT,Cesena FC,0.5,Gaetano Castrovilli,M (C),,29,"6'2""",Reasonable,Very Strong,7.78,3,1260,2,630,0.1,3.14,3.14,-1.14,0.2,6%,0.098125,2.3,0.8,0,34%,0,0,0,3,0.2,1.68,0.1,74%,20,0,0,0,0,0,0,0,0,0,0,24,0,0,0,1.2,0,0,94,18,0,0,0,0,17,0,0,0,0,No recurring injuries,Very Low,0,0,0,0,0,0,0,0,0,0,0,0,0,0,0
Bundesliga 2,SG Dynamo Dresden,0.46,Jakob Lemmer,AM (R),"M (R), AM (LC)",26,"5'10""",Fairly Strong,Very Strong,6.81,0,1146,2,573,0.2,2.64,2.64,-0.64,0.2,7%,0.09777777778,2.1,1,0.5,48%,0,0,0,0,0,1.56,0.1,88%,40.9,0.3,1.9,4.1,3.3,0.4,11,3.3,0.4,12,3.5,14,5,22.3,4.2,1.6,2.4,9,83,24,0,0.5,0.1,0,27,0,0,11.4,16.3,No recurring injuries,Average,3.2,49,0,0,0,0,0,0,0,0,0,0,0,0.6,1.3
Ligue 1 McDonald's,Rennes,0.47,Ludovic Blas,M/AM (C),AM (RL),28,"5'11""",Very Strong,Reasonable,6.88,1,1050,2,525,0.2,2.58,2.58,-0.58,0.2,9%,0.112173913,2,0.3,0.4,13%,1,0,0,3,0.3,1.46,0.1,86%,43.7,0.3,1.5,2.8,1.5,0.3,22,1.1,0.3,23,1.2,5,0,14.2,8.9,0.9,1.5,5.7,83,12,0,0.2,0.3,0,4,1,0,11.6,9.9,No recurring injuries,Below Average,2.7,16,0.1,0,0,0,0,0,0,0,0,0,0,1,1.2
First Division,A. Bilbao,0.61,Dani Vivian,D (C),DM,27,"6'0""",Reasonable,Very Strong,6.92,1,1688,2,844,0.1,0.64,0.64,1.36,0,33%,0.1066666667,0.3,0.2,0.1,67%,0,0,0,1,0.1,0.89,0,93%,53.2,0.1,0.3,2.4,0,0,0,0,0,0,0,2,1,2.5,16.6,0.4,2.9,2.7,64,11,4,0.9,1,0.4,7,2,0,9.7,4.5,No recurring injuries,Below Average,3.7,70,0.4,0,0,1,0,0,0,0,0,0,0,1.8,1.2
Serie A,AS Roma,0.5,Paulo Dybala,AM (C),"AM (R), ST (C)",33,"5'10""",Very Strong,Reasonable,6.88,0,1112,2,556,0.2,4.34,4.34,-2.34,0.4,6%,0.1315151515,2.7,1.1,1.1,39%,0,0,0,3,0.2,1.89,0.2,88%,48.6,0.2,2.4,3.7,5.7,0.9,15,1.1,0.3,31,1.7,15,3,13.8,10.5,0.6,1.3,5.3,73,11,0,0.1,0.2,0,6,0,0,12.1,11.7,Recurring moderate calf muscle strain,Very High,2,12,0,0,0,0,0,0,0,0,0,0,0,1.2,1.1
Sky Bet Championship,Leicester,0.47,Hamza Choudhury,DM,D (L),29,"5'10""",Reasonable,Very Strong,7.09,2,1591,2,795.5,0.1,0.63,0.63,1.37,0,22%,0.07,0.5,0.1,0.2,22%,1,0,0,3,0.2,4.6,0.3,92%,53.9,0.3,1,5.1,0.1,0.1,50,0.1,0.1,50,0.2,4,0,9.6,10.1,1.2,2.2,6.7,72,29,4,0.4,1,0.1,19,4,0,11.6,11.8,Recurring dislocated shoulder,Very High,1.8,69,0.2,0,0,0,0,0,0,0,0,0,0,1,1.6
Jupiler Pro League,Union SG,0.51,Fedde Leysen,D (C),D (L),23,"6'3""",Very Strong,Weak,6.74,1,1662,2,831,0.1,0.06,0.06,1.94,0,50%,0.015,0.2,0.1,0.2,50%,1,0,0,0,0,1.01,0.1,90%,41.9,0.1,0.1,1.8,0,0,0,0,0,0,0,4,0,3,12.8,0.4,2.4,2.4,89,9,0,0.6,1.3,0.9,10,3,1,10.2,3.9,No recurring injuries,Average,4.7,57,1.1,0,0,0,0,0,0,0,0,0,0,1.2,1.1
Second Division,Córdoba,0.5,Isma Ruiz,DM,M (C),25,"5'11""",Reasonable,Very Strong,6.87,1,1310,2,655,0.1,2.64,2.64,-0.64,0.2,15%,0.2030769231,0.9,0.5,0.1,54%,0,0,0,2,0.1,2.03,0.1,91%,25.8,0.5,0.3,2.4,0,0,0,0,0,0,0.1,10,0,10,13.3,0.8,1.7,3.4,80,15,0,0.2,0.3,0.1,7,0,0,5.7,5.6,No recurring injuries,Below Average,1.6,70,0.3,0,0,0,0,0,0,0,0,0,0,1.2,1.1
Premier League,VTSC,0.46,Gonçalo Nogueira,"DM, M (C)",,22,"5'11""",Very Weak,Very Weak,6.48,0,1722,2,861,0.1,1.5,1.5,0.5,0.1,10%,0.075,1,0.4,0.3,35%,1,0,0,5,0.3,4.89,0.3,0%,0,0.6,0.3,0,0,0,0,0,0,0,0,11,0,13.4,10.3,0,0,0,0,0,0,0,0,0,4,4,0,0,0,No recurring injuries,Low,0,0,0,0,0,0,0,0,0,0,0,0,0,1.4,1.4
Ligue 1 McDonald's,Toulouse FC,0.49,Mário Sauer,AM (C),,22,"5'11""",Reasonable,Very Strong,6.95,1,1119,2,559.5,0.2,4.34,4.34,-2.34,0.3,7%,0.155,2.3,1,0.6,43%,1,0,0,2,0.2,2.77,0.2,92%,41,0.2,2.2,3.4,5.2,0.6,10,1,0.2,23,1.1,8,1,17.4,10.9,0.2,1.6,3.8,75,4,0,0.2,0.4,0,5,0,0,12.4,12.2,No recurring injuries,Low,4.6,16,0.1,0,0,0,0,0,0,0,0,0,0,1.1,1
Serie A,Parthenope,0.5,Matteo Politano,AM (R),"M (R), AM (LC)",33,"5'7""",Very Strong,Reasonable,6.91,0,1357,2,678.5,0.1,3.16,3.16,-1.16,0.2,6%,0.09875,2.1,0.6,0.9,28%,1,0,0,1,0.1,2.22,0.1,90%,53.9,0.3,2.5,4.7,11.1,2.4,21,3.6,0.8,22,2.8,14,11,25,4.6,1.7,2.5,11.7,84,31,0,0.4,0.3,0,13,0,0,11.3,17,No recurring injuries,Very Low,3,13,0,0,0,0,0,0,0,0,0,0,0,1.2,1
Premier League,Sporting CP,0.62,Gonçalo Inácio,D (C),,25,"6'1""",Very Strong,Weak,7.17,1,1556,2,778,0.1,0.7,0.7,1.3,0,22%,0.07777777778,0.5,0.3,0.1,56%,0,0,0,0,0,0.5,0,94%,52.6,0.1,0.3,1.7,0,0,0,0,0,0,0.1,2,0,1.4,19.7,0.7,3.1,2.6,80,15,4,0.9,1.4,0.6,7,2,0,10.4,4.8,No recurring injuries,Average,5.8,81,1.1,0,0,0,0,0,0,0,0,0,0,1.9,0.5
Eredivisie,Willem II,0.38,Armin Ćulum,AM (L),AM (RC),23,"5'8""",Reasonable,Very Strong,6.94,0,1159,2,579.5,0.2,2.28,2.28,-0.28,0.2,8%,0.0912,1.9,0.4,0.7,20%,1,0,0,0,0,1.1,0.1,88%,45.7,0,1.8,3.6,1.6,0.2,14,1.6,0.2,14,4.1,16,8,22.5,3.1,1.5,1.7,7.9,90,21,0,0.2,0.8,0,9,0,0,12.2,16.1,No recurring injuries,Below Average,3.3,12,0.1,0,0,0,0,0,0,0,0,0,0,0.6,1.2
Sky Bet Championship,Bristol City,0.45,Rob Dickie,D (C),,30,"6'5""",Weak,Very Strong,6.98,2,1170,2,585,0.2,0.5,0.5,1.5,0,29%,0.07142857143,0.5,0.2,0.2,29%,0,0,0,0,0,1.31,0.1,92%,40.5,0.1,0.2,1.5,0,0,0,0,0,0,0,2,0,2.8,12.6,0.2,3.1,2.1,50,4,0,0.3,0.9,0.9,1,0,0,10,3.5,No recurring injuries,Below Average,5.2,72,1.8,0,0,1,0,0,0,0,0,0,0,1.6,1.4
Premier League,Fulham,0.45,Alex Iwobi,M (C),AM (R),30,"5'11""",Weak,Very Strong,6.8,0,1039,2,519.5,0.2,3.41,3.41,-1.41,0.3,6%,0.1033333333,2.9,1.5,1,52%,1,0,0,2,0.2,2.39,0.2,88%,58.2,0.7,2.3,7,5.5,1.1,20,5.4,1.1,21,3.6,12,4,14.4,7.9,2.3,2.9,11.6,77,35,0,0.5,0.6,0.3,10,0,0,13.5,21,No recurring injuries,Below Average,4,52,0.1,0,0,0,0,0,0,0,0,0,0,1.4,1.8
Sky Bet Championship,Wrexham,0.46,Mario Soriano,AM (L),"M (L), AM (R)",24,"5'4""",Fairly Strong,Very Strong,6.92,1,1505,2,752.5,0.1,2.35,2.35,-0.35,0.1,12%,0.1382352941,1,0.4,0.3,41%,0,0,0,3,0.2,4.35,0.3,90%,35,0.4,1.3,2.5,2.5,0.4,14,2.5,0.4,15,3.1,6,7,16.5,5.3,0.8,1.4,7.4,87,15,0,0.2,0.5,0,25,0,0,9.6,11.1,No recurring injuries,Average,3.2,17,0,0,0,0,0,0,0,0,0,0,0,1,1
Sky Bet Championship,Portsmouth,0.49,Connor Ogilvie,D (LC),,30,"6'0""",Very Strong,Weak,7,2,1686,2,843,0.1,0.52,0.52,1.48,0,29%,0.07428571429,0.4,0.2,0.1,57%,0,0,0,1,0.1,1.23,0.1,89%,56.2,0.2,0.8,7.3,2.5,0.5,19,2.5,0.5,19,0.9,11,0,14.6,11.9,1.5,2.9,7.2,74,39,0,0.6,1,1.2,30,3,1,11.7,17.4,No recurring injuries,Low,4,77,0.5,0,0,0,0,0,0,0,0,0,0,1,1
Bundesliga,1. FC Union Berlin,0.43,Ilyas Ansah,ST (C),AM (C),22,"6'6""",Weak,Very Strong,6.64,0,1131,2,565.5,0.2,4.12,4.12,-2.12,0.3,5%,0.09363636364,3.5,1.1,1.4,32%,3,0,0,1,0.1,0.6,0,90%,29.3,0.1,1,0.7,0.4,0,0,0.4,0,0,0.6,29,3,23.6,1.4,0.1,0.5,1.4,33,3,0,0,0.3,0,9,0,0,10.4,6.9,No recurring injuries,Below Average,7.6,32,0.1,0,0,0,0,0,0,0,0,0,0,0.7,1.3
Ligue 2 BKT,FC Annecy,0.43,Joseph Lopy,M (C),,34,"5'11""",Weak,Very Strong,6.85,0,1033,2,516.5,0.2,0.46,0.46,1.54,0,29%,0.06571428571,0.6,0.2,0.2,29%,0,0,0,0,0,0.56,0,88%,48.1,0.1,0.9,4.4,0.3,0,0,0.3,0,0,0.2,5,0,9.1,9.8,1.6,2,4.6,78,23,0,0.3,0.6,0.2,6,1,0,11.4,10.2,No recurring injuries,Above Average,2.4,56,0.3,0,0,0,0,0,0,0,0,0,0,0.9,1
Serie BKT,Palermo,0.5,Pietro Ceccaroni,D (L),D (L),30,"6'2""",Very Strong,Reasonable,7.25,0,1260,2,630,0.1,0.9,0.9,1.1,0.1,18%,0.08181818182,0.8,0.3,0.1,36%,0,0,0,2,0.1,0.91,0.1,80%,25.9,0,0.1,0.6,0.1,0.1,100,0.1,0.1,100,0,14,0,1.3,3.6,1.6,0.7,0.6,100,22,1,0.1,0.2,0.1,17,3,1,3,0.7,No recurring injuries,Very Low,1.7,71,0.1,0,0,0,0,0,0,0,0,0,0,0.3,0.3
Eredivisie,sc Heerenveen,0.41,Maxence Rivera,AM (R),AM (C),24,"5'7""",Weak,Very Strong,6.89,0,1089,2,544.5,0.2,2.15,2.15,-0.15,0.2,13%,0.1433333333,1.2,0.3,0.3,27%,0,0,0,1,0.1,0.92,0.1,90%,45.6,0.1,1.7,2.9,4,0.8,20,4,0.8,21,3.3,9,2,20.5,3.2,1.3,1.9,8.6,67,24,0,0.2,0.7,0,9,1,0,11.4,14.3,No recurring injuries,Below Average,3,36,0,0,0,0,0,0,0,0,0,0,0,0.7,0.8
Jupiler Pro League,Standard,0.50,Ibrahim Karamoko,M (C),D (C),25,"6'3""",Weak,Very Strong,6.49,0,1426,2,713,0.1,3.22,3.22,-1.22,0.2,9%,0.14,1.5,0.4,0.3,30%,1,0,0,1,0.1,1.04,0.1,0%,0,0.1,0.1,0,0,0,0,0,0,0,0,8,0,14.1,11.1,0,0,0,0,0,0,0,0,0,1,1,0,0,0,No recurring injuries,Low,0,0,0,0,0,0,0,0,0,0,0,0,0,1.1,0.9
Premier League,Sporting CP,0.62,Morten Hjulmand,DM,,27,"6'1""",Reasonable,Very Strong,7.3,2,1245,2,622.5,0.1,0.8,0.8,1.2,0.1,25%,0.1,0.6,0.2,0.1,38%,0,0,0,3,0.2,2.59,0.2,92%,69.5,0.2,0.7,8.5,0.1,0,0,0.1,0,0,0.2,8,0,3.8,15.1,0.9,2.7,6.5,72,18,0,0.5,0.7,0.4,15,5,0,12.1,12.3,No recurring injuries,Below Average,2.9,55,0.2,0,0,0,0,0,0,0,0,0,0,2,0.7
Serie A,U.S. Lecce,0.5,Paco Esteban,ST (C),,20,"6'1""",Reasonable,Very Strong,6.79,0,1440,2,720,0.1,1.23,1.23,0.77,0.1,11%,0.06473684211,1.2,0.3,0.5,26%,0,0,0,0,0,0.18,0,88%,40.6,0.2,1.9,3.9,2.7,0.7,25,2.7,0.7,26,3.2,17,6,22.1,1.5,1.3,2.2,8.2,81,26,1,0.3,0.5,0,9,0,0,10.9,11.2,No recurring injuries,Very Low,4.7,33,0.1,0,0,0,0,0,0,0,0,0,0,0.6,0.9
Serie BKT,Venezia,0.5,Luca Vignali,D/WB (R),,30,"6'0""",Weak,Very Strong,7.15,1,1260,2,630,0.1,1.09,1.09,0.91,0.1,15%,0.08384615385,0.9,0.2,0,23%,0,0,0,2,0.1,2.74,0.2,74%,20,0,0,0,0,0,0,0,0,0,0,15,0,0,0,1.9,0,0,100,27,0,0,0,0,13,1,1,0,0,No recurring injuries,Very Low,0,0,0,0,0,0,0,0,0,0,0,0,0,0,0
Serie A,Casciavit,0.5,Pervis Estupiñán,D (L),M (L),28,"5'9""",Very Strong,Weak,7.15,2,1049,2,524.5,0.2,0.51,0.51,1.49,0,100%,0.255,0.2,0.2,0,100%,0,0,0,4,0.3,1.74,0.1,87%,58.2,0.3,2.5,5.9,7.6,1.1,14,7.6,1.1,15,3.4,10,0,20.8,9.3,2.2,4.2,11.3,72,36,2,0.6,0.9,0.1,18,1,0,12.4,27.5,No recurring injuries,Very Low,2.6,57,0,0,0,0,0,0,0,0,0,0,0,2,1
Ligue 1 McDonald's,AS Monaco,0.50,Lamine Camara,DM,,22,"5'8""",Reasonable,Very Strong,6.62,0,1123,2,561.5,0.2,0.47,0.47,1.53,0,29%,0.06714285714,0.6,0.2,0.4,43%,0,0,0,2,0.2,1.76,0.1,89%,8.3,0.4,0.4,0.9,0.6,0.2,28,0.4,0.2,40,0.3,7,1,13.5,11.4,0.2,0.5,1.5,40,5,0,0,0,0,6,3,0,2.4,3.3,No recurring injuries,Below Average,0.4,20,0,0,0,0,0,0,0,0,0,0,0,1.6,0.7
Serie A,Sassuolo,0.5,Domenico Berardi,AM (R),,32,"6'0""",Very Strong,Reasonable,7.12,3,1073,2,536.5,0.2,2.65,2.65,-0.65,0.2,7%,0.09814814815,2.3,1.1,0.6,48%,0,1,100,2,0.2,1.36,0.1,90%,48,0.3,2.1,4.4,2.5,0.5,20,2.5,0.5,20,3.5,11,5,11.6,4.9,1.3,2.3,8.2,71,21,1,0.2,0.3,0,16,2,0,9.8,13.4,No recurring injuries,Very Low,1.5,22,0.1,0,0,0,0,0,0,0,0,0,0,0.8,1.2
Jupiler Pro League,RWDM Brussels,0.50,Ilyes Ziani,AM (C),,23,"5'8""",Reasonable,Very Strong,6.91,0,1115,2,557.5,0.2,2.72,2.72,-0.72,0.2,9%,0.1236363636,1.8,0.6,0.3,32%,0,0,0,2,0.2,1.65,0.1,90%,42.9,0.2,1.8,2.8,1.5,0.3,21,0.3,0,0,1.5,11,0,14,12.2,0.2,1.5,5.7,50,4,0,0.3,1,0,1,1,0,11.9,9.4,No recurring injuries,Average,3.3,27,0,0,0,0,0,0,0,0,0,0,0,1.1,1.2
Serie BKT,Palermo,0.5,Mattia Bani,D (C),,32,"6'2""",Weak,Very Strong,7.39,0,1260,2,630,0.1,0.46,0.46,1.54,0,33%,0.07666666667,0.4,0.1,0,17%,0,0,0,2,0.1,0,0,78%,26.1,0,0.1,1,0.9,0.1,8,0.9,0.1,8,0.2,11,0,2.9,2.5,2.2,0.5,1.9,91,34,0,0.3,0.4,0.1,15,1,1,3.2,4,No recurring injuries,Very Low,1.6,57,0.1,0,0,0,0,0,0,0,0,0,0,0.3,0.3
Second Division,Almería,0.5,Jon Morcillo,AM (L),"M (R), ST (C)",28,"6'0""",Very Strong,Reasonable,7.26,2,1376,2,688,0.1,2.52,2.52,-0.52,0.2,7%,0.08689655172,1.9,0.7,0.5,38%,2,0,0,5,0.3,3.22,0.2,91%,49.4,0.3,1.9,3.9,4,0.8,19,4,0.8,20,2.9,10,6,15.8,6.7,2.2,3,9.3,85,39,0,0.3,0.2,0,18,0,0,12,14.5,No recurring injuries,Below Average,3.4,40,0.1,0,0,0,0,0,0,0,0,0,0,1.2,1.1
Sky Bet Championship,Wrexham,0.46,Ben Sheaf,"DM, M (C)",D (C),28,"6'1""",Reasonable,Very Strong,6.54,0,1560,2,780,0.1,1.67,1.67,0.33,0.1,15%,0.1284615385,0.8,0.2,0.2,31%,0,0,0,3,0.2,2.41,0.1,0%,0,0.1,0.2,0,0,0,0,0,0,0,0,12,0,13.5,12,0,0,0,0,0,0,0,0,0,3,3,0,0,0,No recurring injuries,Above Average,0,0,0,0,0,0,0,0,0,0,0,0,0,1.1,1.2
First Division,Real San Sebastián,0.5,Gonçalo Guedes,AM (L),"M (RL), AM (C), ST (C)",30,"5'10""",Reasonable,Very Strong,7.07,3,1088,2,544,0.2,5.02,5.02,-3.02,0.4,6%,0.1521212121,2.7,1.2,0.6,45%,1,0,0,3,0.2,1.96,0.2,90%,50.6,0.2,2.1,4.3,3.8,0.6,15,3.7,0.6,16,2.7,13,5,15.4,5.7,1.8,2.7,10.1,81,27,1,0.3,0.6,0,12,1,0,12,19.1,No recurring injuries,High,2.6,23,0.1,0,0,0,0,0,0,0,0,0,0,1.2,1.2
Eredivisie,Sparta Rotterdam,0.46,Shunsuke Mito,AM (L),AM (C),24,"5'5""",Reasonable,Very Strong,7.01,0,1061,2,530.5,0.2,2.13,2.13,-0.13,0.2,11%,0.1183333333,1.5,0.8,0.6,50%,0,0,0,1,0.1,1.79,0.2,89%,45.4,0.3,2.1,3.9,3.1,0.8,24,3.1,0.8,24,3.6,11,5,14.6,4.2,1.7,1.8,9.5,74,27,0,0.1,0.6,0,13,0,0,12.2,17,No recurring injuries,Below Average,3.3,10,0,0,0,0,0,0,0,0,0,0,0,1.2,1
Ligue 1 McDonald's,AS Monaco,0.50,Eric Dier,D (C),DM,32,"6'3""",Reasonable,Very Strong,7.22,2,1690,2,845,0.1,1.63,0.86,0.37,0.1,25%,0.20375,0.4,0.3,0.1,63%,0,1,100,0,0,1.34,0.1,93%,49.8,0.1,0.3,2.6,0.1,0.1,100,0.1,0.1,100,0.1,7,0,3.6,13.9,0.7,3.2,2.4,68,19,6,0.9,1.1,0.8,8,2,0,9.9,4.1,No recurring injuries,Below Average,7.1,80,1.3,0,0,0,0,0,0,0,0,0,0,1.4,0.8
Serie A,Spezia,0.5,Edoardo Soleri,ST (C),AM (LC),29,"6'4""",Weak,Very Strong,6.63,0,1389,2,694.5,0.1,5.3,4.49,-3.3,0.3,4%,0.1104166667,3.1,1.4,0.7,44%,2,1,0,1,0.1,1.11,0.1,88%,23.5,0.1,1,0.6,0.5,0.1,14,0.5,0.1,14,0.7,23,11,20.8,1.5,0.2,0.6,2.1,50,6,0,0.3,0.1,0,15,1,0,10.1,5.1,No recurring injuries,Very Low,9.2,41,0.2,0,0,0,0,0,0,0,0,0,0,0.6,1
Serie BKT,Südtirol,0.5,Salvatore Molina,M (RL),,34,"5'10""",Weak,Very Strong,6.75,0,1170,2,585,0.2,0.75,0.75,1.25,0.1,29%,0.1071428571,0.5,0.1,0,14%,0,0,0,1,0.1,1.57,0.1,70%,20,0,0,0,0,0,0,0,0,0,0,12,0,0,0,1.8,0,0,80,30,0,0,0,0,19,0,0,0,0,No recurring injuries,Very Low,0,0,0,0,0,0,0,0,0,0,0,0,0,0,0
Ligue 1 McDonald's,Paris FC,0.48,Moses Simon,AM (L),M (L),31,"5'6""",Reasonable,Very Strong,6.89,0,1190,2,595,0.2,2.74,2.74,-0.74,0.2,8%,0.1096,1.9,0.9,0.5,48%,0,0,0,0,0,1,0.1,89%,42.1,0.2,1.5,3.6,4.1,1.1,27,3.6,1.1,31,4.7,9,2,16.3,4.9,1.1,2.6,10.4,61,23,0,0.3,1,0.1,11,0,0,12.3,16.3,No recurring injuries,Above Average,2.4,31,0.2,0,0,0,0,0,0,0,0,0,0,1,1.3
Premier League,Chelsea,0.56,Moisés Caicedo,DM,,25,"5'10""",Weak,Very Strong,6.87,0,1348,2,674,0.1,1.79,1.79,0.21,0.1,7%,0.0662962963,1.8,0.7,1.1,37%,1,0,0,0,0,0.69,0,91%,55,0.1,1.1,3.5,0.3,0.1,50,0.3,0.1,50,0.4,5,1,5.8,7.7,1.9,3.1,7.7,78,36,0,0.2,0.6,0.2,8,1,0,12.5,14,No recurring injuries,Below Average,1.7,28,0.1,0,0,0,0,0,0,0,0,0,0,1.9,0.7
Eredivisie,Go Ahead Eagles,0.51,Oskar Sivertsen,AM (R),AM (L),22,"5'10""",Reasonable,Very Strong,7.1,1,1019,2,509.5,0.2,1.85,1.85,0.15,0.2,11%,0.1027777778,1.6,0.6,0.8,39%,1,1,100,1,0.1,1.48,0.1,89%,42.7,0.4,1.5,3.1,6.8,1.4,20,3.1,0.8,26,4.9,12,3,18.9,4.3,0.7,2.3,8.1,73,11,0,0.4,0.7,0,6,0,0,10.7,13.4,No recurring injuries,Above Average,3.4,11,0,0,0,0,0,0,0,0,0,0,0,0.5,1.1
Ligue 1 McDonald's,RC Lens,0.48,Jhoanner Chávez,D/WB (L),,24,"6'0""",Very Strong,Reasonable,7.01,5,2025,2,1012.5,0.1,0.49,0.49,1.51,0,40%,0.098,0.2,0.1,0.1,60%,0,0,0,3,0.1,2.02,0.1,92%,48.8,0.1,1.9,4.8,5.2,0.8,15,5.2,0.8,15,2,14,2,16.9,10,2.2,3.6,11.2,74,68,3,0.8,1.7,0.1,53,5,0,12.8,24.6,No recurring injuries,High,3.6,40,0.3,0,0,1,0,0,0,0,0,0,0,1,0.8
Jupiler Pro League,KRC Genk,0.54,Yaimar Medina,WB (L),,22,"5'10""",Very Strong,Weak,6.9,2,1333,2,666.5,0.1,1.57,1.57,0.43,0.1,22%,0.1744444444,0.6,0.1,0.1,22%,0,0,0,1,0.1,2.39,0.2,87%,58.7,0.4,0.9,6.8,3.6,0.7,20,0.8,0.3,33,1.3,19,2,11.7,13.8,2.5,3.1,8.6,97,38,0,0.7,0.9,0.3,17,2,0,11.3,15.9,No recurring injuries,Average,2,31,0,0,0,0,0,0,0,0,0,0,0,1.4,0.8
Serie BKT,Cremonese,0.5,Giuseppe Pezzella,D (L),M (L),29,"6'2""",Very Strong,Reasonable,7.24,1,1260,2,630,0.1,2.56,2.56,-0.56,0.2,15%,0.1969230769,0.9,0.3,0,31%,0,0,0,2,0.1,1.97,0.1,71%,20,0,0,0,0,0,0,0,0,0,0,12,0,0,0,2.1,0,0,100,30,0,0,0,0,18,0,0,0,0,No recurring injuries,Very Low,0,0,0,0,0,0,0,0,0,0,0,0,0,0,0
Eredivisie,Ajax,0.60,Sivert Mannsverk,M (C),,24,"6'1""",Reasonable,Very Strong,6.92,1,1074,2,537,0.2,1.28,1.28,0.72,0.1,14%,0.09142857143,1.2,0.4,0.4,36%,0,0,0,3,0.3,3.45,0.3,90%,63.1,0.3,0.9,7.9,0.7,0,0,0,0,0,0.4,7,1,5.2,13.2,1.1,2.9,7.3,68,19,0,0.3,0.3,0.2,16,5,0,12.1,12.7,No recurring injuries,High,1.8,55,0,0,0,0,0,0,0,0,0,0,0,1.4,1.3
Eredivisie,sc Heerenveen,0.41,Jacob Trenskow,AM (R),,26,"5'10""",Very Strong,Reasonable,6.79,0,1154,2,577,0.2,2.58,2.58,-0.58,0.2,9%,0.112173913,1.8,0.5,0.6,30%,0,0,0,0,0,2.73,0.2,91%,41.3,0.2,1.4,3,2.3,0.3,13,2.3,0.3,14,3.2,5,4,20.4,3.7,1.2,1.7,9.7,76,21,0,0.2,0.8,0,10,0,0,11.2,13.3,No recurring injuries,Below Average,3.9,8,0.1,0,0,0,0,0,0,0,0,0,0,0.7,0.9
Jupiler Pro League,RSC Anderlecht,0.58,Hasan Kuruçay,D (C),,29,"6'2""",Reasonable,Very Strong,6.98,1,1890,2,945,0.1,0.88,0.88,1.12,0,25%,0.11,0.4,0.1,0.1,38%,0,0,0,1,0,2.62,0.1,91%,42.4,0.1,0.3,1.6,0,0,0,0,0,0,0.1,4,0,2.8,18,0.7,3.1,3,78,18,4,0.8,1,0.6,8,3,0,10,3.5,No recurring injuries,Below Average,5.4,64,0.7,0,0,0,0,0,0,0,0,0,0,1.5,1
Serie BKT,SSC Bari,0.5,Ibrahima Mbaye,D (R),"D (L), M (R)",32,"6'2""",Reasonable,Very Strong,7.51,1,1260,2,630,0.1,0.82,0.82,1.18,0.1,25%,0.1025,0.6,0.1,0,25%,0,0,0,1,0.1,0.87,0.1,69%,20,0,0,0,0,0,0,0,0,0,0,18,0,0,0,1.7,0,0,89,27,0,0,0,0,19,0,1,0,0,No recurring injuries,Very Low,0,0,0,0,0,0,0,0,0,0,0,0,0,0,0
First Division,Cádiz,0.5,Jacob Bruun Larsen,AM (L),"M (RL), ST (C)",28,"6'0""",Fairly Strong,Very Strong,6.85,0,1006,2,503,0.2,1.25,1.25,0.75,0.1,10%,0.0625,1.8,0.8,0.8,45%,0,0,0,0,0,1.72,0.2,89%,40,0.2,1.5,3.4,2.1,0.6,29,2.1,0.6,29,2.1,15,6,16.7,3.8,1.6,2.1,6.8,95,19,1,0.4,0.4,0.1,8,0,0,10.8,10.2,No recurring injuries,Above Average,3.8,38,0.1,0,0,0,0,0,0,0,0,0,0,0.9,1.3
Sky Bet Championship,Preston,0.50,Sandro Vidigal,AM (L),"M (L), AM (R)",19,"5'8""",Fairly Strong,Very Strong,6.91,3,1053,2,526.5,0.2,2.33,2.33,-0.33,0.2,11%,0.1226315789,1.6,0.8,0.3,47%,1,0,0,3,0.3,1.55,0.1,90%,45.3,0.4,1.8,3.9,2.8,0.5,18,2.8,0.5,18,4,9,3,18.2,4.8,1.5,1.7,9.3,82,22,0,0.3,0.3,0,13,2,0,11.3,12.9,No recurring injuries,Below Average,3,11,0,0,0,0,0,0,0,0,0,0,0,1.1,1
Serie A,AS Roma,0.5,Angeliño,WB (L),"D (C), M (L)",29,"5'7""",Very Strong,Weak,7.1,1,1832,2,916,0.1,0.86,0.86,1.14,0,22%,0.09555555556,0.4,0.3,0.2,67%,0,0,0,3,0.1,4.81,0.2,86%,55.7,0.4,2,5.1,10.3,2,19,9.1,1.8,20,2.5,21,1,14.2,12.6,2.3,3.5,10.2,68,69,2,0.4,0.9,0.2,28,1,0,12,25.7,No recurring injuries,Low,2,24,0.1,0,0,0,0,0,0,0,0,0,0,1.3,1.2
Second Division,Zaragoza,0.48,Valery,AM (L),"D/M (RL), AM (R)",27,"5'10""",Fairly Strong,Very Strong,6.84,1,1121,2,560.5,0.2,1.71,1.71,0.29,0.1,12%,0.1005882353,1.4,0.6,0.6,47%,0,0,0,1,0.1,1.6,0.1,88%,43.4,0.2,1.4,2.6,2.3,0.6,27,2.3,0.6,28,3.5,9,9,17.3,5.1,1.4,1.7,9.6,63,27,0,0.2,0.4,0,14,1,0,11.1,13.5,No recurring injuries,High,4.6,25,0.2,0,0,0,0,0,0,0,0,0,0,1.1,1.2
Serie BKT,Union Brescia,0.5,Manuel Marras,AM (RC),"M (R), AM (L)",33,"5'7""",Very Strong,Reasonable,6.97,0,1260,2,630,0.1,3.68,3.68,-1.68,0.3,6%,0.1051428571,2.5,1,0,40%,0,0,0,2,0.1,1.47,0.1,69%,20,0,0,0,0,0,0,0,0,0,0,20,0,0,0,0.6,0,0,100,8,0,0,0,0,14,0,0,0,0,No recurring injuries,Very Low,0,0,0,0,0,0,0,0,0,0,0,0,0,0,0
Ligue 1 McDonald's,Brest,0.51,Mama Baldé,ST (C),"M (R), AM (L)",31,"5'9""",Weak,Very Strong,6.7,0,1277,2,638.5,0.1,2.25,1.48,-0.25,0.2,10%,0.1125,1.4,0.6,0.2,45%,0,1,0,1,0.1,0.94,0.1,87%,39.9,0.3,2.1,3,5.6,0.8,15,5.6,0.8,15,6.1,19,5,19.7,4.9,1.8,1.8,11.5,66,38,1,0.1,0.6,0.1,16,0,0,11.6,14.9,No recurring injuries,Low,4.4,34,0.1,0,0,0,0,0,0,0,0,0,0,0.9,1.1
Second Division,Málaga,0.57,David Larrubia,AM (R),"M (R), AM (L)",24,"5'8""",Very Strong,Fairly Strong,7.14,3,1492,2,746,0.1,4.11,4.11,-2.11,0.2,5%,0.1002439024,2.5,0.8,0.8,32%,3,0,0,3,0.2,3.63,0.2,91%,42.8,0.4,1.6,3.1,6.5,1.4,21,3.9,0.9,23,4.4,13,6,13.6,6.1,1,1.4,8.6,73,22,0,0.4,0.4,0,19,0,0,10.7,11.3,No recurring injuries,Average,3.3,37,0.1,0,0,0,0,0,0,0,0,0,0,1.4,0.7
Bundesliga,VfL Wolfsburg,0.47,Christian Eriksen,AM (C),"DM, AM (RL)",34,"5'10""",Strong,Very Strong,6.92,0,1116,2,558,0.2,2.15,2.15,-0.15,0.2,8%,0.08269230769,2.1,0.8,0.8,38%,2,0,0,0,0,1.81,0.1,88%,47.7,0.5,2.2,4.5,5.2,1,18,1.2,0.3,27,0.8,9,4,16.2,12.4,0.8,1.3,5.2,83,12,1,0.1,0.3,0,5,0,0,11.5,10.2,No recurring injuries,Low,1.9,22,0,0,0,0,0,0,0,0,0,0,0,0.8,1.7
Bundesliga 2,1. FC Heidenheim 1846,0.51,Krisztián Lisztes,AM (L),"M (L), AM (R)",21,"6'0""",Reasonable,Very Strong,6.9,2,1074,2,537,0.2,2.25,2.25,-0.25,0.2,11%,0.125,1.5,0.8,0.6,50%,3,0,0,5,0.4,2.24,0.2,89%,45.2,0.6,1.3,2.5,2.6,0.7,25,2.6,0.7,26,4.3,14,8,17.3,5.1,1.4,1.3,10.5,94,18,0,0.5,0.6,0,14,1,0,11.7,12.8,No recurring injuries,Above Average,3.8,44,0.2,0,0,0,0,0,0,0,0,0,0,1.5,0.8
Bundesliga,VfL Wolfsburg,0.47,Adam Daghim,AM (R),"M (R), AM (L), ST (C)",21,"6'3""",Very Strong,Weak,6.95,0,1350,2,675,0.1,1.7,1.7,0.3,0.1,8%,0.07083333333,1.6,0.7,0.8,46%,0,0,0,2,0.1,2.05,0.1,83%,48,0.4,1.5,3.9,4.4,1.1,24,4.4,1.1,24,3.4,18,9,20.9,4.7,2.1,1.6,9.5,89,35,0,0.2,0.7,0,18,2,0,13,19.3,No recurring injuries,Below Average,3.5,45,0.1,0,0,0,0,0,0,0,0,0,0,0.9,1.5
Bundesliga 2,Eintracht Braunschweig,0.50,Lukas Frenkert,D (C),D (RL),26,"6'3""",Fairly Strong,Very Strong,6.83,0,1168,2,584,0.2,1.14,1.14,0.86,0.1,22%,0.1266666667,0.7,0.4,0.5,56%,0,0,0,0,0,0.35,0,84%,42.5,0,0.2,1.8,0,0,0,0,0,0,0.1,2,0,2.7,14.3,0.5,2.9,2.3,67,9,0,0.6,1.5,1.2,11,5,0,10.7,4.4,No recurring injuries,Above Average,6,76,0.8,0,0,0,0,0,0,0,0,0,0,0.9,0.9
Serie A,Juventus,0.5,Bremer,D (C),,29,"6'2""",Weak,Very Strong,7.14,1,1672,2,836,0.1,2.27,2.27,-0.27,0.1,18%,0.2063636364,0.6,0.2,0.2,27%,0,0,0,2,0.1,1,0.1,94%,52.2,0.1,0.2,2.4,0,0,0,0,0,0,0,6,1,2.4,17.1,0.4,2.7,1.9,80,10,1,0.8,1.2,0.4,14,3,1,9.8,4.4,No recurring injuries,Very Low,5.9,78,1.3,0,0,0,0,0,0,0,0,0,0,1.2,0.9
Bundesliga 2,Eintracht Braunschweig,0.50,Mick Schmetgens,D (C),,19,"6'3""",Weak,Very Strong,7,1,1350,2,675,0.1,0.45,0.45,1.55,0,29%,0.06428571429,0.5,0.1,0.2,29%,0,0,0,0,0,0.16,0,95%,44.5,0.1,0.3,1.9,0,0,0,0,0,0,0.1,3,0,3.4,13,0.7,2.5,1.9,92,12,2,0.7,1.7,0.9,9,2,0,10.1,3.7,No recurring injuries,Above Average,5.8,69,1.2,0,0,0,0,0,0,0,0,0,0,1,0.9
First Division,Burgos,0.35,Curro,AM (R),"M (R), AM (L)",30,"5'8""",Very Strong,Fairly Strong,6.78,0,1181,2,590.5,0.2,2.02,2.02,-0.02,0.2,11%,0.1122222222,1.4,0.7,0.5,50%,2,0,0,1,0.1,0.76,0.1,90%,44.9,0.2,1.4,3.7,11.1,2.1,18,4.6,1.2,26,4.6,15,4,18.2,4.1,2.1,2.1,9.4,88,32,0,0.5,0.5,0,19,4,0,11.4,14.3,No recurring injuries,Above Average,2.9,29,0.1,0,0,0,0,0,0,0,0,0,0,0.8,2.2
Sky Bet Championship,Preston,0.50,Caylan Vickers,AM (R),AM (L),21,"5'8""",Fairly Strong,Very Strong,6.91,1,1042,2,521,0.2,1.51,1.51,0.49,0.1,17%,0.1258333333,1,0.6,0.3,58%,0,0,0,1,0.1,1.99,0.2,87%,44.1,0.2,2.2,3,3.9,0.4,11,3.9,0.4,11,5.2,7,3,18.9,3.9,1.6,2.3,9.5,86,21,0,0,0.8,0,6,0,0,10.9,11,No recurring injuries,Average,2.9,18,0,0,0,0,0,0,0,0,0,0,0,0.6,1.1
Bundesliga 2,Hannover 96,0.53,Husseyn Chakroun,AM (L),"M (L), AM (RC)",22,"5'9""",Reasonable,Very Strong,6.92,0,1332,2,666,0.1,2.15,2.15,-0.15,0.1,9%,0.09772727273,1.5,0.2,0.4,14%,1,0,0,1,0.1,1.97,0.1,87%,41.4,0.4,2,3.9,1.8,0.7,37,1.8,0.7,37,4.5,17,4,21.5,4.6,1.6,2,9.9,82,28,0,0.3,0.5,0,24,2,0,10.8,14,No recurring injuries,Above Average,3.5,6,0.1,0,0,0,0,0,0,0,0,0,0,0.8,0.7
Second Division,Leonesa,0.48,Bicho,AM (C),"M (C), AM (L)",30,"5'8""",Very Strong,Weak,7.08,2,1191,2,595.5,0.2,1.72,1.72,0.28,0.1,13%,0.1075,1.2,0.5,0.5,38%,0,0,0,2,0.2,3.15,0.2,92%,44.5,0.3,1.7,3.2,9.4,1.7,17,2.3,0.4,17,4,12,2,15.7,6.6,1.8,2,8.3,80,30,1,0.4,0.5,0,7,0,0,11.1,11.9,No recurring injuries,Above Average,4.1,37,0.2,0,0,0,0,0,0,0,0,0,0,1.1,1.1
Sky Bet Championship,Middlesbrough,0.50,Riley McGree,M (C),AM (C),28,"5'10""",Very Strong,Fairly Strong,6.77,0,1048,2,524,0.2,2.12,2.12,-0.12,0.2,9%,0.09636363636,1.9,0.7,0.6,36%,0,0,0,1,0.1,3.5,0.3,90%,43.5,0.3,1.2,2.9,3,0.5,17,2.9,0.5,18,2.9,9,5,19.3,4.4,2.1,2.3,8.9,86,29,0,0.3,0.4,0,14,0,0,10.9,14.8,No recurring injuries,High,5.1,47,0.1,0,0,0,0,0,0,0,0,0,0,1,1.3
First Division,Villarreal,0.53,Nicolas Pépé,AM (R),AM (L),31,"6'0""",Very Strong,Weak,6.91,0,1006,2,503,0.2,1.33,1.33,0.67,0.1,13%,0.08866666667,1.3,0.5,0.5,40%,1,0,0,1,0.1,0.95,0.1,87%,48.7,0.1,2.1,3.7,4.3,1.3,29,3.1,1.2,37,4.5,19,4,22.5,5.6,1.4,3,9.4,84,19,0,0.4,1,0,13,1,0,11.9,13.8,No recurring injuries,Above Average,2.3,38,0,0,0,0,0,0,0,0,0,0,0,1.3,1.7
Serie BKT,Cittadella,0.5,Kevin Koffi,ST (C),,40,"5'11""",Weak,Very Strong,5.16,0,1009,2,504.5,0.2,4.54,3.74,-2.54,0.4,5%,0.1194736842,3.4,1.6,0,47%,0,1,100,0,0,0.46,0,50%,21.4,0,0,0,0,0,0,0,0,0,0,20,0,0,0,0.5,0,0,75,8,0,0,0,0,31,0,1,0,0,No recurring injuries,Very Low,0,0,0,0,0,0,0,0,0,0,0,0,0,0,0
Jupiler Pro League,Antwerp,0.53,Orseer Achihi,AM (L),ST (C),20,"5'7""",Weak,Very Strong,6.85,1,1438,2,719,0.1,3.81,3.81,-1.81,0.2,9%,0.1656521739,1.4,0.6,0.3,39%,0,0,0,1,0.1,2.21,0.1,91%,43.3,0.2,1.6,3.7,2.5,0.8,32,2.5,0.8,33,4.4,14,6,20,2.8,1.2,1.9,8.1,73,26,1,0.2,0.6,0,20,2,0,11.5,12.8,No recurring injuries,Average,3.4,11,0.1,0,0,0,0,0,0,0,0,0,0,1,1.7
First Division,Vallecano,0.53,Isi Palazón,AM (C),M (R),31,"5'7""",Very Strong,Weak,6.85,0,1087,2,543.5,0.2,2.11,2.11,-0.11,0.2,10%,0.1004761905,1.7,0.7,0.6,38%,1,0,0,1,0.1,0.46,0,90%,49.8,0.1,1.7,2.7,3.7,0.6,15,0.9,0.2,27,2.1,7,4,16.9,10.1,0.3,1.5,6,80,5,0,0.2,0.4,0,9,2,0,12.9,12.3,No recurring injuries,Average,3.1,8,0.1,0,0,0,0,0,0,0,0,0,0,1.4,1
First Division,A. Bilbao,0.61,Mikel Jauregizar,M (C),AM (C),23,"5'10""",Fairly Strong,Very Strong,7.23,3,1638,2,819,0.1,1.26,1.26,0.74,0.1,7%,0.042,1.6,0.7,1.3,40%,2,0,0,5,0.3,2.26,0.1,93%,74.5,0.3,1.2,9,0.4,0.2,57,0.4,0.2,57,0.2,11,0,4.7,14.6,0.9,2.7,6.3,73,22,1,0.2,0.7,0.1,8,2,0,12.5,16.6,No recurring injuries,Below Average,1.2,38,0,0,0,0,0,0,0,0,0,0,0,1.8,1.3
Eredivisie,Ajax,0.60,Dies Janse,D (C),D (L),20,"6'5""",Very Strong,Weak,7.13,3,1234,2,617,0.1,0.77,0.77,1.23,0.1,25%,0.09625,0.6,0.2,0.1,38%,0,0,0,2,0.1,0.6,0,92%,48.9,0.1,0.3,2.1,0.1,0.1,50,0.1,0.1,50,0,1,0,3.9,15.2,0.3,2.8,2.5,36,11,4,1,1.1,0.4,3,3,0,9.9,4.1,No recurring injuries,High,6.1,83,1.4,0,0,0,0,0,0,0,0,0,0,1.7,0.8
First Division,A. Madrid,0.59,Giuliano Simeone,AM (R),"WB (R), ST (C)",23,"5'11""",Reasonable,Very Strong,6.94,0,1320,2,660,0.1,1.85,1.85,0.15,0.1,11%,0.1027777778,1.2,0.8,0.6,67%,0,0,0,2,0.1,1.34,0.1,83%,51.8,0.1,1.7,5.2,4.6,0.8,17,4.6,0.8,18,3.8,17,9,16.3,7.3,2.3,2.2,10.8,76,45,1,0.5,0.3,0.1,25,3,0,12.5,19,No recurring injuries,Below Average,3.5,55,0.1,0,0,0,0,0,0,0,0,0,0,1.6,1
Sky Bet Championship,Sunderland,0.53,Milan Aleksić,AM (C),DM,21,"5'10""",Reasonable,Very Strong,6.83,1,1223,2,611.5,0.1,3.66,3.66,-1.66,0.3,11%,0.2033333333,1.3,0.5,0.5,39%,1,0,0,0,0,1.42,0.1,91%,40.4,0.1,1.8,3.2,1.2,0.3,25,1.2,0.3,25,1.7,7,4,25.5,7.1,0.9,1.6,5.3,92,13,0,0.2,0.2,0,13,0,0,12.1,9.9,No recurring injuries,Below Average,2.9,28,0.1,0,0,0,0,0,0,0,0,0,0,0.7,0.5
Premier League,Everton,0.37,Iliman N'Diaye,AM (L),"M (RL), AM (R), ST (C)",26,"5'9""",Fairly Strong,Very Strong,6.61,0,1169,2,584.5,0.2,1.52,1.52,0.48,0.1,9%,0.06909090909,1.7,0.8,1,50%,1,0,0,0,0,1.57,0.1,84%,38.5,0.2,1.5,6.1,3.5,1.1,31,3.5,1.1,31,4.4,19,1,13.7,9.2,2.1,3.2,15.8,69,39,0,0.3,1.3,0.1,9,1,0,13.7,20.3,No recurring injuries,Below Average,4,21,0,0,0,1,0,0,0,0,0,0,0,1.9,1.5
Serie BKT,Pisa,0.5,Idrissa Touré,M (RC),,28,"6'2""",Weak,Very Strong,7.29,1,1260,2,630,0.1,1.68,1.68,0.32,0.1,25%,0.21,0.6,0.1,0,25%,0,0,0,5,0.4,1.67,0.1,77%,24.9,0,0.3,0.6,0.4,0.1,20,0.4,0.1,20,0.2,30,0,1.1,3,1.9,0.4,1,87,31,1,0.1,0.1,0,16,1,0,1.7,2.6,No recurring injuries,Very Low,0.5,43,0,0,0,0,0,0,0,0,0,0,0,0.4,0.1
Premier League,Sporting CP,0.62,Salvador Blopá,D/WB (R),"D (L), M (RL)",19,"6'4""",Very Weak,Very Weak,7.01,1,1352,2,676,0.1,1.7,1.7,0.3,0.1,12%,0.1,1.1,0.3,0.5,29%,2,0,0,3,0.2,3.07,0.2,88%,49.8,0.2,1.7,4.5,2.9,0.5,15,2.9,0.5,16,2.1,12,11,18.8,6.5,1.5,2.3,8.5,77,30,1,0.3,0.5,0.1,17,0,0,12.1,15.9,No recurring injuries,Below Average,2.9,47,0,0,0,0,0,0,0,0,0,0,0,1.7,0.8
Sky Bet Championship,Burnley,0.53,Aaron Ramsey,AM (C),,23,"5'10""",Reasonable,Very Strong,6.67,1,1499,2,749.5,0.1,1.19,1.19,0.81,0.1,17%,0.09916666667,0.7,0.2,0.4,33%,1,0,0,7,0.4,5.52,0.3,93%,11.9,0.5,0.7,1.2,0.1,0.1,50,0.1,0.1,50,0.4,11,1,13,10.6,0.2,0.2,0.8,60,5,0,0.1,0,0.1,2,1,0,1.6,1.4,No recurring injuries,Above Average,0.4,33,0,0,0,0,0,0,0,0,0,0,0,1.8,0.8
Premier League,VTSC,0.46,Óscar Rivas,D (C),,26,"6'4""",Very Weak,Very Weak,6.85,0,1396,2,698,0.1,0.74,0.74,1.26,0,29%,0.1057142857,0.5,0.2,0.1,43%,0,0,0,1,0.1,0.29,0,93%,39.7,0.1,0.4,2.4,0,0,0,0,0,0,0,1,0,2.4,10.8,0.3,2.6,1.7,71,7,2,0.8,1.5,1.1,4,2,1,9.5,3.2,No recurring injuries,Below Average,5,61,0.6,0,0,0,0,0,0,0,0,0,0,1.4,1.4
Serie A,U.S. Lecce,0.5,Lassana Coulibaly,DM,,30,"6'0""",Weak,Very Strong,6.53,0,1294,2,647,0.1,1.56,1.56,0.44,0.1,11%,0.08666666667,1.3,0.4,0.3,33%,0,0,0,0,0,1.61,0.1,92%,8.6,0.1,0.1,0.7,0,0,0,0,0,0,0,12,0,9.4,11.1,0.1,0.3,0.9,100,2,0,0.1,0.1,0.1,4,2,0,1.8,2.2,No recurring injuries,Very Low,0.3,100,0,0,0,0,0,0,0,0,0,0,0,0.6,1
Sky Bet Championship,Leicester,0.47,Sammy Braybrooke,DM,,22,"5'7""",Fairly Strong,Very Strong,6.54,0,1452,2,726,0.1,1.1,1.1,0.9,0.1,18%,0.1,0.7,0.2,0.1,36%,0,0,0,3,0.2,2.95,0.2,95%,1.3,0.4,0.2,0.2,0,0,0,0,0,0,0,8,0,18.9,8.4,0.1,0,0.4,100,1,0,0,0.2,0,0,0,0,0.2,0.1,No recurring injuries,Average,0,0,0,0,0,0,0,0,0,0,0,0,0,1.1,1.4
Sky Bet Championship,Watford,0.43,Othmane Maamma,AM (R),ST (C),21,"5'11""",Fairly Strong,Very Strong,6.88,1,1217,2,608.5,0.1,1.37,1.37,0.63,0.1,20%,0.137,0.7,0.3,0.1,40%,0,0,0,3,0.2,1.9,0.1,84%,42.9,0.1,1.8,3.2,3.8,0.5,13,3.8,0.5,14,4.6,10,4,18.9,4.1,1.5,2.3,9.5,69,29,2,0.3,0.6,0,16,2,0,11.8,13.4,No recurring injuries,Above Average,2.7,24,0,0,0,0,0,0,0,0,0,0,0,1.2,1.5
Ligue 1 McDonald's,Brest,0.51,Brendan Chardonnet,D (C),,31,"6'0""",Weak,Very Strong,7.23,3,1800,2,900,0.1,0.63,0.63,1.37,0,17%,0.0525,0.6,0.3,0.2,50%,0,0,0,1,0.1,0.24,0,95%,45.6,0.1,0.2,2,0.1,0,0,0.1,0,0,0.1,4,0,3.3,13.6,0.8,3.6,2.2,94,17,8,0.9,1.4,0.8,7,2,0,10.1,4,No recurring injuries,Below Average,5.5,74,1.4,0,0,0,0,0,0,0,0,0,0,1.1,1.1
Premier League,Ipswich,0.42,Sam Szmodics,AM (C),"AM (R), ST (C)",31,"5'7""",Weak,Very Strong,6.57,0,1232,2,616,0.1,2.16,2.16,-0.16,0.2,9%,0.09818181818,1.6,0.4,0.9,27%,0,0,0,1,0.1,1.75,0.1,89%,38.6,0.2,1.5,2.6,1.5,0.5,33,0.9,0.3,33,0.8,7,8,8.8,5.8,0.6,2.1,7.9,62,13,0,0.3,0.9,0.2,21,0,0,13.5,21.8,No recurring injuries,Below Average,2.8,26,0,0,0,0,0,0,0,0,0,0,0,0.9,1.5
Bundesliga 2,SSV Jahn Regensburg,0.47,Max Besuschkow,M (C),"DM, AM (C)",29,"6'2""",Reasonable,Very Strong,6.51,0,1205,2,602.5,0.1,1.04,1.04,0.96,0.1,17%,0.08666666667,0.9,0.4,0.4,50%,1,0,0,2,0.1,2.32,0.2,0%,0,0.6,0.1,0,3.4,0.7,20,0,0,0,0,9,0,13,13.5,0,0,0,0,0,0,0,0,0,2,2,0,0,0,No recurring injuries,Average,0,0,0,0,0,1,0,0,0,0,0,0,0,1,0.8
Bundesliga 2,SV Darmstadt 98,0.51,Oliver Batista Meier,AM (C),"AM (RL), ST (C)",25,"5'10""",Weak,Very Strong,7.03,1,1203,2,601.5,0.1,2.26,2.26,-0.26,0.2,17%,0.1883333333,0.9,0.3,0.1,33%,1,0,0,4,0.3,4.67,0.3,91%,41.8,0.4,1.7,2.6,8,1.8,22,0.5,0.1,29,1.3,9,2,16.6,10.7,0.4,1.3,5.5,100,6,0,0.2,0.4,0,4,0,0,11.7,9.2,No recurring injuries,Above Average,2.7,3,0,0,0,0,0,0,0,0,0,0,0,1.2,1.4
Bundesliga 2,Karlsruher SC,0.46,Marvin Wanitzek,M (C),M (L),33,"5'10""",Reasonable,Very Strong,6.63,0,1252,2,626,0.1,5.28,5.28,-3.28,0.4,6%,0.1508571429,2.5,1,0.9,40%,1,0,0,4,0.3,3.91,0.3,91%,3.3,0.4,0.4,0.3,5.5,0.9,15,0,0,0,0.1,8,0,15.1,12.1,0.5,0.4,0.9,64,11,1,0.1,0.1,0.1,2,1,0,1,1.7,No recurring injuries,Very Low,0.1,0,0,0,0,0,0,0,0,0,0,0,0,1,0.6
Premier League,Sporting CP,0.62,Iván Fresneda,D (R),,22,"6'0""",Reasonable,Very Strong,7.05,2,1334,2,667,0.1,0.93,0.93,1.07,0.1,15%,0.07153846154,0.9,0.3,0.5,31%,0,0,0,0,0,1.66,0.1,91%,62.3,0.1,1.1,8.4,1.6,0.3,20,1.6,0.3,21,1,14,1,10.7,11.3,2,2.8,8,81,37,1,0.5,0.9,0.5,19,2,1,11.4,16.9,No recurring injuries,Below Average,2.5,32,0.3,0,0,0,0,0,0,0,0,0,0,2,0.5
First Division,Burgos,0.35,Florian Miguel,D (L),WB (L),30,"5'10""",Very Strong,Reasonable,6.99,1,1250,2,625,0.1,0.35,0.35,1.65,0,100%,0.175,0.1,0.1,0.1,100%,0,0,0,1,0.1,1.7,0.1,91%,46.4,0.1,0.8,3.9,0.4,0,0,0.4,0,0,0.1,6,1,6,9.9,1.6,3.5,3.3,96,23,4,0.6,1.1,0.6,9,1,0,10.3,7.3,No recurring injuries,Below Average,3.7,75,0.4,0,0,0,0,0,0,0,0,0,0,0.9,1.6
Ligue 1 McDonald's,Brest,0.51,Hugo Magnetti,DM,,28,"5'8""",Reasonable,Very Strong,7.04,0,1476,2,738,0.1,0.57,0.57,1.43,0,18%,0.05181818182,0.7,0.2,0.5,36%,1,0,0,2,0.1,1.61,0.1,92%,55.9,0.3,0.5,4.5,1.8,0.5,30,0.2,0.1,67,0.3,5,0,6.2,11.3,1.6,3.2,6.1,93,28,1,0.9,1.1,0.2,8,2,0,12.4,13.9,No recurring injuries,Below Average,1.2,60,0.1,0,0,0,0,0,0,0,0,0,0,1.2,1.1
Sky Bet Championship,Blackburn,0.52,Scott Wharton,D (C),,29,"6'2""",Very Strong,Weak,6.91,2,1638,2,819,0.1,0.34,0.34,1.66,0,25%,0.0425,0.4,0.2,0.2,38%,0,0,0,0,0,1.31,0.1,92%,42,0,0,1.4,0,0,0,0,0,0,0.1,1,1,2.8,14.3,0.4,2.6,2.6,89,9,0,0.6,1.3,1.2,11,0,0,9.8,5.2,No recurring injuries,Average,5.7,80,1.2,0,0,0,0,0,0,0,0,0,0,1.2,1.4
Serie BKT,Südtirol,0.5,Raphael Kofler,DM,"D (RC), M (C)",21,"6'4""",Reasonable,Very Strong,7.48,2,1260,2,630,0.1,0.74,0.74,1.26,0.1,25%,0.0925,0.6,0.1,0,25%,0,0,0,3,0.2,1.67,0.1,70%,20,0,0,0,0,0,0,0,0,0,0,28,0,0,0,2,0,0,90,31,0,0,0,0,15,0,2,0,0,No recurring injuries,Very Low,0,0,0,0,0,0,0,0,0,0,0,0,0,0,0
Bundesliga 2,1. FC Heidenheim 1846,0.51,Patrick Mainka,D (C),,32,"6'4""",Weak,Very Strong,7.09,1,1321,2,660.5,0.1,0.81,0.81,1.19,0.1,25%,0.10125,0.5,0.1,0.1,25%,0,0,0,0,0,1.2,0.1,93%,45.9,0.1,0.1,1.8,0,0,0,0,0,0,0,2,0,2.4,18.3,0.5,2.1,2.9,78,9,2,0.6,0.4,1.2,9,3,1,9.9,3.3,No recurring injuries,Very Low,6.9,74,1.4,0,0,0,0,0,0,0,0,0,0,1.4,0.7
Premier League,Crystal Palace,0.49,Yeremy Pino,AM (C),M (RL),24,"5'8""",Fairly Strong,Very Strong,6.76,1,1030,2,515,0.2,1.24,1.24,0.76,0.1,13%,0.0775,1.4,0.5,1,38%,1,0,0,2,0.2,2.24,0.2,90%,62.6,0.3,1.2,3.8,4.1,0.8,19,1,0.2,18,2.6,13,2,12.6,7.6,2.4,2.4,13.4,82,33,1,0.3,1,0.1,6,0,0,13.1,13.3,No recurring injuries,Above Average,3.1,20,0,0,0,1,0,0,0,0,0,0,0,0.8,1.4
Serie BKT,Venezia,0.5,Kike Pérez,M (C),AM (C),29,"6'0""",Very Strong,Reasonable,7.34,0,1260,2,630,0.1,4.4,4.4,-2.4,0.3,6%,0.1419354839,2.2,0.6,0,29%,0,0,0,3,0.2,2.31,0.2,67%,20,0,0,0,0,0,0,0,0,0,0,25,0,0,0,1.1,0,0,73,22,0,0,0,0,26,0,0,0,0,No recurring injuries,Very Low,0,0,0,0,0,0,0,0,0,0,0,0,0,0,0
Sky Bet Championship,Stoke,0.44,Bae Jun-Ho,AM (C),M (RL),23,"5'11""",Weak,Very Strong,6.82,0,1523,2,761.5,0.1,3.36,3.36,-1.36,0.2,6%,0.09333333333,2.1,0.8,0.6,36%,1,0,0,2,0.1,2.37,0.1,89%,41.4,0.3,1.7,2.8,1,0.4,35,1,0.4,35,1.3,15,4,18.7,8.7,0.6,1.4,4.8,50,20,0,0.2,0.5,0,10,0,0,11.6,10.6,No recurring injuries,Low,2.7,20,0.1,0,0,0,0,0,0,0,0,0,0,0.9,1.6
Serie A,Udinese,0.5,Lennon Miller,DM,AM (C),20,"6'0""",Fairly Strong,Very Strong,6.98,2,1231,2,615.5,0.1,0.32,0.32,1.68,0,25%,0.04,0.6,0.1,0.3,25%,1,1,100,5,0.4,2.38,0.2,92%,48.1,0.2,1,5.7,6.9,1.5,22,0.1,0,0,0.4,15,0,8.7,12.6,0.8,1.8,5.3,92,12,0,0.4,0.2,0.1,11,1,0,10,11.7,No recurring injuries,Very Low,1.8,54,0,0,0,0,0,0,0,0,0,0,0,1.8,1.3
Sky Bet Championship,Hull,0.39,Toni Moya,M (C),,28,"5'11""",Reasonable,Very Strong,6.53,0,1303,2,651.5,0.1,0.96,0.96,1.04,0.1,20%,0.096,0.7,0.3,0.2,50%,0,0,0,0,0,1.48,0.1,93%,4.9,0.1,0.1,0.6,0.1,0,0,0.1,0,0,0,7,0,16.6,8,0.1,0.3,0.7,100,2,0,0,0,0,1,1,0,0.9,0.8,No recurring injuries,Below Average,0.3,20,0,0,0,0,0,0,0,0,0,0,0,1,1.7
Eredivisie,FC Twente,0.56,Sondre Ørjasæter,AM (L),"M (RL), AM (R)",23,"5'11""",Weak,Very Strong,7.22,2,1104,2,552,0.2,3.23,3.23,-1.23,0.3,7%,0.1196296296,2.2,0.7,0.7,33%,1,0,0,1,0.1,1.19,0.1,91%,43,0.1,2.1,3.7,2.4,0.4,16,2.4,0.4,17,4.6,23,3,15,4.8,1.2,2.1,9.4,65,23,0,0.2,0.7,0,8,0,0,11.7,13.8,No recurring injuries,Above Average,3.3,23,0,0,0,0,0,0,0,0,0,0,0,1.3,0.9
Premier League,Nott'm Forest,0.58,Morgan Gibbs-White,M/AM (C),AM (R),26,"5'10""",Fairly Strong,Very Strong,7.3,3,1292,2,646,0.1,2.66,2.66,-0.66,0.2,11%,0.1477777778,1.3,0.6,0.3,44%,1,0,0,10,0.7,4.68,0.3,88%,58.6,0.7,2.8,4.3,4,0.7,17,1,0.3,36,2,12,1,11.7,6.8,0.9,2,8.4,65,20,0,0.3,0.6,0.3,4,0,0,13.8,19.3,No recurring injuries,Below Average,2.5,33,0,0,0,0,0,0,0,0,0,0,0,1.3,0.9
Bundesliga 2,Eintracht Braunschweig,0.50,Pedro Brazão,AM (R),,23,"5'10""",Very Strong,Reasonable,6.99,0,1080,2,540,0.2,2.07,2.07,-0.07,0.2,13%,0.138,1.2,0.2,0.2,20%,0,0,0,2,0.2,3.71,0.3,87%,42.2,0.5,1.9,3.8,4.4,1.1,24,3.5,0.9,26,4.9,15,6,19.8,3.3,0.9,1.6,7.8,55,20,1,0.2,0.2,0,17,0,0,11.5,12.4,No recurring injuries,Average,2.7,22,0,0,0,0,0,0,0,0,0,0,0,1.2,0.8
Sky Bet Championship,Derby,0.56,Dion Sanderson,D (C),D (R),26,"6'2""",Weak,Very Strong,6.73,0,1149,2,574.5,0.2,0.86,0.86,1.14,0.1,29%,0.1228571429,0.5,0.3,0.1,57%,0,0,0,0,0,0.16,0,86%,40.5,0,0,2.2,0,0,0,0,0,0,0.2,3,0,3.8,12.7,0.3,3.3,2.8,57,7,1,0.3,0.7,0.8,9,6,1,10,4.2,No recurring injuries,Below Average,5.6,79,0.7,0,0,0,0,0,0,0,0,0,0,1,0.8
Bundesliga 2,Hamburger SV,0.54,Nicolai Remberg,"DM, M (C)",,26,"6'2""",Weak,Very Strong,7.02,0,1109,2,554.5,0.2,1.5,1.5,0.5,0.1,17%,0.125,1,0.2,0.3,25%,0,0,0,1,0.1,1.82,0.1,93%,57.6,0,0.6,5.3,0.2,0.1,50,0.2,0.1,50,0,13,2,5,14.4,1.3,2.1,7,89,18,0,0.5,0.3,0.1,14,3,1,11.7,11.8,No recurring injuries,Low,3.2,64,0.8,0,0,0,0,0,0,0,0,0,0,1.5,0.8
First Division,Getafe,0.38,Luis Milla,M (C),DM,32,"5'9""",Reasonable,Very Strong,6.68,0,1244,2,622,0.1,1.18,1.18,0.82,0.1,14%,0.08428571429,1,0.3,0.4,29%,0,0,0,4,0.3,3.6,0.3,88%,7.9,0.7,0.4,1.2,3.8,0.6,15,0.2,0,0,0.1,6,0,12.7,9.7,0.2,0.3,1.2,50,6,0,0,0,0,2,1,0,1.7,2,No recurring injuries,Above Average,0.3,25,0,0,0,0,0,0,0,0,0,0,0,0.9,1.5
Bundesliga 2,Hertha BSC,0.54,Suleman Sani,AM (L),M (RL),20,"5'9""",Reasonable,Very Strong,6.85,0,1068,2,534,0.2,3.77,3.77,-1.77,0.3,5%,0.09921052632,3.2,1.3,0.6,39%,0,0,0,1,0.1,1.52,0.1,90%,44.9,0.1,1.9,3.9,3.8,0.5,13,3.8,0.5,13,4.8,13,6,19.1,5.2,1.9,1.7,9.4,76,29,0,0,0.3,0,19,2,0,11.5,15.9,No recurring injuries,Above Average,2.9,47,0,0,0,0,0,0,0,0,0,0,0,1.3,0.9
Ligue 1 McDonald's,Paris FC,0.48,Ilan Kebbal,AM (R),,28,"5'7""",Very Strong,Reasonable,6.91,0,1204,2,602,0.1,4.69,3.92,-2.69,0.4,6%,0.1421212121,2.5,0.5,0.8,21%,1,1,100,1,0.1,2.23,0.2,88%,48.7,0.3,1.6,3.5,5.7,1,17,2.2,0.6,27,3.8,10,8,14.3,6.7,1,1.5,9.5,78,18,1,0.3,0.8,0,13,1,0,11.9,15.7,No recurring injuries,Average,2.2,0,0,0,0,0,0,0,0,0,0,0,0,1,1.2
Sky Bet Championship,Bristol City,0.45,Jason Knight,M/AM (C),,25,"5'8""",Weak,Very Strong,6.51,0,1500,2,750,0.1,1.86,1.86,0.14,0.1,10%,0.08857142857,1.3,0.5,0.4,43%,0,0,0,1,0.1,1.74,0.1,87%,3.2,0,0.1,0.2,0,0,0,0,0,0,0,4,0,10.9,13.9,0.1,0.2,0.9,50,2,0,0.1,0.1,0.1,6,4,0,0.9,0.8,No recurring injuries,Low,0.1,0,0.1,0,0,0,0,0,0,0,0,0,0,1.7,0.9
Sky Bet Championship,West Brom,0.56,Alex Mowatt,"DM, M (C)",,31,"5'10""",Very Strong,Reasonable,6.97,0,1766,2,883,0.1,1.57,1.57,0.43,0.1,14%,0.1121428571,0.7,0.3,0.3,43%,0,0,0,3,0.2,4.37,0.2,88%,53.8,0.4,0.9,6.2,2.2,0.4,18,0.1,0,0,0.1,19,2,6.8,12.8,0.8,2.3,6,68,22,1,0.7,0.6,0.3,13,0,0,11.8,11.9,No recurring injuries,Below Average,1.7,59,0.1,0,0,0,0,0,0,0,0,0,0,1.3,0.9
Ligue 1 McDonald's,Brest,0.51,Romain Del Castillo,AM (R),ST (C),30,"5'8""",Very Strong,Reasonable,7.02,1,1311,2,655.5,0.1,2.9,2.9,-0.9,0.2,7%,0.1074074074,1.9,0.8,0.6,41%,0,0,0,4,0.3,3.49,0.2,91%,51.4,0.8,1.7,3.9,6.1,1.3,21,4.3,1,24,4,28,5,17.7,6.7,1.7,2.9,11.5,78,32,0,0.2,0.7,0,10,1,0,12.4,17.2,No recurring injuries,Below Average,3.3,40,0,0,0,1,0,0,0,0,0,0,0,1.2,1.2
Second Division,Mallorca,0.57,Jon Guridi,M (C),AM (C),31,"5'10""",Very Strong,Reasonable,6.66,0,1202,2,601,0.1,1.95,1.95,0.05,0.1,11%,0.1083333333,1.3,0.4,0.4,28%,1,0,0,5,0.4,3.25,0.2,0%,0,0.3,0.4,0,0,0,0,0,0,0,0,5,0,12.2,15,0,0,0,0,0,0,0,0,0,1,1,0,0,0,No recurring injuries,High,0,0,0,0,0,0,0,0,0,0,0,0,0,1.5,0.7
Serie BKT,Reggiana,0.5,Natan Girma,AM (C),"M (C), ST (C)",24,"6'3""",Reasonable,Very Strong,6.87,0,1260,2,630,0.1,3.67,3.67,-1.67,0.3,6%,0.1019444444,2.6,0.9,0,36%,0,0,0,4,0.3,1.58,0.1,61%,20,0,0,0,0,0,0,0,0,0,0,26,0,0,0,0.8,0,0,85,13,0,0,0,0,16,0,0,0,0,No recurring injuries,Very Low,0,0,0,0,0,0,0,0,0,0,0,0,0,0,0
Premier League,Fulham,0.45,Casemiro,DM,D (C),34,"6'1""",Fairly Strong,Very Strong,6.93,1,1289,2,644.5,0.1,0.75,0.75,1.25,0.1,10%,0.0375,1.4,0.7,1.1,50%,1,0,0,1,0.1,0.55,0,91%,55.7,0.1,0.6,5.7,0,0,0,0,0,0,0,0,0,4.8,9.3,1.5,3.7,5.9,64,33,5,0.9,1.5,0.6,12,2,0,12.8,16.3,No recurring injuries,Below Average,3.2,57,0.8,0,0,0,0,0,0,0,0,0,0,1,2.2
Bundesliga 2,Karlsruher SC,0.46,Noah Rupp,M (C),"DM, AM (C)",23,"6'0""",Very Strong,Reasonable,6.51,0,1033,2,516.5,0.2,0.63,0.63,1.37,0.1,20%,0.063,0.9,0.3,0.3,40%,0,0,0,0,0,0.41,0,100%,2.4,0.2,0,0.3,0,0,0,0,0,0,0,7,0,15.1,10.7,0.1,0.3,0.5,25,4,0,0,0.1,0,1,1,0,0.7,0.6,No recurring injuries,Above Average,0.1,0,0,0,0,0,0,0,0,0,0,0,0,1,0.7
Premier League,Aston Villa,0.54,Donyell Malen,AM (R),,27,"5'9""",Reasonable,Very Strong,6.78,0,1271,2,635.5,0.1,4.46,4.46,-2.46,0.3,8%,0.1715384615,1.8,0.8,0.6,42%,0,0,0,6,0.4,3.35,0.2,87%,36,0.6,1.8,2.1,2,0.5,25,1.6,0.4,27,1.4,21,12,9.2,3.3,0.7,0.6,4.9,71,14,1,0.1,0.4,0.1,14,0,0,11.9,8.9,No recurring injuries,Above Average,3.9,27,0,0,0,0,0,0,0,0,0,0,0,1.2,1.3
Second Division,Albacete,0.41,Lorenzo,D (R),WB (R),24,"5'10""",Weak,Very Strong,7.03,2,1585,2,792.5,0.1,1.47,1.47,0.53,0.1,13%,0.098,0.9,0.2,0.3,27%,0,0,0,1,0.1,1.38,0.1,90%,53.4,0.1,1,7.3,2,0.1,5,2,0.1,6,0.9,11,3,14.4,9.9,1.4,3,7.2,60,40,2,0.2,0.9,0.6,18,0,0,11.5,15.8,Recurring tight groin,Very High,3.7,65,0.4,0,0,0,0,0,0,0,0,0,0,1.1,1.1
Premier League,Man Utd,0.51,Kobbie Mainoo,M (C),AM (C),21,"6'0""",Fairly Strong,Very Strong,6.98,0,1148,2,574,0.2,1.91,1.91,0.09,0.1,7%,0.06586206897,2.3,0.8,1.6,34%,2,0,0,0,0,1.61,0.1,89%,72,0.1,2.7,8.9,0.7,0.5,66,0.7,0.5,67,0.2,2,1,8.8,7.8,1.6,3.2,8.5,80,25,0,0.5,1,0.5,5,0,0,12.7,22.7,No recurring injuries,Low,2.7,50,0,0,0,0,0,0,0,0,0,0,0,2.8,2.4
Second Division,Leonesa,0.48,Rubén Sobrino,AM (L),,34,"6'1""",Fairly Strong,Very Strong,6.95,1,1448,2,724,0.1,4.06,4.06,-2.06,0.3,8%,0.1624,1.6,0.6,0.1,36%,0,1,100,2,0.1,4.18,0.3,89%,45.2,0.3,2,3.9,2.5,0.6,24,2.5,0.6,24,3.2,14,6,18,5.5,1.5,2.4,9,83,29,0,0.2,1,0,15,0,0,11.8,17.3,No recurring injuries,Below Average,4.3,25,0.1,0,0,0,0,0,0,0,0,0,0,0.7,1.2
Ligue 2 BKT,Nancy,0.54,Nehemiah Fernandez,D (C),,21,"6'1""",Weak,Very Strong,6.97,1,1440,2,720,0.1,2.21,2.21,-0.21,0.1,13%,0.138125,1,0.3,0.3,31%,0,0,0,1,0.1,0.98,0.1,92%,40.8,0.3,0.4,1.5,0.1,0.1,100,0.1,0.1,100,0.1,4,0,2.6,20.5,0.2,3.6,2.1,75,4,0,0.8,0.8,1.1,3,0,0,9.7,3.2,No recurring injuries,Below Average,5.2,64,1,0,0,0,0,0,0,0,0,0,0,0.7,0.6
Ligue 2 BKT,USL Dunkerque,0.50,Enzo Bardeli,M (C),,25,"5'8""",Reasonable,Very Strong,6.45,0,1005,2,502.5,0.2,1.58,1.58,0.42,0.1,15%,0.1215384615,1.2,0.4,0.5,31%,0,0,0,1,0.1,2.65,0.2,0%,0,0.2,0.1,0,3.9,0.7,18,0,0,0,0,6,0,12.7,13.9,0,0,0,0,0,0,0,0,0,2,2,1,0,0,No recurring injuries,Above Average,0,0,0,0,0,0,0,0,0,0,0,0,0,1.1,0.7
Bundesliga,TSG Hoffenheim,0.53,Leon Avdullahu,DM,,22,"6'1""",Reasonable,Very Strong,6.89,1,1471,2,735.5,0.1,1.03,1.03,0.97,0.1,15%,0.07923076923,0.8,0.2,0.2,23%,0,0,0,3,0.2,2.05,0.1,95%,24.7,0.3,0.6,2.9,0.5,0.1,25,0,0,0,0,8,0,6.1,15.4,0.2,1.5,2.1,50,8,1,0.2,0.2,0.1,4,1,0,5.1,5.9,No recurring injuries,Below Average,0.7,64,0,0,0,1,0,0,0,0,0,0,0,1.7,0.9
Ligue 1 McDonald's,Havre AC,0.43,Issa Soumaré,AM (L),"AM (R), ST (C)",26,"6'0""",Weak,Very Strong,6.66,1,1297,2,648.5,0.1,2.14,2.14,-0.14,0.1,8%,0.0856,1.7,0.7,0.8,40%,1,0,0,0,0,1.05,0.1,87%,44.6,0,1.5,3.2,2,0.7,34,2,0.7,34,3.3,13,2,17.6,3.8,1.8,2.3,9.8,79,33,0,0.3,0.7,0,14,0,0,11.6,15.9,No recurring injuries,Average,4.7,44,0,0,0,0,0,0,0,0,0,0,0,0.6,1
Bundesliga 2,Hamburger SV,0.54,Immanuel Pherai,AM (C),"DM, AM (L)",25,"5'9""",Reasonable,Very Strong,7.01,3,1065,2,532.5,0.2,5.3,5.3,-3.3,0.4,7%,0.1892857143,2.4,0.5,0.8,21%,0,0,0,3,0.3,3.03,0.3,93%,41.7,0.4,2.2,3.5,1.7,0.5,30,0.9,0.3,36,1.2,13,4,19.6,10.4,0.9,1.7,5.7,85,13,0,0.2,0.3,0,7,0,0,11.9,9,No recurring injuries,Above Average,2.5,23,0.1,0,0,0,0,0,0,0,0,0,0,1.4,0.8
Ligue 1 McDonald's,Paris SG,0.61,Désiré Doué,AM (R),"M (C), AM (L)",21,"5'11""",Fairly Strong,Very Strong,7.26,4,1488,2,744,0.1,5.69,5.69,-3.69,0.3,5%,0.1354761905,2.5,1.5,0.7,57%,0,0,0,8,0.5,6.32,0.4,89%,56.7,0.6,2.8,6,9.1,2,22,5,1.4,28,5.1,41,9,12.8,6.6,1,1.9,9,52,33,0,0.3,0.7,0,13,0,0,12.2,17.1,No recurring injuries,Low,3.4,21,0,0,0,0,0,0,0,0,0,0,0,2.2,0.6
Premier League,Arouca,0.51,Alfonso Trezza,AM (R),"AM (L), ST (C)",27,"5'7""",Very Weak,Very Weak,6.93,1,1086,2,543,0.2,2.41,2.41,-0.41,0.2,9%,0.1047826087,1.9,0.7,0.7,39%,1,0,0,1,0.1,1.57,0.1,92%,41.8,0.2,2,3.3,3.7,0.6,15,2.6,0.4,16,4,13,6,17.7,4.7,1.6,1.5,9.4,86,22,1,0.2,0.5,0,19,1,0,11.3,16.1,No recurring injuries,Average,3.7,27,0,0,0,0,0,0,0,0,0,0,0,1.4,0.8
Sky Bet Championship,Cardiff,0.49,Rubin Colwill,AM (L),M (C),24,"6'2""",Reasonable,Very Strong,6.76,1,1360,2,680,0.1,2.65,2.65,-0.65,0.2,8%,0.1104166667,1.6,0.7,0.3,42%,1,0,0,1,0.1,2.77,0.2,87%,42.3,0.1,1.3,2.8,2.7,0.5,19,2.2,0.4,18,4.2,17,7,19.1,5.4,1.9,2,9.4,83,35,1,0.5,0.5,0,13,1,0,11.3,13.6,No recurring injuries,Above Average,4.8,52,0.3,0,0,0,0,0,0,0,0,0,0,1.3,1.5
Serie A,Parthenope,0.5,André-Franck Zambo Anguissa,M (C),DM,31,"6'0""",Reasonable,Very Strong,7.06,2,1389,2,694.5,0.1,1.54,1.54,0.46,0.1,14%,0.11,0.9,0.2,0.3,21%,1,0,0,2,0.1,1.01,0.1,92%,68.6,0,1.2,8.4,0.4,0.1,16,0.4,0.1,17,0.1,5,0,5.7,13.9,1,2.3,5.8,79,19,0,0.3,0.8,0.1,12,2,1,11.7,12,No recurring injuries,Very Low,1.6,58,0.1,0,0,0,0,0,0,0,0,0,0,1.3,1
Premier League,Aston Villa,0.54,Ian Maatsen,WB (L),,24,"5'10""",Very Strong,Reasonable,6.63,0,1210,2,605,0.1,0.96,0.96,1.04,0.1,18%,0.08727272727,0.8,0.3,0.7,36%,1,0,0,0,0,0.46,0,92%,66.2,0.1,0.6,7.1,1.8,0.2,12,0.9,0.1,17,0.8,3,1,8,9.4,1,3.6,7.7,74,19,0,0.4,0.5,0.1,20,2,0,12.7,18.4,No recurring injuries,Below Average,2.5,38,0.1,0,0,0,0,0,0,0,0,0,0,1.5,1.6
Ligue 2 BKT,SM Caen,0.41,Dieudonné Gaucho,D (C),M (C),25,"6'0""",Reasonable,Very Strong,6.79,1,1425,2,712.5,0.1,0.68,0.68,1.32,0,18%,0.06181818182,0.7,0.3,0.1,36%,0,0,0,0,0,0.11,0,92%,39.9,0.1,0.3,1.8,0,0,0,0,0,0,0.1,5,0,5.1,11.8,0.3,3.2,2.5,83,6,1,0.7,1,1.3,4,1,0,9.3,5.1,No recurring injuries,Below Average,3.9,66,0.3,0,0,0,0,0,0,0,0,0,0,1.1,1.1
Premier League,Wolves,0.42,Ladislav Krejčí,D (C),DM,27,"6'3""",Very Strong,Reasonable,6.73,0,1260,2,630,0.1,1.91,0.37,0.09,0.1,29%,0.2728571429,0.5,0.4,0.2,71%,0,2,0,0,0,0.07,0,90%,51.5,0,0.1,4.2,0.1,0.1,50,0,0,0,0.1,1,0,6,9.6,0.5,2.6,1.6,64,11,0,0.7,1.1,0.6,4,0,0,10.7,7.7,No recurring injuries,Average,5.9,76,1.4,0,0,0,0,0,0,0,0,0,0,0.8,1.6
Serie A,Genoa,0.5,Jurgen Ekkelenkamp,M (C),AM (RC),26,"6'2""",Fairly Strong,Very Strong,6.54,0,1151,2,575.5,0.2,1.29,1.29,0.71,0.1,20%,0.129,0.8,0.2,0.1,30%,0,0,0,0,0,1.87,0.1,98%,4.2,0.1,0,0.5,0,0,0,0,0,0,0.1,5,0,17.7,8.5,0.1,0.2,0.2,100,1,0,0,0,0,2,1,0,1.1,1.2,No recurring injuries,Very Low,0.1,0,0,0,0,0,0,0,0,0,0,0,0,0.6,0.9
First Division,Barcelona,0.61,Pedri,M (C),AM (C),24,"5'9""",Fairly Strong,Very Strong,7.12,1,1153,2,576.5,0.2,2.08,2.08,-0.08,0.2,11%,0.1155555556,1.4,0.8,0.7,56%,0,0,0,5,0.4,4.19,0.3,91%,55.5,0.4,1,5.8,1.2,0,0,0.3,0,0,0.2,10,1,4.4,13.1,1.9,1.9,5.8,83,29,1,0.4,0.5,0.1,5,0,0,9.7,14,No recurring injuries,Above Average,1.2,40,0,0,0,0,0,0,0,0,0,0,0,1.8,1.1
First Division,Granada,0.42,Álex Sola,M (R),D (R),27,"5'10""",Reasonable,Very Strong,6.63,0,1023,2,511.5,0.2,1.47,1.47,0.53,0.1,17%,0.1225,1.1,0.4,0.3,33%,0,0,0,0,0,0.18,0,88%,44.8,0,1.2,4.3,3,0.8,26,3,0.8,26,3,7,2,15.5,5.5,1.8,1.6,9,77,26,0,0.2,0.8,0,12,2,0,11.4,14.7,No recurring injuries,Above Average,2.6,28,0,0,0,0,0,0,0,0,0,0,0,1.1,1.8
Sky Bet Championship,Burnley,0.53,David Carmo,D (C),,27,"6'5""",Very Strong,Reasonable,7.01,1,1260,2,630,0.1,1.33,1.33,0.67,0.1,25%,0.16625,0.6,0.3,0.2,50%,0,0,0,0,0,2.48,0.2,92%,44.9,0.1,0.1,1.9,0,0,0,0,0,0,0,1,0,2.4,16.2,0.5,1.9,2.6,58,12,1,0.3,0.9,0.6,9,1,0,10.6,3.5,No recurring injuries,Above Average,5.6,83,1.6,0,0,0,0,0,0,0,0,0,0,1.5,0.8
Jupiler Pro League,Charleroi,0.53,Cheick Keita,D (C),D (R),23,"6'1""",Weak,Very Strong,6.87,0,1421,2,710.5,0.1,1.5,1.5,0.5,0.1,11%,0.08333333333,1.1,0.2,0.5,17%,0,0,0,0,0,0.27,0,85%,52.8,0.1,1.1,6.6,1.6,0.1,7,1.6,0.1,8,0.4,11,0,12.5,12.1,1.8,3.5,6.3,74,39,1,0.4,1.2,0.6,20,5,0,10.7,11.1,No recurring injuries,Below Average,6,63,0.6,0,0,0,0,0,0,0,0,0,0,1.3,1
First Division,Barcelona,0.61,Frenkie de Jong,M (C),,29,"5'11""",Fairly Strong,Very Strong,7.18,1,1327,2,663.5,0.1,1.12,1.12,0.88,0.1,12%,0.06588235294,1.2,0.5,0.8,47%,1,0,0,3,0.2,2.74,0.2,94%,63.9,0.5,1.3,8.1,1.2,0.2,16,0.3,0.1,20,0.1,6,1,6.2,14,1.2,2.2,6.5,75,24,1,0.7,0.6,0.2,2,0,0,11.7,14.2,No recurring injuries,Above Average,1.2,17,0.1,0,0,1,0,0,0,0,0,0,0,1.7,0.9
Sky Bet Championship,Lincoln,0.33,Erik Ring,AM (L),M (RL),24,"6'1""",Reasonable,Very Strong,7.02,1,1476,2,738,0.1,3.29,3.29,-1.29,0.2,9%,0.1495454545,1.3,0.4,0.5,32%,0,0,0,1,0.1,1.41,0.1,86%,41.7,0.2,1.5,3.4,3.9,1,26,3.9,1,27,4.8,15,1,24.2,2.3,1.1,2.1,9.2,78,23,0,0.4,0.5,0,14,0,0,11.5,16.6,No recurring injuries,Below Average,2.9,28,0,0,0,0,0,0,0,0,0,0,0,0.8,1.3
Sky Bet Championship,Cardiff,0.49,Alex Robertson,AM (C),,23,"6'0""",Reasonable,Very Strong,6.57,0,1223,2,611.5,0.1,1.93,1.93,0.07,0.1,17%,0.1608333333,0.9,0.3,0.2,33%,0,1,100,3,0.2,2.39,0.2,0%,0,0.2,0.2,0,1.8,0.4,20,0,0,0,0,4,0,14.3,11.4,0,0,0,0,0,0,0,0,0,2,2,0,0,0,No recurring injuries,Average,0,0,0,0,0,0,0,0,0,0,0,0,0,1.3,1.1
Bundesliga 2,SG Dynamo Dresden,0.46,Nils Fröling,AM (C),"M (C), AM (RL)",26,"5'11""",Fairly Strong,Very Strong,6.73,1,1021,2,510.5,0.2,2.18,2.18,-0.18,0.2,14%,0.1557142857,1.2,0.4,0.4,36%,0,1,100,1,0.1,1.28,0.1,89%,41,0.1,1.9,2.1,1.1,0.1,8,1.1,0.1,8,1.6,5,7,20.7,9.3,0.4,0.8,4.7,83,6,0,0,0.4,0,8,1,0,12.7,12,No recurring injuries,Above Average,2.7,48,0,0,0,0,0,0,0,0,0,0,0,1,1.1
Eredivisie,FC Utrecht,0.55,Miguel Rodríguez,AM (R),"AM (L), ST (C)",23,"5'10""",Very Strong,Fairly Strong,6.97,1,1044,2,522,0.2,5.95,5.95,-3.95,0.5,6%,0.1859375,2.8,0.9,0.9,31%,0,0,0,0,0,2.18,0.2,90%,43.4,0.2,2.2,4.1,4.2,1.3,30,3.4,1.3,38,2.8,11,9,15.4,4.7,1.1,1.5,8.6,62,21,0,0.2,0.6,0,21,1,0,11.8,14.7,No recurring injuries,Below Average,2.9,12,0,0,0,0,0,0,0,0,0,0,0,1.2,0.9
First Division,A. Madrid,0.59,Pablo Barrios,M (C),,23,"5'11""",Fairly Strong,Very Strong,7.17,2,1230,2,615,0.1,1.26,1.26,0.74,0.1,7%,0.042,2.2,1,1.9,47%,2,0,0,4,0.3,3.12,0.2,92%,76.8,0.6,0.7,10.2,0.5,0.2,42,0.5,0.2,43,0.2,5,0,7,12.8,1.5,4.1,10.2,71,28,0,0.5,0.7,0.1,16,3,0,12.8,15.3,No recurring injuries,Average,1.1,40,0,0,0,0,0,0,0,0,0,0,0,1.2,1
Eredivisie,FC Emmen,0.34,Rodney Kongolo,M (C),,28,"6'2""",Reasonable,Very Strong,6.41,0,1248,2,624,0.1,0.93,0.93,1.07,0.1,25%,0.11625,0.6,0.4,0.1,63%,0,0,0,0,0,1.29,0.1,0%,0,0.2,0,0,0,0,0,0,0,0,0,4,0,17.2,8.1,0,0,0,0,0,0,0,0,0,1,1,0,0,0,No recurring injuries,Low,0,0,0,0,0,0,0,0,0,0,0,0,0,0.3,1.2
Bundesliga,SV Werder Bremen,0.46,Sebastian Nanasi,AM (C),"WB (L), M (LC), AM (R)",24,"5'10""",Weak,Very Strong,6.74,0,1113,2,556.5,0.2,3.55,3.55,-1.55,0.3,10%,0.169047619,1.7,0.6,0.6,38%,0,0,0,0,0,1.19,0.1,91%,40.8,0.3,1.6,2.9,6.6,0.9,13,1.2,0.2,20,1.4,18,4,15.1,10,0.7,1.2,5.3,90,10,0,0.3,0.1,0,5,0,0,12.1,10.1,No recurring injuries,Below Average,3.7,15,0,0,0,0,0,0,0,0,0,0,0,0.8,0.9
Second Division,Albacete,0.41,Antonio Puertas,AM (R),"M (RL), AM (L)",34,"6'0""",Reasonable,Very Strong,7.16,0,1552,2,776,0.1,7.51,7.51,-5.51,0.4,4%,0.1444230769,3,1.3,0.6,42%,1,1,100,1,0.1,1.43,0.1,87%,44.7,0.3,1.8,3.7,3.2,0.4,12,2.8,0.3,13,4.9,24,6,23,4,1.2,2.3,9.9,74,27,0,0.3,0.8,0,20,0,0,12.1,17.6,No recurring injuries,Low,3.8,24,0.1,0,0,0,0,0,0,0,0,0,0,0.9,1.2
Second Division,S. Gijón,0.5,Maxime D'Arpino,M (C),"DM, AM (C)",30,"5'9""",Weak,Very Strong,6.56,0,1023,2,511.5,0.2,2.06,2.06,-0.06,0.2,13%,0.12875,1.4,0.5,0.4,38%,0,0,0,2,0.2,1,0.1,0%,0,0.2,0.2,0,3.3,0.3,8,0,0,0,0,7,0,15.5,12.7,0,0,0,0,0,0,0,0,0,1,1,0,0,0,No recurring injuries,Below Average,0,0,0,0,0,0,0,0,0,0,0,0,0,1.1,1
First Division,R. Madrid,0.59,Éder Militão,D (C),D (R),28,"6'1""",Weak,Very Strong,7.01,2,1260,2,630,0.1,1.07,1.07,0.93,0.1,18%,0.09727272727,0.8,0.2,0.3,27%,1,0,0,1,0.1,0.42,0,92%,50.9,0.1,0.4,2.8,0,0,0,0,0,0,0.1,1,0,3.2,13.5,0.4,1.9,2.1,83,6,0,0.9,0.6,1.1,6,1,0,10.1,4.9,No recurring injuries,High,5.6,70,0.9,0,0,0,0,0,0,0,0,0,0,3.1,0.9
Premier League,Benfica,0.59,Samuel Dahl,D (L),DM,23,"5'7""",Very Strong,Reasonable,7.04,2,1348,2,674,0.1,0.3,0.3,1.7,0,40%,0.06,0.3,0.3,0.1,80%,0,0,0,3,0.2,1.85,0.1,88%,60.2,0.2,1.1,8.5,2.7,0.6,21,1.9,0.6,32,0.5,11,1,10.9,10.8,2.2,2.9,7.1,73,45,1,0.6,0.9,0.3,15,2,0,11.3,16.1,No recurring injuries,Below Average,1.7,64,0.1,0,0,0,0,0,0,0,0,0,0,1.7,0.6
Bundesliga,RB Leipzig,0.52,Castello Lukeba,D (C),D (L),23,"6'0""",Very Strong,Weak,7.06,0,1800,1,1800,0.1,0.8,0.8,0.2,0,11%,0.08888888889,0.5,0.1,0.2,22%,0,0,0,3,0.1,1.43,0.1,94%,56.3,0.1,0.2,2.9,0.1,0.1,66,0.1,0.1,67,0.1,7,0,2.2,17.1,0.6,3.1,3.2,69,16,3,0.7,1.2,0.8,11,4,0,10.4,5.6,No recurring injuries,Average,4.8,58,0.9,0,0,0,0,0,0,0,0,0,0,1.8,0.9
Second Division,F.C. Andorra,0.45,Théo Le Normand,M (C),,26,"5'11""",Reasonable,Very Strong,6.47,0,1412,1,1412,0.1,1.07,1.07,-0.07,0.1,6%,0.06294117647,1.1,0.4,0.4,41%,0,0,0,1,0.1,1.87,0.1,0%,0,0.2,0.1,0,0,0,0,0,0,0,0,13,0,15.9,9.3,0,0,0,0,0,0,0,0,0,0,0,0,0,0,No recurring injuries,Below Average,0,0,0,0,0,0,0,0,0,0,0,0,0,1,1.4
Second Division,R. Santander,0.51,Álvaro Mantilla,D (R),WB (R),26,"6'0""",Weak,Very Strong,6.99,1,1510,1,1510,0.1,0.79,0.79,0.21,0,11%,0.08777777778,0.5,0.2,0.2,33%,0,0,0,1,0.1,0.95,0.1,85%,56.6,0.1,1,6,2.8,0.7,23,2.8,0.7,23,0.6,6,0,13.5,11.3,2,3.9,6.4,81,42,2,0.6,0.8,0.5,18,5,0,11.1,14.6,No recurring injuries,High,3.5,74,0.7,0,0,0,0,0,0,0,0,0,0,1.4,1.1
Serie A,Sassuolo,0.5,Janis Antiste,ST (C),AM (RC),24,"6'0""",Weak,Very Strong,6.86,1,1134,1,1134,0.1,3.47,3.47,-2.47,0.3,3%,0.1084375,2.5,1.3,0.6,50%,1,0,0,2,0.2,1.59,0.1,88%,38,0.3,0.8,2.4,1.3,0.6,41,1.3,0.6,41,2.6,19,6,13.9,3.9,0.8,2,6.1,71,14,1,0.2,0.3,0,14,2,0,9.4,11.6,No recurring injuries,Very Low,3.4,49,0,0,0,0,0,0,0,0,0,0,0,0.8,1.3
Premier League,BRG,0.57,Sikou Niakaté,D (C),,27,"6'1""",Very Strong,Weak,7.03,1,2070,1,2070,0,0.67,0.67,0.33,0,14%,0.09571428571,0.3,0,0.1,14%,0,0,0,0,0,1.45,0.1,93%,47.2,0.2,0.2,2.9,0,0,0,0,0,0,0,3,0,2.5,18.6,0.7,3.1,3.1,75,20,4,0.7,1.1,0.3,9,6,0,9.9,3.8,No recurring injuries,Below Average,5.8,75,1,0,0,0,0,0,0,0,0,0,0,1.3,0.7
First Division,Real San Sebastián,0.5,Beñat Turrientes,M (C),,24,"5'10""",Fairly Strong,Very Strong,7.15,1,1215,1,1215,0.1,0.79,0.79,0.21,0.1,13%,0.09875,0.6,0.1,0.3,25%,1,0,0,2,0.1,1.73,0.1,95%,66.6,0.2,0.9,7.9,0,0,0,0,0,0,0.1,9,1,5.8,12.2,1.1,2.3,6.8,71,21,2,0.7,0.8,0,5,0,0,11.8,13.9,No recurring injuries,Below Average,1.5,30,0,0,0,0,0,0,0,0,0,0,0,1,1.3
Sky Bet Championship,Lincoln,0.33,Ivan Varfolomeev,DM,,22,"6'0""",Weak,Very Strong,6.86,1,1655,1,1655,0.1,0.21,0.21,0.79,0,14%,0.03,0.4,0.2,0.2,43%,1,0,0,0,0,0.75,0,92%,50,0.1,0.3,3.4,0.1,0,0,0.1,0,0,0.3,6,0,8.3,7.7,0.9,2.3,7.2,70,23,1,0.5,0.7,0.3,17,5,0,11.7,11.6,No recurring injuries,Below Average,3.1,54,0.3,0,0,0,0,0,0,0,0,0,0,0.8,1.4
First Division,A. Madrid,0.59,José Giménez,D (C),,31,"6'1""",Reasonable,Very Strong,7.02,1,1498,1,1498,0.1,0.4,0.4,0.6,0,25%,0.1,0.2,0.1,0.1,50%,0,0,0,1,0.1,1.14,0.1,97%,64.9,0.1,0.4,3.8,0,0,0,0,0,0,0,2,0,3.5,12.9,0.9,2.5,2.5,63,24,2,0.8,1.1,0.7,10,1,0,10.1,6.5,No recurring injuries,High,3.2,68,0.5,0,0,1,0,0,0,0,0,0,0,1.6,1.1
Jupiler Pro League,KV Kortrijk,0.57,Allan Tchaptchet,D (C),,24,"6'4""",Reasonable,Very Strong,6.81,1,1315,1,1315,0.1,0.29,0.29,0.71,0,17%,0.04833333333,0.4,0.1,0.2,17%,0,0,0,1,0.1,0.3,0,86%,40.7,0,0.3,2.1,0.1,0.1,100,0.1,0.1,100,0,2,0,2.3,19.4,0.6,3,2.5,90,10,4,0.9,1.5,0.6,9,5,0,10.2,4.3,No recurring injuries,Below Average,5.8,73,1,0,0,0,0,0,0,0,0,0,0,1.5,1.1
Ligue 1 McDonald's,FC Lorient,0.42,Pablo Pagis,AM (L),AM (R),23,"5'11""",Reasonable,Very Strong,6.73,0,1018,1,1018,0.1,3.75,2.94,-2.75,0.3,4%,0.15625,2.1,1,0.9,46%,2,1,0,4,0.4,1.13,0.1,88%,46,0.3,2.3,4.5,9.7,1.5,15,2.7,0.7,27,2.8,11,7,19.6,4.9,2.1,2.2,11.1,89,27,1,0.3,0.4,0.1,10,0,0,12.8,16.8,No recurring injuries,Below Average,3,38,0,0,0,0,0,0,0,0,0,0,0,0.9,1.3
Ligue 1 McDonald's,Brest,0.51,Bradley Locko,D (L),WB (L),24,"5'11""",Very Strong,Reasonable,6.95,2,1577,1,1577,0.1,0.61,0.61,0.39,0,20%,0.122,0.3,0.1,0.2,40%,0,0,0,2,0.1,2.81,0.2,91%,58.8,0.3,1.1,8.3,2.5,0.6,25,2.5,0.6,26,1,15,5,11.4,12,1.6,3.8,5.9,74,38,1,0.5,1,0.3,15,0,0,11.7,16.4,No recurring injuries,Below Average,5.6,70,0.5,0,0,0,0,0,0,0,0,0,0,1.1,1.1
Premier League,Birmingham,0.48,Ben Nelson,D (C),,22,"6'4""",Strong,Very Strong,6.67,0,1350,1,1350,0.1,0.94,0.94,0.06,0.1,17%,0.1566666667,0.4,0.2,0,50%,0,0,0,0,0,0.19,0,93%,50.8,0,0.2,3.1,0,0,0,0,0,0,0,1,0,3.8,8.6,1,2.4,3.1,65,23,6,0.6,0.7,0.5,7,1,0,10.4,4.7,No recurring injuries,Low,5.5,61,1.6,0,0,0,0,0,0,0,0,0,0,1.4,2.3
Premier League,Man Utd,0.51,Angelo Stiller,DM,D (C),25,"6'0""",Very Strong,Weak,6.85,0,1277,1,1277,0.1,0.98,0.98,0.02,0.1,4%,0.04260869565,1.6,0.8,1.4,48%,0,0,0,2,0.1,1.35,0.1,89%,60.3,0.1,0.7,8.2,3,0.5,16,0,0,0,0.1,2,0,8.2,8.5,0.8,3,6.8,55,20,2,0.4,0.7,0.4,5,1,0,12.8,20.8,No recurring injuries,Average,2,39,0.2,0,0,0,0,0,0,0,0,0,0,2.7,2.3
Jupiler Pro League,RAAL La Louvière,0.5,Alexis Beka Beka,DM,M (C),25,"5'10""",Reasonable,Very Strong,6.81,0,1338,1,1338,0.1,0.29,0.29,0.71,0,50%,0.145,0.1,0.1,0.1,50%,0,0,0,2,0.1,3.12,0.2,89%,50.7,0.7,0.7,5.7,0.9,0,0,0.1,0,0,0.2,4,0,10,8.5,0.6,3,5.1,75,12,1,0.9,1.3,0.1,18,2,0,11.4,10.8,No recurring injuries,Average,1.7,52,0.1,0,0,0,0,0,0,0,0,0,0,0.7,1.3
Jupiler Pro League,KV Kortrijk,0.57,Rudy Kohon,D (C),D (R),22,"6'2""",Weak,Very Strong,6.68,0,1123,1,1123,0.1,0.59,0.59,0.41,0,17%,0.09833333333,0.5,0.1,0.2,17%,0,0,0,1,0.1,1.04,0.1,92%,41.6,0.2,0.3,2.3,0,0,0,0,0,0,0.2,3,0,3.3,16.3,0.5,2.2,2.2,67,9,1,0.4,1.2,0.4,6,1,0,9.9,3.5,No recurring injuries,Average,3.4,55,0.7,0,0,0,0,0,0,0,0,0,0,1.5,0.9
Premier League,Crystal Palace,0.49,Daniel Muñoz,D/WB (R),,30,"5'11""",Weak,Very Strong,6.72,0,1024,1,1024,0.1,1.16,1.16,-0.16,0.1,14%,0.1657142857,0.6,0.4,0.3,71%,0,0,0,2,0.2,0.63,0.1,91%,70.5,0.2,0.5,9.8,1.3,0.3,20,1.2,0.3,21,1.1,5,2,8.4,8.7,1.5,2.9,6.5,89,19,0,0.7,1.4,0.5,17,0,0,12.8,19.3,No recurring injuries,Below Average,3.5,63,0.3,0,0,1,0,0,0,0,0,0,0,0.6,1.2
Bundesliga 2,SV Darmstadt 98,0.51,Kai Klefisch,DM,D/M (C),26,"6'2""",Reasonable,Very Strong,7.07,1,1260,1,1260,0.1,0.37,0.37,0.63,0,17%,0.06166666667,0.4,0.1,0.2,33%,0,0,0,0,0,1.55,0.1,92%,51,0.2,0.9,5.8,0.4,0.2,60,0.4,0.2,60,0,2,0,5.1,13.6,1.1,3.4,5.8,83,18,2,0.7,1.1,0.4,9,2,0,11.6,11.6,No recurring injuries,Above Average,2.1,57,0.1,0,0,0,0,0,0,0,0,0,0,1.3,1.4
Second Division,Espanyol,0.57,Miguel Rubio,D (C),,28,"6'3""",Reasonable,Very Strong,6.88,1,1620,1,1620,0.1,1.55,1.55,-0.55,0.1,6%,0.096875,0.9,0.2,0.3,19%,0,0,0,0,0,0.63,0,91%,45.4,0.1,0,2.2,0.1,0,0,0.1,0,0,0,5,0,3.6,12.9,0.5,2.6,3.4,56,16,1,0.5,0.9,0.3,7,0,0,10.1,4.2,No recurring injuries,Below Average,5.5,69,1.1,0,0,0,0,0,0,0,0,0,0,1.2,1.1
Second Division,Zaragoza,0.48,Dani Tasende,D (L),WB (L),26,"5'8""",Very Strong,Reasonable,6.87,0,1530,1,1530,0.1,0.68,0.68,0.32,0,20%,0.136,0.3,0.1,0.1,20%,1,0,0,2,0.1,1.7,0.1,88%,53.4,0.1,0.8,7.3,5.5,0.8,13,2.7,0.2,7,1.5,9,0,14.5,11.4,1.5,3.2,7.9,63,41,1,0.9,0.6,0.4,27,4,0,12,16.1,No recurring injuries,Below Average,2.8,46,0.1,0,0,0,0,0,0,0,0,0,0,1,0.9
First Division,Girona,0.57,Alejandro Francés,D (C),D (L),24,"5'11""",Fairly Strong,Very Strong,6.86,0,1392,1,1392,0.1,1.41,1.41,-0.41,0.1,10%,0.141,0.6,0.2,0.1,30%,0,0,0,1,0.1,1.16,0.1,91%,51.9,0.1,0.2,3.7,0.1,0.1,100,0.1,0.1,100,0.1,5,0,4.5,16.6,0.5,2.6,3.1,70,10,3,0.8,1,0.3,6,3,0,10.2,7.4,No recurring injuries,Below Average,3.8,63,0.2,0,0,0,0,0,0,0,0,0,0,1.8,1.1
Bundesliga,Bayer 04 Leverkusen,0.60,Loïc Badé,D (C),,26,"6'3""",Weak,Very Strong,7.25,1,1440,1,1440,0.1,0.29,0.29,0.71,0,25%,0.0725,0.2,0.2,0,100%,0,0,0,2,0.1,0.33,0,95%,57.6,0,0.2,3.1,0.1,0.1,50,0.1,0.1,50,0,5,0,1.4,15.8,0.9,2.4,3.5,82,17,2,0.6,0.9,0.7,6,2,0,10.6,4.2,No recurring injuries,Below Average,7,69,1.1,0,0,0,0,0,0,0,0,0,0,1.9,0.8
Sky Bet Championship,Leicester,0.47,Woyo Coulibaly,D (R),WB (R),27,"6'1""",Fairly Strong,Very Strong,6.77,0,1668,1,1668,0.1,2.65,2.65,-1.65,0.1,5%,0.1394736842,1,0.3,0.2,26%,0,0,0,2,0.1,0.93,0.1,91%,59.4,0.1,0.5,8.1,0.9,0.4,50,0.9,0.4,50,0.8,13,1,13.4,9.4,1.9,3.8,7.2,84,43,2,0.4,0.8,0.5,27,3,0,11,15.9,No recurring injuries,Average,3,31,0.1,0,0,0,0,0,0,0,0,0,0,1,1.6
Ligue 2 BKT,FC Rouen,0.43,Amadou Ba-Sy,ST (C),,25,"6'3""",Fairly Strong,Very Strong,6.72,0,1094,1,1094,0.1,3.91,3.91,-2.91,0.3,3%,0.1348275862,2.4,0.9,0.8,38%,1,0,0,0,0,0,0,90%,27.1,0,1,0.6,1.2,0.2,13,0.2,0.1,50,0.6,24,7,22.8,1.1,0.1,0.7,1.2,100,1,0,0.1,0.1,0,9,4,0,9.7,7.1,No recurring injuries,Above Average,11.4,57,0.1,0,0,0,0,0,0,0,0,0,0,0.7,0.8
Premier League,Bournemouth,0.44,Bafodé Diakité,D (C),D (R),25,"6'1""",Weak,Very Strong,6.72,0,1260,1,1260,0.1,0.32,0.32,0.68,0,25%,0.08,0.3,0.1,0,50%,0,0,0,0,0,0,0,92%,35.5,0,0,1.4,0,0,0,0,0,0,0,0,0,3.1,9.1,0.4,3.1,2.4,60,10,3,0.6,1.1,0.6,4,0,0,10.2,3.6,No recurring injuries,Below Average,5.6,68,1.3,0,0,1,0,0,0,0,0,0,0,1.6,2
Ligue 1 McDonald's,Paris FC,0.48,Maxime Lopez,M (C),AM (C),28,"5'6""",Weak,Very Strong,7.15,0,1340,1,1340,0.1,0.56,0.56,0.44,0,11%,0.06222222222,0.6,0.2,0.2,33%,0,0,0,2,0.1,3.3,0.2,89%,61.6,0.3,1.1,7.2,0.1,0.1,50,0.1,0.1,50,0.1,10,1,6.4,12.3,1.5,3.5,5.5,79,29,3,0.7,0.6,0.5,10,1,0,11.7,11.8,No recurring injuries,Below Average,1.1,29,0,0,0,0,0,0,0,0,0,0,0,1,1.3
Second Division,Leonesa,0.48,Lucas Ribeiro,AM (C),AM (RL),28,"5'11""",Very Strong,Weak,6.72,0,1236,1,1236,0.1,3,3,-2,0.2,4%,0.12,1.8,0.7,0.2,36%,0,0,0,0,0,1.68,0.1,89%,40.1,0,1.5,2.4,3.8,1,26,0.6,0.3,50,1.6,9,1,15.7,12.5,0.4,2.3,3.6,71,7,1,0.1,0.8,0,3,0,0,12.2,10.9,No recurring injuries,Low,3.8,13,0.1,0,0,0,0,0,0,0,0,0,0,0.7,1.2
Second Division,Córdoba,0.5,Ignasi Vilarrasa,D (L),AM (L),27,"6'0""",Very Strong,Weak,7.06,2,1188,1,1188,0.1,0.11,0.11,0.89,0,33%,0.03666666667,0.2,0.1,0.2,33%,0,0,0,0,0,0.96,0.1,90%,55.7,0.4,1.2,7,1.7,0.2,13,1.7,0.2,14,1.4,15,0,19.5,10.8,1.4,2.3,6.4,70,27,1,0.5,0.8,0.2,24,2,0,11.6,15,No recurring injuries,Below Average,3.6,65,0.3,0,0,0,0,0,0,0,0,0,0,1,1.2
Ligue 2 BKT,Montpellier,0.55,Julien Laporte,D (C),,33,"6'1""",Weak,Very Strong,6.99,0,1000,1,1000,0.1,0.36,0.36,0.64,0,17%,0.06,0.5,0.1,0.4,17%,1,0,0,0,0,0.18,0,90%,41.1,0,0.1,1.8,0,0,0,0,0,0,0.1,1,1,3.2,17.3,0.7,2.2,2.6,80,10,1,0.4,1.4,1,8,1,0,9.7,3.4,No recurring injuries,Above Average,4.3,75,1.3,0,0,0,0,0,0,0,0,0,0,0.9,1.1
Bundesliga,1. FSV Mainz 05,0.41,Nadiem Amiri,M (C),AM (C),30,"5'11""",Reasonable,Very Strong,6.45,0,1024,1,1024,0.1,0.64,0.64,0.36,0.1,11%,0.07111111111,0.8,0.5,0.4,67%,0,0,0,0,0,1.28,0.1,91%,6.7,0.1,0.2,0.9,7.4,1.8,23,0,0,0,0.1,10,1,12.4,11,0.2,0.4,0.6,100,2,0,0,0,0,6,4,0,1.1,1.6,No recurring injuries,Above Average,0.3,67,0,0,0,0,0,0,0,0,0,0,0,0.6,1.4
First Division,Valencia,0.49,Javi Guerra,M (C),M (RL),23,"6'2""",Fairly Strong,Very Strong,6.7,0,1014,1,1014,0.1,1.7,1.7,-0.7,0.2,8%,0.1416666667,1.1,0.4,0.5,33%,1,0,0,0,0,1.13,0.1,94%,58,0.1,1,6.2,0.1,0,0,0.1,0,0,0.3,6,0,5.9,10,1.3,2.4,5.1,88,17,0,0.8,0.8,0.3,7,2,1,11.5,12.4,No recurring injuries,Average,2,41,0.1,0,0,0,0,0,0,0,0,0,0,0.7,1.3
Ligue 1 McDonald's,Havre AC,0.43,Yassine Kechta,M (C),,24,"5'7""",Very Strong,Weak,6.54,0,1171,1,1171,0.1,0.53,0.53,0.47,0,10%,0.053,0.8,0.2,0.5,30%,1,0,0,1,0.1,3.07,0.2,94%,5.2,0.3,0.5,0.4,0.2,0.1,33,0.1,0,0,0.3,7,0,13.7,10.5,0,0.2,0.6,0,0,0,0,0.1,0,1,1,0,1,0.6,No recurring injuries,High,0.1,0,0,0,0,0,0,0,0,0,0,0,0,0.6,0.9
Ligue 1 McDonald's,Troyes,0.55,Thierno Baldé,D (R),WB (R),24,"6'0""",Weak,Very Strong,6.78,1,1121,1,1121,0.1,0.84,0.84,0.16,0.1,8%,0.07,1,0.3,0.3,33%,1,0,0,3,0.2,1.91,0.2,85%,54.3,0.5,1,7.6,1.8,0.2,9,1.8,0.2,9,0.9,8,0,9.8,14.7,1.7,3.1,7.1,81,26,2,0.5,1.1,1,7,3,0,11.6,13.5,No recurring injuries,Below Average,4.7,55,0.4,0,0,0,0,0,0,0,0,0,0,1.1,1.4
Ligue 1 McDonald's,Strasbourg,0.45,Laurin Curda,WB (R),,25,"6'1""",Reasonable,Very Strong,6.96,2,1427,1,1427,0.1,0.3,0.3,0.7,0,17%,0.05,0.4,0.1,0.2,17%,1,0,0,2,0.1,1.75,0.1,89%,47.1,0.1,2,4.9,7,2.2,31,7,2.2,32,2.8,14,0,17.7,10.6,1.9,2.7,9.8,86,35,0,0.6,1.3,0.4,26,3,0,12.4,23.8,No recurring injuries,Below Average,3.3,72,0.2,0,0,1,0,0,0,0,0,0,0,1,1
First Division,A. Bilbao,0.61,Beñat Prados,DM,D (C),25,"5'11""",Fairly Strong,Very Strong,6.86,1,1275,1,1275,0.1,0.93,0.93,0.07,0.1,6%,0.058125,1.1,0.3,0.7,25%,1,0,0,2,0.1,1.93,0.1,93%,60.2,0.4,1.4,6.6,0.3,0.1,25,0.3,0.1,25,0.1,3,0,5.2,10.7,0.8,2.1,5.9,67,18,1,0.3,0.7,0.1,8,0,0,11.4,11.6,No recurring injuries,High,2.1,27,0.1,0,0,0,0,0,0,0,0,0,0,1.9,1.3
Second Division,Las Palmas,0.49,Enzo Loiodice,M (C),AM (C),26,"5'9""",Very Strong,Fairly Strong,6.59,0,1469,1,1469,0.1,1.12,1.12,-0.12,0.1,7%,0.08,0.9,0.2,0.4,29%,1,0,0,3,0.2,2.71,0.2,94%,11.1,0.3,0.5,1.2,0.2,0.1,33,0.2,0.1,33,0.1,3,0,11.2,12.6,0,0.1,0.6,0,0,0,0,0.1,0,0,0,0,1.2,0.9,No recurring injuries,Above Average,0.4,33,0,0,0,0,0,0,0,0,0,0,0,1.2,0.9
Sky Bet Championship,Southampton,0.53,Shea Charles,DM,D/M (C),23,"6'2""",Reasonable,Very Strong,6.99,2,1331,1,1331,0.1,1.55,1.55,-0.55,0.1,8%,0.1192307692,0.9,0.3,0.3,31%,0,0,0,5,0.3,2.53,0.2,94%,61.5,0.3,1.4,7.4,0.2,0,0,0.1,0,0,0.1,5,0,4.7,15.3,1.6,2.3,6.8,79,29,2,0.4,1.1,0.1,11,4,0,11.6,14.1,No recurring injuries,Below Average,2.3,59,0.1,0,0,0,0,0,0,0,0,0,0,1.5,1.1
Bundesliga,1. FSV Mainz 05,0.41,Paul Nebel,AM (C),AM (RL),24,"5'7""",Strong,Very Strong,6.57,0,1121,1,1121,0.1,1.09,1.09,-0.09,0.1,8%,0.08384615385,1,0.4,0.6,38%,0,0,0,1,0.1,2.1,0.2,91%,5.6,0.4,0.3,0.6,0.2,0.2,100,0.2,0.2,100,0.2,12,0,17.1,8.8,0.3,0.3,0.3,100,4,0,0,0.2,0,1,1,0,1,1.3,No recurring injuries,Very Low,0.1,0,0,0,0,0,0,0,0,0,0,0,0,0.7,1.3
Second Division,F.C. Andorra,0.45,Álvaro Martín,AM (L),"M (C), AM (RC)",25,"5'8""",Very Strong,Weak,6.93,0,1019,1,1019,0.1,4.06,3.25,-3.06,0.4,5%,0.203,1.8,0.6,0.2,35%,0,1,0,0,0,2.33,0.2,91%,41.9,0.4,1.5,3.8,5,1.7,33,2.4,1,41,3,9,1,18.3,4.6,1.3,2,9,88,17,0,0.5,0.6,0,9,0,0,10.6,14.8,No recurring injuries,Above Average,2.3,38,0,0,0,0,0,0,0,0,0,0,0,1.1,1.1
Ligue 2 BKT,SC Bastia,0.51,Tom Ducrocq,DM,,27,"5'9""",Weak,Very Strong,6.76,0,1018,1,1018,0.1,0.83,0.83,0.17,0.1,17%,0.1383333333,0.5,0.1,0.1,17%,0,0,0,1,0.1,1.6,0.1,93%,49.6,0.2,0.4,3.3,1.6,0.2,11,0.1,0,0,0.2,7,0,6.4,14.8,1.1,2.1,5.2,81,16,1,0.9,0.6,0.4,10,0,0,11.9,11.7,No recurring injuries,Below Average,2.2,60,0.1,0,0,0,0,0,0,0,0,0,0,1,1.7
Serie A,AS Roma,0.5,Manu Koné,DM,,25,"6'1""",Reasonable,Very Strong,7.09,2,1402,1,1402,0.1,0.84,0.84,0.16,0.1,6%,0.0525,1,0.1,0.7,13%,0,0,0,2,0.1,2.34,0.2,93%,72.2,0.3,1.6,8.6,0.1,0.1,100,0.1,0.1,100,0.8,8,1,5.3,13,1,2.6,8.9,48,33,2,0.3,0.5,0,17,4,0,12.6,15.4,No recurring injuries,Above Average,2.7,50,0.1,0,0,1,0,0,0,0,0,0,0,1.3,1.2
Sky Bet Championship,Portsmouth,0.49,Adrian Segecic,AM (RC),M (RL),22,"5'8""",Very Strong,Weak,6.68,0,1326,1,1326,0.1,1.21,1.21,-0.21,0.1,5%,0.06368421053,1.3,0.3,0.5,26%,1,0,0,1,0.1,1.26,0.1,90%,40.8,0.3,1.3,2.5,3.1,0.3,10,3.1,0.3,11,2.9,14,8,19.5,5,0.7,1.8,8,83,12,0,0.5,0.5,0.1,14,1,0,10.8,12.4,No recurring injuries,Below Average,3.4,34,0,0,0,0,0,0,0,0,0,0,0,0.7,1.3
Ligue 2 BKT,Red Star FC,0.39,Ryad Hachem,M (C),"D/WB (L), DM",28,"5'8""",Very Strong,Weak,6.54,0,1347,1,1347,0.1,0.81,0.81,0.19,0.1,10%,0.081,0.7,0.3,0.1,50%,0,0,0,1,0.1,1.95,0.1,100%,3.6,0.3,0.3,0.6,0.3,0.1,25,0.3,0.1,25,0.1,8,0,19.7,9,0.1,0.1,0.7,50,2,0,0,0.1,0.1,1,1,0,0.9,1.8,No recurring injuries,Below Average,0.3,60,0.1,0,0,0,0,0,0,0,0,0,0,0.5,0.9
Ligue 1 McDonald's,Havre AC,0.43,Rassoul Ndiaye,M (C),DM,24,"5'10""",Weak,Very Strong,6.56,0,1069,1,1069,0.1,1.23,1.23,-0.23,0.1,11%,0.1366666667,0.8,0.3,0.1,33%,0,0,0,4,0.3,2.42,0.2,0%,0,0.5,0.3,0,0.8,0.2,20,0,0,0,0,7,0,12.8,11.2,0,0,0,0,0,0,0,0,0,1,1,0,0,0,No recurring injuries,Above Average,0,0,0,0,0,0,0,0,0,0,0,0,0,0.8,1.1
Bundesliga,FC Bayern München,0.5,Joshua Kimmich,DM,WB (R),31,"5'10""",Fairly Strong,Very Strong,7.26,3,1554,1,1554,0.1,0.96,0.96,0.04,0.1,8%,0.07384615385,0.8,0.4,0.3,54%,1,0,0,6,0.3,5.09,0.3,94%,69.5,0.8,1.6,7.8,5.4,0.8,13,0.2,0,0,0.2,10,0,4.6,13.7,0.8,1.9,7.2,72,18,1,0.6,0.7,0.3,19,3,0,11.7,14.2,No recurring injuries,Low,1.7,59,0.1,0,0,0,0,0,0,0,0,0,0,1.7,1
Serie A,Spezia,0.5,Maxime Estève,D (C),,24,"6'4""",Very Strong,Weak,7.02,2,1119,1,1119,0.1,0.25,0.25,0.75,0,25%,0.0625,0.3,0.1,0.1,25%,0,0,0,0,0,0.61,0,93%,46.2,0.2,0.1,2.4,0.1,0,0,0.1,0,0,0,3,0,3,16,0.5,2.5,3.2,60,10,3,0.7,1.3,0.5,9,2,0,10.7,3.6,No recurring injuries,Very Low,5.3,83,0.6,0,0,0,0,0,0,0,0,0,0,0.8,0.7
Bundesliga,SV Werder Bremen,0.46,Amos Pieper,D (C),,28,"6'4""",Reasonable,Very Strong,6.9,0,1008,1,1008,0.1,0.93,0.93,0.07,0.1,13%,0.11625,0.7,0.2,0.2,25%,0,0,0,0,0,0.68,0.1,90%,39.3,0.2,0.2,2.1,0,0,0,0,0,0,0.3,3,0,2.3,15.6,1,1.9,3.3,85,13,2,0.4,0.9,0.5,8,2,0,10.2,2.9,Recurring hip injury,Very High,5.1,77,1.3,0,0,0,0,0,0,0,0,0,0,0.9,1
Second Division,Tenerife,0.44,David Rodríguez,D (R),WB (RL),26,"5'10""",Weak,Very Strong,6.93,2,1602,1,1602,0.1,0.3,0.3,0.7,0,25%,0.075,0.2,0.1,0.1,50%,0,0,0,0,0,1.24,0.1,88%,54.2,0.2,0.8,7.4,1.9,0.2,11,1.9,0.2,12,0.4,10,1,16.3,10.4,1.6,3,7,70,40,2,0.5,1.3,1,34,2,0,12,16.9,No recurring injuries,Below Average,3.2,60,0.4,0,0,1,0,0,0,0,0,0,0,1,1.3
Jupiler Pro League,Charleroi,0.53,Aiham Ousou,D (C),,26,"6'1""",Reasonable,Very Strong,6.66,0,1138,1,1138,0.1,0.91,0.91,0.09,0.1,13%,0.11375,0.6,0.2,0.2,25%,1,0,0,1,0.1,1.22,0.1,88%,43.2,0.2,0.2,1.5,0,0,0,0,0,0,0,2,0,2.6,17,0.4,2.5,2.8,83,6,1,0.6,1,0.7,12,5,1,9.6,3.9,No recurring injuries,Above Average,5.7,71,1,0,0,0,0,0,0,0,0,0,0,1.3,0.9
Second Division,Las Palmas,0.49,Álex Suárez,D (C),,33,"5'11""",Weak,Very Strong,6.71,0,1650,1,1650,0.1,1.11,1.11,-0.11,0.1,9%,0.1009090909,0.6,0.3,0.2,45%,0,0,0,0,0,0.61,0,92%,43.6,0,0.2,2.7,0.4,0.1,25,0.4,0.1,25,0.1,9,0,4.3,11,0.5,2.8,3,100,10,0,0.5,0.9,0.8,16,4,0,10.1,5.3,No recurring injuries,Below Average,4,49,0.5,0,0,0,0,0,0,0,0,0,0,1.1,0.8
Bundesliga,Bayer 04 Leverkusen,0.60,Alejandro Grimaldo,D (L),M/AM (L),31,"5'7""",Very Strong,Weak,7.13,3,1440,1,1440,0.1,0.4,0.4,0.6,0,25%,0.1,0.2,0.1,0.1,25%,0,0,0,1,0.1,2.42,0.2,93%,73.1,0.3,1,9.8,6.6,1.2,18,1.1,0.1,12,1.2,16,0,9.4,13.7,1.4,4.6,7,73,30,2,0.8,0.8,0.2,14,1,0,11.7,15.8,No recurring injuries,Average,2.6,34,0,0,0,0,0,0,0,0,0,0,0,1.7,0.8
Bundesliga,Borussia Dortmund,0.62,Daniel Svensson,D (L),M (C),24,"6'0""",Very Strong,Reasonable,7.26,2,1566,1,1566,0.1,0.52,0.52,0.48,0,25%,0.13,0.2,0.1,0.1,50%,0,0,0,3,0.2,2.49,0.1,89%,56.9,0.2,2.2,6.8,7.9,1.4,17,6.6,1.2,18,1.4,22,1,16.2,10,2.5,3.3,9.1,83,52,3,0.6,1.4,0.2,8,1,0,13,28.3,No recurring injuries,Low,2.7,47,0.3,0,0,0,0,0,0,0,0,0,0,1.5,0.9
Eredivisie,sc Heerenveen,0.41,Marcus Linday,M (C),,23,"6'1""",Weak,Very Strong,6.44,0,1168,1,1168,0.1,1.97,1.97,-0.97,0.2,5%,0.0985,1.5,0.5,0.5,35%,0,0,0,0,0,0.43,0,0%,0,0,0,0,0,0,0,0,0,0,0,4,0,12.2,11.6,0,0,0,0,0,0,0,0,0,0,0,0,0,0,No recurring injuries,Below Average,0,0,0,0,0,0,0,0,0,0,0,0,0,0.7,0.9
Sky Bet Championship,Stoke,0.44,Sorba Thomas,AM (R),"M (RL), AM (L)",27,"6'1""",Reasonable,Very Strong,6.85,0,1453,1,1453,0.1,2.73,2.73,-1.73,0.2,3%,0.0853125,2,0.7,0.7,34%,0,0,0,2,0.1,1.43,0.1,89%,41.3,0.2,1.4,3.1,10.6,1.7,16,4,0.4,9,4.8,13,6,19.3,4.6,1.3,1.7,8.7,88,24,1,0.2,0.4,0,33,4,0,11.6,14.1,No recurring injuries,Below Average,4.3,43,0.1,0,0,0,0,0,0,0,0,0,0,1,1.7
Second Division,Tarragona,0.51,Jaume Jardí,AM (R),"AM (L), ST (C)",24,"5'9""",Very Strong,Reasonable,6.93,0,1433,1,1433,0.1,3.21,2.4,-2.21,0.2,4%,0.1234615385,1.6,0.6,0.9,35%,0,1,0,3,0.2,3.18,0.2,88%,44.5,0.3,1.6,3.1,8.3,1.1,12,1.9,0.3,17,2.9,7,2,15.6,6.5,1.2,1.8,7.3,76,25,0,0.4,0.4,0.1,7,0,0,11.6,10.4,No recurring injuries,Below Average,2.8,29,0.1,0,0,0,0,0,0,0,0,0,0,1.3,1.4
Second Division,Eibar,0.55,Aritz Arambarri,D (C),,28,"6'1""",Reasonable,Very Strong,6.85,0,1530,1,1530,0.1,1.54,1.54,-0.54,0.1,9%,0.14,0.6,0.1,0.2,18%,0,0,0,0,0,0.47,0,89%,42.3,0.1,0.2,2.2,0,0,0,0,0,0,0,2,0,3.2,15.4,0.5,2.7,2.8,82,11,2,0.8,0.9,0.4,8,0,0,10.6,3.9,No recurring injuries,Below Average,3.5,63,0.5,0,0,0,0,0,0,0,0,0,0,1.2,1.1
Second Division,Tarragona,0.51,Álvaro García,D (C),"D (L), M (C)",26,"6'0""",Very Strong,Weak,6.88,1,1682,1,1682,0.1,0.36,0.36,0.64,0,25%,0.09,0.2,0.1,0.1,25%,0,0,0,0,0,0.52,0,86%,43.1,0.1,0.4,2.9,0.5,0.1,22,0.5,0.1,22,0.2,7,2,6,14.3,0.9,2.8,3.3,94,18,2,0.8,1.4,1.4,11,1,0,10,6.7,No recurring injuries,Above Average,4.2,72,0.5,0,0,0,0,0,0,0,0,0,0,1.1,1.3
Second Division,Leonesa,0.48,Iván Calero,D (R),M/AM (RL),31,"5'9""",Weak,Very Strong,6.91,0,1442,1,1442,0.1,1.79,1.79,-0.79,0.1,8%,0.1491666667,0.7,0.1,0.1,17%,0,0,0,1,0.1,1.57,0.1,92%,57.4,0.1,1.3,7.8,2,0.3,15,2,0.3,16,0.7,7,3,15.5,11.1,2.1,3.2,7.2,92,37,0,0.4,1.2,0.4,12,1,0,10.9,15.4,No recurring injuries,High,3.5,41,0.2,0,0,0,0,0,0,0,0,0,0,0.6,1.1
Bundesliga 2,1. FC Köln,0.5,Timo Hübers,D (C),,30,"6'3""",Reasonable,Very Strong,6.91,1,1313,1,1313,0.1,0.28,0.28,0.72,0,25%,0.07,0.3,0.1,0.1,25%,0,0,0,1,0.1,1.39,0.1,89%,42.2,0,0.3,1.8,0,0,0,0,0,0,0,3,1,3.4,14.9,0.9,2.3,2.9,76,17,5,0.9,1.9,0.7,7,2,0,9.9,4.5,No recurring injuries,High,4.6,78,0.8,0,0,0,0,0,0,0,0,0,0,1,1
Second Division,Espanyol,0.57,Pol Lozano,M (C),,27,"5'9""",Fairly Strong,Very Strong,6.96,1,1305,1,1305,0.1,0.25,0.25,0.75,0,17%,0.04166666667,0.4,0.1,0.2,33%,1,0,0,2,0.1,1.27,0.1,93%,54.3,0.3,0.6,5.9,0.1,0.1,100,0.1,0.1,100,0,11,0,5.9,14.4,1,3.2,5.4,61,23,1,0.6,0.5,0.1,4,0,0,11.4,10.7,No recurring injuries,Average,1.2,44,0,0,0,0,0,0,0,0,0,0,0,1,1.2
Premier League,VTSC,0.46,Beni Mukendi,DM,M (C),24,"5'11""",Reasonable,Very Strong,6.98,2,1683,1,1683,0.1,1.55,1.55,-0.55,0.1,8%,0.1192307692,0.7,0.2,0.2,31%,0,0,0,2,0.1,2.74,0.1,92%,58.8,0.2,0.6,4.3,0,0,0,0,0,0,0.3,14,0,5.2,11.3,0.6,2.1,5.8,48,25,2,0.4,0.5,0.4,15,4,0,12.2,14.4,No recurring injuries,Below Average,2.1,64,0,0,0,0,0,0,0,0,0,0,0,1.3,1.4
First Division,A. Bilbao,0.61,Yuri,D (L),,36,"5'11""",Very Strong,Reasonable,6.84,0,1404,1,1404,0.1,0.07,0.07,0.93,0,25%,0.0175,0.3,0.1,0.3,50%,1,0,0,0,0,0.62,0,88%,62.5,0.1,0.9,9.3,3.6,0.6,17,1.9,0.4,20,0.8,9,1,16,11.6,1.9,3.3,6.7,76,38,0,0.8,0.8,0.5,25,5,0,11.8,15.8,No recurring injuries,Below Average,4.5,79,0.6,0,0,0,0,0,0,0,0,0,0,1.7,1.3
Premier League,VTSC,0.46,Miguel Nóbrega,D (C),"D (R), DM",26,"6'3""",Very Weak,Very Weak,6.65,0,1058,1,1058,0.1,0.68,0.68,0.32,0.1,17%,0.1133333333,0.5,0.1,0.3,17%,0,0,0,0,0,0.24,0,86%,41.3,0.1,0.1,1.9,0,0,0,0,0,0,0,6,1,4.1,12.2,0.5,2.7,3.7,100,6,0,0.8,1.6,0.2,9,5,2,9.8,5,No recurring injuries,Average,5.1,82,0.9,0,0,0,0,0,0,0,0,0,0,1.7,1.3
Serie A,U.S. Lecce,0.5,Danilo Veiga,D (R),M (R),24,"6'0""",Weak,Very Strong,7,1,1385,1,1385,0.1,2.03,2.03,-1.03,0.1,6%,0.126875,1,0.3,0,25%,0,0,0,1,0.1,2.65,0.2,89%,51.9,0.3,1,7.1,6.6,0.8,11,1.4,0.3,18,0.8,20,2,10.9,11.8,1.8,2.9,8.4,78,36,1,0.6,1.6,0.3,24,1,0,11.3,16.1,No recurring injuries,Very Low,3.8,66,0.3,0,0,0,0,0,0,0,0,0,0,0.5,0.9
Ligue 1 McDonald's,Brest,0.51,Hong Hyun-Seok,AM (C),DM,27,"5'10""",Very Strong,Reasonable,6.78,0,1686,1,1686,0.1,3.78,3.78,-2.78,0.2,4%,0.1575,1.3,0.4,0.3,33%,1,0,0,1,0.1,2.36,0.1,90%,44.7,0.6,1.6,2.9,3.7,0.6,17,0.7,0.3,43,1.7,13,1,15.2,9,0.3,1.7,4.1,46,13,0,0.5,0.5,0.2,6,0,0,13,13.6,No recurring injuries,Average,2.3,25,0.1,0,0,0,0,0,0,0,0,0,0,1.1,1.1
Eredivisie,Feyenoord,0.65,Hwang In-Beom,M (C),AM (C),30,"5'10""",Fairly Strong,Very Strong,7.1,1,1463,1,1463,0.1,0.67,0.67,0.33,0,9%,0.06090909091,0.7,0.3,0.4,45%,0,0,0,0,0,1.29,0.1,91%,65,0.2,1.4,6.6,0.6,0.1,20,0.2,0,0,0.2,10,0,5.2,16.4,1.5,3,7,80,30,1,0.6,1.2,0.4,6,0,0,12,14.6,No recurring injuries,Above Average,1.3,24,0.2,0,0,0,0,0,0,0,0,0,0,1.3,0.9
Premier League,TND,0.55,Tiago Manso,D (R),"D (L), M (R)",26,"5'9""",Very Weak,Very Weak,6.63,0,1020,1,1020,0.1,0.59,0.59,0.41,0.1,11%,0.06555555556,0.8,0.1,0.2,11%,0,0,0,0,0,0.28,0,85%,53.1,0.1,0.7,6.9,2.2,0.3,12,2.2,0.3,12,1.5,7,2,13.9,13,1.7,4.3,6.9,83,23,1,0.5,0.8,0.5,21,2,0,10.9,16.3,No recurring injuries,Low,3.2,53,0,0,0,1,0,0,0,0,0,0,0,1.3,1.3
Premier League,BRG,0.57,Bright Arrey-Mbi,D (C),D (L),23,"6'2""",Very Strong,Weak,7.04,2,1993,1,1993,0,1.12,1.12,-0.12,0.1,6%,0.07,0.7,0.2,0.3,25%,0,0,0,0,0,0.41,0,94%,45.6,0,0.5,3.2,0.2,0,0,0.2,0,0,0.2,9,1,2.8,20.2,0.7,2.9,3.1,76,21,6,0.7,1,0.6,11,2,0,10.4,4.6,No recurring injuries,Average,5.7,70,0.8,0,0,0,0,0,0,0,0,0,0,1.3,0.7
Premier League,Brentford,0.38,Yehor Yarmoliuk,DM,AM (C),22,"5'11""",Fairly Strong,Very Strong,6.85,0,1416,1,1416,0.1,0.91,0.91,0.09,0.1,6%,0.056875,1,0.3,0.8,25%,1,0,0,0,0,0.84,0.1,90%,67.4,0,1.1,8.2,0.3,0.1,20,0.3,0.1,25,0.4,10,1,7.9,9.2,2.2,2.7,8.4,72,47,2,0.6,1.2,0.4,8,0,0,12.9,15.5,No recurring injuries,Below Average,1.9,40,0.1,0,0,0,0,0,0,0,0,0,0,1.7,1.6
Bundesliga,FC St. Pauli,0.45,Louis Oppie,D (L),,24,"6'0""",Very Strong,Reasonable,6.92,0,1154,1,1154,0.1,0.46,0.46,0.54,0,20%,0.092,0.4,0.2,0.2,40%,0,0,0,0,0,1.06,0.1,84%,48.6,0.2,1,6.1,7.8,1.4,18,4.6,0.8,17,2.6,18,1,15.9,10.3,2.6,5.5,10.2,89,37,2,0.5,0.7,0.2,29,2,0,12.8,27.5,No recurring injuries,Below Average,2.6,58,0.1,0,0,0,0,0,0,0,0,0,0,0.7,1.2
Serie A,U.S. Lecce,0.5,Kialonda Gaspar,D (C),,29,"6'4""",Fairly Strong,Very Strong,7,1,1030,1,1030,0.1,1.4,1.4,-0.4,0.1,10%,0.14,0.9,0.2,0.2,20%,0,0,0,0,0,0.43,0,96%,46.9,0.1,0.2,2.8,0.1,0.1,100,0.1,0.1,100,0,6,0,2.4,15.6,0.4,3.1,2.8,56,9,4,0.6,1,0.4,6,4,0,9.8,3.8,No recurring injuries,Very Low,5.4,77,0.8,0,0,0,0,0,0,0,0,0,0,0.7,0.9
Second Division,Valladolid,0.54,Iván Alejo,D/AM (R),,31,"6'0""",Reasonable,Very Strong,6.92,2,1287,1,1287,0.1,0.46,0.46,0.54,0,17%,0.07666666667,0.4,0.2,0.2,50%,0,0,0,0,0,0.63,0,89%,54.1,0.1,1.1,6.3,2.4,0.3,11,2.4,0.3,12,0.8,14,1,12,13.4,2.7,3.3,7.4,90,42,3,0.5,0.9,0.3,22,3,0,12.5,17.8,No recurring injuries,Average,4.1,68,0.1,0,0,0,0,0,0,0,0,0,0,1.7,1.3
Ligue 2 BKT,Montpellier,0.55,Joel Asoro,AM (R),ST (C),27,"5'9""",Weak,Very Strong,6.96,0,1122,1,1122,0.1,1.81,1.81,-0.81,0.1,5%,0.0905,1.6,0.7,0.6,45%,1,0,0,1,0.1,1.08,0.1,88%,44.1,0.2,1.8,4.3,4.4,0.5,10,4.4,0.5,11,5.1,18,3,17.2,4.7,1.1,1.9,9.6,93,15,0,0.2,0.6,0,6,0,0,10.9,11.6,No recurring injuries,Average,3.9,45,0,0,0,0,0,0,0,0,0,0,0,1.2,1
Ligue 1 McDonald's,Paris SG,0.61,Nuno Mendes,D/WB (L),,24,"5'9""",Very Strong,Fairly Strong,7.29,3,1285,1,1285,0.1,0.6,0.6,0.4,0,17%,0.1,0.4,0.1,0.1,33%,0,0,0,1,0.1,1.18,0.1,91%,77.2,0.2,1.5,9.6,1.4,0.2,15,1,0,0,1.1,9,0,10.4,13,2.4,3.5,8.7,87,39,3,0.6,1.3,0,7,2,0,12.5,16.7,No recurring injuries,Above Average,2.8,55,0.4,0,0,0,0,0,0,0,0,0,0,2.2,0.5
Serie A,Blu-neri,0.5,Hakan Çalhanoğlu,"DM, M (C)",,32,"5'10""",Fairly Strong,Very Strong,6.85,0,1280,1,1280,0.1,1.14,0.37,-0.14,0.1,14%,0.1628571429,0.5,0.1,0.2,29%,0,1,100,3,0.2,3.04,0.2,88%,44.6,0.5,0.8,5.3,7.1,1.8,25,0.1,0.1,100,0.1,4,0,8.4,14.4,1.2,2.4,4.8,77,22,1,0.3,0.6,0,3,0,0,9.2,12.2,No recurring injuries,Above Average,1.2,12,0.1,0,0,1,0,0,0,0,0,0,0,1.8,0.7
Ligue 2 BKT,Pau FC,0.48,Gabriel Brás,D (C),,22,"6'1""",Reasonable,Very Strong,6.74,0,1260,1,1260,0.1,1.33,1.33,-0.33,0.1,11%,0.1477777778,0.6,0.1,0.1,11%,0,0,0,0,0,0.4,0,91%,42.6,0.1,0,1.6,0,0,0,0,0,0,0,1,0,3,16.2,0.1,2.8,2.4,67,3,2,0.9,0.9,0.9,4,2,0,10.2,4.2,No recurring injuries,Below Average,3.9,69,0.2,0,0,0,0,0,0,0,0,0,0,1.2,1.1
Ligue 2 BKT,FC Metz,0.59,Koffi Kouao,WB (R),,28,"5'8""",Weak,Very Strong,7.15,3,1341,1,1341,0.1,0.51,0.51,0.49,0,25%,0.1275,0.3,0.1,0.1,50%,0,0,0,4,0.3,2.16,0.1,84%,43.9,0.4,1.8,4,6.6,1.3,20,6.6,1.3,20,3.3,11,2,14.6,15,1.9,3.2,10.6,76,38,1,0.5,1.2,0.5,21,2,0,12.1,25.5,No recurring injuries,Below Average,3.6,42,0.3,0,0,0,0,0,0,0,0,0,0,1.1,0.5
Bundesliga,FC St. Pauli,0.45,Hauke Wahl,D (C),DM,32,"6'3""",Weak,Very Strong,6.98,1,1260,1,1260,0.1,0.63,0.63,0.37,0,17%,0.105,0.4,0.1,0.1,17%,0,0,0,0,0,0.69,0,94%,43.5,0,0.1,2.3,0.1,0,0,0.1,0,0,0,5,1,3.1,13.1,0.7,2.5,2.8,100,10,2,0.5,1.2,0.6,7,1,0,10.5,4.3,No recurring injuries,Low,5.1,76,1.1,0,0,0,0,0,0,0,0,0,0,0.6,1.4
Bundesliga 2,1. FC Saarbrücken,0.5,Florian Pick,AM (L),"AM (RC), ST (C)",31,"5'9""",Fairly Strong,Very Strong,6.77,0,1080,1,1080,0.1,1.5,1.5,-0.5,0.1,8%,0.1153846154,1.1,0.2,0.2,23%,0,0,0,1,0.1,0.3,0,83%,42.8,0.2,2.1,3.9,5.5,0.8,15,4.8,0.7,14,3.3,11,7,22.2,4,2.7,1.4,7.2,91,35,1,0,0.2,0,14,0,0,11.8,16.1,No recurring injuries,Very Low,3.7,7,0,0,0,0,0,0,0,0,0,0,0,0.7,1.4
Premier League,Chelsea,0.56,Marc Cucurella,D (L),"D (C), M (L)",28,"5'8""",Very Strong,Weak,6.94,2,1242,1,1242,0.1,0.9,0.9,0.1,0.1,13%,0.1125,0.6,0.3,0.3,50%,0,0,0,1,0.1,1.44,0.1,92%,78.6,0.2,0.6,10.4,0.6,0.1,25,0.5,0.1,14,0.3,0,2,9.9,12,2.8,3.4,7.5,81,48,1,0.4,0.9,0.1,18,1,0,12.7,20.3,No recurring injuries,Below Average,2.8,31,0.2,0,0,0,0,0,0,0,0,0,0,1.6,0.7
First Division,Vallecano,0.53,Pol Lirola,D/WB (R),M (R),29,"6'0""",Reasonable,Very Strong,7.02,2,1348,1,1348,0.1,2.08,2.08,-1.08,0.1,7%,0.1485714286,0.9,0.3,0.1,29%,0,0,0,2,0.1,2.58,0.2,88%,52.5,0.1,1.6,7.3,1.5,0.1,8,1.5,0.1,9,0.7,8,1,14.5,11.8,1.5,3.2,6.5,67,33,2,0.5,1.5,0.4,4,1,0,11.8,14.6,No recurring injuries,Average,3.7,67,0.3,0,0,0,0,0,0,0,0,0,0,1.4,0.9
Jupiler Pro League,Cercle Brugge,0.50,Flávio Nazinho,D (L),M/AM (L),23,"5'11""",Very Strong,Weak,6.73,0,1175,1,1175,0.1,0.09,0.09,0.91,0,50%,0.045,0.2,0.1,0.2,50%,0,0,0,0,0,0.44,0,87%,50.4,0.1,1.4,3.8,6.2,0.8,13,6.2,0.8,14,4.6,18,2,17,11.7,2.5,3.4,9.1,89,36,0,0.3,0.5,0.1,26,3,0,12.1,22.2,No recurring injuries,Above Average,4.4,48,0.5,0,0,0,0,0,0,0,0,0,0,1,1.1
Bundesliga,RB Leipzig,0.52,Willi Orbán,D (C),,34,"6'1""",Fairly Strong,Very Strong,7.2,1,1256,1,1256,0.1,0.4,0.4,0.6,0,17%,0.06666666667,0.4,0.1,0.1,33%,0,0,0,2,0.1,1.02,0.1,94%,53.5,0.3,0.4,2.6,0.1,0,0,0.1,0,0,0,0,0,3,13.9,0.3,2.1,1.9,57,7,1,1.2,1.1,0.9,11,5,0,10.2,6.2,No recurring injuries,Average,7,80,1.2,0,0,0,0,0,0,0,0,0,0,1.5,1.1
Bundesliga,VfL Bochum 1848,0.38,Philipp Strompf,D (C),,28,"6'4""",Very Strong,Weak,6.93,0,1142,1,1142,0.1,0.47,0.47,0.53,0,33%,0.1566666667,0.2,0.1,0.1,33%,0,0,0,1,0.1,0.32,0,90%,44.4,0,0.2,2.3,0,0,0,0,0,0,0,4,0,4,10.3,1,2.5,2.2,100,13,1,0.6,1.4,0.8,7,3,0,10,4.1,No recurring injuries,Above Average,5.4,71,1.6,0,0,0,0,0,0,0,0,0,0,1,1.3
Second Division,R. Santander,0.51,Manu Hernando,D (C),,28,"6'0""",Weak,Very Strong,6.87,1,1650,1,1650,0.1,1.68,1.68,-0.68,0.1,7%,0.12,0.8,0.3,0.2,43%,0,0,0,1,0.1,0.65,0,91%,42.5,0.1,0.2,1.7,0.1,0,0,0.1,0,0,0.1,0,0,2.6,12.5,0.2,2.7,2.2,75,4,1,0.8,0.9,0.7,7,2,0,10.3,4.4,No recurring injuries,Above Average,5.4,79,0.7,0,0,0,0,0,0,0,0,0,0,1.1,0.9
Ligue 1 McDonald's,Paris SG,0.61,Achraf Hakimi,WB (R),M (R),28,"5'11""",Reasonable,Very Strong,7.19,1,1568,1,1568,0.1,1.57,1.57,-0.57,0.1,6%,0.098125,0.9,0.2,0.3,19%,0,0,0,3,0.2,2.2,0.1,92%,77,0.2,0.6,11,1,0.2,23,0.9,0.2,25,1.3,14,0,8.8,11.6,2.4,3.7,7.6,82,50,0,0.5,0.6,0.3,21,2,0,12.1,17.2,No recurring injuries,Below Average,3.3,58,0.2,0,0,1,0,0,0,0,0,0,0,2.1,0.6
Premier League,VIZ,0.39,Carlos Nieto,D (L),WB (L),30,"5'10""",Very Strong,Weak,6.86,0,1170,1,1170,0.1,0.24,0.24,0.76,0,33%,0.08,0.2,0.1,0.1,33%,0,0,0,0,0,0.91,0.1,88%,54.9,0.1,1.2,6.5,3.4,0.4,11,3.4,0.4,11,1.1,6,2,17.6,7.8,3.1,2.8,7.2,95,42,1,0.2,0.8,0.4,18,4,0,11.9,19.2,No recurring injuries,Average,4.1,58,0.5,0,0,0,0,0,0,0,0,0,0,0.9,1.9
First Division,A. Madrid,0.59,Marcos Llorente,D (R),"DM, M (C), AM (R)",31,"6'0""",Reasonable,Very Strong,6.95,0,1123,1,1123,0.1,0.35,0.35,0.65,0,14%,0.05,0.6,0.5,0.2,86%,0,0,0,0,0,2.71,0.2,90%,68,0.3,1.3,7.1,2.8,0.8,28,2.8,0.8,29,1.4,10,2,12.4,14.3,1.4,3.6,7.9,86,21,0,0.2,0.6,0.5,27,2,1,11.9,18.6,No recurring injuries,Below Average,3,73,0.2,0,0,0,0,0,0,0,0,0,0,1.3,0.9
Second Division,Zaragoza,0.48,Keidi Bare,M (C),,29,"5'9""",Reasonable,Very Strong,6.55,0,1020,1,1020,0.1,1.53,1.53,-0.53,0.1,8%,0.1275,1.1,0.2,0.4,17%,0,0,0,0,0,0.71,0.1,87%,12.1,0.2,0,1.6,0,0,0,0,0,0,0,8,0,11.3,11.6,0.1,0.4,1.9,100,1,0,0.4,0.4,0,4,1,0,2.5,2.4,No recurring injuries,High,0.4,75,0,0,0,0,0,0,0,0,0,0,0,1.1,1.1
Ligue 1 McDonald's,AS Monaco,0.50,Mika Mármol,D (L),WB (L),25,"5'11""",Very Strong,Weak,6.82,0,1681,1,1681,0.1,0.82,0.82,0.18,0,25%,0.205,0.2,0.1,0,50%,0,0,0,2,0.1,0.7,0,92%,53.7,0,0.5,4.1,0.8,0.2,26,0.7,0.2,29,0.1,7,1,4.5,14.7,0.9,2.7,4.1,71,24,3,0.5,0.7,0.2,8,2,0,10.3,7.3,No recurring injuries,Average,4.1,62,0.5,0,0,0,0,0,0,0,0,0,0,1.3,1
Serie BKT,Cremonese,0.5,Jamie Vardy,ST (C),,39,"5'10""",Reasonable,Very Strong,5.66,0,1260,1,1260,0.1,4.32,4.32,-3.32,0.3,2%,0.09391304348,3.3,1.7,0,52%,0,0,0,1,0.1,1.29,0.1,56%,20,0,0,0,0,0,0,0,0,0,0,15,0,0,0,0.6,0,0,69,13,0,0,0,0,28,2,1,0,0,No recurring injuries,Very Low,0,0,0,0,0,0,0,0,0,0,0,0,0,0,0
Bundesliga 2,Rot-Weiss Essen,0.55,Kaito Mizuta,AM (L),AM (C),26,"6'0""",Very Strong,Strong,7.15,2,1289,1,1289,0.1,1.03,1.03,-0.03,0.1,6%,0.064375,1.1,0.3,0.3,25%,0,0,0,3,0.2,2.29,0.2,88%,43.9,0.2,1.7,3.5,3.8,1.2,31,2.4,0.6,26,4,14,1,17.5,5.4,1.5,1.5,8.8,79,28,0,0.2,0.5,0,13,0,0,11.2,12.7,No recurring injuries,Below Average,4.5,22,0.2,0,0,0,0,0,0,0,0,0,0,1,1.3
First Division,A. Madrid,0.59,Johnny Cardoso,M (C),AM (C),25,"6'1""",Reasonable,Very Strong,6.93,0,1062,1,1062,0.1,0.46,0.46,0.54,0,10%,0.046,0.8,0.3,0.5,30%,1,0,0,1,0.1,1.78,0.2,93%,66.6,0.1,0.9,6.9,0.3,0,0,0.3,0,0,0.3,6,0,6.3,12.6,0.6,2.5,6.4,70,10,0,0.3,0.8,0.3,6,0,0,12.1,13.3,No recurring injuries,Average,1.9,65,0.4,0,0,0,0,0,0,0,0,0,0,2,0.8
Eredivisie,Fortuna Sittard,0.56,Kristoffer Peterson,AM (L),M (R),32,"6'1""",Reasonable,Very Strong,6.77,0,1071,1,1071,0.1,1.99,1.99,-0.99,0.2,8%,0.1658333333,1,0.4,0.3,42%,0,0,0,1,0.1,1.54,0.1,92%,41.3,0.3,1.8,3.5,3.5,0.8,23,2.9,0.8,29,4.5,11,6,18,5.5,1.8,2.1,9.1,76,29,0,0.3,0.5,0,13,1,0,11.7,13.7,No recurring injuries,Below Average,4,40,0,0,0,0,0,0,0,0,0,0,0,1.3,0.9
First Division,Vigo,0.52,Carl Starfelt,D (C),,31,"6'1""",Reasonable,Very Strong,7.04,1,1260,1,1260,0.1,0.68,0.68,0.32,0,17%,0.1133333333,0.4,0.2,0.1,50%,0,0,0,3,0.2,1.25,0.1,90%,53.4,0,0.3,2.4,0,0,0,0,0,0,0,1,0,2.4,14.7,0.5,3.6,1.8,78,9,0,0.6,1,1.4,4,1,0,9.6,3.9,No recurring injuries,Below Average,5.9,63,0.9,0,0,0,0,0,0,0,0,0,0,1.3,1.3
First Division,Vallecano,0.53,Jorge De Frutos,AM (R),ST (C),29,"5'8""",Fairly Strong,Very Strong,6.81,0,1049,1,1049,0.1,3.38,3.38,-2.38,0.3,3%,0.1090322581,2.7,0.7,0.6,26%,0,0,0,0,0,2.9,0.2,88%,48.7,0.4,2,4.2,4,0.6,14,4,0.6,15,3.6,12,5,17.4,5.7,1.3,2.1,10.4,60,25,0,0.2,0.4,0,13,1,0,12.2,18.9,No recurring injuries,Below Average,3.3,13,0.1,0,0,0,0,0,0,0,0,0,0,1.3,0.9
Second Division,Leganés,0.5,Enric Franquesa,D (L),WB (L),29,"5'9""",Very Strong,Reasonable,6.99,1,1335,1,1335,0.1,0.48,0.48,0.52,0,20%,0.096,0.3,0.2,0.1,60%,0,0,0,0,0,1.51,0.1,88%,54.9,0.4,0.9,6.7,2.6,0.3,10,2.6,0.3,11,1.1,14,2,12.6,12.9,1.8,2.7,7.3,77,35,1,0.6,1.2,0.7,22,1,0,12.3,17.6,No recurring injuries,Average,3.2,60,0.3,0,0,0,0,0,0,0,0,0,0,0.9,0.9
First Division,Elche,0.34,Aleix Febas,M (C),"DM, AM (C)",30,"5'8""",Fairly Strong,Very Strong,6.51,0,1318,1,1318,0.1,1.26,1.26,-0.26,0.1,11%,0.14,0.6,0.1,0,11%,0,0,0,3,0.2,4.38,0.3,0%,0,0.5,0.2,0,0,0,0,0,0,0,0,10,0,18.2,10,0,0,0,0,0,0,0,0,0,1,1,0,0,0,No recurring injuries,Below Average,0,0,0,0,0,0,0,0,0,0,0,0,0,0.8,2
Bundesliga 2,Hannover 96,0.53,Enzo Leopold,M (C),,26,"5'9""",Reasonable,Very Strong,7.28,1,1075,1,1075,0.1,0.56,0.56,0.44,0,20%,0.112,0.4,0.2,0.1,40%,0,0,0,2,0.2,2.58,0.2,93%,55.5,0.3,0.9,6.1,6,0.8,13,0.2,0,0,0.2,11,0,6.7,13.6,1.6,2.4,6.6,66,29,5,0.6,1,0.3,6,0,0,12.2,12.9,No recurring injuries,Below Average,1.2,71,0.1,0,0,0,0,0,0,0,0,0,0,0.8,0.8
Premier League,FC Porto,0.57,Jakub Kiwior,D (C),DM,26,"6'2""",Very Strong,Reasonable,7,0,1890,1,1890,0,1.15,1.15,-0.15,0.1,13%,0.14375,0.4,0.3,0.1,75%,0,0,0,1,0,0.65,0,93%,59.3,0,0.2,4,0.1,0,0,0,0,0,0.1,2,0,2.8,17.4,0.9,1.9,2.4,82,22,0,0.5,0.9,0.4,10,2,0,10.3,6.7,No recurring injuries,Below Average,5.1,68,0.8,0,0,0,0,0,0,0,0,0,0,1.9,0.8
Jupiler Pro League,KAA Gent,0.45,Michał Skóraś,AM (R),M/AM (L),26,"5'8""",Fairly Strong,Very Strong,6.94,1,1077,1,1077,0.1,5.43,4.62,-4.43,0.5,3%,0.181,2.5,0.8,0.6,33%,0,2,50,2,0.2,1.87,0.2,90%,42.6,0.3,2,3.8,6.3,1.1,17,2.6,0.5,19,2.9,16,1,17.5,3.5,1.3,1.8,10,84,19,1,0.5,0.6,0,14,0,0,11.3,15.5,No recurring injuries,Below Average,5.9,21,0.4,0,0,0,0,0,0,0,0,0,0,1.2,1.5
Serie A,Cagliari,0.5,Nik Prelec,ST (C),AM (RC),25,"6'1""",Very Strong,Reasonable,6.56,0,1315,1,1315,0.1,3.75,3.75,-2.75,0.3,3%,0.1209677419,2.1,0.4,0.5,19%,0,0,0,0,0,0.2,0,89%,26.7,0,1,0.8,0.4,0.2,50,0.4,0.2,50,0.5,19,11,27.4,1,0.1,0.6,1.8,67,3,0,0.1,0.2,0,14,2,0,10,5.1,No recurring injuries,Very Low,8.6,44,0.1,0,0,0,0,0,0,0,0,0,0,0.3,1.4
Serie A,Torino,0.5,Ivan Ilić,M (C),AM (C),25,"6'1""",Very Strong,Fairly Strong,6.42,0,1350,1,1350,0.1,0.91,0.91,0.09,0.1,17%,0.1516666667,0.4,0.2,0.1,50%,0,0,0,0,0,2.44,0.2,0%,0,0.5,0,0,5.4,0.7,12,0,0,0,0,11,0,13.9,11.1,0,0,0,0,0,0,0,0,0,2,2,0,0,0,No recurring injuries,Very Low,0,0,0,0,0,0,0,0,0,0,0,0,0,0.9,1.1
Second Division,Albacete,0.41,Ale Meléndez,M (C),,27,"5'10""",Fairly Strong,Very Strong,6.44,0,1248,1,1248,0.1,2.48,2.48,-1.48,0.2,6%,0.1377777778,1.3,0.5,0.4,39%,0,0,0,0,0,3.1,0.2,0%,0,0.5,0,0,0,0,0,0,0,0,0,11,0,19.5,8.5,0,0,0,0,0,0,0,0,0,0,0,0,0,0,No recurring injuries,Average,0,0,0,0,0,0,0,0,0,0,0,0,0,1,1.1
Bundesliga,FC Bayern München,0.5,Jonathan Tah,D (C),,30,"6'5""",Reasonable,Very Strong,7.1,1,1530,1,1530,0.1,0.23,0.23,0.77,0,20%,0.046,0.3,0.2,0.1,80%,0,0,0,0,0,0.07,0,94%,57.2,0.1,0.1,2.9,0.1,0,0,0.1,0,0,0,2,0,2.7,15.5,0.7,3.1,3.1,86,14,4,0.7,0.9,0.5,13,3,0,10.1,5.2,No recurring injuries,Average,6.5,65,1.3,0,0,1,0,0,0,0,0,0,0,1.9,0.8
Bundesliga 2,1. FC Heidenheim 1846,0.51,Christian Conteh,AM (R),"M (RL), AM (C)",27,"6'0""",Reasonable,Very Strong,6.94,0,1111,1,1111,0.1,1.52,1.52,-0.52,0.1,7%,0.1013333333,1.2,0.3,0.4,27%,0,0,0,1,0.1,2.21,0.2,93%,44.3,0.4,1.9,4.4,3.7,1.1,28,3.7,1.1,28,6,15,4,21.2,4.1,1,1.5,8.1,80,15,0,0.2,0.8,0,19,0,0,11.8,12.2,No recurring injuries,High,3.8,26,0.2,0,0,0,0,0,0,0,0,0,0,1.5,0.8
Jupiler Pro League,Cercle Brugge,0.50,Dénys Bain,D (C),"DM, M (C)",33,"5'11""",Weak,Very Strong,6.84,0,1260,1,1260,0.1,0.48,0.48,0.52,0,13%,0.06,0.6,0.1,0.1,25%,0,0,0,0,0,0.09,0,90%,43.4,0,0.1,1.9,0,0,0,0,0,0,0,3,0,3.3,13.5,0.6,2.9,2.4,100,8,2,0.8,0.9,0.9,8,4,0,9.9,3.9,No recurring injuries,Below Average,5.8,79,0.9,0,0,0,0,0,0,0,0,0,0,0.9,1.1
Eredivisie,AZ,0.62,Wouter Goes,D (C),,22,"6'2""",Weak,Very Strong,6.87,0,1666,1,1666,0.1,0.91,0.91,0.09,0,11%,0.1011111111,0.5,0.2,0.2,33%,0,0,0,1,0.1,0.2,0,96%,49.9,0.1,0.1,2.2,0,0,0,0,0,0,0.1,6,0,2.2,18.7,0.3,2.8,2.6,86,7,0,0.5,0.8,0.3,17,8,1,9.7,4.1,No recurring injuries,Below Average,4.6,60,1.1,0,0,0,0,0,0,0,0,0,0,1.4,0.6
Eredivisie,NAC Breda,0.33,Fredrik Oldrup Jensen,DM,D/M (C),33,"6'1""",Reasonable,Very Strong,6.79,0,1016,1,1016,0.1,1.31,1.31,-0.31,0.1,11%,0.1455555556,0.8,0.2,0,22%,0,0,0,3,0.3,2.58,0.2,91%,51.7,0.3,1,6,0.3,0.1,33,0.3,0.1,33,0.1,5,0,11.1,8.3,1.3,2.6,6.5,94,16,0,0.4,0.7,0.2,5,0,0,10.7,9.1,No recurring injuries,Below Average,2.5,68,0.4,0,0,0,0,0,0,0,0,0,0,0.8,1.7
Sky Bet Championship,Lincoln,0.33,Josh Honohan,WB (L),D (RC),25,"5'10""",Reasonable,Very Strong,6.91,2,1674,1,1674,0.1,0.32,0.32,0.68,0,20%,0.064,0.3,0.1,0.1,20%,0,0,0,3,0.2,3.63,0.2,91%,56.6,0.1,0.9,7,1.6,0.1,3,1.6,0.1,3,1.5,19,2,20.3,5.7,2.2,3.2,6.9,77,53,1,0.4,0.8,0.5,36,2,1,11.5,15.2,No recurring injuries,Below Average,3.7,65,0.5,0,0,0,0,0,0,0,0,0,0,0.9,1.5
Premier League,Arouca,0.51,Jose Fontán,D (C),D (L),26,"6'0""",Very Weak,Very Weak,6.73,1,1260,1,1260,0.1,0.58,0.58,0.42,0,13%,0.0725,0.6,0.1,0.1,25%,0,0,0,1,0.1,2.4,0.2,93%,42.4,0.1,0.3,2,0,0,0,0,0,0,0,5,0,2.6,15.4,0.6,3.2,2.5,90,10,2,0.6,1,0.8,9,3,0,10,3.9,No recurring injuries,Below Average,3.2,64,0.4,0,0,0,0,0,0,0,0,0,0,1.4,0.8
Sky Bet Championship,Bristol City,0.45,Luke McNally,D (C),,27,"6'4""",Weak,Very Strong,6.77,0,1890,1,1890,0,0.63,0.63,0.37,0,14%,0.09,0.3,0,0.1,14%,0,0,0,0,0,0.19,0,89%,41.5,0,0,2,0,0,0,0,0,0,0.1,6,0,3,14,0.7,2.4,3.2,74,19,2,0.9,1.5,0.7,11,6,0,9.9,3.1,No recurring injuries,Below Average,5.5,76,1.5,0,0,0,0,0,0,0,0,0,0,1.5,0.9
Sky Bet Championship,Sunderland,0.53,Trai Hume,D (R),"WB (L), M (C)",24,"5'11""",Reasonable,Very Strong,6.92,1,1612,1,1612,0.1,0.48,0.48,0.52,0,33%,0.16,0.2,0.1,0.1,33%,0,0,0,0,0,2.56,0.1,91%,51.4,0.2,1.5,6.3,8.7,1.5,17,7.7,1.3,17,2.9,19,0,12.1,9.8,2.3,3.5,10.7,77,53,1,0.7,1.1,0.3,29,4,1,12.1,23.8,No recurring injuries,Low,2.5,55,0.2,0,0,0,0,0,0,0,0,0,0,0.7,0.6
First Division,Atlético Pamplona,0.5,Jorge Herrando,D (C),,25,"6'4""",Very Strong,Weak,6.8,1,1220,1,1220,0.1,0.34,0.34,0.66,0,20%,0.068,0.4,0.1,0.1,40%,0,0,0,0,0,0.69,0.1,94%,49,0.1,0,2.7,0,0,0,0,0,0,0,1,0,3.5,14.2,0.8,3.2,3.5,85,13,4,0.8,1.2,1,6,0,0,10.1,4.2,No recurring injuries,Above Average,6.5,75,1.1,0,0,0,0,0,0,0,0,0,0,1.3,1.1
Second Division,Leganés,0.5,Juan Cruz,AM (R),M (R),26,"5'10""",Very Strong,Fairly Strong,6.66,0,1070,1,1070,0.1,2.29,2.29,-1.29,0.2,4%,0.08178571429,2.4,1,0.8,43%,2,1,100,0,0,1.08,0.1,89%,44.5,0.3,1.9,3,4.3,0.6,13,4.3,0.6,14,4.9,7,4,20.1,3.2,1.1,2,7.3,81,16,0,0.3,0.8,0,8,0,0,11.1,11.4,No recurring injuries,High,3.2,16,0.1,0,0,0,0,0,0,0,0,0,0,0.8,0.8
Jupiler Pro League,Union SG,0.51,Adem Zorgane,DM,M (C),26,"6'1""",Reasonable,Very Strong,6.88,0,1387,1,1387,0.1,0.53,0.53,0.47,0,13%,0.06625,0.5,0.2,0.3,38%,1,0,0,0,0,4.03,0.3,92%,60.2,0.5,1.3,6.6,0.1,0,0,0.1,0,0,0.2,10,0,6.7,12.4,1.4,3.1,6.3,67,33,2,0.5,0.9,0.1,12,6,0,11.9,13.3,No recurring injuries,Average,1.2,47,0,0,0,0,0,0,0,0,0,0,0,1.1,1.2
Ligue 2 BKT,FC Annecy,0.43,Valentin Jacob,AM (R),AM (LC),32,"5'7""",Reasonable,Very Strong,6.87,0,1104,1,1104,0.1,2.27,2.27,-1.27,0.2,5%,0.1135,1.6,0.6,0.6,35%,1,0,0,1,0.1,3.34,0.3,89%,42.8,0.3,1.5,2.8,5.1,1.1,20,5.1,1.1,21,4.3,8,8,21,3.8,1.5,1.2,8.2,95,19,0,0.2,0.2,0,15,0,0,11.6,13.4,No recurring injuries,Above Average,3.7,28,0.1,0,0,0,0,0,0,0,0,0,0,0.7,1.1
Serie BKT,Palermo,0.5,Alexis Blin,"DM, M (C)",,30,"6'0""",Weak,Very Strong,7.08,0,1260,1,1260,0.1,0.52,0.52,0.48,0,17%,0.08666666667,0.4,0.1,0,17%,0,0,0,0,0,1.53,0.1,81%,28.2,0.1,0.4,1.4,0,0,0,0,0,0,0.1,8,0,2.4,3.3,2.4,0.4,1.8,83,40,1,0.2,0.3,0.1,12,1,0,2.9,2.8,No recurring injuries,Very Low,0.9,0,0.1,0,0,0,0,0,0,0,0,0,0,0.3,0.3
Bundesliga 2,1. FC Heidenheim 1846,0.51,Niklas Dorsch,"DM, M (C)",,28,"5'10""",Reasonable,Very Strong,6.92,0,1077,1,1077,0.1,0.47,0.47,0.53,0,33%,0.1566666667,0.3,0.1,0,33%,0,0,0,0,0,2.03,0.2,92%,59.2,0.3,0.9,8,2.8,0.3,8,0.2,0,0,0.1,11,0,6.4,14.3,0.5,2.8,6.4,60,10,1,0.8,1.3,0.1,9,0,0,12.2,14,No recurring injuries,High,1,17,0,0,0,0,0,0,0,0,0,0,0,1.3,0.8
Second Division,Leonesa,0.48,Tomás Ribeiro,D (C),,27,"6'1""",Very Strong,Weak,6.88,2,1415,1,1415,0.1,0.58,0.58,0.42,0,14%,0.08285714286,0.4,0.1,0.1,29%,1,0,0,0,0,0.44,0,90%,41.9,0.1,0.1,1.5,0.1,0.1,100,0.1,0.1,100,0,3,0,3.1,17.9,0.4,1.8,2.2,60,10,3,1.1,1.7,0.8,5,2,0,10.5,4.8,No recurring injuries,Above Average,5.5,63,0.8,0,0,0,0,0,0,0,0,0,0,0.7,1
Premier League,Gil Vicente,0.48,Marvin Elimbi,D (C),,23,"6'1""",Very Weak,Very Weak,6.96,0,1260,1,1260,0.1,1.5,1.5,-0.5,0.1,7%,0.1,1.1,0.4,0.4,33%,0,0,0,0,0,0.61,0,88%,41.2,0.1,0.3,1.9,0,0,0,0,0,0,0,3,0,2.9,10.9,0.5,2.5,2.2,88,8,2,0.8,1.1,0.3,6,1,0,10.1,3.1,No recurring injuries,Low,5.6,81,0.9,0,0,0,0,0,0,0,0,0,0,0.9,0.9
Ligue 1 McDonald's,Rennes,0.47,Alidu Seidu,D (RC),"D (L), WB (R)",26,"5'8""",Reasonable,Very Strong,6.9,0,1080,1,1080,0.1,0.66,0.66,0.34,0.1,13%,0.0825,0.7,0.1,0.3,13%,0,0,0,0,0,0.61,0.1,88%,59.3,0.2,0.8,7.3,1.1,0.3,30,1.1,0.3,31,0.7,9,0,17,8.8,1.5,3,6.2,62,29,1,0.4,0.9,0.9,10,1,0,11.8,14.2,No recurring injuries,Average,2.7,63,0.2,0,0,0,0,0,0,0,0,0,0,0.8,1.3
Eredivisie,Excelsior,0.50,Gyan de Regt,AM (L),M (L),24,"5'9""",Weak,Very Strong,6.62,0,1031,1,1031,0.1,0.85,0.85,0.15,0.1,9%,0.07727272727,1,0.2,0.4,18%,1,0,0,0,0,0.06,0,92%,44.4,0.2,1.7,3.7,4,1.2,30,4,1.2,30,3.1,5,2,16.9,5,1.6,2,9.9,75,24,0,0.4,0.9,0,15,0,0,11,14.7,No recurring injuries,Below Average,3.8,16,0,0,0,0,0,0,0,0,0,0,0,0.6,1.3
Ligue 1 McDonald's,Auxerre,0.51,Sinaly Diomandé,D (C),,25,"6'0""",Weak,Very Strong,6.99,0,1170,1,1170,0.1,0.64,0.64,0.36,0,9%,0.05818181818,0.8,0.3,0.2,36%,0,0,0,1,0.1,0.3,0,95%,51.2,0.1,0.2,2.9,0,0,0,0,0,0,0,4,0,2.9,17.6,1.2,3.4,3.5,100,16,1,1,1.1,0.5,7,4,0,10.3,4.8,No recurring injuries,Below Average,3.9,78,0.5,0,0,0,0,0,0,0,0,0,0,1.3,0.8
Ligue 1 McDonald's,Havre AC,0.43,Fodé Doucouré,WB (R),M/AM (R),25,"5'8""",Weak,Very Strong,6.92,2,1288,1,1288,0.1,0.87,0.87,0.13,0.1,9%,0.07909090909,0.8,0.2,0.3,27%,0,0,0,2,0.1,1.54,0.1,86%,50.7,0.2,1.1,6.2,1.7,0.2,12,1.6,0.2,13,1.1,12,2,17.2,7.9,1.5,2.3,7.8,92,24,0,0.3,1,1.1,19,3,0,11,15.5,No recurring injuries,Below Average,4.3,51,0.1,0,0,0,0,0,0,0,0,0,0,0.6,1
Jupiler Pro League,KAA Gent,0.45,Maksim Paskotši,D (C),D (R),23,"6'2""",Reasonable,Very Strong,6.84,1,1159,1,1159,0.1,1.52,1.52,-0.52,0.1,11%,0.1688888889,0.7,0.1,0.2,11%,0,0,0,1,0.1,1.04,0.1,90%,41.1,0.2,0.2,1.7,0,0,0,0,0,0,0,2,1,3,13.8,0.6,2.3,2.9,89,9,0,0.5,1,0.7,3,0,0,10.5,4.4,No recurring injuries,High,6.1,60,0.9,0,0,0,0,0,0,0,0,0,0,1.1,1.5
Ligue 1 McDonald's,Troyes,0.55,Junior Diaz,D (C),DM,23,"6'4""",Weak,Very Strong,6.72,1,1152,1,1152,0.1,0.17,0.17,0.83,0,20%,0.034,0.4,0.1,0.3,20%,1,0,0,3,0.2,1.5,0.1,91%,52.2,0,0.5,4.4,0,0,0,0,0,0,0.1,6,0,6.2,11.4,1.2,2.3,6.4,76,21,3,0.6,0.8,0.1,8,0,0,11.5,10,No recurring injuries,Below Average,2.9,62,0.5,0,0,0,0,0,0,0,0,0,0,1.3,1.3
Serie BKT,Frosinone,0.5,Farès Ghedjemis,AM (R),WB/M (R),24,"6'0""",Very Strong,Reasonable,6.93,1,1260,1,1260,0.1,4.4,4.4,-3.4,0.3,4%,0.1692307692,1.9,0.9,0,46%,0,0,0,1,0.1,1.61,0.1,68%,20,0,0,0,0,0,0,0,0,0,0,23,0,0,0,1.2,0,0,71,24,0,0,0,0,3,0,0,0,0,No recurring injuries,Very Low,0,0,0,0,0,0,0,0,0,0,0,0,0,0,0
Second Division,Huesca,0.53,Julio Alonso,D (L),,27,"5'7""",Very Strong,Fairly Strong,7.02,3,1530,1,1530,0.1,0.38,0.38,0.62,0,17%,0.06333333333,0.4,0.1,0.1,17%,0,0,0,2,0.1,0.69,0,91%,52.2,0.2,1.1,6.8,1.5,0.1,8,1.5,0.1,8,0.7,15,3,10.8,14.1,2.3,2.5,8.8,89,44,1,0.4,1.3,0.1,14,0,0,11.9,15.9,No recurring injuries,Below Average,3.4,72,0.4,0,0,0,0,0,0,0,0,0,0,0.8,0.9
Second Division,Leganés,0.5,Roberto López,AM (C),AM (R),26,"5'10""",Very Strong,Weak,6.61,0,1376,1,1376,0.1,3.02,3.02,-2.02,0.2,4%,0.1118518519,1.8,0.7,0.6,37%,1,1,100,3,0.2,3.21,0.2,95%,5,0.3,0.2,0.2,7.6,0.9,12,0.4,0,0,0.4,10,0,13.7,9.7,0.1,0.5,1,100,1,0,0.1,0.1,0,1,0,0,1.3,1.5,No recurring injuries,Below Average,0.6,78,0,0,0,0,0,0,0,0,0,0,0,0.9,0.8
First Division,A. Bilbao,0.61,Aymeric Laporte,D (C),D (L),32,"6'2""",Very Strong,Weak,7,1,1755,1,1755,0.1,0.3,0.3,0.7,0,20%,0.06,0.3,0.1,0,20%,0,0,0,2,0.1,1.34,0.1,95%,55.5,0.2,0.4,3,0.4,0.1,14,0.3,0.1,17,0.2,6,0,3.3,15,0.9,2.6,3.7,78,23,0,0.6,1.1,0.6,15,2,0,10.2,5.1,Recurring moderate groin strain,Very High,5.6,68,2.3,0,0,2,0,0,0,0,0,0,0,1.9,1.2
Bundesliga 2,1. FC Köln,0.5,Sebastian Sebulonsen,D (R),D (C),26,"6'2""",Weak,Very Strong,6.97,2,1173,1,1173,0.1,0.54,0.54,0.46,0,25%,0.135,0.3,0.1,0,25%,0,0,0,0,0,1.73,0.1,87%,41.3,0.3,1.1,3.8,6.1,1.5,23,6.1,1.5,24,3,13,0,14,11.4,2,3,9.6,93,28,2,0.8,1.3,0.2,23,3,0,12.7,24.6,No recurring injuries,Average,3.8,74,0.3,0,0,0,0,0,0,0,0,0,0,1.2,0.8
Sky Bet Championship,Bristol City,0.45,Tomi Horvat,AM (C),"M (RL), AM (L)",27,"5'9""",Very Strong,Reasonable,7.05,1,1284,1,1284,0.1,1.47,1.47,-0.47,0.1,6%,0.08647058824,1.2,0.4,0.6,35%,0,0,0,8,0.6,6.01,0.4,84%,44.6,0.6,1.9,5.5,3.3,1,29,2.7,0.7,26,2,6,3,13.2,5.7,2,2.4,8.6,76,38,0,0.4,0.7,0.1,10,3,1,12.1,14,No recurring injuries,Average,3.2,33,0.2,0,0,0,0,0,0,0,0,0,0,1.5,1.3
Jupiler Pro League,KRC Genk,0.54,Mujaid Sadick,D (C),D (R),26,"6'0""",Weak,Very Strong,6.91,2,1147,1,1147,0.1,1.03,1.03,-0.03,0.1,11%,0.1144444444,0.7,0.2,0.3,22%,0,0,0,1,0.1,0.29,0,91%,42.8,0,0.1,1.9,0,0,0,0,0,0,0.1,4,0,3.1,17.4,0.8,1.6,2.8,83,12,1,0.6,1.2,0.8,12,5,0,10.7,4.1,No recurring injuries,Below Average,4.9,71,0.9,0,0,0,0,0,0,0,0,0,0,1.5,0.8
Second Division,Zaragoza,0.48,Aleksandar Radovanović,D (C),,33,"6'2""",Very Strong,Weak,6.85,1,1465,1,1465,0.1,1.2,1.2,-0.2,0.1,13%,0.15,0.5,0.1,0.1,13%,1,0,0,1,0.1,0.96,0.1,94%,41.6,0.1,0.1,2.1,0.1,0,0,0.1,0,0,0,3,0,3.8,14,0.6,2.9,3.1,75,12,2,0.5,0.9,0.7,16,3,0,9.4,3.2,No recurring injuries,High,5.2,69,1.3,0,0,0,0,0,0,0,0,0,0,1,0.9
Serie A,Juventus,0.5,Weston McKennie,DM,"WB (R), DM, AM (RC)",28,"5'11""",Reasonable,Very Strong,7.08,3,1687,1,1687,0.1,1.28,1.28,-0.28,0.1,9%,0.1163636364,0.6,0.1,0.2,18%,0,0,0,4,0.2,3.18,0.2,89%,49.6,0.2,2,5.4,5.8,0.6,11,5.8,0.6,11,2.2,25,3,15.3,12.2,2.1,2.9,9.4,87,45,0,0.3,0.7,0.5,29,0,0,12,24,No recurring injuries,Very Low,2.8,64,0.4,0,0,0,0,0,0,0,0,0,0,1.5,0.9
Bundesliga 2,SV Elversberg,0.52,Amara Condé,DM,,29,"5'8""",Reasonable,Very Strong,6.85,1,1312,1,1312,0.1,0.52,0.52,0.48,0,13%,0.065,0.5,0.1,0.1,25%,0,0,0,2,0.1,1.06,0.1,88%,41.8,0.1,0.5,4.9,0.1,0,0,0.1,0,0,0.2,4,0,8.2,14.3,1.2,2,3.6,94,18,0,0.5,1,0.2,8,3,1,9.3,9.1,No recurring injuries,Below Average,1.5,55,0,0,0,0,0,0,0,0,0,0,0,1.3,1
Sky Bet Championship,Millwall,0.53,Calvin Ramsay,D (R),WB (R),23,"5'10""",Fairly Strong,Very Strong,7.06,2,1128,1,1128,0.1,0.42,0.42,0.58,0,20%,0.084,0.4,0.2,0.2,60%,0,0,0,1,0.1,1.49,0.1,90%,54.8,0.1,0.6,6.6,2.6,0.2,6,2.6,0.2,6,1,14,1,15,12,1.4,3,8.3,78,23,1,0.5,1.3,0.3,20,1,0,11.4,14.4,No recurring injuries,High,4.9,59,0.5,0,0,0,0,0,0,0,0,0,0,1.1,0.9
Bundesliga,Sport-Club Freiburg,0.51,Christian Günter,D/WB (L),,33,"6'0""",Very Strong,Weak,6.92,1,1082,1,1082,0.1,0.05,0.05,0.95,0,50%,0.025,0.2,0.1,0.2,50%,1,0,0,1,0.1,1.39,0.1,88%,56.5,0,0.6,7.6,2.9,0.2,8,2.7,0.2,9,0.9,6,2,14.9,12.6,2.2,3.4,7.6,81,32,0,0.3,1.1,0.3,21,2,0,11.8,17.1,No recurring injuries,Low,3.3,73,0.6,0,0,0,0,0,0,0,0,0,0,1.4,1.2
First Division,A. Bilbao,0.61,Jesús Areso,D (R),,27,"6'0""",Reasonable,Very Strong,6.91,0,1464,1,1464,0.1,1.22,1.22,-0.22,0.1,7%,0.08714285714,0.9,0.3,0.6,36%,1,0,0,2,0.1,2.57,0.2,90%,63.9,0.2,0.9,8.8,2.5,0.3,12,2.5,0.3,13,0.7,15,0,11.4,11.7,2.6,3.3,7.6,81,52,2,0.7,0.9,0.8,11,2,0,12,17.6,No recurring injuries,Below Average,4.1,62,0.2,0,0,0,0,0,0,0,0,0,0,1.7,1.2
Sky Bet Championship,Middlesbrough,0.50,Nathan Patterson,D (R),,25,"6'0""",Reasonable,Very Strong,6.96,1,1741,1,1741,0.1,2.1,2.1,-1.1,0.1,8%,0.175,0.6,0.1,0.3,17%,0,0,0,2,0.1,3.36,0.2,88%,58.5,0.1,0.9,8.1,3.3,1,30,1.9,0.7,36,0.5,16,2,14,11.3,2.5,3,7.7,86,57,2,0.3,0.9,0.4,28,2,0,11.3,16,No recurring injuries,High,3.5,47,0.4,0,0,0,0,0,0,0,0,0,0,0.9,1.1
Second Division,Tenerife,0.44,Josep Calavera,DM,M (C),27,"5'11""",Reasonable,Very Strong,6.75,1,1189,1,1189,0.1,0.43,0.43,0.57,0,20%,0.086,0.4,0.2,0.2,40%,0,0,0,0,0,1.59,0.1,88%,51.5,0.1,0.5,3.2,0.1,0.1,100,0.1,0.1,100,0.1,3,0,7.4,10.3,1.5,2.7,4.7,83,24,2,0.5,1.1,0,8,1,0,11.1,9.8,No recurring injuries,Below Average,3,59,0.4,0,0,0,0,0,0,0,0,0,0,0.9,1.3
Sky Bet Championship,Cardiff,0.49,David Turnbull,M (C),DM,27,"6'1""",Reasonable,Very Strong,6.56,0,1056,1,1056,0.1,1.21,1.21,-0.21,0.1,8%,0.09307692308,1.1,0.3,0.3,31%,0,0,0,4,0.3,2.16,0.2,88%,0.7,0.4,0.3,0.1,1.3,0.2,13,0,0,0,0,5,0,14.8,10.1,0,0,0.1,0,0,0,0,0,0,0,0,0,0.2,0.2,No recurring injuries,Average,0,0,0,0,0,0,0,0,0,0,0,0,0,1.4,1.4
Serie A,Sampdoria,0.5,Liam Henderson,M (C),DM,30,"6'0""",Reasonable,Very Strong,6.49,0,1620,1,1620,0.1,2.53,2.53,-1.53,0.1,4%,0.11,1.3,0.4,0.3,30%,2,0,0,1,0.1,1.75,0.1,86%,20.2,0.2,0.7,1.1,0.4,0,0,0.4,0,0,0.7,6,4,20.9,8.2,0.3,0.7,2,63,8,0,0.1,0.2,0,18,7,0,5.9,5.9,No recurring injuries,Very Low,2.1,51,0,0,0,0,0,0,0,0,0,0,0,0.7,1.6
Jupiler Pro League,RWDM Brussels,0.50,Ali Loune,DM,,24,"5'11""",Weak,Very Strong,6.84,0,1341,1,1341,0.1,1.21,1.21,-0.21,0.1,14%,0.1728571429,0.5,0.1,0,14%,0,0,0,0,0,0.99,0.1,93%,52.8,0.3,0.6,4.1,0.2,0.1,66,0.2,0.1,67,0.1,7,0,7.5,13.9,1.3,2.5,6.5,77,26,1,0.5,0.7,0.9,13,1,0,11.6,11.7,No recurring injuries,Below Average,1.5,65,0.2,0,0,0,0,0,0,0,0,0,0,1.1,1
Second Division,Coruña,0.5,Arnau Comas,D (C),DM,26,"6'3""",Reasonable,Very Strong,6.92,1,1407,1,1407,0.1,1.32,1.32,-0.32,0.1,13%,0.165,0.5,0.3,0.1,50%,0,0,0,0,0,0.7,0,93%,41.3,0.1,0.3,1.9,0,0,0,0,0,0,0,2,0,3.3,16.1,0.8,2.7,2.3,92,13,6,1,1,0.5,4,2,0,10.4,4,No recurring injuries,High,5.8,56,0.8,0,0,0,0,0,0,0,0,0,0,0.8,1.1
Sky Bet Championship,Middlesbrough,0.50,Aidan Morris,M (C),,25,"5'9""",Reasonable,Very Strong,6.93,1,1503,1,1503,0.1,1.76,1.76,-0.76,0.1,8%,0.1466666667,0.7,0.2,0.1,33%,1,0,0,1,0.1,2.07,0.1,92%,57.8,0.4,0.4,4,0.1,0.1,100,0.1,0.1,100,0.1,12,1,5.1,12.2,0.8,3,6.1,82,17,1,0.8,1,0.1,8,4,0,11.1,11,Recurring torn anterior cruciate ligament,Very High,2,53,0.1,0,0,0,0,0,0,0,0,0,0,0.9,1.3
Jupiler Pro League,Charleroi,0.53,Torge Paetow,D (C),DM,31,"6'2""",Reasonable,Very Strong,6.86,0,1560,1,1560,0.1,1.52,1.52,-0.52,0.1,7%,0.1085714286,0.8,0.2,0.3,21%,1,0,0,0,0,1.04,0.1,92%,42.1,0.1,0.1,1.3,0.1,0,0,0.1,0,0,0.1,1,0,3.1,13.4,0.3,3.1,2.5,75,8,1,0.8,1.2,0.3,4,2,0,10,4.4,No recurring injuries,Below Average,5.7,69,0.6,0,0,0,0,0,0,0,0,0,0,1.3,1
Serie BKT,Pisa,0.5,Marius Marin,DM,DM,28,"5'11""",Reasonable,Very Strong,6.78,0,1260,1,1260,0.1,0.47,0.47,0.53,0,17%,0.07833333333,0.4,0.1,0,17%,0,0,0,0,0,1.35,0.1,76%,24.3,0,0.1,0.9,0.1,0,0,0.1,0,0,0,14,0,0.6,2.8,1.7,0.4,0.6,80,30,0,0.1,0.1,0.2,31,2,1,1.8,1.9,No recurring injuries,Very Low,0.2,0,0,0,0,0,0,0,0,0,0,0,0,0.4,0.1
Bundesliga,1. FC Union Berlin,0.43,Luca Sirch,D (C),"DM, M (C)",27,"6'1""",Reasonable,Very Strong,6.84,0,1121,1,1121,0.1,1.05,1.05,-0.05,0.1,11%,0.1166666667,0.7,0.2,0.2,33%,1,0,0,0,0,0.62,0,90%,43.2,0.2,0,2.3,4.9,0.6,13,0.1,0.1,100,0,7,0,3.7,12.8,0.2,3.1,3.5,100,3,0,0.3,0.3,0.2,4,1,0,9.7,3.2,No recurring injuries,Below Average,4.7,78,0.6,0,0,0,0,0,0,0,0,0,0,0.9,1.1
Sky Bet Championship,Leeds,0.62,Anton Stach,DM,D (C),28,"6'4""",Reasonable,Very Strong,7.09,2,1627,1,1627,0.1,3.55,3.55,-2.55,0.2,4%,0.1543478261,1.3,0.2,0.5,17%,1,0,0,0,0,4.11,0.2,92%,60.6,0.3,0.8,4.4,2.2,0.5,23,0.2,0.1,33,0.1,16,0,5.1,17.5,2,2,6.5,93,40,3,0.5,0.6,0,18,5,0,12.1,13.7,No recurring injuries,Below Average,3,65,0.4,0,0,0,0,0,0,0,0,0,0,1.6,0.8
Ligue 1 McDonald's,RC Lens,0.48,Jonathan Gradit,D (C),D (R),34,"5'11""",Reasonable,Very Strong,6.88,1,1321,1,1321,0.1,0.6,0.6,0.4,0,14%,0.08571428571,0.5,0.1,0.1,14%,0,0,0,0,0,1.4,0.1,92%,46.8,0.1,0.4,3.6,0.1,0,0,0.1,0,0,0.1,3,0,3.4,11.2,0.4,3.3,2.4,55,11,4,1,1.5,0.3,6,4,0,10.1,5.2,No recurring injuries,Above Average,4.5,65,0.3,0,0,0,0,0,0,0,0,0,0,1.2,0.9
Ligue 2 BKT,FC Rouen,0.43,Formose Mendy,D (C),,33,"6'1""",Weak,Very Strong,6.93,1,1170,1,1170,0.1,0.37,0.37,0.63,0,17%,0.06166666667,0.5,0.1,0.2,17%,0,0,0,1,0.1,0.47,0,92%,43.3,0.1,0.1,1.8,0.2,0.1,50,0.2,0.1,50,0,3,1,3.5,10.8,0.3,4.3,2.1,57,7,0,0.9,1.2,0.8,8,4,0,9.9,3.8,No recurring injuries,Above Average,7.2,62,1.4,0,0,0,0,0,0,0,0,0,0,0.7,1.7
Ligue 2 BKT,USL Dunkerque,0.50,Bram Lagae,D (C),,22,"6'0""",Very Strong,Weak,6.74,1,1341,1,1341,0.1,0.41,0.41,0.59,0,20%,0.082,0.3,0.1,0,40%,0,0,0,1,0.1,0.31,0,89%,42.6,0,0.2,1.9,0,0,0,0,0,0,0,6,0,3.1,16.7,0.3,2.9,2.8,80,5,0,0.4,0.9,0.9,11,2,0,10.2,3.2,No recurring injuries,Average,5,69,1.2,0,0,1,0,0,0,0,0,0,0,1.3,0.6
Sky Bet Championship,Norwich,0.56,Ruairi McConville,D (C),,21,"6'4""",Weak,Very Strong,6.93,2,1890,1,1890,0,1.56,1.56,-0.56,0.1,6%,0.0975,0.8,0.2,0.3,31%,0,0,0,1,0,0.85,0,93%,45.2,0.1,0.1,2.3,0,0,0,0,0,0,0,4,0,2.4,16.9,0.7,2.6,2.4,82,17,3,0.7,0.8,0.5,8,0,0,10.2,4.3,No recurring injuries,Low,5.6,75,1.4,0,0,0,0,0,0,0,0,0,0,1.2,0.9
Premier League,Birmingham,0.48,Carlos Vicente,AM (R),,27,"5'10""",Fairly Strong,Very Strong,6.78,0,1232,1,1232,0.1,1.99,1.99,-0.99,0.1,4%,0.08291666667,1.8,0.9,0.9,50%,0,0,0,2,0.1,1.76,0.1,89%,57.9,0.3,1.2,6.5,4.6,0.9,20,4.1,0.9,23,7.2,37,6,18.6,8.1,1.5,2.8,10.1,74,27,0,0.2,0.7,0.1,13,0,0,13.4,18,No recurring injuries,Below Average,2.8,31,0,0,0,0,0,0,0,0,0,0,0,1.4,2.3
Bundesliga 2,1. FC Köln,0.5,Rav van den Berg,D (C),,22,"6'3""",Weak,Very Strong,6.99,1,1204,1,1204,0.1,1.32,1.32,-0.32,0.1,17%,0.22,0.4,0.2,0.1,50%,0,0,0,0,0,0.21,0,95%,41.6,0,0.1,1.5,0,0,0,0,0,0,0.1,4,0,3.6,12.7,0.8,2.5,2.5,85,13,3,0.7,1.3,0.3,5,1,0,10.3,4.1,No recurring injuries,Above Average,6.1,79,1.3,0,0,0,0,0,0,0,0,0,0,1.2,0.9
Ligue 2 BKT,Grenoble,0.46,Gaëtan Paquiez,D (C),"D (RL), M (C)",32,"6'0""",Weak,Very Strong,6.94,2,1190,1,1190,0.1,0.91,0.91,0.09,0.1,14%,0.13,0.5,0.2,0.2,29%,1,0,0,0,0,0.68,0.1,92%,43,0.2,0.2,1.4,0.1,0,0,0.1,0,0,0,2,0,5.4,9.6,0.4,2.7,2.4,63,8,3,1,1.5,0.5,10,4,0,9.7,5.2,No recurring injuries,Below Average,4.3,67,0.7,0,0,0,0,0,0,0,0,0,0,0.9,0.9
Premier League,Brighton,0.51,Pascal Groß,DM,AM (C),35,"5'11""",Reasonable,Very Strong,6.8,0,1210,1,1210,0.1,1.6,1.6,-0.6,0.1,6%,0.08888888889,1.3,0.7,1,50%,0,0,0,4,0.3,3.45,0.3,88%,66.3,0.9,1.8,6,7.9,1.3,16,0.4,0.1,33,0.2,1,3,11.8,6.6,1.8,3,6.2,65,37,1,0.7,0.6,0.6,4,0,0,13.2,25.4,No recurring injuries,Below Average,1,38,0,0,0,0,0,0,0,0,0,0,0,1.5,2.9
Serie A,U.S. Lecce,0.5,Davide Carrino,ST (C),,16,"6'2""",Very Weak,Very Weak,6.29,0,1230,1,1230,0.1,1.17,1.17,-0.17,0.1,9%,0.1063636364,0.8,0.6,0.3,73%,0,0,0,0,0,0.21,0,92%,26.4,0.1,0.5,0.3,0.3,0.1,25,0.3,0.1,25,0.4,21,9,29.4,0.5,0.2,0.6,1.5,100,3,0,0,0.4,0,10,0,0,9.1,5.9,No recurring injuries,Very Low,10.1,30,0.1,0,0,0,0,0,0,0,0,0,0,0.6,1
Premier League,West Ham,0.44,Jean-Clair Todibo,D (C),,26,"6'3""",Reasonable,Very Strong,6.99,1,1350,1,1350,0.1,0.27,0.27,0.73,0,33%,0.09,0.2,0.1,0,67%,0,0,0,0,0,0.12,0,95%,48.3,0,0.1,2.4,0,0,0,0,0,0,0.1,0,0,2.9,10.3,0.7,3.5,2.1,83,12,7,0.8,0.8,0.7,4,1,0,10.5,3.2,No recurring injuries,Below Average,4.4,65,0.5,0,0,1,0,0,0,0,0,0,0,1.5,0.8
Jupiler Pro League,KRC Genk,0.54,Adrián Palacios,D (C),D (L),22,"6'2""",Very Strong,Weak,6.86,0,1218,1,1218,0.1,0.68,0.68,0.32,0.1,25%,0.17,0.3,0.1,0.1,50%,1,0,0,1,0.1,0.52,0,90%,40.5,0.1,0.5,2.7,0.2,0.1,33,0.2,0.1,33,0.1,4,0,4.6,12.3,0.4,4.1,2.9,67,9,2,0.8,1.1,0.5,3,1,0,9.8,6,No recurring injuries,Below Average,3.3,56,0.1,0,0,0,0,0,0,0,0,0,0,1.5,0.7
First Division,Real Hispalis,0.53,Sergi Altimira,DM,M (C),25,"6'2""",Fairly Strong,Very Strong,6.96,1,1298,1,1298,0.1,0.67,0.67,0.33,0,11%,0.07444444444,0.6,0.1,0.3,22%,1,0,0,2,0.1,4,0.3,93%,56.5,0.2,0.7,6.7,0.1,0,0,0.1,0,0,0.1,3,1,5.2,15.5,1.7,3.2,6.2,89,27,1,0.3,0.6,0.4,4,0,0,12.4,14.5,No recurring injuries,Below Average,2.8,58,0.3,0,0,0,0,0,0,0,0,0,0,1.7,1
Sky Bet Championship,Leeds,0.62,Pascal Struijk,D (C),D (L),27,"6'3""",Very Strong,Fairly Strong,6.81,1,1391,1,1391,0.1,1.72,0.91,-0.72,0.1,14%,0.2457142857,0.5,0.2,0.1,43%,1,1,0,0,0,1.34,0.1,92%,53.9,0.3,0.1,2.7,0,0,0,0,0,0,0,4,0,2,17.7,0.5,2.7,2.7,70,10,1,0.5,0.7,0.1,11,2,0,10.6,3.5,No recurring injuries,Above Average,4.9,80,0.9,0,0,0,0,0,0,0,0,0,0,1.9,0.9
Jupiler Pro League,Antwerp,0.53,Thibo Somers,AM (C),M/AM (R),27,"6'0""",Fairly Strong,Very Strong,6.81,1,1228,1,1228,0.1,1.14,1.14,-0.14,0.1,6%,0.07125,1.2,0.1,0.4,13%,0,0,0,2,0.1,2.02,0.1,92%,46.7,0.4,1.2,2.8,0.9,0.1,8,0.9,0.1,8,1.2,3,4,18,8.4,0.6,1.1,4.6,80,10,1,0.4,0.3,0,12,1,0,12.2,10.3,No recurring injuries,Below Average,2.9,48,0.1,0,0,0,0,0,0,0,0,0,0,1,1.7
Eredivisie,RKC Waalwijk,0.40,Tim van de Loo,DM,"D (C), WB (R)",23,"5'7""",Weak,Very Strong,6.48,0,1340,1,1340,0.1,1.01,1.01,-0.01,0.1,10%,0.101,0.7,0.2,0.3,30%,0,0,0,1,0.1,0.93,0.1,96%,6.9,0.3,0.1,0.6,0,0,0,0,0,0,0,9,0,12.3,10.3,0.2,0.3,0.7,75,4,0,0.1,0,0,2,1,0,1.3,1.3,No recurring injuries,Below Average,0.3,75,0,0,0,0,0,0,0,0,0,0,0,0.9,1.3
Second Division,Coruña,0.5,Rubén López,DM,,22,"5'9""",Very Strong,Weak,6.97,0,1321,1,1321,0.1,0.71,0.71,0.29,0,11%,0.07888888889,0.6,0.3,0.3,44%,0,0,0,3,0.2,3.47,0.2,93%,50.6,0.3,0.6,4.7,0.2,0,0,0.2,0,0,0.3,6,0,9.1,12.7,1.1,2.5,6.4,80,20,2,0.7,0.6,0.1,11,1,0,11.7,11.6,No recurring injuries,Below Average,1.7,56,0.1,0,0,0,0,0,0,0,0,0,0,1,1
Serie A,Udinese,0.5,Kingsley Ehizibue,D/WB (R),M (R),31,"6'2""",Weak,Very Strong,6.98,0,1620,1,1620,0.1,0.61,0.61,0.39,0,17%,0.1016666667,0.3,0.1,0.1,17%,0,0,0,0,0,1.57,0.1,89%,56.5,0.3,0.9,6.4,2.9,0.2,7,2.9,0.2,8,1.1,13,0,14.5,10.5,1.9,3.2,8,78,45,1,0.4,0.7,0.8,18,4,0,11.6,18.2,No recurring injuries,Very Low,3.7,69,0.4,0,0,0,0,0,0,0,0,0,0,1.4,1.2
Sky Bet Championship,Sheffield United,0.52,Gustavo Hamer,DM,"M (L), AM (LC)",29,"5'7""",Reasonable,Very Strong,6.91,0,1326,1,1326,0.1,0.92,0.15,0.08,0.1,25%,0.23,0.3,0.1,0.1,25%,0,1,100,4,0.3,1.68,0.1,91%,57.4,0.1,0.9,6.9,2.2,0.1,6,0,0,0,0.3,9,1,7.3,13.1,1,2.4,6,70,20,1,0.8,1.2,0.1,17,5,0,11.9,12.8,No recurring injuries,Below Average,1.4,35,0,0,0,0,0,0,0,0,0,0,0,1.5,1.6
Jupiler Pro League,RSC Anderlecht,0.58,Ilay Camara,WB (L),M (R),23,"5'9""",Fairly Strong,Very Strong,7.01,1,1025,1,1025,0.1,0.24,0.24,0.76,0,25%,0.06,0.4,0.1,0.3,25%,0,0,0,2,0.2,0.96,0.1,88%,52.6,0.2,1.3,6.9,3.1,0.5,17,3.1,0.5,17,0.7,15,2,14.4,11.9,1.8,2.7,6.9,72,29,0,0.5,1.1,0.8,18,3,0,11.6,14.8,No recurring injuries,High,4.1,79,0.5,0,0,0,0,0,0,0,0,0,0,1.5,1.1
Eredivisie,Sparta Rotterdam,0.46,Pelle Clement,M (C),AM (R),30,"5'10""",Reasonable,Very Strong,6.91,1,1119,1,1119,0.1,0.99,0.99,0.01,0.1,8%,0.0825,1,0.2,0.4,17%,0,0,0,1,0.1,1.09,0.1,88%,31.9,0.2,1.4,1.8,2.5,0.9,35,2.5,0.9,35,2.4,14,5,17.1,5,1.2,1.4,6.7,88,17,0,0.2,0.4,0,4,0,0,8.6,11.4,No recurring injuries,Below Average,2.3,21,0,0,0,0,0,0,0,0,0,0,0,1,1.2
Jupiler Pro League,Cercle Brugge,0.50,Christiaan Ravych,D (C),,24,"6'4""",Reasonable,Very Strong,6.91,0,1419,1,1419,0.1,1.2,1.2,-0.2,0.1,5%,0.06315789474,1.2,0.3,0.4,26%,0,0,0,1,0.1,0.38,0,92%,41.9,0.1,0.3,2.7,0.1,0,0,0.1,0,0,0,1,0,2.9,16.7,0.3,2.2,2.3,83,6,1,0.9,1.2,0.9,4,1,0,9.7,3.5,No recurring injuries,Average,6,82,0.8,0,0,0,0,0,0,0,0,0,0,1,1.1
Eredivisie,Telstar,0.39,Danny Bakker,DM,,31,"6'0""",Very Strong,Reasonable,6.84,1,1356,1,1356,0.1,0.26,0.26,0.74,0,25%,0.065,0.3,0.1,0.1,25%,0,0,0,0,0,2.08,0.1,94%,46.1,0.2,0.5,3.5,0.3,0.1,50,0.3,0.1,50,0.1,4,0,5.2,12,1.3,2.5,4,100,20,2,0.4,0.9,1,13,3,0,10.6,5.8,No recurring injuries,Average,2.5,57,0.5,0,0,0,0,0,0,0,0,0,0,0.6,1.3
Serie A,Parma,0.5,Mandela Keita,DM,,24,"5'11""",Reasonable,Very Strong,6.81,0,1193,1,1193,0.1,0.76,0.76,0.24,0.1,13%,0.095,0.6,0,0.2,0%,0,0,0,0,0,1.19,0.1,92%,52.3,0.1,0.5,5.9,0,0,0,0,0,0,0.4,7,0,5.2,12.4,1.1,2,4,61,23,1,0.1,0.2,0.2,21,4,0,10.1,10.9,No recurring injuries,Very Low,2.8,65,0.7,0,0,0,0,0,0,0,0,0,0,0.7,0.8
Serie BKT,Venezia,0.5,Joël Schingtienne,D (C),,24,"6'2""",Weak,Very Strong,6.76,0,1260,1,1260,0.1,0.99,0.99,0.01,0.1,9%,0.09,0.8,0,0,0%,0,0,0,0,0,0,0,69%,20,0,0,0,0,0,0,0,0,0,0,13,0,0,0,1.4,0,0,100,19,0,0,0,0,15,0,0,0,0,No recurring injuries,Very Low,0,0,0,0,0,0,0,0,0,0,0,0,0,0,0
Bundesliga,1. FC Magdeburg,0.41,Jorrit Hendrix,DM,,31,"5'11""",Very Strong,Weak,6.88,0,1217,1,1217,0.1,1.76,1.76,-0.76,0.1,7%,0.1257142857,1,0.1,0.2,14%,0,0,0,5,0.4,0.65,0,94%,41.5,0.1,0.5,4.4,3.2,0.7,23,0.2,0,0,0,5,1,7.8,10.5,0.7,2.9,5.4,67,15,1,0.2,0.3,0,11,2,0,9.4,8.9,No recurring injuries,Above Average,2,30,0.1,0,0,0,0,0,0,0,0,0,0,1,1.4
First Division,Atlético Pamplona,0.5,Víctor Muñoz,AM (L),AM (C),23,"5'8""",Fairly Strong,Very Strong,7.06,1,1101,1,1101,0.1,3.19,3.19,-2.19,0.3,5%,0.1519047619,1.7,1,0.4,57%,1,0,0,2,0.2,2.29,0.2,92%,48.8,0.5,1.8,3.8,3.3,0.8,25,3.3,0.8,25,3.4,23,4,18.6,4.1,1.8,1.5,8.8,69,32,0,0.2,0.5,0,11,0,0,11.1,13.4,No recurring injuries,Above Average,3.2,21,0,0,0,0,0,0,0,0,0,0,0,1.2,1.1
Bundesliga 2,Hannover 96,0.53,Oscar Højlund,DM,,21,"6'0""",Reasonable,Very Strong,7,0,1013,1,1013,0.1,0.83,0.83,0.17,0.1,14%,0.1185714286,0.6,0.4,0.2,57%,0,0,0,0,0,0.62,0.1,93%,57.3,0.3,0.8,7.6,0,0,0,0,0,0,0.4,10,0,6.6,13,1.4,3,6.6,76,21,1,0.5,0.5,0,12,1,0,11.3,11.7,No recurring injuries,Average,3.1,54,0.4,0,0,0,0,0,0,0,0,0,0,0.9,0.7
Eredivisie,sc Heerenveen,0.41,Vasilis Zagaritis,D (L),,25,"5'10""",Very Strong,Weak,6.99,2,1227,1,1227,0.1,0.11,0.11,0.89,0,50%,0.055,0.1,0.1,0,50%,0,0,0,1,0.1,1.1,0.1,88%,57.7,0.2,0.9,8.2,3.4,1.2,34,3.4,1.2,35,1.6,11,1,15.3,9.4,2,3.5,7.6,90,30,0,0.5,1,0.9,17,1,0,11.3,17.2,No recurring injuries,Below Average,3,63,0.1,0,0,0,0,0,0,0,0,0,0,0.6,0.9
First Division,Real San Sebastián,0.5,Jon Gorrotxategi,DM,M (C),24,"5'10""",Fairly Strong,Very Strong,6.81,0,1304,1,1304,0.1,0.19,0.19,0.81,0,25%,0.0475,0.3,0.1,0.2,25%,0,0,0,2,0.1,0.96,0.1,92%,60.6,0.3,1.4,7.8,0.1,0,0,0.1,0,0,0.1,5,0,5.8,13.3,0.9,2.2,5.8,52,25,3,0.6,0.8,0.4,5,0,0,11.5,12.8,No recurring injuries,Average,1.3,16,0,0,0,0,0,0,0,0,0,0,0,1.1,1.1
Ligue 1 McDonald's,Paris SG,0.61,Marquinhos,D (C),DM,32,"6'0""",Reasonable,Very Strong,7.31,1,1753,1,1753,0.1,0.78,0.78,0.22,0,10%,0.078,0.5,0.1,0.1,20%,1,0,0,0,0,1.14,0.1,93%,58.7,0.1,0.1,3.3,0.1,0,0,0.1,0,0,0.1,3,0,3.1,15.7,0.8,3.5,2.2,83,18,1,0.4,1,0.3,7,2,0,10.2,5,No recurring injuries,Average,6.6,84,1.3,0,0,0,0,0,0,0,0,0,0,2.1,0.5
Ligue 2 BKT,Clermont Foot,0.57,Maguette Guèye,DM,,23,"6'2""",Very Strong,Reasonable,7.01,1,1429,1,1429,0.1,2.26,2.26,-1.26,0.1,5%,0.113,1.3,0.2,0.4,15%,1,0,0,3,0.2,4.07,0.3,93%,52.5,0.6,0.6,4.4,0.1,0.1,50,0.1,0.1,50,0.2,9,0,5.9,16.6,1,2.6,6.3,94,17,0,0.6,0.6,0.2,6,2,0,11.3,11.8,No recurring injuries,Below Average,3.1,51,0.3,0,0,0,0,0,0,0,0,0,0,1.2,0.5
Second Division,R. Madrid B,0.36,Álvaro Leiva,AM (L),"M (L), AM (RC)",21,"5'8""",Weak,Very Strong,6.78,1,1601,1,1601,0.1,1.03,1.03,-0.03,0.1,8%,0.08583333333,0.7,0.3,0.2,42%,0,0,0,1,0.1,0.93,0.1,86%,44.7,0.2,2,3.1,3.7,1.2,33,3.7,1.2,33,3.8,25,6,20.7,3.1,1.5,1.6,8.3,70,37,1,0.2,0.3,0,17,1,0,11,11.8,No recurring injuries,Above Average,3.1,35,0,0,0,0,0,0,0,0,0,0,0,0.7,1.4
Serie BKT,AC Monza,0.5,Hernâni,M (C),AM (C),32,"6'2""",Reasonable,Very Strong,6.91,1,1260,1,1260,0.1,2.05,2.05,-1.05,0.1,5%,0.1025,1.4,0.6,0,45%,0,0,0,3,0.2,1.86,0.1,71%,20,0,0,0,0,0,0,0,0,0,0,26,0,0,0,1,0,0,88,16,0,0,0,0,21,1,0,0,0,No recurring injuries,Very Low,0,0,0,0,0,0,0,0,0,0,0,0,0,0,0
Bundesliga 2,1. FC Kaiserslautern,0.53,Naatan Skyttä,AM (C),M/AM (R),24,"5'9""",Very Strong,Weak,6.81,0,1113,1,1113,0.1,2.04,2.04,-1.04,0.2,4%,0.0816,2,0.8,0.4,40%,0,0,0,0,0,1.61,0.1,87%,40.7,0.1,2.3,3.3,3.5,0.6,18,1.5,0.2,16,1.2,11,3,19.2,11.2,0.7,1.2,5.5,69,13,0,0.1,0.4,0,4,0,0,12.1,11.2,No recurring injuries,Average,3.2,25,0.2,0,0,0,0,0,0,0,0,0,0,0.8,0.7
Sky Bet Championship,QPR,0.52,Ronnie Edwards,D (C),DM,23,"6'1""",Strong,Very Strong,7,3,1980,1,1980,0,1.88,1.88,-0.88,0.1,4%,0.08173913043,1,0.3,0.3,26%,2,0,0,3,0.1,1.61,0.1,95%,53,0.3,0.7,3.9,0,0,0,0,0,0,0.2,10,1,3,18.1,0.7,2.1,3.8,84,19,1,0.6,0.5,0.4,12,4,0,11.2,7.8,No recurring injuries,Low,3.6,48,0.2,0,0,0,0,0,0,0,0,0,0,1.2,1.5
Premier League,Newcastle,0.54,Joelinton,M (C),AM (C),30,"6'1""",Reasonable,Very Strong,7.11,0,1314,1,1314,0.1,4.38,4.38,-3.38,0.3,3%,0.1152631579,2.6,1,0.8,37%,0,0,0,5,0.3,4.23,0.3,90%,55.9,0.8,1.6,3.8,4.1,1.2,30,4.1,1.2,30,7.2,24,2,16.6,9,2.2,2.6,12.5,80,40,1,0.4,0.4,0.3,11,0,0,13.7,23.4,No recurring injuries,Above Average,5.6,49,0.2,0,0,0,0,0,0,0,0,0,0,1.4,1.1
Sky Bet Championship,Portsmouth,0.49,Ibane Bowat,D (C),,24,"6'3""",Very Strong,Reasonable,6.92,0,1800,1,1800,0.1,0.74,0.74,0.26,0,13%,0.0925,0.4,0.1,0.2,38%,0,0,0,0,0,0,0,91%,43,0,0.1,2.2,0.1,0,0,0.1,0,0,0.1,6,0,3.1,13.9,0.4,3.4,3,73,11,2,0.9,1.4,1.3,5,1,0,10.5,3.8,No recurring injuries,Below Average,5.2,74,1.4,0,0,0,0,0,0,0,0,0,0,0.9,1.1
Premier League,BRG,0.57,Vitor Carvalho,DM,D (C),29,"6'1""",Reasonable,Very Strong,6.85,2,1657,1,1657,0.1,0.23,0.23,0.77,0,13%,0.02875,0.4,0.2,0.2,38%,0,1,100,2,0.1,1.2,0.1,93%,57.3,0.1,0.7,4.3,0,0,0,0,0,0,0.2,4,0,8.4,11.9,1.2,2,4.4,72,32,3,0.6,1,0.2,19,5,0,11.1,11,No recurring injuries,Below Average,3.2,52,0.4,0,0,0,0,0,0,0,0,0,0,1.2,0.9
Premier League,Arsenal,0.61,Gabriel,D (C),,28,"6'3""",Very Strong,Reasonable,7.08,1,1568,1,1568,0.1,1.07,1.07,-0.07,0.1,10%,0.107,0.6,0.3,0.1,50%,0,0,0,0,0,0.96,0.1,96%,66,0.1,0.3,4.8,0.1,0.1,100,0.1,0.1,100,0,2,0,3.2,10,0.7,3.5,2.1,100,12,5,0.7,0.6,0.7,9,2,1,10.6,6.5,No recurring injuries,Average,6.6,71,1.3,0,0,1,0,0,0,0,0,0,0,1.9,1.1
Premier League,Arsenal,0.61,Jurriën Timber,D (R),D (C),25,"5'10""",Fairly Strong,Very Strong,6.87,0,1397,1,1397,0.1,0.22,0.22,0.78,0,33%,0.07333333333,0.2,0.1,0.1,67%,1,0,0,1,0.1,0.75,0,93%,84,0.1,0.6,11.3,0.5,0.2,37,0.5,0.2,38,0.8,4,0,7.7,9.9,1.1,3.7,5,68,25,4,0.7,1,0.3,13,1,1,11.9,16.9,No recurring injuries,Above Average,3.7,60,0.3,0,0,0,0,0,0,0,0,0,0,1.9,1
Eredivisie,FC Emmen,0.34,Iwan Henstra,AM (R),ST (C),20,"6'2""",Very Strong,Weak,6.7,0,1014,1,1014,0.1,1.56,1.56,-0.56,0.1,9%,0.1418181818,1,0.4,0.3,36%,1,0,0,0,0,1.26,0.1,91%,40.5,0,1.4,2.7,5.8,1.3,23,5.8,1.3,23,3.6,9,2,29.2,2.1,0.7,1.9,8.9,80,10,0,0.3,0.5,0,13,2,0,11.8,13.7,No recurring injuries,Above Average,4.4,58,0,0,0,0,0,0,0,0,0,0,0,0.4,1.2
Bundesliga 2,Rot-Weiss Essen,0.55,David Santos Daiber,DM,,19,"6'1""",Weak,Very Strong,6.87,0,1253,1,1253,0.1,0.67,0.67,0.33,0,17%,0.1116666667,0.4,0.1,0.1,33%,0,0,0,1,0.1,1.12,0.1,90%,55,0.2,0.9,6.9,0.1,0.1,100,0.1,0.1,100,0,10,1,5.8,14.4,1.1,2.2,5.2,83,18,0,0.6,1.7,0.1,4,0,0,10,9.6,No recurring injuries,Above Average,3.2,70,0.6,0,0,0,0,0,0,0,0,0,0,1,1.2
Ligue 1 McDonald's,OL,0.56,Afonso Moreira,AM (L),,21,"5'10""",Reasonable,Very Strong,6.68,0,1029,1,1029,0.1,2.66,2.66,-1.66,0.2,6%,0.1564705882,1.5,0.4,0.3,29%,1,0,0,0,0,5,0.4,90%,52.3,0.6,2.1,3.9,3.7,1,28,3.5,1,30,3.6,12,5,15.2,5.9,1.9,2,11,81,27,0,0.3,0.4,0.1,16,3,1,12.8,18.5,No recurring injuries,Below Average,3,35,0,0,0,0,0,0,0,0,0,0,0,0.9,1
Serie BKT,Juve Stabia,0.5,Riccardo Fiamozzi,D (R),M (R),33,"5'9""",Weak,Very Strong,6.68,0,1177,1,1177,0.1,0.58,0.58,0.42,0,14%,0.08285714286,0.5,0.1,0,14%,0,0,0,0,0,1.71,0.1,64%,21.4,0,0,0,0,0,0,0,0,0,0,24,0,0,0,2.1,0,0,93,29,0,0,0,0,14,0,0,0,0,No recurring injuries,Very Low,0,0,0,0,0,0,0,0,0,0,0,0,0,0,0
Sky Bet Championship,Watford,0.43,Nestory Irankunda,AM (L),"M (L), ST (C)",20,"5'9""",Weak,Very Strong,6.82,1,1192,1,1192,0.1,1.48,1.48,-0.48,0.1,7%,0.09866666667,1.1,0.5,0.2,40%,0,0,0,1,0.1,0.69,0.1,86%,42.4,0.2,1.9,3.4,2.9,0.5,17,2.9,0.5,18,5.5,14,3,24.2,2,1.1,2,8.3,70,20,0,0.4,0.8,0,15,4,0,12.3,12.8,No recurring injuries,Average,2.3,47,0,0,0,0,0,0,0,0,0,0,0,1.2,1.3
Jupiler Pro League,OH Leuven,0.47,Birger Verstraete,DM,,32,"5'9""",Reasonable,Very Strong,6.92,0,1431,1,1431,0.1,0.27,0.27,0.73,0,50%,0.135,0.1,0.1,0.1,50%,1,0,0,4,0.3,4.47,0.3,91%,52.3,0.3,1.1,5.1,0.3,0.1,40,0.3,0.1,40,0.1,5,1,9.4,10.8,1.6,2.6,6.4,74,34,1,0.5,1.2,0.3,14,2,1,12,12.3,No recurring injuries,Above Average,1.6,81,0.2,0,0,0,0,0,0,0,0,0,0,1.2,1.4
Serie BKT,Cremonese,0.5,Matteo Bianchetti,D (C),,33,"6'2""",Weak,Very Strong,7.31,2,1193,1,1193,0.1,1.06,1.06,-0.06,0.1,10%,0.106,0.8,0.2,0,30%,0,0,0,1,0.1,0,0,71%,21.1,0,0,0,0,0,0,0,0,0,0,22,0,0,0,1.8,0,0,96,25,0,0,0,0,29,1,2,0,0,No recurring injuries,Very Low,0,0,0,0,0,0,0,0,0,0,0,0,0,0,0
Serie BKT,Ternana,0.5,Marco Capuano,D (C),,35,"6'1""",Very Strong,Weak,7,1,1080,1,1080,0.1,0.53,0.53,0.47,0,25%,0.1325,0.3,0.2,0,50%,0,0,0,1,0.1,0.08,0,72%,20,0,0,0,0,0,0,0,0,0,0,9,0,0,0,1.8,0,0,96,23,0,0,0,0,11,0,0,0,0,No recurring injuries,Very Low,0,0,0,0,0,0,0,0,0,0,0,0,0,0,0
Serie BKT,Pisa,0.5,Antonio Caracciolo,D (C),D/WB (R),36,"6'1""",Reasonable,Very Strong,6.05,0,1095,1,1095,0.1,1.67,1.67,-0.67,0.1,9%,0.1518181818,0.9,0.2,0.1,18%,1,0,0,0,0,0.79,0.1,76%,26.5,0,0,0.3,0,0,0,0,0,0,0,12,0,0.7,3,1.5,0.7,0.5,95,19,0,0,0.1,0,25,3,0,1.5,0.6,No recurring injuries,Very Low,0.9,82,0.2,0,0,0,0,0,0,0,0,0,0,0.5,0.2
Serie A,Genoa,0.5,Mikael Egill Ellertsson,M (C),"WB (L), M (RL), AM (RC)",24,"6'0""",Very Strong,Fairly Strong,6.52,0,1239,1,1239,0.1,0.51,0.51,0.49,0,17%,0.085,0.4,0.1,0.1,33%,0,0,0,0,0,1.34,0.1,85%,1.5,0.3,0,0,0,0,0,0,0,0,0,16,0,12.1,9.5,0.1,0,0,100,1,0,0,0,0,1,1,0,0,0,No recurring injuries,Very Low,0,0,0,0,0,0,0,0,0,0,0,0,0,0.8,1
Jupiler Pro League,KAA Gent,0.45,Valgeir Lunddal,D (R),D/WB (L),25,"6'3""",Reasonable,Very Strong,6.89,0,1140,1,1140,0.1,1.13,1.13,-0.13,0.1,7%,0.08071428571,1.1,0.2,0.4,21%,0,0,0,0,0,1.2,0.1,85%,57,0.2,0.3,7.7,1.7,0.6,36,1.7,0.6,36,1.4,13,0,13,10.3,1.8,3.3,7.4,74,31,1,0.5,0.6,0.4,23,3,0,12.1,16,No recurring injuries,High,3.9,78,0.6,0,0,0,0,0,0,0,0,0,0,1.3,1.5
Serie BKT,Modena F.C.,0.5,Jóhann Berg Guðmundsson,AM (R),"M (RL), AM (L)",36,"5'11""",Very Strong,Reasonable,7.07,0,1193,1,1193,0.1,2.33,2.33,-1.33,0.2,5%,0.110952381,1.6,0.6,0,38%,0,0,0,2,0.2,2.5,0.2,72%,21.1,0,0,0,0,0,0,0,0,0,0,18,0,0,0,1.1,0,0,83,18,0,0,0,0,7,0,0,0,0,No recurring injuries,Very Low,0,0,0,0,0,0,0,0,0,0,0,0,0,0,0
Jupiler Pro League,KV Mechelen,0.51,Thérence Koudou,D (R),"D (L), WB (RL)",21,"5'10""",Weak,Very Strong,6.72,0,1979,1,1979,0,2.07,2.07,-1.07,0.1,4%,0.08625,1.1,0.2,0.4,21%,0,0,0,0,0,3.97,0.2,88%,53.8,0.2,0.5,8.3,1.6,0.2,11,1.6,0.2,11,1.1,25,2,11.9,13.3,1.8,3.4,8.2,83,47,1,0.7,0.9,1,18,0,0,11.3,15.5,No recurring injuries,Below Average,3.2,60,0.1,0,0,0,0,0,0,0,0,0,0,1.4,1.4
Second Division,R. Santander,0.51,Jorge Salinas,D (C),WB (L),19,"5'11""",Very Strong,Weak,7.04,3,1719,1,1719,0.1,1.54,1.54,-0.54,0.1,9%,0.14,0.6,0.1,0.1,18%,0,0,0,0,0,0.34,0,91%,58,0.1,0.6,5.2,0.6,0.1,18,0.6,0.1,18,0.4,9,0,9.6,13,1.7,4.2,5.9,80,41,5,0.8,1,0.8,16,2,0,11.2,13,No recurring injuries,Below Average,3.9,68,0.6,0,0,0,0,0,0,0,0,0,0,1.3,1
Sky Bet Championship,Millwall,0.53,Casper De Norre,"DM, M (C)",,29,"5'9""",Weak,Very Strong,6.84,2,1301,1,1301,0.1,1.02,1.02,-0.02,0.1,20%,0.204,0.3,0.1,0.1,40%,0,0,0,4,0.3,3.44,0.2,90%,49.6,0.3,1.7,5,1.5,0.3,23,0.1,0,0,0.1,9,1,7,15.8,1.1,2.6,5.4,84,19,3,0.6,1.4,0.3,6,0,0,11.5,11.2,No recurring injuries,Average,1.2,22,0,0,0,0,0,0,0,0,0,0,0,1.2,0.8
Eredivisie,FC Groningen,0.56,Tika de Jonge,AM (C),M (L),23,"5'8""",Fairly Strong,Very Strong,6.91,1,1122,1,1122,0.1,3.6,3.6,-2.6,0.3,5%,0.1636363636,1.8,0.6,0.5,36%,0,0,0,3,0.2,2.21,0.2,85%,42.5,0.6,1,1.5,0.6,0.1,14,0.6,0.1,14,1.6,5,2,17,13.6,0.5,2,5.5,75,8,0,0.2,0.7,0,7,0,0,11.7,10.3,No recurring injuries,Below Average,3.4,5,0.1,0,0,0,0,0,0,0,0,0,0,1.4,0.9
Eredivisie,Ajax,0.60,Youri Regeer,DM,D (L),23,"5'10""",Reasonable,Very Strong,6.88,1,1475,1,1475,0.1,1.02,1.02,-0.02,0.1,7%,0.068,0.9,0.3,0.5,33%,0,0,0,2,0.1,2.05,0.1,91%,64.8,0.1,0.5,6.6,0.2,0,0,0.2,0,0,0.4,3,0,10.1,12.6,1,3.3,6.5,68,25,2,0.5,0.5,0.2,15,3,0,11.1,14.9,No recurring injuries,Average,2.9,40,0.1,0,0,0,0,0,0,0,0,0,0,2.1,0.8
Ligue 1 McDonald's,AS Monaco,0.50,Caio Henrique,WB (L),M (L),29,"5'10""",Very Strong,Weak,6.95,1,1419,1,1419,0.1,0.79,0.79,0.21,0.1,10%,0.079,0.6,0.3,0.4,50%,0,0,0,3,0.2,1.78,0.1,86%,50.1,0.1,2.1,5.6,12.9,1.6,12,6.9,1,14,3,27,6,19.5,11.3,3.5,2.2,11.1,89,62,3,0.6,1,0.3,18,1,0,12.7,26.6,No recurring injuries,Below Average,2.9,39,0,0,0,0,0,0,0,0,0,0,0,1.3,1.1
Eredivisie,Excelsior,0.50,Derensili Sanches Fernandes,AM (R),,25,"5'9""",Very Strong,Fairly Strong,6.95,1,1051,1,1051,0.1,1.19,1.19,-0.19,0.1,6%,0.06611111111,1.5,0.6,0.7,39%,0,0,0,2,0.2,2.27,0.2,85%,42.5,0.3,1.8,3.7,7.4,1.2,16,4.4,0.7,16,6.5,12,7,15.4,5.6,1.2,1.7,10.1,82,17,0,0.2,0.5,0,17,3,0,11.3,13.6,No recurring injuries,Below Average,2.5,28,0,0,0,0,0,0,0,0,0,0,0,0.4,1.2
Ligue 1 McDonald's,Paris FC,0.48,Thibault De Smet,D (L),"D (C), WB (L)",28,"6'0""",Very Strong,Weak,7,2,1261,1,1261,0.1,0.1,0.1,0.9,0,50%,0.05,0.1,0.1,0.1,50%,1,0,0,0,0,0.79,0.1,89%,55.2,0,1,6.7,2.4,0.7,29,2.4,0.7,29,0.9,5,4,13.5,11.6,1.8,3.4,7.1,81,31,0,0.6,1.1,0.7,12,0,0,11.3,15.4,No recurring injuries,Below Average,4.6,61,1.1,0,0,0,0,0,0,0,0,0,0,1,1.3
Jupiler Pro League,Beerschot,0.38,Brian Plat,D (C),WB (R),26,"6'3""",Weak,Very Strong,6.86,0,1385,1,1385,0.1,0.47,0.47,0.53,0,25%,0.1175,0.3,0.1,0,25%,0,0,0,0,0,1.35,0.1,90%,43.5,0.2,0.8,3.6,3,0.5,15,3,0.5,15,1,6,0,11,9.7,1.2,2.9,6.8,60,30,0,0.3,1.4,0.5,10,0,0,11.4,13.2,No recurring injuries,Below Average,3,65,0.6,0,0,0,0,0,0,0,0,0,0,0.8,1.6
Ligue 2 BKT,Amiens SC,0.52,Anton Tanghe,D (C),,27,"6'4""",Weak,Very Strong,6.78,0,1411,1,1411,0.1,0.75,0.75,0.25,0,13%,0.09375,0.5,0.1,0.2,25%,0,0,0,0,0,0.74,0,91%,41,0.1,0.1,2.4,0.3,0,0,0.3,0,0,0,3,0,2.4,17.7,0.6,3.3,2.4,77,13,4,1,1.2,0.6,2,2,0,9.6,3.7,No recurring injuries,Above Average,2.9,65,0.3,0,0,0,0,0,0,0,0,0,0,1,1
Premier League,Brentford,0.38,Sepp van den Berg,D (C),D (R),24,"6'4""",Reasonable,Very Strong,6.77,0,1770,1,1770,0.1,1.59,1.59,-0.59,0.1,5%,0.08368421053,1,0.4,0.1,37%,0,0,0,0,0,0.3,0,90%,43.7,0.1,0,3,0,0,0,0,0,0,0.1,0,0,4.8,10.6,0.3,2.4,2.6,40,15,3,0.7,1.4,0.6,8,2,0,10.4,5.2,No recurring injuries,Average,5.9,70,1.4,0,0,2,0,0,0,0,0,0,0,1.7,1.7
Eredivisie,N.E.C.,0.54,Dirk Proper,"DM, M (C)",AM (C),24,"5'6""",Reasonable,Very Strong,6.85,0,1331,1,1331,0.1,0.73,0.73,0.27,0,17%,0.1216666667,0.4,0.1,0,17%,0,0,0,0,0,3.63,0.2,91%,50.8,0.3,1,5.5,1.4,0.3,25,0.5,0.2,38,0.4,9,0,5.6,11.6,1.4,2.3,5,62,34,0,0.2,0.9,0,9,2,0,11.5,11.9,No recurring injuries,Below Average,1.6,61,0.2,0,0,0,0,0,0,0,0,0,0,1.1,1.4
Eredivisie,RKC Waalwijk,0.40,Denilho Cleonise,AM (R),M (R),24,"5'10""",Weak,Very Strong,7.01,1,1098,1,1098,0.1,1.73,1.73,-0.73,0.1,6%,0.108125,1.3,0.4,0.5,31%,2,0,0,2,0.2,1.43,0.1,89%,44.5,0.2,1.6,3.1,2.9,0.3,11,2.9,0.3,11,4.3,15,6,18,3.2,1.6,1.8,8,95,20,1,0.2,0.7,0,10,0,0,11.3,11.6,No recurring injuries,Below Average,3.8,48,0.1,0,0,0,0,0,0,0,0,0,0,0.7,1.4
Sky Bet Championship,Wrexham,0.46,Dominic Hyam,D (C),,30,"6'2""",Weak,Very Strong,6.92,0,1822,1,1822,0,1.16,1.16,-0.16,0.1,10%,0.116,0.5,0,0.1,10%,0,0,0,0,0,0.38,0,93%,41.1,0,0,2.1,0,0,0,0,0,0,0,5,3,3.1,13.2,0.7,2.3,3.2,88,16,2,0.3,1,0.7,8,0,0,9.5,3.3,No recurring injuries,Low,5.9,71,1.5,0,0,0,0,0,0,0,0,0,0,1.1,1.1
Ligue 2 BKT,SC Bastia,0.51,Tyrone Owusu,D (R),,27,"5'11""",Reasonable,Very Strong,6.68,0,1136,1,1136,0.1,0.96,0.96,0.04,0.1,11%,0.1066666667,0.7,0.2,0.2,33%,0,0,0,1,0.1,3.3,0.3,90%,50.5,0.2,0.8,6,3,0.5,15,1.9,0.4,21,0.6,4,1,13.9,12.4,2.1,2.9,6.7,74,35,1,0.2,0.7,0.2,9,0,0,11.7,15.5,No recurring injuries,Below Average,2.9,59,0.3,0,0,0,0,0,0,0,0,0,0,1.3,1.3
Bundesliga,Eintracht Frankfurt,0.46,Arthur Theate,D (C),,26,"6'1""",Very Strong,Reasonable,7.22,1,1301,1,1301,0.1,1.18,1.18,-0.18,0.1,20%,0.236,0.3,0.1,0.1,20%,0,0,0,0,0,1.49,0.1,95%,54.9,0.2,0.3,3.9,0.2,0,0,0.2,0,0,0,3,0,3.1,14.7,1.2,2.3,3.5,100,17,4,0.3,1,0.7,19,5,1,10.2,4.6,No recurring injuries,Average,4.5,78,1,0,0,0,0,0,0,0,0,0,0,1,1
Premier League,West Ham,0.44,Crysencio Summerville,AM (L),M (L),25,"5'9""",Fairly Strong,Very Strong,7.09,1,1038,1,1038,0.1,3.01,3.01,-2.01,0.3,5%,0.1368181818,1.9,0.7,0.7,36%,0,0,0,5,0.4,4.85,0.4,86%,45.5,1,2.9,4.9,8.8,1.3,14,8,1.2,15,9.7,22,7,17.6,7.4,2.7,2,14.8,76,41,1,0.4,1,0.2,11,0,0,13.4,20,No recurring injuries,Low,2,13,0,0,0,0,0,0,0,0,0,0,0,1.6,1.4
Ligue 1 McDonald's,Troyes,0.55,Mathys Detourbet,AM (C),AM (R),19,"5'10""",Reasonable,Very Strong,6.74,1,1114,1,1114,0.1,3.03,3.03,-2.03,0.2,5%,0.1515,1.6,0.6,0.4,35%,0,0,0,2,0.2,2.64,0.2,85%,43.9,0.1,1.6,3.4,3.4,0.5,14,2.2,0.2,7,3.3,9,6,15.5,5.9,0.8,2,8.9,77,13,0,0.2,0.5,0,15,2,0,11.4,12.6,No recurring injuries,Average,4.3,25,0.1,0,0,0,0,0,0,0,0,0,0,1.1,1.5
Serie A,Torino,0.5,Zakaria Aboukhlal,AM (R),"M (L), AM (C), ST (C)",26,"5'10""",Very Strong,Fairly Strong,6.92,1,1153,1,1153,0.1,4.34,4.34,-3.34,0.3,4%,0.1669230769,2,0.9,0.2,42%,2,0,0,3,0.2,1.21,0.1,87%,46.2,0.1,2.1,4.2,3.1,0.4,12,3.1,0.4,13,3,16,9,22.6,4.3,1.2,2.2,9.6,50,30,0,0.2,0.2,0,18,1,0,12,15.5,No recurring injuries,Very Low,2.6,27,0,0,0,0,0,0,0,0,0,0,0,1.1,1.2
Serie BKT,Hellas Verona,0.5,Abdou Harroui,M (C),AM (C),28,"6'0""",Reasonable,Very Strong,7.01,0,1056,1,1056,0.1,2.65,2.65,-1.65,0.2,4%,0.1104166667,2,1,0.1,50%,0,0,0,3,0.3,1.38,0.1,82%,26.3,0.1,0.4,0.9,0,0,0,0,0,0,0,11,0,1.5,2.3,1.4,0.6,1.6,84,19,0,0.2,0.3,0,10,0,0,2.9,3.1,No recurring injuries,Very Low,0.2,50,0,0,0,0,0,0,0,0,0,0,0,0.3,0.4
Jupiler Pro League,KV Mechelen,0.51,Tommy St. Jago,D (C),D/WB (R),26,"6'2""",Weak,Very Strong,6.74,0,1725,1,1725,0.1,0.65,0.65,0.35,0,25%,0.1625,0.2,0.1,0,25%,0,0,0,1,0.1,0.8,0,92%,43.1,0,0.2,2.2,0.4,0.1,25,0.3,0.1,20,0.1,4,0,4.2,16.3,0.7,3.3,3.5,72,18,3,0.9,1.1,0.9,6,2,0,10.4,4.7,No recurring injuries,High,5.6,72,0.9,0,0,0,0,0,0,0,0,0,0,1.3,1.5
Bundesliga 2,Hamburger SV,0.54,Christopher Olivier,D (R),M/AM (R),20,"6'2""",Weak,Very Strong,7.06,1,1130,1,1130,0.1,1.76,1.76,-0.76,0.1,8%,0.1466666667,1,0.1,0.2,8%,0,0,0,4,0.3,2.38,0.2,90%,49.3,0.2,1.1,6.4,1.5,0.2,10,1.5,0.2,11,0.9,6,0,14.7,14.3,1.5,3,7.3,83,23,2,0.8,1.2,0.2,5,1,0,11.2,16,No recurring injuries,Above Average,6,55,0.6,0,0,0,0,0,0,0,0,0,0,1.4,0.9
Jupiler Pro League,Beerschot,0.38,Gian Marco Ferrari,D (C),,34,"6'2""",Very Strong,Weak,6.79,0,1408,1,1408,0.1,0.8,0.8,0.2,0.1,13%,0.1,0.5,0.1,0.2,25%,0,0,0,0,0,0.74,0,90%,43.4,0.2,0.1,1.6,0,0,0,0,0,0,0,6,0,4.2,13.2,0.4,2.7,2.8,88,8,1,0.9,1.1,0.8,7,2,1,9.3,3.5,No recurring injuries,Below Average,5.6,63,0.9,0,0,0,0,0,0,0,0,0,0,1,1.3
Sky Bet Championship,Southampton,0.53,Nathan Wood,D (C),,24,"6'2""",Reasonable,Very Strong,6.98,1,1109,1,1109,0.1,0.56,0.56,0.44,0,17%,0.09333333333,0.5,0.2,0.2,33%,0,0,0,0,0,1.47,0.1,93%,42.2,0.2,0,2.6,0.2,0,0,0.2,0,0,0,2,0,3.1,15.7,0.9,3.2,2.5,73,15,2,0.5,1.1,1.3,5,1,0,10.1,3.4,No recurring injuries,Below Average,5.9,81,0.9,0,0,0,0,0,0,0,0,0,0,1.6,1.1
Premier League,Estoril Praia,0.46,Jordan Holsgrove,M (C),,27,"5'11""",Very Strong,Weak,6.95,0,1129,1,1129,0.1,2.78,2.78,-1.78,0.2,6%,0.1544444444,1.4,0.7,0.4,50%,1,0,0,2,0.2,2.01,0.2,93%,49.5,0.2,1.1,4.9,5.8,1.1,19,0.6,0.1,13,0.8,7,2,5.7,9.8,1.2,1.8,7,83,18,0,0.6,1,0.4,10,2,0,11.1,10.8,No recurring injuries,High,2.6,50,0.2,0,0,0,0,0,0,0,0,0,0,0.9,1.8
Sky Bet Championship,Derby,0.56,Jack Stephens,D (C),D (R),32,"6'1""",Reasonable,Very Strong,6.86,0,1440,1,1440,0.1,2.02,2.02,-1.02,0.1,4%,0.08416666667,1.5,0.1,0.5,4%,0,0,0,0,0,1.08,0.1,93%,41.5,0,0.1,1.7,0.1,0,0,0.1,0,0,0,8,0,3.5,17.2,0.4,3.4,2.7,86,7,1,0.9,0.8,0.6,2,2,0,9.7,3.4,No recurring injuries,Below Average,5.6,70,0.9,0,0,0,0,0,0,0,0,0,0,0.8,0.7
Second Division,Villarreal B,0.45,Eneko Ortiz,D (L),,23,"5'11""",Very Strong,Weak,6.66,0,1364,1,1364,0.1,0.28,0.28,0.72,0,25%,0.07,0.3,0.1,0,25%,0,0,0,0,0,2.19,0.1,80%,57.1,0.2,1.3,8.2,1.7,0.4,23,1.7,0.4,23,1.5,10,2,13.3,10.5,2,2.8,6.7,94,33,0,0.1,0.7,0.8,23,3,0,11.8,16,No recurring injuries,Average,3.6,49,0.3,0,0,0,0,0,0,0,0,0,0,0.5,1.1
Ligue 1 McDonald's,Olympique de Marseille,0.54,Pierre-Emile Højbjerg,DM,WB (R),31,"6'1""",Reasonable,Very Strong,6.89,0,1362,1,1362,0.1,1.33,0.56,-0.33,0.1,8%,0.1023076923,0.9,0.5,0.5,54%,0,1,100,0,0,1.32,0.1,91%,67.9,0.2,0.7,7.1,2.9,1.1,36,1.5,0.5,36,0.8,6,2,10.6,10.4,1.3,3.4,7.9,83,23,4,0.6,1.2,0.4,19,5,0,11.8,16.7,No recurring injuries,Below Average,1.9,59,0,0,0,0,0,0,0,0,0,0,0,1.1,1.1
Premier League,Spurs,0.55,Andreas Christensen,D (C),DM,30,"6'2""",Fairly Strong,Very Strong,6.89,0,1344,1,1344,0.1,0.63,0.63,0.37,0,8%,0.0525,0.8,0.5,0.5,58%,0,0,0,0,0,0.22,0,95%,54.3,0,0.3,4.6,0,0,0,0,0,0,0,1,0,3.3,7.8,0.9,2.9,3.9,74,19,0,0.7,0.3,0.5,10,2,0,11.2,8.2,No recurring injuries,High,2.9,50,0.1,0,0,0,0,0,0,0,0,0,0,1.5,0.7
Premier League,Brighton,0.51,Lewis Dunk,D (C),,35,"6'4""",Reasonable,Very Strong,6.64,0,1260,1,1260,0.1,0.68,0.68,0.32,0,25%,0.17,0.3,0.1,0,50%,0,0,0,0,0,0.3,0,94%,50.3,0.1,0.3,1.7,0,0,0,0,0,0,0.1,0,0,3.6,7.9,0.9,2.9,2.4,71,17,3,0.6,0.8,0.5,9,2,0,10.6,5.9,No recurring injuries,Below Average,5.6,56,1,0,0,1,0,0,0,0,0,0,0,1.6,2.8
Sky Bet Championship,Lincoln,0.33,Tendayi Darikwa,D/WB (R),,34,"6'2""",Weak,Very Strong,6.86,0,1560,1,1560,0.1,0.78,0.78,0.22,0,9%,0.07090909091,0.6,0.2,0.3,27%,1,0,0,1,0.1,2.57,0.1,90%,53.3,0.2,0.9,6.5,2.4,0.5,21,2.4,0.5,21,0.6,9,2,21.6,6.5,1,4,6.3,61,28,2,0.5,0.7,1,29,4,0,11,14.1,No recurring injuries,Low,5.5,60,0.5,0,0,0,0,0,0,0,0,0,0,0.9,1.6
Ligue 1 McDonald's,Toulouse FC,0.49,Rasmus Nicolaisen,D (C),,29,"6'3""",Very Strong,Reasonable,6.86,1,1259,1,1259,0.1,0.3,0.3,0.7,0,33%,0.1,0.2,0.1,0.1,33%,0,0,0,0,0,0.57,0,93%,46.8,0,0.1,2.1,0.1,0.1,100,0.1,0.1,100,0.1,0,0,3.1,14.4,1,2.9,3.4,78,18,4,0.6,0.8,0.6,7,2,0,10.5,3.6,No recurring injuries,High,6.2,77,1.2,0,0,0,0,0,0,0,0,0,0,1.1,1.1
Premier League,Ipswich,0.42,Jaden Philogene,AM (L),,24,"5'11""",Fairly Strong,Very Strong,6.66,1,1066,1,1066,0.1,2.99,2.99,-1.99,0.3,3%,0.0964516129,2.6,1,1.2,39%,0,0,0,2,0.2,2.04,0.2,89%,44.2,0.4,2.1,3.6,1.8,0.5,28,1.8,0.5,29,4.1,13,5,11.7,4.6,0.9,1.2,5.7,85,13,1,0,0.3,0,11,2,0,12.6,16.9,No recurring injuries,Low,4.6,40,0,0,0,0,0,0,0,0,0,0,0,0.8,1.5
Eredivisie,Go Ahead Eagles,0.51,Rayan Bamba,WB (R),M (R),22,"6'1""",Weak,Very Strong,6.86,0,1667,1,1667,0.1,0.87,0.87,0.13,0,11%,0.09666666667,0.5,0.2,0.1,33%,0,0,0,0,0,1.78,0.1,90%,51.1,0.1,0.7,7,1.7,0.4,25,1.7,0.4,25,1.4,21,0,15.1,13.8,1.6,3.8,6.4,85,34,1,0.8,1.3,0.6,16,3,0,10.6,12.7,No recurring injuries,Below Average,3.8,65,0.3,0,0,0,0,0,0,0,0,0,0,0.7,1.1
Bundesliga,SV Werder Bremen,0.46,Jens Stage,DM,,30,"6'2""",Fairly Strong,Very Strong,7.08,0,1213,1,1213,0.1,2.03,2.03,-1.03,0.2,7%,0.1353333333,1.1,0.3,0.2,27%,0,0,0,0,0,2.5,0.2,95%,58.5,0.2,0.4,4.6,0,0,0,0,0,0,0.1,9,0,5.1,13.8,0.8,2.4,6.6,61,18,2,0.4,0.8,0.4,18,6,0,11.3,11.3,No recurring injuries,Average,3.6,73,0.9,0,0,0,0,0,0,0,0,0,0,0.7,1
Sky Bet Championship,Preston,0.50,Odel Offiah,D (R),"WB (R), DM",24,"6'2""",Reasonable,Very Strong,7.04,0,1765,1,1765,0.1,1.28,1.28,-0.28,0.1,6%,0.07111111111,0.9,0.1,0.4,11%,0,0,0,1,0.1,1.6,0.1,90%,51,0.2,0.7,6.9,1.6,0.3,19,1.6,0.3,19,1.2,19,1,11.8,13.1,1.8,3,7.7,75,48,4,0.4,0.9,1.2,17,3,1,10.7,14.7,No recurring injuries,Below Average,5.4,65,0.6,0,0,0,0,0,0,0,0,0,0,0.9,1.3
Bundesliga 2,FC Schalke 04,0.48,Vitalie Becker,D (L),,21,"5'10""",Very Strong,Weak,7.09,2,1170,1,1170,0.1,0.74,0.74,0.26,0.1,14%,0.1057142857,0.5,0.1,0.2,14%,0,0,0,1,0.1,1.4,0.1,91%,50.7,0.2,2,4.8,8.2,1.6,19,7.3,1.4,19,2.2,11,1,14.1,11.8,2.2,4.1,11.2,76,37,0,0.3,1,0.5,22,0,0,12.5,23.5,No recurring injuries,Above Average,2.5,64,0.4,0,0,0,0,0,0,0,0,0,0,0.9,0.8
Bundesliga,VfB Stuttgart,0.57,Finn Jeltsch,D (C),"D (R), DM",20,"6'2""",Reasonable,Very Strong,6.89,0,1603,1,1603,0.1,0.62,0.62,0.38,0,9%,0.05636363636,0.6,0.1,0.3,18%,0,0,0,0,0,0.69,0,92%,55.6,0.1,0.2,3.1,0.1,0,0,0.1,0,0,0.2,4,0,2.7,18.2,0.9,3,4.1,84,19,0,0.4,0.7,0.5,23,5,0,10.3,6.2,No recurring injuries,Above Average,3.8,69,1,0,0,0,0,0,0,0,0,0,0,1.9,1.1
Sky Bet Championship,Norwich,0.56,Anis Ben Slimane,AM (C),,25,"6'2""",Reasonable,Very Strong,6.83,0,1307,1,1307,0.1,1.89,1.89,-0.89,0.1,6%,0.118125,1.1,0.4,0.4,38%,1,0,0,1,0.1,2.42,0.2,88%,41.3,0,2.1,2.7,0.6,0.1,11,0.6,0.1,11,1.3,6,2,20.7,10.9,0.6,1.4,5.4,73,11,0,0.2,0.3,0,11,0,0,11.3,9.6,No recurring injuries,High,4.6,40,0,0,0,0,0,0,0,0,0,0,0,1.1,1
Eredivisie,AZ,0.62,Kees Smit,M (C),,20,"6'0""",Strong,Very Strong,6.78,0,1599,1,1599,0.1,1.04,1.04,-0.04,0.1,9%,0.09454545455,0.6,0.3,0.3,45%,0,0,0,2,0.1,3.42,0.2,93%,63.3,0.3,0.7,8.3,0.2,0,0,0.2,0,0,0.4,11,1,3.7,14,1,2.2,6.2,71,24,0,0.6,0.6,0.1,7,2,0,12,12.4,No recurring injuries,Average,1.9,44,0.1,0,0,0,0,0,0,0,0,0,0,1.2,0.6
Eredivisie,FC Twente,0.56,Mats Rots,D (L),D (C),20,"6'1""",Very Strong,Weak,7.16,2,1509,1,1509,0.1,0.16,0.16,0.84,0,50%,0.08,0.1,0.1,0,50%,0,0,0,2,0.1,2.69,0.2,90%,55.6,0.2,1.4,7.2,3.2,0.5,15,3.2,0.5,15,1,9,1,13.8,13.7,2.4,2.3,7.2,93,43,2,0.4,1.3,0.3,15,2,0,10.8,15.6,No recurring injuries,Below Average,4,60,0.5,0,0,0,0,0,0,0,0,0,0,1.2,0.8
Ligue 1 McDonald's,Troyes,0.55,Yasser Larouci,WB (L),M/AM (L),25,"5'9""",Very Strong,Weak,6.91,0,1103,1,1103,0.1,0.3,0.3,0.7,0,50%,0.15,0.2,0.1,0,50%,0,0,0,1,0.1,1.86,0.2,88%,56.5,0.1,0.9,8,2.3,0.3,14,2,0.3,16,1.5,3,0,11.1,12.2,1.7,2.8,7.3,84,25,2,0.7,1.3,0.2,11,2,0,11.7,14.1,No recurring injuries,Below Average,3.2,69,0.1,0,0,0,0,0,0,0,0,0,0,1.3,1.3
First Division,Barcelona,0.61,Eric García,D (C),,25,"6'0""",Fairly Strong,Very Strong,7.18,2,1596,1,1596,0.1,0.21,0.21,0.79,0,25%,0.0525,0.2,0.1,0.1,25%,0,0,0,3,0.2,1.11,0.1,95%,59.2,0.2,0.5,4.7,0.1,0.1,100,0.1,0.1,100,0.1,6,0,3.4,14.8,0.7,2.6,2.9,86,14,4,0.6,0.8,0.6,11,3,0,10.2,6.5,No recurring injuries,Average,5.5,53,1,0,0,0,0,0,0,0,0,0,0,1.8,1
Sky Bet Championship,Norwich,0.56,Pelle Mattsson,M (C),,25,"5'11""",Weak,Very Strong,7.3,1,1480,1,1480,0.1,1.7,1.7,-0.7,0.1,7%,0.1214285714,0.9,0.1,0.1,14%,0,0,0,7,0.4,6.51,0.4,91%,59.7,0.3,1,7.3,0.2,0.1,50,0.2,0.1,50,0.2,7,0,6.1,14.5,1.3,2.5,6.9,78,27,2,0.5,1.1,0.1,9,5,0,12.3,14.6,No recurring injuries,Below Average,1.2,45,0,0,0,0,0,0,0,0,0,0,0,1.4,0.9
Jupiler Pro League,KV Kortrijk,0.57,Rasmus Carstensen,D (R),,26,"6'0""",Reasonable,Very Strong,7.23,1,1061,1,1061,0.1,0.67,0.67,0.33,0.1,13%,0.08375,0.7,0.1,0.3,13%,0,0,0,1,0.1,2.23,0.2,88%,56.6,0.3,1.4,7,2.5,0.5,20,2.5,0.5,21,1,10,0,11,17,2.2,3.1,6,84,31,2,0.4,1.3,0.8,11,3,0,11.6,16.5,No recurring injuries,Below Average,3.9,72,0.3,0,0,0,0,0,0,0,0,0,0,1.5,0.8
Bundesliga,RB Leipzig,0.52,Assan Ouédraogo,M (C),AM (L),20,"6'3""",Fairly Strong,Very Strong,6.72,1,1123,1,1123,0.1,2.92,2.92,-1.92,0.2,3%,0.08342857143,2.8,1.2,1.2,43%,0,0,0,2,0.2,4.34,0.3,91%,20.6,0.6,1.4,1.7,0.7,0.2,33,0.6,0.2,38,0.7,18,0,10.3,9.1,0,0.7,2.2,0,4,0,0,0,0,0,0,0,4.7,6,Recurring tight hamstring,Very High,2,36,0.2,0,0,0,0,0,0,0,0,0,0,1.8,0.7
Sky Bet Championship,Stockport,0.48,Oliver Norwood,"DM, M (C)",,35,"5'11""",Reasonable,Very Strong,6.69,0,1654,1,1654,0.1,1.38,1.38,-0.38,0.1,7%,0.09857142857,0.8,0.2,0.1,21%,0,0,0,1,0.1,2.62,0.1,92%,53.5,0.2,1.1,6.5,6.9,0.9,12,0.3,0.1,17,0.1,6,1,6.5,13.6,1.3,2.9,6.1,80,30,0,0.5,0.9,0.2,19,4,0,12,12.1,No recurring injuries,Low,1.7,52,0.2,0,0,0,0,0,0,0,0,0,0,1.1,1.7
First Division,Levante,0.39,Karl Etta Eyong,ST (C),AM (C),23,"5'11""",Reasonable,Very Strong,6.63,0,1234,1,1234,0.1,3.14,3.14,-2.14,0.2,4%,0.1365217391,1.7,1,0.4,61%,0,0,0,0,0,0.08,0,89%,29.5,0.1,0.9,0.8,0.1,0,0,0.1,0,0,0.9,36,14,17,1.4,0.1,0.6,0.9,33,3,0,0,0.1,0,14,0,0,10.2,6.6,No recurring injuries,Low,5.9,30,0,0,0,0,0,0,0,0,0,0,0,0.6,1.6
Premier League,Man City,0.56,Marc Guéhi,D (C),,26,"6'0""",Strong,Very Strong,7.03,0,1566,1,1566,0.1,0.33,0.33,0.67,0,33%,0.11,0.2,0.1,0,33%,0,0,0,0,0,1.18,0.1,96%,67,0.2,0.2,5.1,0.1,0,0,0.1,0,0,0.1,0,0,2.9,9.5,0.4,3.4,1.8,78,9,1,0.5,0.5,0.5,6,0,0,11.1,8,No recurring injuries,Below Average,5.3,59,0.2,0,0,1,0,0,0,0,0,0,0,2.7,1
Sky Bet Championship,Sheffield United,0.52,Japhet Tanganga,D (C),D (R),27,"6'0""",Reasonable,Very Strong,7.08,3,1530,1,1530,0.1,1.12,1.12,-0.12,0.1,20%,0.224,0.3,0.1,0.1,20%,0,0,0,1,0.1,0.59,0,92%,44.3,0.1,0.4,2.2,0,0,0,0,0,0,0.1,7,1,3.5,15.4,0.8,3.6,2.9,82,17,3,0.6,1.1,0.8,8,2,0,10,5.1,No recurring injuries,High,5.1,66,0.8,0,0,0,0,0,0,0,0,0,0,1.4,1.5
Serie A,Parma,0.5,Mariano Troilo,D (C),,23,"6'4""",Reasonable,Very Strong,6.85,1,1314,1,1314,0.1,1.74,1.74,-0.74,0.1,11%,0.1933333333,0.6,0.3,0,56%,0,0,0,2,0.1,0.49,0,91%,36.7,0.1,0.2,1.2,0.1,0,0,0.1,0,0,0,4,0,3.2,13.2,0.8,2.9,3.2,100,11,2,0.9,1,0.5,8,5,1,8.3,2.7,No recurring injuries,Very Low,4.6,54,0.5,0,0,0,0,0,0,0,0,0,0,0.8,0.7
First Division,R. Madrid,0.59,Trent Alexander-Arnold,D (R),"DM, M (C)",28,"5'11""",Fairly Strong,Very Strong,7.05,0,1460,1,1460,0.1,1.03,1.03,-0.03,0.1,10%,0.103,0.6,0.2,0.3,40%,1,0,0,3,0.2,4.3,0.3,89%,69.1,0.5,1.3,9,5.5,0.9,16,1.4,0.1,9,1.2,10,3,16.6,12.8,2.6,3.6,7.2,86,49,4,0.2,0.6,0.2,16,4,0,11.7,18.2,No recurring injuries,High,2.5,60,0.2,0,0,0,0,0,0,0,0,0,0,3,0.6
Sky Bet Championship,Leeds,0.62,Joe Rodon,D (C),,29,"6'4""",Reasonable,Very Strong,6.91,0,1668,1,1668,0.1,0.55,0.55,0.45,0,14%,0.07857142857,0.4,0.1,0.1,14%,0,0,0,1,0.1,2.59,0.1,95%,49.5,0.1,0.1,1.8,0,0,0,0,0,0,0.1,8,0,2.2,17.2,0.4,3.6,2.4,88,8,3,0.5,0.6,0.4,6,0,1,10.2,4.2,No recurring injuries,Above Average,4.7,67,0.8,0,0,0,0,0,0,0,0,0,0,1.4,0.6
Sky Bet Championship,Swansea,0.48,Cameron Burgess,D (C),,31,"6'4""",Very Strong,Reasonable,6.97,1,2070,1,2070,0,1.61,1.61,-0.61,0.1,8%,0.1238461538,0.6,0.2,0.1,38%,0,0,0,1,0,1.35,0.1,92%,40.6,0.2,0,2,0.1,0,33,0.1,0,33,0,1,0,2.9,15,0.5,2.8,3,69,16,2,0.6,0.9,0.9,13,3,0,10.3,3.8,No recurring injuries,Low,5.1,80,1,0,0,0,0,0,0,0,0,0,0,1.3,1
Sky Bet Championship,Portsmouth,0.49,Josh Murphy,AM (L),"WB/M (L), AM (R)",31,"5'8""",Fairly Strong,Very Strong,6.87,0,1161,1,1161,0.1,1.76,1.76,-0.76,0.1,7%,0.1173333333,1.2,0.4,0.4,33%,0,0,0,2,0.2,1.91,0.1,87%,44.1,0.2,1.6,3.6,3.2,0.4,12,3.2,0.4,12,4,14,5,21.9,3.5,1.2,1.5,9,67,24,0,0.4,0.9,0.1,11,0,0,10.9,11.9,No recurring injuries,High,4.2,19,0,0,0,0,0,0,0,0,0,0,0,1.1,1.1
Sky Bet Championship,Watford,0.43,Ben Davies,D (C),,31,"6'1""",Very Strong,Reasonable,6.83,1,1620,1,1620,0.1,0.38,0.38,0.62,0,17%,0.06333333333,0.3,0.1,0.1,33%,0,0,0,1,0.1,1.06,0.1,90%,42.4,0.1,0.1,1.6,0.1,0,0,0.1,0,0,0.1,3,1,4.2,13.1,0.5,2.1,2.4,75,12,0,0.7,1.2,0.8,7,3,0,9.5,4.2,No recurring injuries,Above Average,6,51,1,0,0,0,0,0,0,0,0,0,0,1.1,1.3
Sky Bet Championship,Millwall,0.53,Jake Cooper,D (C),,31,"6'6""",Very Strong,Weak,6.98,1,1710,1,1710,0.1,2.21,2.21,-1.21,0.1,8%,0.17,0.7,0.2,0.2,23%,0,0,0,0,0,0.1,0,89%,40.5,0.1,0.1,2.1,0.1,0,0,0.1,0,0,0,4,0,3.2,15.9,0.3,3.1,2.2,43,14,2,0.7,1.5,1.2,3,0,0,9.3,3.8,No recurring injuries,Below Average,4.9,71,1.3,0,0,0,0,0,0,0,0,0,0,1.1,0.9
Sky Bet Championship,Preston,0.50,Ben Whiteman,"DM, M (C)",,30,"6'1""",Fairly Strong,Very Strong,7.01,0,1617,1,1617,0.1,0.66,0.66,0.34,0,11%,0.07333333333,0.5,0.1,0.2,22%,1,0,0,1,0.1,3.46,0.2,89%,51.5,0.2,1.5,5.6,4.1,0.4,10,0.3,0.1,17,0.1,11,0,5.8,14.3,0.9,2.2,5.5,59,27,2,0.6,0.8,0.1,9,1,0,11.5,12,No recurring injuries,Below Average,1.7,48,0.2,0,0,0,0,0,0,0,0,0,0,0.8,1.4
Bundesliga,Sport-Club Freiburg,0.51,Aljoscha Kemlein,DM,,22,"6'1""",Reasonable,Very Strong,6.9,0,1373,1,1373,0.1,1.55,1.55,-0.55,0.1,7%,0.1033333333,1,0.3,0.3,27%,0,0,0,2,0.1,2.41,0.2,94%,57.8,0.5,0.4,4.3,0.1,0,0,0.1,0,0,0.1,9,1,6.4,12.7,1.3,2,7.7,77,26,1,0.5,0.4,0.1,18,4,0,11.8,12,No recurring injuries,Below Average,2.2,65,0.2,0,0,0,0,0,0,0,0,0,0,1.2,1
Bundesliga,1. FC Union Berlin,0.43,Arthur Chaves,D (C),D (R),25,"6'2""",Reasonable,Very Strong,6.98,1,1317,1,1317,0.1,0.49,0.49,0.51,0,13%,0.06125,0.5,0.1,0.2,25%,0,0,0,0,0,0.55,0,94%,52.1,0,0.1,2.3,0.1,0,0,0.1,0,0,0,3,1,3.5,12.6,1,2.7,2.7,93,15,5,0.4,0.7,0.6,15,3,0,10.2,3.6,No recurring injuries,Above Average,4.9,68,1,0,0,0,0,0,0,0,0,0,0,0.8,1.3
Bundesliga,Borussia Dortmund,0.62,Kjell Wätjen,M (C),"WB (R), AM (L)",20,"6'0""",Reasonable,Very Strong,6.92,2,1063,1,1063,0.1,0.58,0.58,0.42,0,14%,0.08285714286,0.6,0.2,0.3,29%,1,0,0,2,0.2,1.17,0.1,88%,60.8,0.2,1,5,3,0.6,19,3,0.6,19,1.3,12,2,10.8,10.3,2.5,3.4,8.1,94,31,1,0.5,0.5,0.3,14,1,0,12.3,17.1,No recurring injuries,Average,1.9,22,0.1,0,0,0,0,0,0,0,0,0,0,1.6,1.3
First Division,Real San Sebastián,0.5,Jon Martín,D (C),,20,"6'2""",Weak,Very Strong,6.88,2,1156,1,1156,0.1,1.31,1.31,-0.31,0.1,8%,0.1091666667,0.9,0.1,0.4,8%,0,0,0,0,0,1.3,0.1,94%,47.8,0.1,0.1,1.6,0.2,0,0,0.2,0,0,0,3,0,2.6,18.5,0.8,3.5,3,100,10,2,0.5,0.8,0.8,5,2,0,9.9,4.3,No recurring injuries,Above Average,3,74,0.4,0,0,0,0,0,0,0,0,0,0,1.3,1.2
Sky Bet Championship,Swansea,0.48,Josh Key,D/WB (R),,27,"5'10""",Reasonable,Very Strong,6.92,1,1606,1,1606,0.1,0.99,0.99,0.01,0.1,7%,0.07071428571,0.8,0.2,0.4,21%,0,0,0,0,0,1.41,0.1,89%,51.3,0.1,1.1,6.6,2.9,0.6,21,1.5,0.4,30,1.8,16,4,15.5,10.1,1.7,3.6,8.4,74,42,1,0.8,1.1,0.3,12,2,0,11.2,16.3,No recurring injuries,Below Average,3.3,40,0.3,0,0,1,0,0,0,0,0,0,0,1.2,1.2
Sky Bet Championship,Preston,0.50,Jordan Storey,D (C),,29,"6'2""",Reasonable,Very Strong,6.67,1,1890,1,1890,0,1.39,1.39,-0.39,0.1,9%,0.1263636364,0.5,0.1,0.1,27%,0,0,0,1,0,1.63,0.1,91%,41,0.1,0.2,1.5,0,0,0,0,0,0,0,3,0,3.4,16.2,0.6,2.9,2.9,100,13,0,0.7,1.1,1,6,3,0,9.7,3.1,No recurring injuries,Below Average,3.4,76,0.5,0,0,1,0,0,0,0,0,0,0,0.9,1.2
Serie A,Juventus,0.5,Lloyd Kelly,D (L),WB (L),28,"6'3""",Very Strong,Reasonable,7.11,2,1512,1,1512,0.1,0.15,0.15,0.85,0,20%,0.03,0.3,0.1,0.2,20%,0,0,0,1,0.1,1.66,0.1,95%,54.2,0.1,0.1,2.7,0.2,0.1,66,0.2,0.1,67,0,5,0,2.7,14.5,0.7,3.1,2.7,80,15,5,0.5,0.8,0.1,11,7,1,10.2,4.7,No recurring injuries,Very Low,5.5,70,1,0,0,0,0,0,0,0,0,0,0,1.6,0.5
Premier League,Wolves,0.42,João Gomes,DM,,25,"5'9""",Weak,Very Strong,6.95,1,1175,1,1175,0.1,0.39,0.39,0.61,0,8%,0.03,1,0.2,1,15%,1,0,0,0,0,0.89,0.1,89%,55,0.1,0.7,6.4,1.5,0.3,21,0.1,0.1,100,0.2,1,0,7.8,10.1,1.9,4.1,9.3,76,33,2,0.8,1.6,0.7,14,0,0,12.9,11.4,No recurring injuries,Average,2.4,48,0.2,0,0,0,0,0,0,0,0,0,0,0.8,1.5
Ligue 1 McDonald's,Troyes,0.55,Pedro Maranhão,AM (R),"M (RL), AM (L)",27,"5'8""",Reasonable,Very Strong,6.99,1,1030,1,1030,0.1,1.6,1.6,-0.6,0.1,6%,0.08888888889,1.6,0.6,0.6,39%,1,0,0,1,0.1,2.14,0.2,88%,43.6,0.2,2.3,4,3.1,0.3,11,3.1,0.3,11,5.2,6,2,16.7,4.7,1.7,1.9,7.7,68,28,1,0.1,0.7,0,7,0,0,11.2,13.3,No recurring injuries,Below Average,2.5,7,0,0,0,0,0,0,0,0,0,0,0,1.1,1.6
Premier League,Benfica,0.59,Richard Ríos,M (C),DM,26,"6'1""",Fairly Strong,Very Strong,6.59,0,1017,1,1017,0.1,2.93,2.93,-1.93,0.3,3%,0.1010344828,2.6,0.8,1.2,31%,0,0,0,2,0.2,1.97,0.2,90%,13.7,0.2,0.3,1.3,0.3,0,0,0.1,0,0,0.6,6,0,11.3,10.2,0.5,0.7,2,75,8,0,0.4,0.2,0.4,4,2,0,3.9,6.8,No recurring injuries,Average,1.5,59,0.3,0,0,0,0,0,0,0,0,0,0,1.3,0.9
Sky Bet Championship,Cardiff,0.49,Ryan Wintle,M (C),,29,"5'11""",Weak,Very Strong,6.8,1,1775,1,1775,0.1,1.32,1.32,-0.32,0.1,8%,0.11,0.6,0.1,0.2,8%,0,0,0,7,0.4,3.67,0.2,88%,38.3,0.3,0.7,2.9,3,0.5,15,0.1,0,0,0.1,14,1,8.4,11.2,1,1.7,4.6,95,20,0,0.3,0.7,0.2,15,4,0,8.8,9.2,No recurring injuries,Below Average,1.4,59,0.1,0,0,0,0,0,0,0,0,0,0,1.4,1.3
Ligue 1 McDonald's,AS Monaco,0.50,Vanderson,WB (R),M (R),25,"5'8""",Weak,Very Strong,7.06,2,1439,1,1439,0.1,0.66,0.66,0.34,0,9%,0.06,0.7,0.3,0.4,45%,0,0,0,3,0.2,2.16,0.1,85%,46.1,0.3,2.3,6,8.5,1.8,20,8.1,1.7,21,3.3,25,2,14.5,10.5,2.2,2.8,11.6,76,46,2,0.8,1,0.2,15,0,0,12.6,26.5,No recurring injuries,Low,2.1,38,0.1,0,0,0,0,0,0,0,0,0,0,1.3,0.9
Sky Bet Championship,Leeds,0.62,Brenden Aaronson,AM (C),AM (RL),26,"5'10""",Reasonable,Very Strong,6.78,0,1902,1,1902,0,4.65,4.65,-3.65,0.2,2%,0.1056818182,2.1,0.6,0.6,27%,2,0,0,2,0.1,3.5,0.2,90%,48.7,0.2,1.6,2.6,1,0.4,38,1,0.4,38,1.3,14,6,15.9,11.3,0.8,1.7,4.3,80,20,2,0.3,0.3,0,11,0,0,12.1,11.3,No recurring injuries,Low,2.7,16,0.1,0,0,0,0,0,0,0,0,0,0,1.5,0.8
Sky Bet Championship,Southampton,0.53,Flynn Downes,DM,M (C),27,"6'0""",Weak,Very Strong,6.99,1,1299,1,1299,0.1,0.43,0.43,0.57,0,17%,0.07166666667,0.4,0.1,0.1,33%,0,0,0,2,0.1,2.58,0.2,93%,56.9,0.3,0.8,4.6,0.2,0.1,33,0.2,0.1,33,0.2,7,0,6.1,14.5,1.3,2.1,6,61,31,2,0.3,0.8,0.3,14,5,0,11.5,13.4,No recurring injuries,Above Average,1,53,0.1,0,0,0,0,0,0,0,0,0,0,1.5,1.3
Jupiler Pro League,Dender EH,0.54,Alexandre Brito,DM,,21,"6'3""",Reasonable,Very Strong,6.82,0,1371,1,1371,0.1,0.49,0.49,0.51,0,13%,0.06125,0.5,0.1,0.2,25%,0,0,0,2,0.1,1.51,0.1,92%,52.5,0.1,0.8,5.4,0.1,0.1,100,0.1,0.1,100,0.1,3,0,6.1,12.5,1.2,3.3,6.2,86,21,2,0.5,0.8,0.1,7,3,0,11.6,12,No recurring injuries,Above Average,2.4,39,0.3,0,0,0,0,0,0,0,0,0,0,1.2,1.2
Jupiler Pro League,Westerlo,0.47,Toni Datković,D (C),D (L),33,"6'3""",Very Strong,Weak,6.73,0,1452,1,1452,0.1,0.88,0.88,0.12,0.1,14%,0.1257142857,0.4,0.2,0.2,43%,0,0,0,0,0,0.5,0,88%,39.5,0.1,0.1,2,0,0,0,0,0,0,0,5,1,3.8,18.5,0.4,2.5,2.2,86,7,0,0.7,1.4,1,4,0,0,9.6,4.3,No recurring injuries,Below Average,6.1,52,1.2,0,0,0,0,0,0,0,0,0,0,0.9,1.2
Sky Bet Championship,Middlesbrough,0.50,Toma Bašić,M (C),,30,"6'2""",Very Strong,Reasonable,7.04,2,1534,1,1534,0.1,1.32,1.32,-0.32,0.1,6%,0.0825,0.9,0.2,0.4,25%,1,0,0,4,0.2,3.08,0.2,93%,55.1,0.2,0.9,6.8,5.9,0.9,14,0.1,0,0,0.1,14,0,7.6,14.1,1.1,2.1,5.5,76,25,1,0.9,0.6,0.4,6,2,0,10.7,11.4,No recurring injuries,Below Average,3.2,65,0.2,0,0,0,0,0,0,0,0,0,0,0.9,1.1
Bundesliga 2,FC Schalke 04,0.48,Nikola Katić,D (C),,30,"6'4""",Weak,Very Strong,6.91,1,1260,1,1260,0.1,0.64,0.64,0.36,0,17%,0.1066666667,0.4,0.2,0.2,50%,0,0,0,2,0.1,0.61,0,86%,40.7,0.1,0.2,1.9,0,0,0,0,0,0,0.1,3,0,3.4,13.6,1,1.8,2.2,100,14,0,0.5,1.3,0.6,9,5,0,11,3.8,No recurring injuries,Below Average,5.4,79,1.6,0,0,0,0,0,0,0,0,0,0,0.9,0.6
First Division,Sevilla,0.43,Kike Salas,D (C),D (L),24,"6'2""",Very Strong,Reasonable,7.01,0,1080,1,1080,0.1,0.65,0.65,0.35,0.1,11%,0.07222222222,0.8,0.2,0.5,33%,0,0,0,1,0.1,1.1,0.1,93%,45.3,0.2,0.4,3.4,0.1,0.1,100,0.1,0.1,100,0,2,0,2.9,13.7,0.3,2.5,2.3,44,9,2,1.1,1.2,0.8,6,2,0,10.1,4.3,No recurring injuries,Below Average,5.7,59,0.6,0,0,0,0,0,0,0,0,0,0,1.3,1.2
Ligue 1 McDonald's,Rennes,0.47,Jordan James,M (C),AM (C),22,"5'10""",Fairly Strong,Very Strong,6.95,1,1040,1,1040,0.1,0.28,0.28,0.72,0,17%,0.04666666667,0.5,0.2,0.3,33%,0,0,0,1,0.1,1.65,0.1,95%,54.2,0.3,0.5,6.2,0,0,0,0,0,0,0,6,0,5.6,10.6,1,2.6,6.4,92,12,0,0.6,0.8,0.3,3,0,0,10.6,11.6,No recurring injuries,Below Average,1.8,71,0.2,0,0,0,0,0,0,0,0,0,0,1,1.3
Ligue 2 BKT,Grenoble,0.46,Efe Sarıkaya,D (C),,20,"6'1""",Very Strong,Weak,6.89,0,1440,1,1440,0.1,0.15,0.15,0.85,0,100%,0.15,0.1,0.1,0,100%,0,0,0,0,0,0.43,0,86%,41.4,0,0.1,1.2,0,0,0,0,0,0,0.1,3,0,3,14.8,0.5,2.9,2,80,10,2,0.9,1.2,0.7,10,5,0,10.1,4.7,No recurring injuries,Below Average,5.5,75,1.1,0,0,0,0,0,0,0,0,0,0,1.1,0.9
Bundesliga,FC Augsburg,0.54,Kristijan Jakić,DM,D (RC),29,"5'11""",Weak,Very Strong,7.1,0,1056,1,1056,0.1,1.25,1.25,-0.25,0.1,14%,0.1785714286,0.6,0.2,0.1,29%,0,0,0,0,0,1.61,0.1,94%,58,0,0.5,4.5,0.4,0.2,40,0.4,0.2,40,0.1,10,0,7.2,11,1,3.2,6.3,80,15,0,0.3,0.6,0.2,8,3,0,11.7,12.1,No recurring injuries,Above Average,2.7,59,0.3,0,0,0,0,0,0,0,0,0,0,0.9,0.6
Bundesliga,VfB Stuttgart,0.57,Chema Andrés,DM,M (C),21,"6'3""",Reasonable,Very Strong,6.88,0,1011,1,1011,0.1,0.87,0.87,0.13,0.1,9%,0.07909090909,1,0.4,0.2,36%,0,0,0,1,0.1,0.91,0.1,94%,65.8,0,1.2,8.5,0,0,0,0,0,0,0,5,1,6.8,13.8,0.9,2,6,40,25,1,0.2,0.3,0.3,11,0,0,12.4,15.5,No recurring injuries,Below Average,3.8,67,1,0,0,0,0,0,0,0,0,0,0,1.5,1.2
Serie A,Torino,0.5,Ardian Ismajli,D (C),,30,"6'1""",Weak,Very Strong,6.86,1,1218,1,1218,0.1,0.17,0.17,0.83,0,25%,0.0425,0.3,0.1,0.1,25%,0,0,0,0,0,0.33,0,93%,46.5,0.2,0,2.7,0,0,0,0,0,0,0,2,0,3.7,15.4,0.7,2.1,3.6,64,14,2,0.2,0.4,1.3,12,6,0,9.5,3.6,No recurring injuries,Very Low,4.7,70,1.1,0,0,0,0,0,0,0,0,0,0,0.8,1.1
Bundesliga,FC Bayern München,0.5,Aleksandar Pavlović,DM,,22,"6'2""",Fairly Strong,Very Strong,7.08,2,1224,1,1224,0.1,0.94,0.94,0.06,0.1,6%,0.05529411765,1.2,0.5,0.8,41%,0,0,0,1,0.1,1.79,0.1,91%,64.7,0.3,1.1,8,0.3,0,0,0.3,0,0,0.1,6,1,6.8,12.2,1.5,2.9,6,83,24,1,0.5,0.9,0.3,4,0,0,11.9,16.4,No recurring injuries,High,1.6,50,0.1,0,0,0,0,0,0,0,0,0,0,1.8,1.1
Serie BKT,Venezia,0.5,Cheick Conde,M (C),,26,"6'1""",Reasonable,Very Strong,7.06,0,1260,1,1260,0.1,0.69,0.69,0.31,0,9%,0.06272727273,0.8,0.2,0,27%,0,0,0,2,0.1,1.05,0.1,69%,20,0,0,0,0,0,0,0,0,0,0,8,0,0,0,2.1,0,0,83,36,0,0,0,0,16,2,0,0,0,No recurring injuries,Very Low,0,0,0,0,0,0,0,0,0,0,0,0,0,0,0
Sky Bet Championship,Derby,0.56,Matt Clarke,D (C),,30,"6'1""",Very Strong,Reasonable,7,0,1170,1,1170,0.1,1.89,1.89,-0.89,0.1,10%,0.189,0.8,0.2,0.2,20%,0,0,0,0,0,0.12,0,90%,41.8,0.1,0.1,2,0.2,0,0,0.2,0,0,0.1,5,0,3.1,19.1,0.8,2.1,2.6,77,13,3,1,1.5,0.9,4,1,0,10,4,"Recurring damaged spine, moderate groin strain and hamstring strain",Very High,4.2,83,0.8,0,0,0,0,0,0,0,0,0,0,1.2,0.7
Ligue 1 McDonald's,Rennes,0.47,Musa Al-Tamari,AM (R),M (R),29,"5'10""",Very Strong,Weak,7,1,1048,1,1048,0.1,2.49,2.49,-1.49,0.2,5%,0.1131818182,1.9,0.6,0.7,32%,0,0,0,0,0,1.19,0.1,91%,44.1,0.1,1.5,3.6,2.6,0.3,13,2.6,0.3,13,5.5,12,3,19.8,3.2,1.1,1.7,9.6,65,20,0,0.2,0.9,0,4,0,0,11.9,14.9,No recurring injuries,Below Average,3.3,13,0.1,0,0,0,0,0,0,0,0,0,0,1,1.5
Bundesliga,VfL Bochum 1848,0.38,Mats Pannewig,M (C),AM (C),22,"6'5""",Very Strong,Weak,6.96,0,1164,1,1164,0.1,2.01,1.2,-1.01,0.2,8%,0.1546153846,1,0.2,0.5,23%,0,2,50,0,0,0.99,0.1,93%,53.7,0.2,1,6.1,0,0,0,0,0,0,0.5,8,0,7.6,8.6,0.9,2.9,7.2,71,17,2,0.5,1,0.1,7,1,0,11.3,11.2,No recurring injuries,Below Average,2.9,38,0.4,0,0,0,0,0,0,0,0,0,0,0.8,1.4
Jupiler Pro League,Antwerp,0.53,Mahamadou Diawara,M (C),,21,"6'2""",Very Strong,Weak,6.95,3,1232,1,1232,0.1,0.36,0.36,0.64,0,17%,0.06,0.4,0.1,0.1,33%,0,0,0,1,0.1,3.33,0.2,94%,49.6,0.1,1,5.7,0.1,0.1,50,0.1,0.1,50,0.2,5,0,4.4,13.6,1,1.9,4.7,70,20,3,0.6,0.9,0.2,6,0,0,9.9,8.9,No recurring injuries,Below Average,2.6,53,0.5,0,0,0,0,0,0,0,0,0,0,1.1,1.8
First Division,Cádiz,0.5,Moussa Diakité,DM,M (C),23,"6'2""",Weak,Very Strong,7.03,1,1234,1,1234,0.1,1.23,1.23,-0.23,0.1,7%,0.08785714286,1,0.1,0.4,14%,0,0,0,4,0.3,1.81,0.1,94%,55.8,0.3,0.9,4.3,0.1,0.1,50,0.1,0.1,50,0.3,4,0,4.7,13.9,1.3,2.3,5.8,82,22,1,0.5,0.7,0.1,12,6,0,12,14,No recurring injuries,Below Average,3.1,51,0.4,0,0,0,0,0,0,0,0,0,0,1.1,1.2
Jupiler Pro League,Club Brugge,0.54,Kyriani Sabbe,D (R),,21,"5'9""",Reasonable,Very Strong,6.93,2,1498,1,1498,0.1,1.59,1.59,-0.59,0.1,7%,0.106,0.9,0.1,0.2,13%,0,0,0,4,0.2,2.07,0.1,86%,51.7,0.2,0.9,7,2.1,0.2,8,2.1,0.2,9,1.1,12,1,12.6,12.8,1.7,3.4,8.7,91,32,1,0.8,1.2,0.3,11,3,0,11.4,16,No recurring injuries,Above Average,3.8,56,0.4,0,0,0,0,0,0,0,0,0,0,1.3,0.8
Serie A,Parma,0.5,Antoine Joujou,AM (R),,23,"6'2""",Reasonable,Very Strong,6.92,1,1321,1,1321,0.1,2.33,2.33,-1.33,0.2,5%,0.1059090909,1.5,0.3,0.4,18%,0,0,0,2,0.1,1.47,0.1,88%,43.2,0.1,1.8,3.4,4.6,1.5,32,4.6,1.5,32,3.6,16,10,18.1,3.3,1,1.7,9.7,64,22,0,0.1,0.3,0,17,0,0,11.6,15.7,No recurring injuries,Very Low,4.6,43,0.1,0,0,0,0,0,0,0,0,0,0,0.8,0.8
Bundesliga,TSG Hoffenheim,0.53,Hennes Behrens,D (L),,21,"5'9""",Very Strong,Reasonable,6.9,2,1528,1,1528,0.1,0.58,0.58,0.42,0,13%,0.0725,0.5,0.1,0.1,25%,0,0,0,2,0.1,1.21,0.1,90%,55.1,0.1,0.7,7.2,3.1,0.8,26,3.1,0.8,26,1.1,16,1,16.1,9.9,2.4,3.1,7.5,89,45,2,0.5,0.8,0.3,30,3,0,11.9,17.7,No recurring injuries,Average,4.2,49,0.4,0,0,0,0,0,0,0,0,0,0,1.4,0.8
Ligue 1 McDonald's,Olympique de Marseille,0.54,Facundo Medina,WB (L),D (L),27,"6'0""",Very Strong,Weak,6.95,3,1581,1,1581,0.1,0.33,0.33,0.67,0,50%,0.165,0.1,0.1,0,100%,0,0,0,2,0.1,2.02,0.1,86%,57.8,0.3,1.1,6.4,5.2,0.7,13,5.2,0.7,13,4.2,26,1,15.4,9.7,2.3,2.7,10.1,80,51,1,0.6,0.9,0.3,19,1,0,12.6,25.2,No recurring injuries,Average,3.7,55,0.2,0,0,0,0,0,0,0,0,0,0,1,1.2
Ligue 2 BKT,Angers SCO,0.60,Ousmane Camara,D (C),DM,23,"6'6""",Reasonable,Very Strong,6.72,1,1462,1,1462,0.1,1.32,1.32,-0.32,0.1,11%,0.1466666667,0.6,0.2,0.2,33%,0,0,0,0,0,0.52,0,91%,42.1,0.1,0.1,1.4,0.1,0,0,0.1,0,0,0,3,1,2.8,20.3,0.4,4,2.3,58,12,1,0.5,0.7,0.7,7,3,0,9.4,4.1,No recurring injuries,Below Average,5.3,84,1.3,0,0,0,0,0,0,0,0,0,0,1.5,0.8
Jupiler Pro League,Charleroi,0.53,Étienne Camara,DM,,23,"6'3""",Very Strong,Weak,6.74,0,1397,1,1397,0.1,1.74,1.74,-0.74,0.1,11%,0.1933333333,0.6,0.1,0.1,22%,0,0,0,1,0.1,1.26,0.1,92%,53.2,0.3,0.8,6.5,0.3,0,0,0.3,0,0,0.1,7,0,5.5,11.2,0.6,3.2,4.9,71,14,2,0.9,0.9,0.3,10,1,0,10.4,10.3,No recurring injuries,Below Average,2.4,55,0.3,0,0,0,0,0,0,0,0,0,0,1.3,1
Serie BKT,Pisa,0.5,Emanuele Adamo,M (R),"WB (R), M (C), AM (L)",28,"5'10""",Weak,Very Strong,6.98,0,1161,1,1161,0.1,3.27,3.27,-2.27,0.3,5%,0.1486363636,1.7,0.6,0,36%,0,0,0,1,0.1,1.7,0.1,75%,21.4,0,0.1,0.3,0.2,0,0,0.2,0,0,0.3,13,1,1.2,0.9,1.2,0.2,0.4,94,16,0,0,0.1,0,19,1,0,0.9,1.6,No recurring injuries,Very Low,0.3,0,0.1,0,0,0,0,0,0,0,0,0,0,0.2,0.2
First Division,Vigo,0.52,Hugo Sotelo,M (C),M (R),22,"5'11""",Weak,Very Strong,7.02,1,1042,1,1042,0.1,0.7,0.7,0.3,0.1,14%,0.1,0.6,0.2,0.2,29%,0,0,0,3,0.3,4.25,0.4,91%,58.9,0.3,1.2,6.7,2,0.3,17,0.1,0,0,0.1,3,0,6.9,12.8,1.3,2.1,7.4,88,17,0,0.4,0.8,0.2,6,1,0,11.5,12.2,No recurring injuries,Low,2.6,37,0.1,0,0,0,0,0,0,0,0,0,0,1.2,1.4
Serie A,Bologna,0.5,Tommaso Pobega,M (C),,27,"6'2""",Very Strong,Fairly Strong,6.86,0,1310,1,1310,0.1,0.58,0.58,0.42,0,25%,0.145,0.3,0.1,0,25%,0,0,0,1,0.1,2.83,0.2,92%,57.8,0.5,0.7,3.6,0.2,0,0,0.2,0,0,0.1,7,1,6.3,12.4,1.2,2.6,5.3,63,27,1,0.3,1,0.1,15,4,1,11.5,11.5,No recurring injuries,Average,1.4,57,0.1,0,0,0,0,0,0,0,0,0,0,1.4,1.4
Premier League,Wolves,0.42,Mateus Mané,"AM (R), ST (C)",,19,"5'9""",Strong,Very Strong,6.38,0,1200,1,1200,0.1,1.64,1.64,-0.64,0.1,5%,0.08631578947,1.4,0.4,1,32%,0,0,0,0,0,0.43,0,87%,34.5,0,0.8,1.8,1,0.1,7,0.9,0.1,8,0.7,7,5,7.9,4,0.4,1.7,2.9,56,9,0,0.2,0.4,0.1,10,0,0,11.8,8.3,No recurring injuries,Below Average,3.8,20,0,0,0,0,0,0,0,0,0,0,0,0.8,1.6
Ligue 2 BKT,Rodez,0.40,Wilitty Younoussa,M (C),DM,25,"5'9""",Weak,Very Strong,6.49,0,1279,1,1279,0.1,2.04,1.23,-1.04,0.1,7%,0.1457142857,1,0.5,0.2,50%,0,1,0,2,0.1,4.49,0.3,0%,0,0.3,0.1,0,0,0,0,0,0,0,0,11,0,18.4,11,0,0,0,0,0,0,0,0,0,2,2,0,0,0,No recurring injuries,Below Average,0,0,0,0,0,0,0,0,0,0,0,0,0,0.8,1.1
Bundesliga 2,Hertha BSC,0.54,Keita Kosugi,D (L),,20,"5'8""",Very Strong,Weak,6.98,0,1161,1,1161,0.1,0.9,0.9,0.1,0.1,25%,0.225,0.3,0.1,0.2,25%,1,0,0,1,0.1,0.4,0,89%,55.6,0.2,0.8,7.5,2.2,0.2,10,1.8,0.2,9,1.2,14,2,17.5,11.3,1.6,3,7.1,62,34,2,0.5,0.6,0.5,16,1,1,11.7,17.4,No recurring injuries,Below Average,3.3,48,0.1,0,0,0,0,0,0,0,0,0,0,1.2,0.9
Serie A,Como,0.5,Máximo Perrone,DM,,23,"5'10""",Very Strong,Weak,6.88,0,1339,1,1339,0.1,0.65,0.65,0.35,0,14%,0.09285714286,0.5,0.1,0.1,14%,0,0,0,0,0,1.36,0.1,91%,33.6,0.1,0.5,4.2,0.1,0,0,0.1,0,0,0.2,9,0,7.1,10.6,0.9,1.1,3,52,25,2,0.3,0.6,0.1,6,4,0,6.7,6.9,No recurring injuries,Very Low,0.7,36,0.1,0,0,0,0,0,0,0,0,0,0,0.9,1.5
Premier League,FC Porto,0.57,Alan Varela,DM,,25,"5'10""",Fairly Strong,Very Strong,6.99,1,1579,1,1579,0.1,1.97,1.97,-0.97,0.1,8%,0.1641666667,0.7,0.2,0.2,33%,0,0,0,1,0.1,2.77,0.2,92%,59.6,0.2,0.7,7.1,0,0,0,0,0,0,0.1,5,0,5.8,13.3,1.2,4,6.7,75,28,3,0.6,0.6,0.3,18,0,0,12.7,14.8,No recurring injuries,Below Average,1.2,24,0.1,0,0,0,0,0,0,0,0,0,0,1.8,0.8
Serie A,Parma,0.5,Lautaro Valenti,D (C),D/WB (L),27,"6'2""",Very Strong,Reasonable,6.93,0,1397,1,1397,0.1,0.49,0.49,0.51,0,13%,0.06125,0.5,0.1,0.2,13%,0,0,0,0,0,0.55,0,91%,40.8,0.1,0.2,1.7,0,0,0,0,0,0,0.1,6,0,3.4,12.2,1.1,2.3,2.9,94,18,2,0.6,1.5,0.3,15,6,0,9.3,3.7,No recurring injuries,Very Low,5.2,80,1,0,0,0,0,0,0,0,0,0,0,0.7,0.8
Bundesliga,Borussia Dortmund,0.62,Marcel Sabitzer,M (C),AM (C),32,"5'10""",Fairly Strong,Very Strong,6.84,0,1074,1,1074,0.1,0.36,0.36,0.64,0,11%,0.04,0.8,0.3,0.7,44%,1,0,0,1,0.1,0.84,0.1,93%,72.3,0.1,0.6,8.5,1.3,0.3,18,0.3,0.1,25,0.2,5,0,8.7,8.1,1.6,2.5,7.5,83,23,0,0.3,0.6,0.3,14,1,1,12.6,17.3,No recurring injuries,Above Average,0.8,40,0,0,0,0,0,0,0,0,0,0,0,1.7,1.1
Jupiler Pro League,Westerlo,0.47,Lamine Guèye,AM (R),ST (C),28,"5'10""",Weak,Very Strong,6.77,1,1030,1,1030,0.1,2.23,2.23,-1.23,0.2,4%,0.09291666667,2.1,0.5,0.9,25%,1,1,100,3,0.3,1.32,0.1,88%,38.4,0.3,1.5,2.9,3.8,0.7,18,3.8,0.7,19,3.5,18,6,16.9,5.2,1.9,1.7,7.8,88,25,0,0.3,0.2,0,13,2,0,11.4,13.5,No recurring injuries,Above Average,4,20,0,0,0,0,0,0,0,0,0,0,0,1.2,1
Second Division,Huesca,0.53,Álvaro Carrillo,D (R),D (RL),24,"6'0""",Weak,Very Strong,6.93,1,1453,1,1453,0.1,1.94,1.94,-0.94,0.1,8%,0.1616666667,0.7,0.1,0,17%,0,0,0,0,0,1.71,0.1,89%,43.2,0.1,0,1.9,0,0,0,0,0,0,0.1,4,0,2.7,19.3,0.6,2.4,3.3,69,13,1,0.4,1.1,0.9,8,2,0,10.1,3.8,No recurring injuries,Above Average,6.6,64,1.4,0,0,0,0,0,0,0,0,0,0,1,0.9
First Division,Vallecano,0.53,Pathé Ciss,DM,,32,"6'0""",Reasonable,Very Strong,6.9,1,1050,1,1050,0.1,0.76,0.76,0.24,0.1,11%,0.08444444444,0.8,0.3,0.3,33%,1,0,0,1,0.1,1.81,0.2,89%,60.3,0.2,1,7.9,0.1,0.1,100,0.1,0.1,100,0.2,5,0,6.1,13.3,1.1,2.5,5.6,87,15,0,0.4,0.7,0.3,12,4,0,11.8,12.9,No recurring injuries,Low,3.8,45,0.3,0,0,0,0,0,0,0,0,0,0,1.2,0.9
First Division,Barcelona,0.61,Jules Koundé,D (R),"D (C), WB (R)",28,"5'10""",Fairly Strong,Very Strong,7.11,2,1350,1,1350,0.1,0.73,0.73,0.27,0,20%,0.146,0.3,0.1,0.1,40%,0,0,0,0,0,0.87,0.1,96%,75.2,0.1,1.3,11.5,1.7,0.3,19,1.7,0.3,19,0.7,13,2,10.1,14.8,2.3,2.7,7.8,81,43,0,0.3,0.7,0.3,21,4,0,12.2,17.3,No recurring injuries,Average,3.7,49,0.4,0,0,0,0,0,0,0,0,0,0,1.5,0.9
Premier League,West Ham,0.44,Franck Kessié,M (C),,29,"6'0""",Reasonable,Very Strong,6.91,1,1350,1,1350,0.1,1.47,1.47,-0.47,0.1,4%,0.05653846154,1.7,0.5,1.4,31%,1,0,0,1,0.1,1.08,0.1,92%,54.1,0.2,0.9,3.6,0.8,0.3,41,0.8,0.3,42,0.3,5,0,6.9,9.8,1.7,3.8,9.7,86,29,5,0.7,0.9,0.5,17,2,0,13.1,15.5,No recurring injuries,Below Average,2.2,42,0.1,0,0,0,0,0,0,0,0,0,0,1.3,0.9
Jupiler Pro League,Antwerp,0.53,Yota Maejima,D (L),WB (RL),29,"5'10""",Strong,Very Strong,6.9,1,1363,1,1363,0.1,0.24,0.24,0.76,0,33%,0.08,0.2,0.1,0,33%,0,0,0,0,0,1.08,0.1,90%,61.8,0.1,1.1,8.5,1.9,0.3,13,1.9,0.3,14,1,12,0,15,11.1,1.8,2.2,8.1,80,35,1,0.5,0.9,0.3,9,0,0,12.3,15.6,No recurring injuries,Below Average,3.1,45,0.1,0,0,0,0,0,0,0,0,0,0,1.1,1.7
Bundesliga,TSG Hoffenheim,0.53,Bazoumana Touré,AM (L),"M (L), AM (RC)",20,"5'10""",Very Strong,Weak,6.99,2,1141,1,1141,0.1,1.81,1.81,-0.81,0.1,4%,0.0724,2,0.6,1.1,28%,1,0,0,4,0.3,2.08,0.2,88%,47.2,0,2,4.5,2.7,0.3,11,2.7,0.3,12,3.2,10,6,17.5,4.6,1.5,2.4,10,76,25,0,0,0.2,0,14,1,0,11.3,15.2,No recurring injuries,Below Average,4.2,38,0.2,0,0,0,0,0,0,0,0,0,0,1.7,0.9
Bundesliga 2,Hertha BSC,0.54,Linus Gechter,D (C),D (R),22,"6'3""",Reasonable,Very Strong,7.19,1,1333,1,1333,0.1,0.76,0.76,0.24,0.1,11%,0.08444444444,0.6,0.2,0.1,33%,0,0,0,1,0.1,1.07,0.1,92%,51.2,0.1,0.4,4.3,0.4,0.2,50,0.4,0.2,50,0.2,6,0,5,18.8,2,2.9,4.7,100,29,5,0.6,1.3,0.5,6,1,0,10.5,7,No recurring injuries,High,4.2,53,0.6,0,0,0,0,0,0,0,0,0,0,1.4,0.8
Serie BKT,Pisa,0.5,Pietro Beruatto,D (L),,27,"6'1""",Very Strong,Weak,7.2,0,1260,1,1260,0.1,0.58,0.58,0.42,0,14%,0.08285714286,0.5,0.1,0,29%,0,0,0,4,0.3,1.56,0.1,74%,23.7,0,0.3,0.7,0.9,0.2,23,0.9,0.2,23,0.1,23,0,1.4,2.6,2.3,0.3,1.1,100,32,0,0,0.1,0.1,20,3,0,2,3.9,No recurring injuries,Very Low,0.6,50,0.1,0,0,0,0,0,0,0,0,0,0,0.4,0.1
Serie A,U.S. Lecce,0.5,Youssef Maleh,M (C),"DM, M (L), AM (C)",28,"5'10""",Very Strong,Reasonable,6.56,0,1355,1,1355,0.1,2.72,2.72,-1.72,0.2,5%,0.136,1.3,0.4,0.3,30%,0,1,100,5,0.3,2.67,0.2,98%,5.9,0.2,0.5,0.4,0.3,0.1,20,0.2,0,0,0.6,8,2,12,11,0.2,0.3,1.3,100,3,0,0,0,0,7,5,0,1.6,2.3,No recurring injuries,Very Low,0.6,0,0,0,0,0,0,0,0,0,0,0,0,0.6,0.9
Serie BKT,Frosinone,0.5,Riccardo Marchizza,D (L),,28,"6'2""",Very Strong,Weak,6.86,0,1260,1,1260,0.1,0.61,0.61,0.39,0,8%,0.05083333333,0.9,0.2,0,25%,0,0,0,2,0.1,2.77,0.2,74%,20,0,0,0,0,0,0,0,0,0,0,12,0,0,0,1.9,0,0,96,28,0,0,0,0,22,1,1,0,0,No recurring injuries,Very Low,0,0,0,0,0,0,0,0,0,0,0,0,0,0,0
Second Division,Las Palmas,0.49,Cristian Gutiérrez,WB (L),M/AM (L),25,"5'10""",Very Strong,Weak,7.01,1,1002,1,1002,0.1,0.42,0.42,0.58,0,20%,0.084,0.4,0.1,0.1,20%,0,0,0,2,0.2,1.6,0.1,91%,59,0.3,1.7,9.1,2.8,0.4,16,2.7,0.4,17,1.3,11,1,11.6,13.8,1.7,2.6,7,76,25,2,0.9,1.1,0.3,13,2,0,12.3,16.3,No recurring injuries,Below Average,2.9,53,0.1,0,0,0,0,0,0,0,0,0,0,1.2,0.7
Serie A,Juventus,0.5,Manuel Locatelli,DM,,28,"6'0""",Reasonable,Very Strong,7.28,3,1633,1,1633,0.1,0.45,0.45,0.55,0,20%,0.09,0.3,0.1,0.1,40%,0,0,0,7,0.4,2.44,0.1,92%,64.4,0.1,0.9,6.9,0.1,0,0,0.1,0,0,0.3,8,0,7,14.5,1.3,3,5.5,67,36,2,0.6,0.6,0.2,17,4,0,11.9,13.8,No recurring injuries,Very Low,2.4,65,0.2,0,0,0,0,0,0,0,0,0,0,1.5,0.9
Premier League,Newcastle,0.54,Sandro Tonali,"DM, M (C)",,26,"5'11""",Fairly Strong,Very Strong,6.79,0,1343,1,1343,0.1,2.12,1.35,-1.12,0.1,8%,0.1630769231,0.9,0.4,0.7,46%,0,1,100,0,0,0.8,0.1,93%,59.2,0,0.7,6.3,3.1,0.3,10,0.1,0,0,0.2,3,0,6,7.6,1.4,2.5,7.1,78,27,2,0.1,0.9,0.1,12,3,0,12.9,14.7,No recurring injuries,Below Average,1.5,43,0.1,0,0,0,0,0,0,0,0,0,0,1.8,1.1
Second Division,Leganés,0.5,Seydouba Cissé,M (C),M (R),25,"5'10""",Reasonable,Very Strong,6.49,0,1368,1,1368,0.1,2.28,2.28,-1.28,0.1,5%,0.12,1.2,0.3,0.6,26%,0,0,0,2,0.1,3.12,0.2,0%,0,0.3,0.1,0,0,0,0,0,0,0,0,9,0,15.5,11.6,0,0,0,0,0,0,0,0,0,1,1,0,0,0,No recurring injuries,Above Average,0,0,0,0,0,0,0,0,0,0,0,0,0,0.9,0.9
Serie A,Juventus,0.5,Federico Gatti,D (C),,28,"6'4""",Reasonable,Very Strong,6.86,0,1097,1,1097,0.1,0.84,0.84,0.16,0.1,8%,0.07,1,0.4,0.4,42%,1,0,0,0,0,0.35,0,95%,52.7,0.2,0,2.4,0,0,0,0,0,0,0.2,7,0,3.5,17.1,0.6,2.1,3.2,70,10,1,0.3,0.4,0.3,12,5,0,10.1,3.9,No recurring injuries,Very Low,5.9,72,1.3,0,0,0,0,0,0,0,0,0,0,1.6,0.9
Premier League,Spurs,0.55,Destiny Udogie,WB (L),,24,"6'2""",Very Strong,Weak,7.09,3,1516,1,1516,0.1,1.37,1.37,-0.37,0.1,6%,0.08058823529,1,0.3,0.4,29%,0,0,0,2,0.1,3.84,0.2,89%,57.9,0.7,2.3,5.2,10.3,2.1,20,10.3,2.1,20,3,17,2,15.9,9.7,2.1,3.6,6.2,82,44,0,0.3,1.2,0.3,10,0,0,13.4,28.5,No recurring injuries,Below Average,3.4,55,0.1,0,0,0,0,0,0,0,0,0,0,1.4,0.7
Serie BKT,AC Monza,0.5,Alessandro Sersanti,M (C),"WB (R), DM",24,"6'0""",Weak,Very Strong,7.3,1,1260,1,1260,0.1,1.3,1.3,-0.3,0.1,7%,0.09285714286,1,0.1,0,14%,0,0,0,4,0.3,1.85,0.1,75%,20,0,0,0,0,0,0,0,0,0,0,33,0,0,0,1.7,0,0,86,28,0,0,0,0,18,0,0,0,0,No recurring injuries,Very Low,0,0,0,0,0,0,0,0,0,0,0,0,0,0,0
Ligue 1 McDonald's,LOSC,0.57,Ngal'Ayel Mukau,DM,AM (C),22,"6'1""",Very Strong,Weak,6.91,0,1111,1,1111,0.1,0.76,0.76,0.24,0.1,11%,0.08444444444,0.7,0.2,0.5,22%,0,0,0,0,0,1.84,0.1,94%,70.3,0.4,1.4,8,0.2,0.2,100,0.2,0.2,100,0.2,6,0,4.8,11.4,1.1,1.9,6.1,59,22,1,0.5,1.2,0.2,4,0,0,12.4,13.9,No recurring injuries,Average,1.6,70,0.2,0,0,0,0,0,0,0,0,0,0,1.2,1.5
Second Division,Espanyol,0.57,Urko González,DM,,25,"6'2""",Reasonable,Very Strong,7,1,1394,1,1394,0.1,0.51,0.51,0.49,0,25%,0.1275,0.3,0.1,0,50%,0,0,0,2,0.1,3.29,0.2,93%,58.7,0.2,0.8,7.3,0,0,0,0,0,0,0.1,10,1,5.9,12.7,1,2.8,4.4,75,20,1,0.6,0.7,0.1,5,1,0,11.3,11.2,No recurring injuries,Below Average,2.9,64,0.3,0,0,0,0,0,0,0,0,0,0,1,1.2
Sky Bet Championship,Stockport,0.48,Brad Hills,D (C),,22,"6'2""",Reasonable,Very Strong,6.86,1,1917,1,1917,0,0.77,0.77,0.23,0,11%,0.08555555556,0.4,0,0.1,11%,1,0,0,1,0,0.47,0,88%,41.5,0,0.2,2.4,0,0,0,0,0,0,0,6,0,3.2,14.7,0.7,2.9,3.1,94,16,3,0.6,1.3,1.5,8,2,0,10.2,3.8,No recurring injuries,Low,5.6,74,1.2,0,0,0,0,0,0,0,0,0,0,1.2,1.7
Premier League,Arsenal,0.61,Riccardo Calafiori,D (L),,24,"6'2""",Very Strong,Reasonable,6.98,0,1277,1,1277,0.1,0.84,0.84,0.16,0.1,9%,0.07636363636,0.8,0.3,0.4,36%,0,0,0,0,0,1.19,0.1,93%,80,0.1,0.8,10.9,0.5,0.1,14,0.5,0.1,14,1.6,4,1,8.3,11.6,2.4,4.3,7.4,83,41,2,0.4,0.4,0.4,14,1,1,12.2,17.1,No recurring injuries,Above Average,4,63,0.6,0,0,1,0,0,0,0,0,0,0,2,1.1
Sky Bet Championship,Watford,0.43,Edoardo Bove,M (C),AM (C),24,"5'9""",Reasonable,Very Strong,6.86,1,1202,1,1202,0.1,0.48,0.48,0.52,0,20%,0.096,0.4,0.1,0.1,40%,0,0,0,1,0.1,2.97,0.2,92%,51.9,0.4,1.1,6,0.1,0,0,0.1,0,0,0.4,4,1,6.8,11.8,1.6,2.9,6.9,64,33,1,0.4,0.6,0.4,14,1,0,11.4,11.2,No recurring injuries,Average,2,41,0.1,0,0,0,0,0,0,0,0,0,0,1.1,1.6
Serie BKT,Cittadella,0.5,Lorenzo Milani,D (L),WB (L),25,"5'10""",Very Strong,Weak,7.34,0,1128,1,1128,0.1,0.43,0.43,0.57,0,17%,0.07166666667,0.5,0.2,0,33%,0,0,0,1,0.1,1.89,0.2,73%,22.3,0,0,0,0,0,0,0,0,0,0,11,0,0,0,2.2,0,0,93,30,0,0,0,0,15,0,0,0,0,No recurring injuries,Very Low,0,0,0,0,0,0,0,0,0,0,0,0,0,0,0
Premier League,Benfica,0.59,Nicolás Otamendi,D (C),,38,"6'0""",Fairly Strong,Very Strong,6.93,1,1620,1,1620,0.1,0.87,0.87,0.13,0,11%,0.09666666667,0.5,0.2,0.2,33%,0,0,0,1,0.1,0.82,0,92%,48.7,0,0.2,2.3,0.1,0.1,100,0.1,0.1,100,0,0,0,3,16.3,0.4,2.2,2.5,89,9,2,0.8,1.3,0.7,10,2,0,9.5,4.7,No recurring injuries,Low,3.7,64,0.6,0,0,0,0,0,0,0,0,0,0,1.8,0.7
Sky Bet Championship,Southampton,0.53,Yukinari Sugawara,D (R),,26,"5'10""",Reasonable,Very Strong,7.07,1,1504,1,1504,0.1,1.55,1.55,-0.55,0.1,9%,0.1409090909,0.7,0.2,0.1,27%,0,0,0,5,0.3,2.51,0.2,88%,58.9,0.2,1.5,8.6,2.1,0.3,14,1,0.2,19,0.4,12,2,13.3,14.2,1.7,3.6,7.9,74,39,3,0.5,1.1,0.2,11,1,0,11.5,16.7,No recurring injuries,Below Average,3.3,29,0.2,0,0,0,0,0,0,0,0,0,0,1.6,1.1
Ligue 2 BKT,Pau FC,0.48,Anthony Briançon,D (C),"DM, M (C)",32,"6'1""",Reasonable,Very Strong,6.88,0,1016,1,1016,0.1,0.41,0.41,0.59,0,13%,0.05125,0.7,0.3,0.1,38%,0,0,0,0,0,0.77,0.1,91%,45.4,0,0.4,2.1,0.1,0.1,100,0.1,0.1,100,0.2,4,0,4.3,16.1,0.7,3.5,3.5,89,9,2,0.4,0.7,0.4,8,1,0,10.3,4.7,No recurring injuries,Above Average,2.4,67,0.5,0,0,0,0,0,0,0,0,0,0,1.2,1.1
Serie A,Casciavit,0.5,Samuele Ricci,M (C),,25,"5'11""",Reasonable,Very Strong,6.94,1,1561,1,1561,0.1,1.35,1.35,-0.35,0.1,5%,0.07105263158,1.1,0.4,0.7,37%,0,0,0,6,0.3,3.25,0.2,94%,42.5,0.4,1,4.6,0.2,0.2,100,0.2,0.2,100,0.3,9,1,12.5,9.9,1,1.3,5.4,75,24,0,0,0.4,0.1,6,0,0,8.5,9.3,No recurring injuries,Very Low,1.8,59,0.3,0,0,0,0,0,0,0,0,0,0,1.8,1
Bundesliga 2,1. FC Saarbrücken,0.5,Emir Sahiti,AM (R),M (RL),28,"5'9""",Reasonable,Very Strong,6.89,1,1219,1,1219,0.1,1.17,1.17,-0.17,0.1,9%,0.1063636364,0.8,0.2,0.1,27%,0,0,0,2,0.1,2.18,0.2,86%,47.2,0.1,2.2,4.1,6.6,1.3,20,2.4,0.7,31,5.2,10,6,21.1,4.4,2.1,1.6,9.2,80,35,0,0.2,0.4,0,26,2,0,12.1,16.9,No recurring injuries,Above Average,3.7,24,0,0,0,0,0,0,0,0,0,0,0,0.7,1.3
Bundesliga 2,1. FC Saarbrücken,0.5,Elijah Krahn,DM,D (C),23,"6'0""",Reasonable,Very Strong,7.03,1,1050,1,1050,0.1,0.7,0.7,0.3,0.1,20%,0.14,0.4,0.1,0,20%,0,0,0,1,0.1,0.88,0.1,89%,53.6,0.1,1.5,6.7,0.1,0,0,0.1,0,0,0,6,0,7.5,9.5,0.5,2.6,5.9,75,8,0,0.8,1.8,0,2,0,0,11.6,11.8,No recurring injuries,Above Average,1.5,83,0.3,0,0,0,0,0,0,0,0,0,0,0.5,1.4
Premier League,Crystal Palace,0.49,Adam Wharton,DM,,22,"6'0""",Very Strong,Strong,7.06,0,1260,1,1260,0.1,0.96,0.96,0.04,0.1,6%,0.05333333333,1.3,0.5,0.9,39%,1,0,0,1,0.1,1.36,0.1,91%,93.6,0.1,1.6,10.1,2.9,0.4,15,0.4,0.2,50,0.2,4,0,10.9,8.9,2.3,3.7,10.8,74,43,4,0.6,1.9,0.5,4,1,0,13.5,13.9,Recurring tight thigh,Very High,1.7,71,0.1,0,0,1,0,0,0,0,0,0,0,0.8,1.4
Serie BKT,Venezia,0.5,Alfred Duncan,M (C),DM,33,"5'10""",Very Strong,Reasonable,7.38,0,1170,1,1170,0.1,1.93,1.93,-0.93,0.1,11%,0.2144444444,0.7,0.2,0,22%,0,0,0,2,0.2,1.32,0.1,68%,20,0,0,0,0,0,0,0,0,0,0,20,0,0,0,2.2,0,0,74,38,0,0,0,0,11,0,0,0,0,No recurring injuries,Very Low,0,0,0,0,0,0,0,0,0,0,0,0,0,0,0
Serie BKT,Südtirol,0.5,Mamadou Coulibaly,DM,,27,"6'0""",Weak,Very Strong,7.68,0,1260,1,1260,0.1,0.37,0.37,0.63,0,33%,0.1233333333,0.2,0.1,0,33%,0,0,0,3,0.2,0.93,0.1,71%,20,0,0,0,0,0,0,0,0,0,0,22,0,0,0,2.3,0,0,84,38,0,0,0,0,23,3,1,0,0,No recurring injuries,Very Low,0,0,0,0,0,0,0,0,0,0,0,0,0,0,0
Bundesliga,Bayer 04 Leverkusen,0.60,Edmond Tapsoba,D (C),,27,"6'4""",Reasonable,Very Strong,7.03,0,1398,1,1398,0.1,1.19,0.42,-0.19,0.1,33%,0.3966666667,0.2,0.1,0,67%,0,1,100,3,0.2,0.74,0,93%,58.4,0.1,0.3,2.9,0.1,0,0,0.1,0,0,0,5,1,2.8,19.1,0.5,2.3,3.2,73,11,1,0.3,0.8,0.7,11,3,0,9.9,3.7,No recurring injuries,Below Average,5.7,76,1.1,0,0,0,0,0,0,0,0,0,0,1.7,0.8
Premier League,Bournemouth,0.44,Marcos Senesi,D (C),,29,"6'0""",Very Strong,Reasonable,6.69,0,1260,1,1260,0.1,0.21,0.21,0.79,0,50%,0.105,0.1,0.1,0,50%,0,0,0,0,0,0,0,92%,39.4,0,0.1,2.4,0,0,0,0,0,0,0,0,0,3.9,8.9,0.6,2.4,1.4,57,14,3,0.7,0.8,0.6,7,1,0,10,4.4,No recurring injuries,Below Average,7.3,68,2.1,0,0,0,0,0,0,0,0,0,0,1.6,2.1
Jupiler Pro League,OH Leuven,0.47,Youssef Maziz,AM (C),"M (C), AM (L)",28,"5'9""",Weak,Very Strong,6.87,0,1053,1,1053,0.1,1.85,1.85,-0.85,0.2,4%,0.08043478261,2,0.9,0.3,43%,0,0,0,2,0.2,2.56,0.2,89%,41.3,0.4,2.2,2.9,0.9,0.2,20,0.9,0.2,20,1.1,7,2,20.2,10.8,0.6,1.7,5.8,78,9,0,0.3,0.3,0,7,1,0,11.9,9.5,No recurring injuries,Above Average,2.9,21,0,0,0,0,0,0,0,0,0,0,0,0.9,1.1
Serie A,Sampdoria,0.5,Salvatore Esposito,DM,,26,"5'10""",Reasonable,Very Strong,6.97,2,1620,1,1620,0.1,0.76,0.76,0.24,0,17%,0.1266666667,0.3,0.1,0.1,33%,0,1,100,0,0,3.15,0.2,92%,51.6,0.4,0.9,5.1,4.9,0.7,14,0.2,0.1,25,0,14,0,5.1,10.3,1.3,2.9,4.9,72,32,2,0.6,0.9,0.3,7,2,0,10,9.5,No recurring injuries,Very Low,0.5,33,0.1,0,0,0,0,0,0,0,0,0,0,0.7,1.6
Serie A,Empoli FC,0.5,Nahuel Estévez,"DM, M (C)",AM (R),31,"5'11""",Weak,Very Strong,6.67,0,1111,1,1111,0.1,1.45,1.45,-0.45,0.1,8%,0.1115384615,1.1,0.6,0.5,54%,0,0,0,2,0.2,1.38,0.1,82%,12.2,0.1,0.3,0.6,0.6,0,0,0.6,0,0,0.3,13,2,12.6,8.3,0.8,0.2,1.6,91,11,0,0,0,0,6,1,0,2,3,No recurring injuries,Very Low,1.1,43,0.1,0,0,0,0,0,0,0,0,0,0,0.6,1.1
Eredivisie,Ajax,0.60,Jorthy Mokio,DM,"D (L), M (C)",18,"6'0""",Very Strong,Reasonable,7.01,1,1799,1,1799,0.1,1.4,1.4,-0.4,0.1,5%,0.07,1,0.2,0.4,20%,1,0,0,2,0.1,2.64,0.1,93%,55.4,0.3,0.9,6,0.1,0,0,0.1,0,0,0.2,3,2,5.8,15.5,1.4,2.2,5.6,78,36,1,0.3,0.5,0.2,12,2,0,11.4,11.3,No recurring injuries,Below Average,2.4,31,0.2,0,0,0,0,0,0,0,0,0,0,1.7,0.9
Ligue 1 McDonald's,Troyes,0.55,Paolo Gozzi,D (L),,25,"6'0""",Very Strong,Weak,6.79,1,1260,1,1260,0.1,1.02,1.02,-0.02,0.1,20%,0.204,0.4,0.2,0.1,60%,0,0,0,2,0.1,1.25,0.1,92%,43.2,0.1,0.4,1.6,0.1,0,0,0.1,0,0,0.1,4,0,2.4,16.9,0.6,2.4,2.6,90,10,2,0.6,1.1,1.1,8,2,0,10.1,3.8,No recurring injuries,Below Average,3.5,51,0.5,0,0,0,0,0,0,0,0,0,0,1.2,1.4
First Division,Valencia,0.49,Mouctar Diakhaby,D (C),DM,29,"6'2""",Weak,Very Strong,6.85,1,1350,1,1350,0.1,0.37,0.37,0.63,0,25%,0.0925,0.3,0.1,0.1,50%,0,0,0,0,0,0.46,0,93%,52.4,0.1,0.1,1.8,0,0,0,0,0,0,0,2,0,2.7,13.6,0.5,3.1,2.4,100,7,1,0.8,0.6,1.1,4,2,0,10.1,5,No recurring injuries,High,5.4,69,0.7,0,0,0,0,0,0,0,0,0,0,1.1,1.2
Serie BKT,Juve Stabia,0.5,Marco Varnier,D (C),,28,"6'2""",Reasonable,Very Strong,6.82,0,1260,1,1260,0.1,0.53,0.53,0.47,0,13%,0.06625,0.6,0.1,0,13%,0,0,0,3,0.2,0,0,69%,20,0,0,0,0,0,0,0,0,0,0,12,0,0,0,1.4,0,0,95,20,0,0,0,0,23,1,2,0,0,No recurring injuries,Very Low,0,0,0,0,0,0,0,0,0,0,0,0,0,0,0
Sky Bet Championship,Blackburn,0.52,Connor O'Riordan,D (C),,23,"6'4""",Reasonable,Very Strong,6.95,1,1710,1,1710,0.1,0.22,0.22,0.78,0,25%,0.055,0.2,0.2,0.1,75%,0,0,0,1,0.1,0.36,0,94%,43.4,0.1,0.2,1.8,0.2,0.1,50,0.2,0.1,50,0.1,5,0,2,16.3,0.7,3.1,2.8,81,16,4,0.7,1.5,0.2,6,1,0,10.2,4,No recurring injuries,Low,5.6,72,0.9,0,0,0,0,0,0,0,0,0,0,1.2,1.3
Premier League,FC Porto,0.57,Alberto Costa,WB (R),M (R),23,"6'1""",Fairly Strong,Very Strong,6.98,2,1530,1,1530,0.1,2.14,2.14,-1.14,0.1,5%,0.107,1.2,0.4,0.5,35%,0,0,0,3,0.2,3.22,0.2,90%,71.5,0.2,1.1,10.5,1.1,0.5,42,1.1,0.5,42,1.1,12,1,10.7,12.4,1.2,3.4,7,58,36,3,0.6,0.9,0.5,19,4,0,12,17.7,No recurring injuries,Low,3.2,69,0.2,0,0,0,0,0,0,0,0,0,0,1.8,0.7
Serie BKT,Cesena FC,0.5,Simone Bastoni,M (C),"DM, M (L), AM (C)",30,"6'0""",Very Strong,Weak,7.8,0,1170,1,1170,0.1,2.86,2.86,-1.86,0.2,4%,0.11,2,1.1,0,54%,0,0,0,6,0.5,1.12,0.1,74%,20,0,0,0,0,0,0,0,0,0,0,16,0,0,0,1.4,0,0,82,22,0,0,0,0,20,0,0,0,0,No recurring injuries,Very Low,0,0,0,0,0,0,0,0,0,0,0,0,0,0,0
Ligue 1 McDonald's,Olympique de Marseille,0.54,Timothy Weah,M (R),AM (L),26,"6'0""",Reasonable,Very Strong,6.81,0,1057,1,1057,0.1,1.29,1.29,-0.29,0.1,8%,0.09923076923,1.1,0.9,0.4,77%,0,0,0,1,0.1,1.08,0.1,89%,54.9,0.1,1,5.2,4.3,0.9,19,4.3,0.9,20,4.2,17,2,17.5,8.9,2.2,3.4,11.9,87,30,0,0.5,0.7,0.2,12,2,1,12.6,23.2,No recurring injuries,Average,3.2,57,0.2,0,0,0,0,0,0,0,0,0,0,1.1,1.1
Serie BKT,AC Monza,0.5,Patrick Ciurria,WB/M (R),"D (R), WB (L), AM (R)",31,"5'11""",Very Strong,Reasonable,6.99,0,1260,1,1260,0.1,1.58,1.58,-0.58,0.1,7%,0.1128571429,1,0.2,0,21%,0,0,0,0,0,0.95,0.1,72%,20,0,0,0,0,0,0,0,0,0,0,18,0,0,0,1.6,0,0,96,24,0,0,0,0,17,1,1,0,0,No recurring injuries,Very Low,0,0,0,0,0,0,0,0,0,0,0,0,0,0,0
Serie A,Sampdoria,0.5,Gennaro Tutino,AM (L),AM (RC),30,"5'10""",Weak,Very Strong,6.8,1,1544,1,1544,0.1,3.44,3.44,-2.44,0.2,3%,0.09828571429,2,0.6,0.4,31%,0,0,0,3,0.2,1.91,0.1,84%,32.1,0.1,1.2,1.7,0.2,0,0,0.2,0,0,1.2,23,6,20.7,3.9,0.1,1.2,2.4,100,2,1,0.2,0.4,0,10,0,0,9.8,6.9,No recurring injuries,Very Low,4.2,19,0.1,0,0,0,0,0,0,0,0,0,0,0.7,1.5
Serie BKT,Padova,0.5,Antonio Barreca,D (L),M (L),31,"6'0""",Very Strong,Weak,7.06,0,1260,1,1260,0.1,1.05,1.05,-0.05,0.1,7%,0.07,1.1,0.1,0,13%,0,0,0,2,0.1,1.77,0.1,68%,20,0,0,0,0,0,0,0,0,0,0,21,0,0,0,1.9,0,0,100,27,0,0,0,0,14,0,0,0,0,No recurring injuries,Very Low,0,0,0,0,0,0,0,0,0,0,0,0,0,0,0
Ligue 2 BKT,FC Annecy,0.43,Nolan Binet,DM,DM,22,"5'11""",Weak,Very Strong,6.46,0,1313,1,1313,0.1,0.39,0.39,0.61,0,8%,0.03,0.9,0.2,0.6,23%,2,0,0,1,0.1,1.62,0.1,0%,0,0.3,0.1,0,0,0,0,0,0,0,0,9,0,15.6,11.6,0,0,0,0,0,0,0,0,0,1,1,0,0,0,No recurring injuries,Below Average,0,0,0,0,0,0,0,0,0,0,0,0,0,0.8,1.2
Bundesliga,RB Leipzig,0.52,Nicolas Seiwald,"DM, M (C)",,25,"5'11""",Reasonable,Very Strong,6.81,1,1495,1,1495,0.1,0.55,0.55,0.45,0,11%,0.06111111111,0.5,0.2,0.3,33%,2,0,0,3,0.2,1.98,0.1,92%,57,0.4,0.4,4.6,0.9,0.3,33,0.1,0.1,100,0.2,8,0,6.9,12.2,0.7,2.1,7,55,22,0,0.7,0.5,0.4,15,3,0,11.7,12.6,No recurring injuries,Low,1.5,64,0.1,0,0,0,0,0,0,0,0,0,0,1.7,0.8
Ligue 2 BKT,Laval MFC,0.43,Sam Sanna,M (C),"WB (R), DM",27,"5'7""",Weak,Very Strong,6.74,1,1440,1,1440,0.1,0.98,0.98,0.02,0.1,8%,0.07538461538,0.8,0.2,0.2,31%,0,0,0,1,0.1,1.6,0.1,90%,46.9,0.5,1.1,5.3,1.9,0.1,6,1.5,0.1,8,1.3,13,0,12.1,12,1.1,2.7,6.2,69,26,1,0.6,0.7,0.2,10,2,0,12.1,15.8,No recurring injuries,Above Average,1.9,42,0.1,0,0,0,0,0,0,0,0,0,0,0.4,1.4
Second Division,Valladolid,0.54,Kennedy Boateng,D (C),,30,"6'3""",Weak,Very Strong,6.79,1,1448,1,1448,0.1,2.14,2.14,-1.14,0.1,8%,0.1646153846,0.8,0.2,0.2,31%,0,0,0,0,0,1.12,0.1,86%,41.8,0.1,0.1,1.2,0,0,0,0,0,0,0.1,6,0,2.7,18.7,0.3,2.7,3.1,83,6,1,0.9,1.2,0.2,3,1,0,10.2,4.2,No recurring injuries,Average,5.2,82,1.1,0,0,2,0,0,0,0,0,0,0,1.4,1.3
Serie A,Celesti,0.5,Danilo Cataldi,DM,,32,"5'11""",Fairly Strong,Very Strong,6.56,0,1215,1,1215,0.1,0.22,0.22,0.78,0,25%,0.055,0.3,0.1,0.3,50%,0,0,0,0,0,1.01,0.1,88%,22.1,0.4,0.5,2.4,0.5,0,0,0.1,0,0,0.1,4,0,13.1,10.1,0.4,1.6,2.7,56,9,1,0.7,0.4,0.4,6,2,0,4.7,4.9,No recurring injuries,Very Low,0.5,57,0,0,0,0,0,0,0,0,0,0,0,1.2,1.3
Serie A,AS Roma,0.5,Gianluca Mancini,D (C),,30,"6'3""",Reasonable,Very Strong,6.78,1,1412,1,1412,0.1,0.34,0.34,0.66,0,11%,0.03777777778,0.6,0.2,0.3,33%,0,0,0,0,0,0.26,0,92%,51.6,0.1,0.2,2.7,0.1,0,0,0.1,0,0,0,2,0,3,15.1,0.1,3.2,2.4,40,5,1,0.8,1,0.4,16,8,2,10.4,5,No recurring injuries,Low,5,73,1,0,0,0,0,0,0,0,0,0,0,1.3,1.2
Serie A,Spezia,0.5,Filippo Bandinelli,M (C),,31,"5'11""",Very Strong,Reasonable,6.38,0,1363,1,1363,0.1,0.48,0.48,0.52,0,13%,0.06,0.5,0.1,0.3,13%,0,0,0,0,0,1.98,0.1,0%,0,0.3,0,0,0.5,0.2,37,0,0,0,0,11,0,18.8,10.4,0,0,0,0,0,0,0,0,0,2,2,0,0,0,No recurring injuries,Very Low,0,0,0,0,0,0,0,0,0,0,0,0,0,0.7,0.9
Serie A,Celesti,0.5,Alessio Romagnoli,D (C),,31,"6'2""",Very Strong,Reasonable,6.86,0,1567,1,1567,0.1,0.56,0.56,0.44,0,20%,0.112,0.3,0.1,0.1,40%,0,0,0,0,0,0.92,0.1,92%,53.8,0.1,0.2,2.6,0,0,0,0,0,0,0.1,2,1,2.8,13.8,0.6,2.8,2.5,63,16,2,0.5,1,0.6,11,3,1,10.2,3.2,No recurring injuries,Very Low,6.2,74,1.1,0,0,0,0,0,0,0,0,0,0,1.1,1.5
Ligue 1 McDonald's,RC Lens,0.48,Samson Baidoo,D (C),DM,22,"6'3""",Fairly Strong,Very Strong,6.99,0,1920,1,1920,0,1.45,1.45,-0.45,0.1,7%,0.09666666667,0.7,0.2,0.2,33%,0,0,0,2,0.1,0.95,0,91%,45.2,0,0.3,2.5,0,0,0,0,0,0,0,3,0,3.2,15.5,0.7,3.2,2.3,74,19,2,0.6,1,0.7,5,2,0,9.8,3.6,No recurring injuries,High,6.6,77,2,0,0,0,0,0,0,0,0,0,0,1.1,0.8
Second Division,R. Santander,0.51,Suleiman Camara,AM (L),M (RL),24,"5'10""",Reasonable,Very Strong,7.06,1,1172,1,1172,0.1,2.25,2.25,-1.25,0.2,5%,0.1071428571,1.6,0.6,0.3,38%,0,0,0,2,0.2,2.02,0.2,88%,42.5,0.5,1.3,2.9,1.5,0.3,20,1.5,0.3,20,4.9,11,6,17,4,1.5,1.4,9.7,80,25,2,0.3,0.6,0.1,16,0,0,12,13.9,No recurring injuries,Below Average,3.5,40,0.1,0,0,0,0,0,0,0,0,0,0,1.2,1
Jupiler Pro League,KV Kortrijk,0.57,Victor Daguin,DM,,26,"6'1""",Weak,Very Strong,6.79,2,1441,1,1441,0.1,0.08,0.08,0.92,0,25%,0.02,0.2,0.2,0.2,75%,0,0,0,2,0.1,2.6,0.2,95%,50.9,0,0.9,5.9,1.8,0.2,13,0,0,0,0.1,4,0,4.2,16.1,0.7,2.4,5.9,80,15,1,0.8,1.1,0.1,5,0,0,11.4,11.1,No recurring injuries,Below Average,2.2,58,0.2,0,0,0,0,0,0,0,0,0,0,1.4,1
Jupiler Pro League,Cercle Brugge,0.50,Hannes Van Der Bruggen,M (C),,33,"5'11""",Very Strong,Weak,6.83,1,1215,1,1215,0.1,0.82,0.82,0.18,0.1,17%,0.1366666667,0.4,0.2,0.2,50%,0,0,0,1,0.1,2.49,0.2,92%,48.1,0.7,0.7,4.7,0.4,0,0,0.1,0,0,0.2,8,0,6.8,14.1,1.6,2.4,6.6,76,29,1,0.5,0.3,0.1,13,0,0,11.5,11.5,No recurring injuries,Below Average,2.4,42,0.1,0,0,0,0,0,0,0,0,0,0,1,1
Ligue 1 McDonald's,Rennes,0.47,Lilian Brassier,D (C),D (L),27,"6'0""",Very Strong,Weak,6.95,1,1350,1,1350,0.1,0.63,0.63,0.37,0,11%,0.07,0.6,0.3,0.3,44%,0,0,0,1,0.1,1.53,0.1,92%,45.7,0.1,0.2,2,0.1,0,0,0.1,0,0,0.1,4,1,2.7,13.8,0.9,2,4.1,87,15,5,0.7,1.5,1,5,1,0,10.1,2.5,No recurring injuries,Below Average,4.7,80,0.6,0,0,0,0,0,0,0,0,0,0,0.9,1.1
Serie A,Torino,0.5,Emirhan İlkhan,M (C),AM (C),22,"5'9""",Reasonable,Very Strong,6.41,0,1508,1,1508,0.1,0.46,0.46,0.54,0,13%,0.0575,0.5,0.2,0.1,50%,0,0,0,2,0.1,0.94,0.1,93%,8.3,0.2,0.2,0.8,0,0,0,0,0,0,0,13,0,18,9.8,0.1,0.4,1.3,100,2,0,0.2,0.1,0,4,0,0,1.5,1.4,No recurring injuries,Very Low,0.3,20,0,0,0,0,0,0,0,0,0,0,0,1,1.1
Premier League,Liverpool,0.59,Ibrahima Konaté,D (C),,27,"6'4""",Reasonable,Very Strong,7.02,0,1880,1,1880,0,0.73,0.73,0.27,0,9%,0.06636363636,0.5,0.2,0.2,36%,0,0,0,1,0,0.44,0,95%,60.5,0,0.2,3.9,0,0,0,0,0,0,0.2,7,0,3.6,10.4,0.6,3.5,2.5,68,19,2,0.9,0.8,0.9,16,2,0,10.8,5.2,No recurring injuries,Above Average,5.6,73,1.1,0,0,1,0,0,0,0,0,0,0,2.1,1.4
Serie BKT,Palermo,0.5,Tommaso Augello,D (L),M (L),32,"5'11""",Very Strong,Reasonable,7.43,1,1260,1,1260,0.1,0.4,0.4,0.6,0,14%,0.05714285714,0.5,0,0.1,0%,0,0,0,2,0.1,1.38,0.1,76%,27.6,0.1,0.4,1.1,2.1,0.3,13,2.1,0.3,13,0.4,12,2,3.8,2.8,2.2,0.6,3,94,33,0,0,0.1,0.1,13,0,0,3.5,7.4,No recurring injuries,Very Low,0.9,38,0.1,0,0,0,0,0,0,0,0,0,0,0.3,0.3
Jupiler Pro League,STVV,0.39,Ryotaro Ito,M (C),AM (LC),28,"5'9""",Reasonable,Very Strong,6.46,0,1145,1,1145,0.1,1.73,1.73,-0.73,0.1,6%,0.1017647059,1.3,0.2,0.7,18%,4,0,0,1,0.1,1.57,0.1,0%,0,0.5,0.1,0,3.5,0.2,6,0,0,0,0,14,0,13.8,13.1,0,0,0,0,0,0,0,0,0,0,0,0,0,0,No recurring injuries,High,0,0,0,0,0,0,0,0,0,0,0,0,0,0.7,1
Premier League,Spurs,0.55,Pape Matar Sarr,M (C),AM (C),24,"6'0""",Reasonable,Very Strong,6.85,0,1182,1,1182,0.1,0.96,0.96,0.04,0.1,4%,0.03555555556,2.1,0.9,1.8,44%,0,0,0,0,0,0.62,0,90%,66.7,0.1,1.4,8.2,0.2,0.1,50,0.2,0.1,50,0.3,0,0,6.9,8.8,1.6,2.8,7.8,66,32,0,0.3,0.7,0.2,5,1,0,12.6,15.5,No recurring injuries,Above Average,2.7,63,0.3,0,0,1,0,0,0,0,0,0,0,1.4,0.7
Ligue 2 BKT,Amiens SC,0.52,Aboubacar Lô,D (C),DM,26,"6'2""",Weak,Very Strong,6.84,0,1350,1,1350,0.1,0.7,0.7,0.3,0,25%,0.175,0.3,0.1,0,25%,0,0,0,0,0,0.71,0,93%,41,0.1,0,1.5,0,0,0,0,0,0,0.1,2,1,2.5,16.9,0.2,3.6,2.9,60,5,2,0.5,0.5,0.9,13,5,0,9.9,3.5,No recurring injuries,Average,3.8,61,0.5,0,0,0,0,0,0,0,0,0,0,1,0.9
Serie A,Blu-neri,0.5,Federico Dimarco,D (L),,29,"5'9""",Very Strong,Weak,6.95,0,1254,1,1254,0.1,0.27,0.27,0.73,0,20%,0.054,0.4,0.1,0.3,40%,1,0,0,3,0.2,4.69,0.3,86%,56.6,0.9,2,6,9.3,1.6,17,7.8,1.2,16,2.4,16,1,13.9,12.3,2,3.7,10.5,85,33,0,0.4,1.1,0.6,19,2,0,12.4,25.3,No recurring injuries,Below Average,2.7,54,0.3,0,0,0,0,0,0,0,0,0,0,1.4,0.8
Serie A,Blu-neri,0.5,Nicolò Barella,M (C),,29,"5'8""",Fairly Strong,Very Strong,6.78,0,1145,1,1145,0.1,1.66,1.66,-0.66,0.1,5%,0.07904761905,1.7,0.6,1,33%,0,0,0,5,0.4,2.08,0.2,89%,20.2,0.3,0.8,2.8,0.7,0.1,11,0.6,0.1,13,0.3,4,0,9.3,12.6,0.4,1.6,4.1,71,7,0,0.1,0.4,0.1,10,3,0,4.9,9.2,No recurring injuries,Average,0.3,50,0,0,0,0,0,0,0,0,0,0,0,1.9,0.8
Serie BKT,SSC Bari,0.5,Andrea Meroni,D (C),,29,"6'2""",Weak,Very Strong,6.82,0,1170,1,1170,0.1,0.43,0.43,0.57,0,25%,0.1075,0.3,0.1,0,25%,0,0,0,1,0.1,0,0,65%,20,0,0,0,0,0,0,0,0,0,0,20,0,0,0,1.8,0,0,96,25,0,0,0,0,17,0,0,0,0,No recurring injuries,Very Low,0,0,0,0,0,0,0,0,0,0,0,0,0,0,0
Serie A,Fiorentina,0.5,Rolando Mandragora,DM,,29,"6'0""",Very Strong,Reasonable,6.47,0,1529,1,1529,0.1,2.03,2.03,-1.03,0.1,7%,0.145,0.8,0.2,0.4,21%,1,0,0,2,0.1,3.71,0.2,0%,0,0.2,0.1,0,2.1,0.4,19,0,0,0,0,12,0,17.3,12.9,0,0,0,0,0,0,0,0,0,5,5,0,0,0,No recurring injuries,Very Low,0,0,0,0,0,0,0,0,0,0,0,0,0,1.6,0.7
First Division,A. Madrid,0.59,Robin Le Normand,D (C),,30,"6'2""",Reasonable,Very Strong,7.03,1,1706,1,1706,0.1,0.44,0.44,0.56,0,25%,0.11,0.2,0.1,0,50%,0,0,0,0,0,0.62,0,95%,52.5,0.1,0.1,2.2,0,0,0,0,0,0,0.1,2,0,2.7,14.4,1,2.7,2.7,83,23,5,0.7,1.1,0.7,9,1,0,9.9,3.9,No recurring injuries,Above Average,5.3,75,0.9,0,0,1,0,0,0,0,0,0,0,1.6,0.9
Ligue 1 McDonald's,OL,0.56,Moussa Niakhaté,D (C),,30,"6'3""",Very Strong,Reasonable,7.08,1,1260,1,1260,0.1,0.53,0.53,0.47,0,17%,0.08833333333,0.4,0.1,0.1,33%,0,0,0,0,0,0.81,0.1,93%,54.1,0.3,0.3,1.8,0.1,0.1,100,0.1,0.1,100,0,0,0,2.9,18.2,0.6,3.1,2.6,82,11,4,0.9,1.1,1.1,8,5,0,9.8,4.8,No recurring injuries,Low,4.6,78,0.7,0,0,0,0,0,0,0,0,0,0,1.1,1
Bundesliga,1. FSV Mainz 05,0.41,Alexander Prass,WB (L),"D (L), M (LC), AM (L)",25,"5'11""",Very Strong,Reasonable,6.89,0,1258,1,1258,0.1,0.14,0.14,0.86,0,25%,0.035,0.3,0.1,0.3,50%,0,0,0,0,0,0.93,0.1,88%,51.6,0.1,1.6,5.2,7.3,1.2,16,7.3,1.2,17,3,11,5,18.9,9.2,3.4,2.5,11.8,87,54,1,0.2,0.6,0.1,28,4,0,12.7,27.2,No recurring injuries,Below Average,1.9,63,0.1,0,0,0,0,0,0,0,0,0,0,1.1,1.3
Jupiler Pro League,Antwerp,0.53,Anthony Valencia,AM (R),ST (C),23,"5'9""",Very Strong,Weak,6.86,1,1111,0,0,0,4.07,4.07,-4.07,0.3,0%,0.1507407407,2.2,0.5,0.7,22%,0,0,0,2,0.2,0.73,0.1,89%,44,0.2,2.7,4,4.8,0.9,18,4.3,0.9,21,5.3,13,3,23.3,2.6,0.8,1.9,7.3,59,17,0,0.1,0.6,0,8,0,0,11.4,11.2,No recurring injuries,Below Average,3,5,0,0,0,0,0,0,0,0,0,0,0,0.7,1.8
Ligue 2 BKT,Nancy,0.54,Enzo Basilio,GK,,32,"6'2""",Very Strong,Weak,6.75,0,1170,0,0,0,0,0,0,0,0%,0,0,0,0,0%,0,0,0,0,0,0,0,70%,22.9,0,0,0,0,0,0,0,0,0,0,10,0,10.2,3.8,0,0,0,0,1,0,0,3.3,0,1,1,0,5,0,No recurring injuries,Below Average,0,0,0,6,9.5,0,78,9,16,8,9,1,0,0.5,0.7
Bundesliga 2,1. FC Kaiserslautern,0.53,Simon Asta,D (R),,25,"5'10""",Reasonable,Very Strong,6.84,0,1387,0,0,0,0.31,0.31,-0.31,0,0%,0.1033333333,0.2,0.1,0.1,67%,0,0,0,1,0.1,0.62,0,88%,42.7,0.1,1.6,5.6,6.9,1.1,16,6.9,1.1,16,3.3,15,4,18.9,9,1.9,3.2,10.2,74,39,1,0.5,1.2,0,20,4,0,12.9,27,No recurring injuries,Above Average,3,38,0.3,0,0,0,0,0,0,0,0,0,0,1.2,0.8
Bundesliga 2,Rot-Weiss Essen,0.55,Cassiano Kiala,D (C),,17,"6'1""",Weak,Very Strong,6.76,0,1219,0,0,0,0.54,0.54,-0.54,0,0%,0.135,0.3,0,0.1,0%,0,0,0,0,0,0.46,0,88%,43.3,0.1,0.1,2,0,0,0,0,0,0,0.1,4,0,3.1,16.3,0.4,2.9,1.7,100,6,1,0.5,0.8,0.7,6,0,0,10,4,No recurring injuries,Average,4.4,60,0.8,0,0,0,0,0,0,0,0,0,0,0.9,1.3
Sky Bet Championship,Burnley,0.53,Souza,D (L),WB (L),20,"5'11""",Very Strong,Weak,6.96,0,1114,0,0,0,0.57,0.57,-0.57,0,0%,0.114,0.4,0,0,0%,0,0,0,1,0.1,2.39,0.2,89%,55.4,0.1,1,6.9,3.1,0.6,21,3.1,0.6,21,0.9,4,1,14,11.7,1.9,3.1,7.8,79,29,1,0.2,0.6,0.2,16,1,0,10.7,14.1,No recurring injuries,Average,3.7,67,0.6,0,0,0,0,0,0,0,0,0,0,1.5,0.8
First Division,Granada,0.42,Pau Casadesús,WB (R),D (C),23,"6'0""",Weak,Very Strong,6.58,0,1052,0,0,0,0.48,0.48,-0.48,0,0%,0.096,0.4,0.1,0.1,20%,0,0,0,1,0.1,2,0.2,91%,53.8,0.3,0.6,6.7,2.3,0.1,3,2.3,0.1,4,1.4,7,0,13,11.8,1.9,3.4,6.2,88,25,0,0.5,0.7,1.2,12,0,0,11.2,15.3,No recurring injuries,High,5.4,54,0.7,0,0,0,0,0,0,0,0,0,0,1,2
Ligue 2 BKT,FC Nantes,0.59,Tylel Tati,D (C),,18,"6'4""",Very Strong,Weak,6.65,0,1372,0,0,0,1.38,1.38,-1.38,0.1,0%,0.1254545455,0.7,0.1,0.3,18%,0,0,0,0,0,0.95,0.1,94%,48.9,0.1,0.1,2.2,0,0,0,0,0,0,0,4,0,2.3,20.3,0.4,2.8,2.7,75,8,2,0.7,1,0.5,11,8,0,9.8,5.1,No recurring injuries,Low,5.8,74,1.2,0,0,0,0,0,0,0,0,0,0,1.6,0.7
Serie A,Udinese,0.5,Matteo Palma,D (C),D (R),18,"6'4""",Reasonable,Very Strong,6.83,0,1432,0,0,0,0.51,0.51,-0.51,0,0%,0.085,0.4,0,0,0%,0,0,0,0,0,0.4,0,95%,45.9,0,0.1,2.3,0,0,0,0,0,0,0.1,2,0,3.1,15.6,0.4,3.4,2.3,86,7,2,0.6,0.7,0.6,11,3,1,9.8,3.3,No recurring injuries,Very Low,4,78,0.9,0,0,0,0,0,0,0,0,0,0,1.4,1.2
Eredivisie,FC Emmen,0.34,Luca Unbehaun,GK,,25,"6'1""",Weak,Very Strong,6.69,2,1260,0,0,0,0,0,0,0,0%,0,0,0,0,0%,0,0,0,0,0,0,0,83%,25.4,0,0.1,0,0,0,0,0,0,0,0,1,0,8.4,2.1,0,0,0,0,1,0,0,2.5,0,0,0,0,5.5,0,No recurring injuries,Below Average,0,0,0,3,6.88,0,75,15,32,8,18,1,0,0.3,1.3
Second Division,F.C. Andorra,0.45,Iván Rodríguez,D (L),,20,"5'7""",Very Strong,Weak,6.71,0,1222,0,0,0,0,0,0,0,0%,0,0,0,0,0%,0,0,0,0,0,0.92,0.1,88%,55.3,0.1,1,6.2,3,0.5,17,3,0.5,17,0.6,13,2,17.3,9.4,1.4,4,7.5,79,24,0,0.1,1,0.4,11,0,0,11.3,12.1,No recurring injuries,Average,2.9,68,0.5,0,0,0,0,0,0,0,0,0,0,1.1,1.2
Bundesliga 2,SC Paderborn 07,0.49,Felix Götze,D (C),"DM, M (C)",28,"6'1""",Reasonable,Very Strong,6.91,0,1120,0,0,0,0.75,0.75,-0.75,0.1,0%,0.15,0.4,0.1,0,20%,0,0,0,2,0.2,1.07,0.1,90%,44,0.2,0.5,2.5,0.2,0.1,50,0.2,0.1,50,0,2,0,3.5,16.2,1,2.1,4.1,93,14,2,1,1.8,0.9,4,1,0,10.7,6.3,No recurring injuries,Above Average,3.6,64,0.6,0,0,1,0,0,0,0,0,0,0,1.2,1.5
Premier League,Famalicão,0.5,Leonardo Realpe,D (C),,25,"6'1""",Very Weak,Very Weak,6.79,1,1290,0,0,0,0.3,0.3,-0.3,0,0%,0.15,0.1,0,0,0%,0,0,0,1,0.1,1.06,0.1,91%,46.8,0.1,0.1,1.3,0,0,0,0,0,0,0.1,3,0,2.5,14.9,0.5,2.7,2.3,88,8,1,0.6,1,0.5,5,0,0,9.9,5.4,No recurring injuries,Below Average,5.7,60,0.8,0,0,0,0,0,0,0,0,0,0,1.1,1.3
Bundesliga 2,Holstein Kiel,0.43,Lasse Rosenboom,D (R),D (C),24,"6'3""",Weak,Very Strong,6.98,1,1281,0,0,0,0.11,0.11,-0.11,0,0%,0.03666666667,0.2,0,0.1,0%,0,0,0,1,0.1,1.54,0.1,92%,53.7,0.1,0.9,7.6,2.3,0.3,12,2.3,0.3,12,1,10,1,15.2,10.5,1.3,2.4,6.9,76,25,2,0.8,0.8,0.4,25,1,0,11.4,16,No recurring injuries,Below Average,5,58,0.7,0,0,0,0,0,0,0,0,0,0,0.8,1.1
Second Division,Villarreal B,0.45,Fran Gil,D (C),DM,20,"6'1""",Very Strong,Very Weak,6.76,0,1276,0,0,0,0.26,0.26,-0.26,0,0%,0.13,0.1,0.1,0.1,100%,0,0,0,0,0,1.12,0.1,91%,46.8,0.1,0.4,3.7,0.4,0.1,40,0.4,0.1,40,0.2,7,0,6,15.1,0.8,3.3,4.9,79,14,4,0.8,1.1,0.6,14,4,0,10.2,7.1,No recurring injuries,High,3.9,56,0.5,0,0,0,0,0,0,0,0,0,0,0.5,1.3
Serie A,Genoa,0.5,Alex Amorim,M (C),DM,21,"5'10""",Fairly Strong,Very Strong,7.1,1,1239,0,0,0,0.44,0.44,-0.44,0,0%,0.11,0.3,0,0.1,0%,1,0,0,5,0.4,3.44,0.2,91%,52,0.3,1.1,5.4,0.1,0.1,100,0.1,0.1,100,0.2,3,0,8.4,9.7,0.9,3.1,5.3,59,22,0,0.4,0.6,0,7,1,0,11.8,10.4,No recurring injuries,Very Low,2.1,41,0.1,0,0,0,0,0,0,0,0,0,0,0.9,1.1
Ligue 2 BKT,Amiens SC,0.52,Mario García,WB (L),M (L),23,"5'8""",Very Strong,Weak,6.73,2,1129,0,0,0,0,0,0,0,0%,0,0,0,0,0%,0,0,0,0,0,0.4,0,91%,55.2,0,1.4,8.1,7.6,1,13,2.6,0.6,21,0.6,11,2,12.9,14.4,2.2,3.2,7.6,85,33,3,0.6,1.1,0.5,14,0,1,12,16.3,No recurring injuries,Below Average,2.3,59,0.2,0,0,0,0,0,0,0,0,0,0,1,0.9
Ligue 2 BKT,USL Dunkerque,0.50,Renato Marin,GK,,20,"6'3""",Very Strong,Weak,7.1,6,1350,0,0,0,0,0,0,0,0%,0,0,0,0,0%,0,0,0,0,0,0,0,79%,25.3,0,0,0,0,0,0,0,0,0,0,2,0,6.7,4.5,0,0,0,0,0,0,0,3.5,0,0,0,0,5.2,0,No recurring injuries,Below Average,0,0,0,8,8.76,0,82,15,27,5,10,0,0,1.2,0.7
Sky Bet Championship,Hull,0.39,Alessandro Romano,DM,M (C),20,"5'11""",Very Strong,Weak,7.01,1,1221,0,0,0,0.23,0.23,-0.23,0,0%,0.0575,0.3,0.1,0.1,25%,0,0,0,5,0.4,3.49,0.3,93%,54.8,0.2,1.1,7.3,0.6,0.1,25,0.1,0,0,0.2,7,1,10,8.3,1.5,3.1,4.9,72,29,0,0.3,1,0.1,6,2,0,10.9,10,No recurring injuries,Low,2.3,55,0.2,0,0,0,0,0,0,0,0,0,0,1.2,1.7
Second Division,Tenerife,0.44,Fabricio,DM,,28,"5'7""",Weak,Very Strong,6.84,0,1189,0,0,0,0.48,0.48,-0.48,0,0%,0.08,0.5,0,0.2,0%,0,0,0,2,0.2,0.65,0,88%,51.5,0.2,0.5,3.4,0.2,0.1,33,0.2,0.1,33,0.2,3,1,9.7,10.1,1.3,2.9,7.4,74,23,0,0.5,0.8,0.4,10,2,0,11.7,12.3,No recurring injuries,Below Average,2,41,0,0,0,0,0,0,0,0,0,0,0,0.8,1.3
Bundesliga 2,1. FC Heidenheim 1846,0.51,Jan Schöppner,DM,,27,"6'3""",Reasonable,Very Strong,6.94,0,1323,0,0,0,0.93,0.93,-0.93,0.1,0%,0.08454545455,0.7,0.1,0.1,18%,0,0,0,2,0.1,1.73,0.1,90%,49,0.1,0.5,3.6,0.1,0,0,0.1,0,0,0.3,12,0,6.3,12.5,1.7,2.1,6.5,74,34,0,0.6,0.7,0.2,12,1,0,11.4,11.5,No recurring injuries,Low,2.8,66,0.4,0,0,0,0,0,0,0,0,0,0,1.3,0.7
Second Division,Villarreal B,0.45,Pablo Pascual,M (C),DM,20,"5'11""",Reasonable,Very Strong,6.78,0,1025,0,0,0,1.24,1.24,-1.24,0.1,0%,0.31,0.4,0,0,0%,0,0,0,0,0,0.7,0.1,88%,60.5,0.1,1.6,6,0.2,0,0,0.2,0,0,0.2,6,0,8.6,9.5,1.1,1.9,5.1,100,12,1,0.7,1.1,0.2,12,2,0,11.4,9,No recurring injuries,Above Average,2.4,56,0.4,0,0,0,0,0,0,0,0,0,0,0.4,1.4
Second Division,Tarragona,0.51,Enric Pujol,D (C),,20,"6'1""",Fairly Strong,Very Strong,6.59,1,1617,0,0,0,0.45,0.45,-0.45,0,0%,0.09,0.3,0.1,0.1,40%,0,0,0,0,0,0.54,0,89%,41.4,0.1,0.1,2.1,0.1,0,0,0.1,0,0,0.1,7,0,3.3,14,0.4,3.2,2.7,53,15,3,0.4,0.8,0.2,5,2,0,9.8,3.5,No recurring injuries,Above Average,4.1,78,0.7,0,0,1,0,0,0,0,0,0,0,1.3,1.4
Ligue 2 BKT,Pau FC,0.48,Joseph Kalulu,D (L),WB (L),22,"5'11""",Very Strong,Weak,6.81,2,1115,0,0,0,0.03,0.03,-0.03,0,0%,0.03,0.1,0,0,0%,0,0,0,1,0.1,0.64,0.1,91%,56.1,0.3,0.9,7.3,3.5,0.6,16,3.5,0.6,16,0.7,7,1,16,12,2.2,3.1,6.9,71,38,0,0.6,1.1,0.3,14,4,0,11.4,14.3,No recurring injuries,Above Average,3.3,59,0.6,0,0,0,0,0,0,0,0,0,0,1,1.3
First Division,Burgos,0.35,Marco John,WB (L),DM,24,"6'0""",Very Strong,Reasonable,6.82,0,1086,0,0,0,0.2,0.2,-0.2,0,0%,0.1,0.2,0,0,0%,0,0,0,0,0,1.13,0.1,92%,54,0.2,1.4,6.9,3.6,1.1,30,2,0.7,38,1.1,6,0,14.6,9,1.4,2.8,7,63,27,2,1,1.5,0.8,6,0,0,12.1,16,No recurring injuries,High,4.2,55,0.2,0,0,0,0,0,0,0,0,0,0,1,1.9
Serie A,Udinese,0.5,Maduka Okoye,GK,,27,"6'6""",Weak,Very Strong,6.95,1,1117,0,0,0,0,0,0,0,0%,0,0,0,0,0%,0,0,0,0,0,0,0,72%,24.4,0,0,0,0,0,0,0,0,0,0,1,0,10.2,3.3,0,0,0,0,1,0,0,1.9,0,2,2,0,4.5,0,No recurring injuries,Very Low,0,0,0,4,2.94,0,74,9,25,4,13,1,0,1.7,1
Ligue 2 BKT,Grenoble,0.46,Rabby Nzingoula,M (C),,21,"6'0""",Reasonable,Very Strong,6.95,2,1117,0,0,0,0.51,0.51,-0.51,0,0%,0.06375,0.6,0.1,0.1,13%,0,0,0,2,0.2,1.22,0.1,89%,51.8,0.3,0.6,3.3,0.1,0.1,100,0.1,0.1,100,0.2,9,0,8.1,13.5,1.5,2.4,6.4,75,24,2,0.6,0.8,0.3,10,4,0,11.2,11.4,No recurring injuries,Below Average,2,24,0.2,0,0,0,0,0,0,0,0,0,0,1,0.9
Bundesliga 2,SV Elversberg,0.52,Marcel Benger,DM,,28,"6'2""",Reasonable,Very Strong,6.85,0,1301,0,0,0,0.24,0.24,-0.24,0,0%,0.08,0.2,0,0.1,0%,0,0,0,1,0.1,2.6,0.2,92%,47.7,0.2,1,5,0.3,0.1,25,0.3,0.1,25,0,10,0,7.8,13.6,1.2,2.5,5,81,21,0,0.3,0.7,0.4,13,3,0,10.7,10.5,No recurring injuries,Above Average,2.5,69,0.3,0,0,0,0,0,0,0,0,0,0,1.2,1.2
Bundesliga 2,SG Dynamo Dresden,0.46,Jonas Sterner,WB (R),M (RC),24,"5'11""",Reasonable,Very Strong,6.8,1,1187,0,0,0,0.99,0.99,-0.99,0.1,0%,0.1414285714,0.5,0.1,0.2,14%,0,0,0,2,0.2,1.65,0.1,87%,51.1,0,0.8,6.7,5,0.7,13,2,0.4,19,1.6,16,1,16,10,1.6,2.7,8,75,28,1,0.3,1,0.3,14,1,0,11.2,15.5,No recurring injuries,Average,4.4,40,0.2,0,0,0,0,0,0,0,0,0,0,0.7,1.4
Ligue 2 BKT,Nancy,0.54,Fodé Sylla,DM,,20,"6'0""",Weak,Very Strong,6.92,2,1201,0,0,0,0.03,0.03,-0.03,0,0%,0.015,0.1,0,0.1,0%,0,0,0,1,0.1,0.7,0.1,94%,52.9,0.1,0.5,3.9,0,0,0,0,0,0,0.1,4,0,6.3,14.2,1.3,2.3,5,81,21,0,0.3,1,0.1,9,2,0,11,10.3,No recurring injuries,Below Average,2.2,52,0.2,0,0,0,0,0,0,0,0,0,0,0.6,0.7
Ligue 1 McDonald's,RC Lens,0.48,Ismaëlo Ganiou,D (C),,21,"6'1""",Weak,Very Strong,6.85,0,1161,0,0,0,0.81,0.81,-0.81,0.1,0%,0.162,0.4,0,0,0%,0,0,0,0,0,0.1,0,92%,44.6,0,0.4,2.7,0.1,0,0,0.1,0,0,0.1,7,0,4.3,11.4,0.5,2.8,2.4,100,7,1,0.7,1,1,9,5,0,10.2,5.2,No recurring injuries,Below Average,4.7,67,0.5,0,0,0,0,0,0,0,0,0,0,0.9,0.5
Ligue 2 BKT,FC Metz,0.59,Fodé Ballo-Touré,D (L),WB (L),29,"6'0""",Very Strong,Weak,6.95,1,1164,0,0,0,0.29,0.29,-0.29,0,0%,0.09666666667,0.2,0.1,0.2,33%,1,0,0,1,0.1,2.28,0.2,84%,46.1,0.3,2.6,4.8,4.6,0.4,8,4.6,0.4,8,1.5,11,2,12.7,14.1,2.3,3,10.1,61,49,1,0.2,0.8,0.2,35,3,0,12.6,22.6,Recurring sprained ankle ligaments and dislocated shoulder,Very High,2.8,61,0.5,0,0,0,0,0,0,0,0,0,0,1,0.5
Second Division,S. Gijón,0.5,Lucas Perrin,D (C),,28,"6'2""",Reasonable,Very Strong,6.73,1,1150,0,0,0,0.55,0.55,-0.55,0,0%,0.09166666667,0.5,0.2,0.3,33%,0,0,0,1,0.1,0.89,0.1,93%,43,0.1,0.3,2.3,0.1,0,0,0.1,0,0,0,4,0,2.9,18.7,0.7,2.8,3,75,12,1,0.5,1.2,0.8,10,3,1,9.3,2.4,No recurring injuries,Above Average,5.9,56,1,0,0,0,0,0,0,0,0,0,0,1.3,0.8
Ligue 1 McDonald's,Toulouse FC,0.49,Cristian Cásseres,DM,AM (C),26,"5'9""",Fairly Strong,Very Strong,6.79,0,1186,0,0,0,0.17,0.17,-0.17,0,0%,0.0425,0.3,0.1,0.2,25%,0,0,0,1,0.1,2.65,0.2,93%,59,0.2,0.5,3.7,0.2,0.1,33,0.2,0.1,33,0.2,7,0,6.2,12.8,0.8,3,5.5,77,13,0,0.5,1,0,8,0,0,11.4,12.1,No recurring injuries,Below Average,1.2,50,0.1,0,0,0,0,0,0,0,0,0,0,1.1,1
Second Division,Tenerife,0.44,Anthony Landázuri,D (C),D (R),29,"5'10""",Weak,Very Strong,6.62,1,1513,0,0,0,0.3,0.3,-0.3,0,0%,0.075,0.2,0.1,0.1,25%,0,0,0,0,0,0.66,0,86%,40,0,0.1,2.3,0,0,0,0,0,0,0.1,1,0,3.5,12.3,0.5,2.8,2.8,75,12,1,0.4,1,0.7,12,2,0,10.3,4.3,No recurring injuries,Above Average,5.6,67,0.9,0,0,0,0,0,0,0,0,0,0,1.1,1.4
Second Division,R. Madrid B,0.36,Lamini Fati,D (C),D (L),20,"6'0""",Very Strong,Weak,6.57,0,1127,0,0,0,0.57,0.57,-0.57,0,0%,0.114,0.4,0.1,0.1,20%,0,0,0,0,0,0,0,92%,42.6,0,0.1,1.7,0.1,0.1,100,0.1,0.1,100,0,0,0,5.5,12.9,0.4,4.3,2.6,71,7,2,0.9,1.4,0.6,4,0,1,10,3.5,No recurring injuries,High,4.1,73,0.6,0,0,0,0,0,0,0,0,0,0,1,1.1
Second Division,Villarreal B,0.45,Alassane Diatta,M (C),DM,21,"6'3""",Very Strong,Weak,6.89,0,1009,0,0,0,0.5,0.5,-0.5,0,0%,0.1,0.4,0,0.1,0%,0,0,0,1,0.1,0.88,0.1,91%,48.9,0.2,0.6,4.8,0.6,0.1,14,0.1,0,0,0.4,4,1,6.1,10.5,1.5,2.5,6.6,81,21,0,0.4,0.3,0.2,12,0,0,11.3,9.9,No recurring injuries,Below Average,2.7,47,0.4,0,0,0,0,0,0,0,0,0,0,0.2,1.4
Premier League,Wolves,0.42,Issa Diop,D (C),,29,"6'4""",Weak,Very Strong,6.79,0,1248,0,0,0,0.57,0.57,-0.57,0,0%,0.114,0.4,0.1,0,40%,0,0,0,0,0,0.5,0,89%,52,0,0.3,4,0,0,0,0,0,0,0,3,0,7.5,10.3,0.5,2.2,2.6,88,8,2,0.6,2.2,0.4,2,0,0,10.6,6.3,No recurring injuries,Below Average,5.6,82,1.7,0,0,1,0,0,0,0,0,0,0,0.8,1.5
Bundesliga 2,SV Darmstadt 98,0.51,Leon Klassen,D (L),,26,"5'9""",Very Strong,Reasonable,6.85,0,1020,0,0,0,0.06,0.06,-0.06,0,0%,0.06,0.1,0,0,0%,0,0,0,1,0.1,0.79,0.1,88%,58.8,0.1,1.3,8.7,3.3,0.4,13,3.3,0.4,14,1,9,1,15.1,10.8,1.9,3.7,7.7,92,24,0,0.7,1.1,0.5,13,2,0,11.1,14.9,No recurring injuries,Below Average,2.7,52,0.4,0,0,0,0,0,0,0,0,0,0,1.1,1.5
Ligue 2 BKT,Laval MFC,0.43,Layousse Samb,D (L),,26,"6'0""",Very Strong,Weak,6.7,1,1181,0,0,0,0,0,0,0,0%,0,0,0,0,0%,0,0,0,1,0.1,0.77,0.1,88%,46.9,0.2,0.7,5.3,4.2,0.8,18,3.9,0.7,18,2.1,17,0,20.3,9.7,2.3,3,8.5,91,33,1,0.9,0.9,0.5,19,0,0,11.7,24.2,No recurring injuries,Below Average,3.7,53,0.3,0,0,0,0,0,0,0,0,0,0,0.5,1.6
Second Division,Tarragona,0.51,Marc Montalvo,M (C),,24,"5'9""",Reasonable,Very Strong,6.87,1,1260,0,0,0,0.83,0.83,-0.83,0.1,0%,0.07545454545,0.8,0.1,0.4,18%,1,0,0,5,0.4,2.52,0.2,91%,54.6,0.4,0.8,6.1,0.4,0.1,16,0.1,0,0,0.3,5,0,7.8,12.5,1.2,2.4,6.1,85,20,1,0.7,0.9,0.2,8,1,0,11.8,11.4,No recurring injuries,Above Average,2.6,49,0.1,0,0,0,0,0,0,0,0,0,0,1.3,1.6
Second Division,R. Madrid B,0.36,David Jiménez,D (R),WB (R),22,"5'7""",Weak,Very Strong,6.72,0,1530,0,0,0,1.23,1.23,-1.23,0.1,0%,0.1757142857,0.4,0.2,0,43%,0,0,0,0,0,0.75,0,89%,53.2,0.1,0.7,7.9,2.1,0.5,22,2.1,0.5,23,1,13,1,16.7,9.4,1.6,2.6,7.4,71,38,0,0.5,1.4,0.3,6,0,0,11.9,16.3,No recurring injuries,Below Average,3.8,55,0.2,0,0,0,0,0,0,0,0,0,0,0.8,1.4
Bundesliga 2,1. FC Köln,0.5,Derrick Köhn,WB (L),M (L),27,"5'11""",Very Strong,Weak,6.84,0,1293,0,0,0,0.05,0.05,-0.05,0,0%,0.025,0.1,0,0.1,0%,0,0,0,0,0,1.34,0.1,86%,47.3,0.3,1.6,4.9,6.5,1,14,5.6,0.8,14,4.2,17,1,18,10.4,2.2,3.6,9.5,86,36,3,0.4,0.6,0.1,24,1,0,11.8,24.2,No recurring injuries,Below Average,2.8,48,0.2,0,0,0,0,0,0,0,0,0,0,1.1,0.8
Premier League,TND,0.55,Antonio David,DM,,21,"5'11""",Very Weak,Very Weak,6.68,0,1068,0,0,0,0.15,0.15,-0.15,0,0%,0.05,0.3,0.1,0,33%,0,0,0,3,0.3,1.04,0.1,87%,45.8,0.2,0.7,4.9,0.2,0,0,0.2,0,0,0.2,4,1,7.2,11.9,0.6,3.1,5.6,58,12,0,0.5,0.8,0.2,18,3,0,11.5,10.3,No recurring injuries,Average,2.4,64,0.1,0,0,0,0,0,0,0,0,0,0,1.5,1.3
Ligue 1 McDonald's,Reims,0.47,Malcolm Jeng,D (C),D (L),21,"6'3""",Very Strong,Weak,6.87,0,1337,0,0,0,0.18,0.18,-0.18,0,0%,0.045,0.3,0.1,0.1,25%,0,0,0,1,0.1,0.77,0.1,91%,41.2,0.1,0.1,1.6,0,0,0,0,0,0,0.1,1,0,3.1,15.5,0.4,3.6,2.4,67,9,1,0.5,0.8,0.3,2,1,0,9.9,3.6,No recurring injuries,Below Average,6.1,86,1.2,0,0,0,0,0,0,0,0,0,0,0.9,1.4
Bundesliga 2,Rot-Weiss Essen,0.55,Noah Katterbach,D (L),D (R),25,"5'11""",Very Strong,Fairly Strong,6.82,0,1077,0,0,0,0,0,0,0,0%,0,0,0,0,0%,0,0,0,1,0.1,0.71,0.1,87%,53,0.1,1,7.3,2.2,0.8,38,2,0.8,38,1.9,15,0,11.8,14.2,1.6,3.2,6.9,63,30,0,0.4,0.8,0.7,9,0,0,11.7,16.2,No recurring injuries,High,3.1,38,0.2,0,0,0,0,0,0,0,0,0,0,1.1,1.4
Ligue 2 BKT,Montpellier,0.55,Lucas Mincarelli,D (L),WB (L),22,"5'10""",Very Strong,Weak,6.99,1,1022,0,0,0,0.27,0.27,-0.27,0,0%,0.0675,0.4,0.1,0.1,25%,1,0,0,4,0.4,3.04,0.3,86%,53.4,0.3,1.2,6.9,2.8,0.6,21,2.8,0.6,22,1,14,1,12.3,11.9,1.9,3.1,6.4,65,34,0,0.3,1.1,1.3,12,4,0,12.1,15.6,No recurring injuries,Above Average,2.2,64,0.2,0,0,0,0,0,0,0,0,0,0,1.3,1.1
Premier League,Moreirense,0.44,Afonso Assis,DM,M (C),20,"6'0""",Very Weak,Very Weak,6.92,0,1106,0,0,0,1.73,1.73,-1.73,0.1,0%,0.1330769231,1.1,0.2,0.2,15%,0,0,0,1,0.1,1.36,0.1,91%,50.2,0.2,0.4,5,0,0,0,0,0,0,0.7,7,1,7.1,11.6,0.8,3.2,6.3,83,12,0,0.3,0.7,0.2,11,0,0,11.3,10.5,No recurring injuries,Low,3.1,32,0.2,0,0,0,0,0,0,0,0,0,0,0.8,1.1
Sky Bet Championship,West Brom,0.56,Josh Stephenson,D (C),,20,"5'9""",Very Strong,Weak,6.8,0,1784,0,0,0,0.65,0.65,-0.65,0,0%,0.09285714286,0.4,0.2,0.2,43%,1,0,0,1,0.1,0.58,0,90%,45.2,0.1,0.3,2.8,0.2,0,0,0.2,0,0,0.1,9,1,3.8,15.7,0.7,2.6,3.7,54,24,4,0.5,1.1,0.8,8,1,0,9.9,4.3,No recurring injuries,Below Average,4.8,61,0.9,0,0,1,0,0,0,0,0,0,0,1.3,0.9
Sky Bet Championship,Watford,0.43,Jérémy Petris,D (R),M (R),28,"6'0""",Weak,Very Strong,6.99,1,1530,0,0,0,0.65,0.65,-0.65,0,0%,0.065,0.6,0.2,0.4,30%,0,0,0,3,0.2,0.94,0.1,86%,54.4,0.1,1,7.4,1.8,0.4,22,1.8,0.4,23,0.9,12,1,15.8,8.4,1.4,3.3,6.8,60,40,0,0.4,1.3,0.2,17,3,0,11.5,16,No recurring injuries,Above Average,4.2,59,0.3,0,0,0,0,0,0,0,0,0,0,1.3,1.4
Eredivisie,FC Twente,0.56,Ruud Nijstad,D (C),,18,"6'2""",Very Weak,Very Weak,6.78,1,1084,0,0,0,0.38,0.38,-0.38,0,0%,0.076,0.4,0.1,0,20%,0,0,0,0,0,0.19,0,90%,40.4,0,0,2.1,0.1,0,0,0.1,0,0,0.1,1,0,4.1,12.8,0.3,3,3.2,50,8,2,1,1.2,0.6,5,0,1,9.6,3.2,No recurring injuries,Above Average,5.2,71,1.1,0,0,0,0,0,0,0,0,0,0,1.3,1.1
Jupiler Pro League,KV Mechelen,0.51,Gora Diouf,D (C),D (L),23,"6'1""",Very Strong,Reasonable,6.84,1,2205,0,0,0,0.28,0.28,-0.28,0,0%,0.056,0.2,0,0.1,20%,0,0,0,2,0.1,1.46,0.1,92%,40.8,0.1,0.2,1.6,0,0,0,0,0,0,0,5,0,2.8,15.8,0.4,3,2.4,77,13,3,0.9,1,1,5,2,0,10.6,4.3,No recurring injuries,Below Average,4,64,0.2,0,0,0,0,0,0,0,0,0,0,1.3,1.4
Ligue 2 BKT,USL Dunkerque,0.50,Antoine Sekongo,AM (C),,22,"5'10""",Fairly Strong,Very Strong,6.43,0,1225,0,0,0,1.59,1.59,-1.59,0.1,0%,0.159,0.7,0.2,0.1,30%,0,0,0,1,0.1,1.74,0.1,0%,0,0.4,0.1,0,0.9,0,0,0,0,0,0,7,0,13.4,12.7,0,0,0,0,0,0,0,0,0,1,1,0,0,0,No recurring injuries,Above Average,0,0,0,0,0,0,0,0,0,0,0,0,0,1.2,0.7
Bundesliga,RB Leipzig,0.52,Benjamin Henrichs,D (R),D/WB (L),29,"6'1""",Fairly Strong,Very Strong,7.04,0,1424,0,0,0,1.65,1.65,-1.65,0.1,0%,0.1375,0.8,0.2,0.3,25%,0,0,0,1,0.1,2.3,0.1,94%,71.6,0.3,1.1,10.2,0.9,0.1,6,0.9,0.1,7,0.8,8,0,12.3,12.1,1.5,4.4,6.4,68,34,3,0.6,0.9,0.4,14,1,0,11.8,18.6,No recurring injuries,Above Average,2.7,50,0.1,0,0,0,0,0,0,0,0,0,0,1.7,0.9
Ligue 2 BKT,Rodez,0.40,Loni Laurent,D (C),D (R),25,"6'0""",Weak,Very Strong,6.77,1,1410,0,0,0,1.65,1.65,-1.65,0.1,0%,0.15,0.7,0.3,0.1,36%,0,0,0,0,0,0,0,88%,41.2,0,0.3,1.6,0.1,0.1,100,0.1,0.1,100,0,2,0,5,9.8,0.4,2.2,2.3,50,12,2,0.6,1.8,0.9,5,1,0,9.5,2.8,No recurring injuries,Below Average,5.7,63,1.3,0,0,0,0,0,0,0,0,0,0,0.8,1
Bundesliga,Borussia Dortmund,0.62,Waldemar Anton,D (C),"D (R), DM",30,"6'2""",Reasonable,Very Strong,7.07,1,1531,0,0,0,1.17,1.17,-1.17,0.1,0%,0.09,0.8,0,0.4,0%,0,0,0,0,0,0.84,0,93%,59.8,0.1,0.1,4,0,0,0,0,0,0,0.1,3,0,3.6,15.3,0.8,3.3,3.5,67,21,2,0.6,0.8,0.5,15,5,0,9.8,6.6,No recurring injuries,Below Average,6.1,66,1.1,0,0,2,0,0,0,0,0,0,0,1.6,0.9
Bundesliga 2,Hertha BSC,0.54,Paul Seguin,M (C),,31,"6'1""",Weak,Very Strong,6.89,1,1036,0,0,0,0.47,0.47,-0.47,0,0%,0.094,0.4,0.3,0,60%,0,0,0,3,0.3,2.17,0.2,91%,50.7,0.1,1.4,5.5,0.3,0.1,33,0.3,0.1,33,0.3,6,0,7.7,12.1,1.3,2.8,5,83,18,1,0.7,1.1,0,5,1,0,11,10.3,No recurring injuries,Above Average,1.7,50,0.2,0,0,0,0,0,0,0,0,0,0,1.3,0.9
Sky Bet Championship,Sunderland,0.53,Salih Özcan,"DM, M (C)",,28,"6'0""",Reasonable,Very Strong,6.97,1,1096,0,0,0,0.48,0.48,-0.48,0,0%,0.06857142857,0.6,0.1,0,14%,0,0,0,2,0.2,1.07,0.1,92%,59.4,0.2,0.5,4.7,0.2,0.1,33,0.2,0.1,33,0.2,13,1,7.7,12.3,1.4,1.8,6.1,68,25,1,0.6,0.7,0,12,5,0,11.9,13.3,No recurring injuries,Average,2.1,58,0.1,0,0,0,0,0,0,0,0,0,0,0.7,0.7
Second Division,Albacete,0.41,Selvi,DM,,21,"6'2""",Very Strong,Reasonable,6.96,1,1464,0,0,0,0.35,0.35,-0.35,0,0%,0.05833333333,0.4,0,0.3,0%,0,0,0,1,0.1,1.46,0.1,92%,48.9,0.1,0.9,4.3,0.1,0,0,0.1,0,0,0,7,0,6.6,9.8,0.9,2.9,4.9,52,27,4,0.9,0.8,0.2,4,1,0,10.9,9,No recurring injuries,Below Average,3.9,54,0.4,0,0,0,0,0,0,0,0,0,0,0.9,1.1
First Division,Girona,0.57,Antal Yaakobishvili,D (C),,22,"6'4""",Fairly Strong,Very Strong,6.72,0,1099,0,0,0,1.23,1.23,-1.23,0.1,0%,0.1757142857,0.6,0.1,0.1,14%,0,0,0,0,0,0.32,0,96%,46.5,0.2,0.1,2.5,0,0,0,0,0,0,0.2,3,0,3.1,16.1,0.6,2.4,2.6,70,10,0,0.2,0.5,0.4,7,2,0,9.3,3.4,No recurring injuries,Below Average,5.3,71,1.1,0,0,0,0,0,0,0,0,0,0,1.7,1.2
Bundesliga 2,SV Darmstadt 98,0.51,Marcel Schuhen,GK,,33,"6'2""",Weak,Very Strong,6.63,1,1350,0,0,0,0,0,0,0,0%,0,0,0,0,0%,0,0,0,0,0,0,0,80%,24.3,0,0,0,0,0,0,0,0,0,0,3,0,6.8,3.8,0.1,0,0,20,5,0,0,2.7,0,0,0,0,5,0,No recurring injuries,Below Average,0,0,0,3,1.44,1,68,13,26,4,21,5,20,1.2,1.4
Bundesliga 2,Hamburger SV,0.54,Daniel Heuer Fernandes,GK,,34,"6'2""",Reasonable,Very Strong,7.04,0,1170,0,0,0,0,0,0,0,0%,0,0,0,0,0%,0,0,0,0,0,0,0,94%,24.7,0,0,0,0,0,0,0,0,0,0,5,0,7,5.6,0.1,0,0,33,3,0,0,1.9,0,0,0,0,5.5,0,No recurring injuries,Below Average,0,0,0,3,0.07,0,78,10,16,6,10,3,33,1.5,0.8
Bundesliga 2,SC Paderborn 07,0.49,Santiago Castañeda,DM,,22,"6'2""",Reasonable,Very Strong,6.97,0,1306,0,0,0,0.63,0.63,-0.63,0,0%,0.105,0.4,0.1,0.1,17%,0,0,0,2,0.1,2.08,0.1,92%,51.9,0.2,0.4,3.9,0.1,0.1,50,0.1,0.1,50,0.1,8,0,5.9,13.1,1.4,2.2,6.6,80,25,0,0.5,0.8,0.1,26,5,0,12.5,12.7,No recurring injuries,Below Average,2.7,64,0.5,0,0,0,0,0,0,0,0,0,0,1.1,1.4
Premier League,Spurs,0.55,Luka Vušković,D (C),,19,"6'4""",Reasonable,Very Strong,6.99,1,1263,0,0,0,0.61,0.61,-0.61,0,0%,0.08714285714,0.5,0.2,0.1,43%,0,0,0,0,0,1.12,0.1,92%,65.7,0.1,0.3,4.8,0.2,0.1,33,0.1,0.1,50,0.1,0,0,5.9,10.5,0.6,2.4,2.4,73,11,0,0.6,1.3,0.4,5,0,0,10.7,9.7,No recurring injuries,Below Average,7,79,1.9,0,0,1,0,0,0,0,0,0,0,1.3,0.9
Premier League,Famalicão,0.5,Ibrahima Ba,D (C),,23,"6'3""",Very Weak,Very Weak,6.77,0,1290,0,0,0,0.97,0.97,-0.97,0.1,0%,0.1616666667,0.4,0.2,0.1,50%,0,0,0,0,0,0.77,0.1,92%,46.5,0,0.2,2.6,0,0,0,0,0,0,0,3,1,3,11.7,0.9,2.9,2.2,100,13,2,0.8,1.4,0.7,4,1,0,10.3,4.5,No recurring injuries,Low,5.2,66,0.5,0,0,0,0,0,0,0,0,0,0,1.1,1.3
Bundesliga 2,FC Schalke 04,0.48,Mertcan Ayhan,D (C),DM,20,"6'3""",Reasonable,Very Strong,6.71,0,1077,0,0,0,0.81,0.81,-0.81,0.1,0%,0.1157142857,0.6,0,0.2,0%,0,0,0,0,0,0.43,0,94%,46,0.3,0,2.1,0,0,0,0,0,0,0,4,0,3,13.5,0.7,2.8,3.2,80,10,0,0.4,0.5,0.2,13,1,1,10.1,2.9,No recurring injuries,Above Average,4.7,64,1.3,0,0,0,0,0,0,0,0,0,0,0.9,0.7
Bundesliga 2,1. FC Saarbrücken,0.5,Patrick Sontheimer,DM,AM (C),28,"5'6""",Reasonable,Very Strong,6.88,0,1015,0,0,0,0.14,0.14,-0.14,0,0%,0.04666666667,0.3,0,0.2,0%,1,0,0,0,0,0.49,0,93%,50.8,0.1,1.1,6,0.1,0.1,100,0.1,0.1,100,0,5,0,8.2,10.9,0.8,2.2,6.7,64,14,2,1.2,1.5,0.1,11,1,0,11.6,11.3,No recurring injuries,Above Average,1.8,65,0.1,0,0,0,0,0,0,0,0,0,0,0.5,1.3
Bundesliga,SV Werder Bremen,0.46,Marco Friedl,D (C),WB (L),28,"6'2""",Very Strong,Reasonable,7.06,2,1290,0,0,0,0.14,0.14,-0.14,0,0%,0.07,0.1,0,0.1,0%,0,0,0,1,0.1,0.87,0.1,88%,57.6,0.2,0.4,4.5,1,0.3,28,0.7,0.1,20,0.3,16,3,5.5,15.6,1.7,3.7,6.3,80,30,1,0.3,1,1.2,20,2,0,10.3,8.8,No recurring injuries,Above Average,3.3,74,0.3,0,0,0,0,0,0,0,0,0,0,0.7,1
Bundesliga 2,1. FC Saarbrücken,0.5,Jan Bürger,D (R),,19,"5'11""",Reasonable,Very Strong,6.83,0,1052,0,0,0,1.18,1.18,-1.18,0.1,0%,0.08428571429,1.2,0.3,0.5,21%,0,0,0,0,0,0.75,0.1,89%,54.7,0.1,0.6,8.7,2.6,0.8,30,1.5,0.3,18,1.3,11,1,16.3,8.8,1.3,3.8,6.3,94,16,0,0.3,0.9,0.6,10,0,0,10.8,15.7,No recurring injuries,Below Average,3.5,34,0.4,0,0,0,0,0,0,0,0,0,0,0.7,1.4
Bundesliga 2,1. FC Heidenheim 1846,0.51,Benedikt Gimber,D (C),,29,"6'2""",Very Strong,Weak,6.81,0,1190,0,0,0,0.31,0.31,-0.31,0,0%,0.1033333333,0.2,0.2,0.2,67%,0,0,0,0,0,0.6,0,93%,43.6,0.2,0.2,2.9,0.1,0,0,0.1,0,0,0,1,0,2.9,14.9,1.1,3.4,2.9,93,15,2,0.8,1,0.8,7,4,1,10.6,3.2,No recurring injuries,Average,5.7,67,0.6,0,0,0,0,0,0,0,0,0,0,1.3,0.8
Eredivisie,AZ,0.62,Mateo Chávez,D (L),WB (L),22,"5'10""",Very Strong,Reasonable,6.99,0,1753,0,0,0,0.94,0.94,-0.94,0,0%,0.1044444444,0.5,0.1,0.2,11%,0,0,0,1,0.1,2.09,0.1,92%,62.3,0,0.9,8.5,1,0.1,5,1,0.1,5,0.8,16,1,10.2,14.5,2.2,4.2,8.1,81,52,2,0.5,0.8,0.6,24,4,0,12.3,18.1,No recurring injuries,Below Average,2,55,0.1,0,0,0,0,0,0,0,0,0,0,1.4,0.6
Eredivisie,FC Twente,0.56,Lars Unnerstall,GK,,36,"6'6""",Weak,Very Strong,6.8,2,1620,0,0,0,0,0,0,0,0%,0,0,0,0,0%,0,0,0,0,0,0,0,83%,24.6,0,0,0,0,0,0,0,0,0,0,4,0,6.2,4.1,0.1,0,0,100,1,0,0,1.4,0,1,1,0,5.1,0,No recurring injuries,Low,0,0,0,10,7.39,3,76,15,26,8,16,1,100,1.2,0.9
Premier League,Nott'm Forest,0.58,Stefan Ortega,GK,,34,"6'1""",Weak,Very Strong,6.94,1,1170,0,0,0,0,0,0,0,0%,0,0,0,0,0%,0,0,0,0,0,0,0,92%,31,0,0,0.3,0,0,0,0,0,0,0,0,0,2.8,8.8,0,0.3,0,0,0,0,0,1.5,0,0,0,0,7,0.1,No recurring injuries,Below Average,0,0,0,6,1.67,0,79,20,22,5,14,0,0,1.2,1.1
First Division,Barcelona,0.61,Pau Cubarsí,D (C),,19,"6'0""",Fairly Strong,Very Strong,7.03,0,1683,0,0,0,0.3,0.3,-0.3,0,0%,0.1,0.2,0,0.1,0%,0,0,0,0,0,1.43,0.1,95%,57.1,0.1,0.2,2.6,0,0,0,0,0,0,0.1,2,0,2.2,18.3,0.7,3.3,2.4,100,13,1,0.9,1.1,0.8,11,3,0,9.6,5.2,No recurring injuries,Below Average,5.3,58,1.3,0,0,0,0,0,0,0,0,0,0,1.8,1
Bundesliga,Sport-Club Freiburg,0.51,Matthias Ginter,D (C),,32,"6'3""",Reasonable,Very Strong,7.14,1,1290,0,0,0,0.59,0.59,-0.59,0,0%,0.118,0.3,0.1,0.1,20%,0,0,0,1,0.1,0.81,0.1,95%,45.1,0.2,0.4,2.4,0.1,0.1,100,0.1,0.1,100,0,1,1,2.5,15.7,0.3,3.2,1.9,50,8,2,0.7,1,0.7,3,0,0,9.8,4.7,No recurring injuries,Above Average,5.2,71,1.4,0,0,0,0,0,0,0,0,0,0,1.3,1.1
Bundesliga,1. FSV Mainz 05,0.41,Robin Zentner,GK,,32,"6'4""",Weak,Very Strong,6.71,2,1084,0,0,0,0,0,0,0,0%,0,0,0,0,0%,0,0,0,0,0,0,0,87%,23,0,0,0.1,0,0,0,0,0,0,0,3,0,10.8,2.7,0,0.1,0,0,2,0,0,1.3,0,0,0,0,5.5,0,No recurring injuries,Above Average,0,0,0,4,-2.62,0,73,9,23,7,14,2,0,0.7,1.2
First Division,Levante,0.39,Jorge Cabello,D (C),,22,"5'11""",Very Strong,Weak,6.71,0,1313,0,0,0,1.97,1.97,-1.97,0.1,0%,0.6566666667,0.2,0,0,0%,0,0,0,1,0.1,0.37,0,93%,43.8,0,0.1,1.5,0,0,0,0,0,0,0.1,4,0,3.2,13.1,0.5,2.8,2.5,89,9,1,0.8,1.4,1.3,6,2,0,10.4,4.9,No recurring injuries,Below Average,4,78,0.3,0,0,0,0,0,0,0,0,0,0,0.8,1.5
Sky Bet Championship,Hull,0.39,Buba Sangaré,D (R),WB (R),19,"6'0""",Weak,Very Strong,6.78,1,1098,0,0,0,0.97,0.97,-0.97,0.1,0%,0.12125,0.7,0,0.1,0%,1,0,0,0,0,0.67,0.1,88%,53.4,0.2,1,6.4,2,0.2,12,2,0.2,12,1.4,12,2,18.6,10.2,2.4,3,8.1,83,35,2,0.7,0.7,0.3,15,2,0,12,17.3,No recurring injuries,Above Average,3.4,45,0,0,0,0,0,0,0,0,0,0,0,1.2,1.3
Bundesliga 2,1. FC Köln,0.5,Marvin Schwäbe,GK,,31,"6'3""",Weak,Very Strong,6.88,2,1350,0,0,0,0,0,0,0,0%,0,0,0,0,0%,0,0,0,0,0,0,0,91%,25.4,0,0,0,0,0,0,0,0,0,0,7,0,8,4.6,0,0,0,0,2,0,0,2,0,0,0,0,6.7,0,No recurring injuries,Low,0,0,0,6,-0.66,1,73,12,21,6,14,2,0,1.1,0.9
Second Division,Zaragoza,0.48,Yussif Saidu,DM,D (C),21,"6'0""",Fairly Strong,Very Strong,7.02,0,1090,0,0,0,3.34,3.34,-3.34,0.3,0%,0.3036363636,0.9,0.2,0.2,18%,0,0,0,0,0,1.08,0.1,91%,51.8,0.1,0.7,4,0,0,0,0,0,0,0.2,6,1,4.9,13.2,0.8,2.6,6.4,63,16,2,0.5,0.6,0.4,19,1,0,12.3,12.6,No recurring injuries,Average,3.1,51,0.6,0,0,0,0,0,0,0,0,0,0,1.1,1
Sky Bet Championship,Derby,0.56,Leart Paçarada,D (L),,32,"6'0""",Very Strong,Weak,6.88,1,1183,0,0,0,0.27,0.27,-0.27,0,0%,0.27,0.1,0,0,0%,0,0,0,3,0.2,3.16,0.2,88%,47.5,0.4,1.3,5.4,11,2,17,5.4,1.1,20,2.4,15,1,16.7,12.4,1.7,3.6,9.3,76,29,3,0.8,1.8,0.4,20,1,0,12.4,21.1,No recurring injuries,Above Average,3.3,36,0.3,0,0,0,0,0,0,0,0,0,0,0.9,0.7
Bundesliga 2,1. FC Saarbrücken,0.5,Luca Erlein,D (C),,19,"6'3""",Reasonable,Very Strong,6.86,1,1260,0,0,0,1.28,1.28,-1.28,0.1,0%,0.1066666667,0.9,0.2,0.3,25%,0,0,0,0,0,0.5,0,90%,43.4,0,0.1,2,0.1,0.1,50,0.1,0.1,50,0,5,1,3.2,12.9,0.7,3.3,2.7,100,10,4,0.5,0.8,0.9,6,1,0,9.6,3.7,No recurring injuries,Above Average,5.6,66,1.1,0,0,0,0,0,0,0,0,0,0,0.6,1.3
Bundesliga 2,Fortuna Düsseldorf,0.5,Tyler Bindon,D (C),D (R),21,"6'3""",Reasonable,Very Strong,6.77,0,1331,0,0,0,3.02,3.02,-3.02,0.2,0%,0.1313043478,1.6,0.3,0.3,22%,0,0,0,0,0,0.43,0,90%,42.7,0.1,0.1,2,0.2,0.1,33,0.2,0.1,33,0,6,0,3.6,11.2,0.4,3,2.1,75,8,3,0.9,1,0.6,2,0,0,10.3,4.2,No recurring injuries,Below Average,5.2,68,0.9,0,0,0,0,0,0,0,0,0,0,0.8,1.4
Bundesliga,VfL Wolfsburg,0.47,Maximilian Arnold,"DM, M (C)",,32,"6'0""",Very Strong,Reasonable,7.05,0,1080,0,0,0,0.72,0.72,-0.72,0.1,0%,0.06545454545,0.9,0.2,0.1,18%,0,0,0,1,0.1,1.74,0.1,92%,65.4,0.1,1.3,7,3.2,0.6,18,0.1,0.1,100,0.1,4,0,6.2,12.1,1.1,2.2,6.9,81,16,1,0.2,0.5,0.5,13,2,0,11.6,11.9,No recurring injuries,Average,1.7,50,0.1,0,0,0,0,0,0,0,0,0,0,0.8,1.7
Ligue 2 BKT,FC Rouen,0.43,Mattéo Escouflaire,D/WB (R),,21,"5'9""",Reasonable,Very Strong,6.63,0,1153,0,0,0,0.07,0.07,-0.07,0,0%,0.02333333333,0.2,0.1,0.2,33%,0,0,0,0,0,1.29,0.1,82%,47.9,0.2,1.5,4.4,8.3,1.2,15,8.3,1.2,15,1.8,7,2,16.6,11,0.9,3.6,6.6,67,18,0,0.5,1.2,0.5,19,0,0,12.2,17.3,No recurring injuries,Above Average,4.8,49,0.5,0,0,0,0,0,0,0,0,0,0,0.9,1.6
Ligue 2 BKT,Rodez,0.40,Jordan Mendes,DM,,22,"5'11""",Weak,Very Strong,6.81,0,1076,0,0,0,0.13,0.13,-0.13,0,0%,0.04333333333,0.3,0,0.2,0%,0,0,0,1,0.1,1.12,0.1,94%,51.4,0.3,1,3.3,0,0,0,0,0,0,0.5,9,0,9.5,7.8,0.7,2,5.5,89,9,1,0.8,1.3,0.1,8,0,0,11.2,11.1,No recurring injuries,Below Average,1.7,40,0,0,0,0,0,0,0,0,0,0,0,0.8,1.2
Serie A,U.S. Lecce,0.5,Tiago Gabriel,D (C),,21,"6'5""",Weak,Very Strong,6.91,0,1440,0,0,0,0.73,0.73,-0.73,0,0%,0.146,0.3,0,0.1,0%,0,0,0,0,0,0.54,0,91%,46.4,0,0.2,1.9,0,0,0,0,0,0,0,6,0,1.9,17.2,0.4,2.6,3,86,7,1,0.4,0.6,1.1,8,1,0,10.4,4.2,No recurring injuries,Very Low,6.4,69,1.8,0,0,0,0,0,0,0,0,0,0,0.6,0.9
Jupiler Pro League,Cercle Brugge,0.50,Javier Gil,D (C),,20,"6'4""",Very Strong,Weak,6.63,0,1288,0,0,0,0.16,0.16,-0.16,0,0%,0.032,0.3,0.1,0.3,20%,2,0,0,1,0.1,0.28,0,93%,42.2,0,0.2,2.4,0.7,0.1,10,0.1,0.1,50,0.1,1,0,3.8,13.3,0.3,2.2,2.3,100,4,0,0.4,0.8,0.8,7,1,0,9.5,2.8,No recurring injuries,Average,5.1,71,0.6,0,0,0,0,0,0,0,0,0,0,1,1.3
Ligue 1 McDonald's,Reims,0.47,Hiroki Sekine,D (R),,24,"6'2""",Fairly Strong,Very Strong,6.87,1,1178,0,0,0,0.22,0.22,-0.22,0,0%,0.07333333333,0.2,0,0.1,0%,0,0,0,0,0,0.65,0,88%,51.3,0.1,1,7,1.8,0.3,17,1.8,0.3,17,0.8,10,0,18,11.8,2,5.2,7.6,100,26,4,0.8,0.9,0.4,8,1,0,11.6,14,No recurring injuries,Below Average,3.7,65,0.3,0,0,0,0,0,0,0,0,0,0,1.1,1.5
Ligue 1 McDonald's,AS Monaco,0.50,Thilo Kehrer,D (C),"D (R), DM",30,"6'1""",Fairly Strong,Very Strong,6.88,0,1608,0,0,0,1,1,-1,0.1,0%,0.1428571429,0.4,0.1,0.1,14%,0,0,0,1,0.1,0.59,0,92%,50.7,0.2,0.3,4.7,0.1,0.1,100,0.1,0.1,100,0,3,0,4.5,13,0.6,2.7,2.7,59,17,4,0.6,1.1,0.3,6,0,0,10.1,5.7,No recurring injuries,Below Average,4.4,65,0.7,0,0,1,0,0,0,0,0,0,0,1.4,1
Bundesliga 2,SG Dynamo Dresden,0.46,Robin Knoche,D (C),,34,"6'2""",Reasonable,Very Strong,6.82,0,1170,0,0,0,0.6,0.6,-0.6,0,0%,0.12,0.4,0,0.2,0%,1,0,0,0,0,0.36,0,94%,40.5,0.1,0.2,2.1,0.1,0,0,0.1,0,0,0,1,0,3.8,13.5,0.4,2.5,2.1,71,7,2,0.6,1,1.6,7,1,0,9.7,3,No recurring injuries,Average,4.6,65,0.8,0,0,0,0,0,0,0,0,0,0,0.7,1.4
Bundesliga 2,Holstein Kiel,0.43,Jonas Meffert,DM,,32,"6'1""",Reasonable,Very Strong,6.59,0,1328,0,0,0,0.99,0.99,-0.99,0.1,0%,0.1414285714,0.5,0.2,0.2,43%,1,0,0,0,0,2.08,0.1,93%,25.3,0.2,0.3,3.3,0.1,0,0,0.1,0,0,0,6,0,9.6,12.4,0.3,1.2,1.6,50,8,1,0.4,0.7,0,6,4,0,4.9,4.9,No recurring injuries,Below Average,1.4,45,0,0,0,0,0,0,0,0,0,0,0,0.9,1.2
Ligue 1 McDonald's,Paris SG,0.61,Willian Pacho,D (C),D (L),25,"6'2""",Very Strong,Reasonable,7.12,0,1800,0,0,0,1.22,1.22,-1.22,0.1,0%,0.1109090909,0.6,0.3,0.1,55%,0,0,0,0,0,0.45,0,93%,58.8,0,0.1,3.4,0,0,0,0,0,0,0,3,1,3.5,14.6,0.7,3.2,2.5,72,18,2,0.7,0.9,0.5,8,1,0,10.6,4.7,No recurring injuries,Below Average,5.8,74,0.9,0,0,0,0,0,0,0,0,0,0,2.1,0.6
Bundesliga,FC Augsburg,0.54,Robin Fellhauer,DM,D/M (C),28,"6'0""",Weak,Very Strong,6.96,1,1203,0,0,0,1.06,1.06,-1.06,0.1,0%,0.3533333333,0.2,0.1,0,33%,0,0,0,1,0.1,2.31,0.2,90%,41.6,0.1,2.3,5.5,5.4,1.1,20,5.4,1.1,21,2.4,20,4,15.8,10.6,2,2.8,7.7,79,34,3,0.6,0.5,0.5,25,4,0,11.9,23.1,No recurring injuries,Below Average,2.9,69,0.1,0,0,0,0,0,0,0,0,0,0,1,0.6
Bundesliga 2,1. FC Kaiserslautern,0.53,Mika Haas,D (L),,21,"5'11""",Very Strong,Weak,7.07,2,1095,0,0,0,0.34,0.34,-0.34,0,0%,0.1133333333,0.2,0,0.1,0%,0,0,0,0,0,0.49,0,86%,47.6,0.1,2.7,5.1,3.1,0.4,13,3.1,0.4,13,5.9,11,0,18.7,8.4,2.7,2.9,8.1,89,37,3,0.8,1.4,0.2,20,2,0,12.8,26.4,No recurring injuries,Below Average,2.9,66,0.2,0,0,0,0,0,0,0,0,0,0,0.9,0.7
Jupiler Pro League,Antwerp,0.53,Yuto Tsunashima,D (C),DM,26,"6'2""",Fairly Strong,Very Strong,6.78,0,1043,0,0,0,0.25,0.25,-0.25,0,0%,0.08333333333,0.3,0,0.2,0%,0,0,0,0,0,0.26,0,92%,48.9,0.1,0,2.5,0,0,0,0,0,0,0,0,0,3.8,13.1,0.5,3.5,2.7,75,8,1,0.9,1.5,0.7,6,0,0,9.5,4.5,No recurring injuries,Average,5.8,52,0.9,0,0,0,0,0,0,0,0,0,0,0.9,1.8
Serie A,U.S. Lecce,0.5,Christian Früchtl,GK,,26,"6'4""",Very Strong,Weak,6.91,2,1440,0,0,0,0,0,0,0,0%,0,0,0,0,0%,0,0,0,0,0,0,0,84%,23.1,0,0,0,0,0,0,0,0,0,0,12,0,9,2.9,0.1,0,0,33,3,0,0,3.9,0,0,0,0,6,0,No recurring injuries,Very Low,0,0,0,5,5.32,0,83,12,43,14,15,3,33,0.6,0.9
Sky Bet Championship,Swansea,0.48,Marko Stamenić,M (C),,24,"6'2""",Reasonable,Very Strong,7.01,0,1473,0,0,0,0.61,0.61,-0.61,0,0%,0.1016666667,0.4,0,0.1,0%,0,0,0,3,0.2,2.54,0.2,90%,51.3,0.2,1,5.4,0.1,0,0,0.1,0,0,0.2,9,1,6.4,12.9,1.3,3,5.7,92,24,2,0.9,1.1,0.2,15,4,0,11.3,9.2,No recurring injuries,Below Average,2.8,65,0.4,0,0,0,0,0,0,0,0,0,0,1.2,1
Serie BKT,Juve Stabia,0.5,Omar Correia,"DM, M (C)",,26,"6'2""",Fairly Strong,Very Strong,6.8,0,1139,0,0,0,0.78,0.78,-0.78,0.1,0%,0.13,0.5,0,0,0%,0,0,0,3,0.2,1.41,0.1,68%,22.1,0,0,0,0,0,0,0,0,0,0,13,0,0,0,2.3,0,0,74,39,0,0,0,0,18,0,0,0,0,No recurring injuries,Very Low,0,0,0,0,0,0,0,0,0,0,0,0,0,0,0
First Division,Real San Sebastián,0.5,Jon Aramburu,D (R),D/WB (L),24,"5'9""",Weak,Very Strong,6.93,1,1260,0,0,0,0.18,0.18,-0.18,0,0%,0.06,0.2,0.1,0.1,33%,0,0,0,0,0,1.84,0.1,90%,70.9,0.4,0.6,8.1,1.8,0.4,20,1.8,0.4,20,0.9,8,2,11.8,14.3,2.4,3.3,7.1,79,42,1,0.1,0.4,1.1,15,1,0,11.7,16.6,No recurring injuries,Low,2.6,14,0.2,0,0,0,0,0,0,0,0,0,0,1.2,1.1
Bundesliga 2,Karlsruher SC,0.46,Romario Rösch,WB (L),D (RL),27,"6'0""",Reasonable,Very Strong,6.74,1,1219,0,0,0,0,0,0,0,0%,0,0,0,0,0%,0,0,0,2,0.1,2.19,0.2,83%,45.3,0.3,1.6,3.9,5.8,1,16,5.8,1,17,1.7,9,4,17.7,10.4,2,2.3,9.4,66,41,0,0.6,1.3,0.5,44,0,0,12.2,25.8,No recurring injuries,Low,3.5,42,0.3,0,0,0,0,0,0,0,0,0,0,1,0.7
Serie A,Cagliari,0.5,Othniël Raterink,D (R),"D (C), M (RC)",20,"6'2""",Weak,Very Strong,6.66,0,1151,0,0,0,0.23,0.23,-0.23,0,0%,0.07666666667,0.2,0,0.1,0%,0,0,0,0,0,0.15,0,87%,44.3,0.1,0.7,2.4,1.4,0.4,27,1.4,0.4,28,0.5,4,1,10.9,6.2,0.9,4,3.2,80,15,0,0.7,1,0.3,3,0,0,10.8,9,No recurring injuries,Very Low,3.1,78,0.5,0,0,0,0,0,0,0,0,0,0,0.5,1.6
Ligue 1 McDonald's,LOSC,0.57,Ayyoub Bouaddi,DM,,19,"6'1""",Reasonable,Very Strong,7.11,3,1499,0,0,0,0.99,0.99,-0.99,0.1,0%,0.061875,1,0.3,0.6,31%,0,0,0,9,0.5,2.35,0.1,91%,66.7,0.4,1.1,6.7,0.2,0.1,33,0.2,0.1,33,0.1,3,1,4.8,15.4,0.8,2.8,7,45,29,3,0.4,0.5,0.4,7,0,0,11.8,13.3,No recurring injuries,Low,1.7,24,0.3,0,0,0,0,0,0,0,0,0,0,1.6,1.3
Bundesliga,RB Leipzig,0.52,David Raum,D/WB (L),M (L),28,"5'11""",Very Strong,Weak,7.05,1,1324,0,0,0,0.4,0.4,-0.4,0,0%,0.06666666667,0.4,0.2,0.3,50%,0,0,0,2,0.1,2.67,0.2,93%,72.1,0.5,0.7,8.3,8.7,1.4,15,2.2,0.1,6,1.4,13,2,10.9,11,2.2,3.7,6.6,87,38,0,0.6,0.8,0.3,32,6,1,12,18.1,No recurring injuries,Low,2.6,74,0.2,0,0,0,0,0,0,0,0,0,0,1.7,0.7
Bundesliga 2,FC Schalke 04,0.48,Timo Becker,D (C),,29,"6'3""",Reasonable,Very Strong,6.81,0,1350,0,0,0,1.74,1.74,-1.74,0.1,0%,0.10875,1.1,0,0.4,0%,0,0,0,0,0,0.56,0,89%,41.1,0,0.1,1.2,0,0,0,0,0,0,0.1,4,0,3.3,11.7,0.7,2.7,2.3,63,16,2,0.6,1.1,0.3,8,4,0,10.7,4.2,No recurring injuries,Above Average,4.5,60,1.2,0,0,0,0,0,0,0,0,0,0,1.1,0.7
Bundesliga 2,Hannover 96,0.53,Boris Tomiak,D (C),DM,28,"6'3""",Weak,Very Strong,6.93,1,1350,0,0,0,0.47,0.47,-0.47,0,0%,0.07833333333,0.4,0.1,0.1,33%,0,0,0,1,0.1,0.23,0,89%,43.5,0.1,0.2,2.5,0,0,0,0,0,0,0,3,0,3.5,13.7,0.3,3.7,2.7,83,6,0,0.5,0.9,0.7,12,6,0,10,3.7,No recurring injuries,Low,6.3,69,1.1,0,0,0,0,0,0,0,0,0,0,0.7,0.7
Bundesliga 2,SC Paderborn 07,0.49,Raphael Obermair,WB (R),D (R),30,"6'0""",Reasonable,Very Strong,7.12,3,1269,0,0,0,2,2,-2,0.1,0%,0.1818181818,0.8,0.1,0.3,18%,1,0,0,1,0.1,1.76,0.1,91%,60.7,0.4,1.1,7.7,6.7,1.8,27,1.4,0.6,40,0.6,21,1,12.3,11.6,2.1,3.9,7.2,81,36,2,0.2,0.9,0.4,8,2,0,11.7,16.7,No recurring injuries,Average,2.9,39,0.2,0,0,0,0,0,0,0,0,0,0,1.1,1.3
Serie BKT,AC Monza,0.5,Abdelhamid Sabiri,AM (C),M (C),30,"6'0""",Reasonable,Very Strong,7.06,0,1260,0,0,0,4.32,4.32,-4.32,0.3,0%,0.1489655172,2.1,0.8,0,38%,0,0,0,4,0.3,2.07,0.1,68%,20,0,0,0,0,0,0,0,0,0,0,22,0,0,0,0.9,0,0,72,18,0,0,0,0,16,0,0,0,0,No recurring injuries,Very Low,0,0,0,0,0,0,0,0,0,0,0,0,0,0,0
Bundesliga 2,Rot-Weiss Essen,0.55,Jakob Golz,GK,,28,"6'2""",Strong,Very Strong,6.6,1,1350,0,0,0,0,0,0,0,0%,0,0,0,0,0%,0,0,0,0,0,0,0,83%,24.9,0,0,0,0,0,0,0,0,0,0,8,0,8.3,3.7,0,0,0,0,3,0,0,3.4,0,0,0,0,5.7,0,No recurring injuries,Below Average,0,0,0,4,-0.2,0,67,9,22,11,20,3,0,1,1.3
Serie A,Blu-neri,0.5,Yann Aurel Bisseck,D (C),,26,"6'5""",Weak,Very Strong,7.04,1,1839,0,0,0,2,2,-2,0.1,0%,0.1111111111,0.9,0.2,0.2,28%,0,0,0,0,0,1.14,0.1,94%,55.7,0.2,0.5,3.1,0,0,0,0,0,0,0,6,0,3.5,13.6,1,3.4,2.9,91,23,5,0.3,1,0.4,4,1,0,10.8,6.2,No recurring injuries,Above Average,5.9,79,1.3,0,0,0,0,0,0,0,0,0,0,1.9,0.8
Serie BKT,Modena F.C.,0.5,Gady Beyuku,D (R),"D (C), WB (L), M (R)",21,"6'2""",Weak,Very Strong,6.99,0,1260,0,0,0,0.09,0.09,-0.09,0,0%,0.03,0.2,0,0,0%,0,0,0,0,0,1.58,0.1,71%,20,0,0,0,0,0,0,0,0,0,0,12,0,0,0,1.2,0,0,100,17,0,0,0,0,16,0,0,0,0,No recurring injuries,Very Low,0,0,0,0,0,0,0,0,0,0,0,0,0,0,0
Bundesliga 2,1. FC Kaiserslautern,0.53,Julian Krahl,GK,,26,"6'4""",Weak,Very Strong,6.89,3,1350,0,0,0,0,0,0,0,0%,0,0,0,0,0%,0,0,0,0,0,0,0,77%,24.9,0,0,0,0,0,0,0,0,0,0,9,0,9.2,3.2,0.1,0,0,100,1,0,0,2.7,0,0,0,0,6.6,0,No recurring injuries,Below Average,0,0,0,5,9.09,1,81,15,24,9,12,1,100,1.1,0.8
Bundesliga 2,Hannover 96,0.53,Maurice Neubauer,D (L),WB (R),30,"5'11""",Very Strong,Weak,7.12,0,1003,0,0,0,0.14,0.14,-0.14,0,0%,0.14,0.1,0.1,0.1,100%,0,0,0,0,0,1.62,0.1,90%,49,0.4,1.3,4.7,5.8,1.5,26,5.5,1.5,28,2.2,13,2,14.2,13.3,2.5,2.7,8.9,78,36,1,0.6,0.8,0.3,27,3,0,12.9,26.3,No recurring injuries,Above Average,2.5,86,0.3,0,0,0,0,0,0,0,0,0,0,0.7,0.8
Eredivisie,FC Emmen,0.34,Gabriel Sadlek,D (L),"D (C), DM",20,"6'0""",Weak,Very Strong,6.56,0,1150,0,0,0,0.06,0.06,-0.06,0,0%,0.03,0.2,0.1,0.1,50%,0,0,0,0,0,0.92,0.1,89%,56.1,0,1,7.3,1.3,0.1,6,1.3,0.1,6,0.8,4,2,17.5,7,1.8,2.9,7,85,27,1,0.6,0.9,0.6,17,1,0,10.7,13.6,No recurring injuries,Above Average,2.7,66,0.2,0,0,0,0,0,0,0,0,0,0,0.3,1.1
Premier League,Estrela da Amadora SAD,0.40,Otávio,D (C),D (L),21,"6'4""",Very Weak,Very Weak,6.96,0,1282,0,0,0,0.62,0.62,-0.62,0,0%,0.155,0.3,0,0.1,0%,0,0,0,1,0.1,2.18,0.2,86%,48.9,0.5,0.8,5.3,1.3,0.2,16,1.3,0.2,17,1.3,9,2,11.3,12.4,2.2,2.5,7.5,89,35,1,0.8,1.1,0.5,16,4,0,10.8,12.8,No recurring injuries,Below Average,4.1,78,0.4,0,0,0,0,0,0,0,0,0,0,1.1,1.3
Serie BKT,Pisa,0.5,Jeremy Kandje Mbambi,D (C),,18,"6'4""",Very Strong,Reasonable,7.32,0,1179,0,0,0,0.51,0.51,-0.51,0,0%,0.1275,0.3,0.1,0,25%,0,0,0,3,0.2,0.02,0,79%,24.7,0,0.1,0.2,0,0,0,0,0,0,0,14,0,0.2,2.8,1.7,0.3,0.6,92,24,1,0.2,0.2,0,22,1,0,1.4,0.6,No recurring injuries,Very Low,1,92,0.2,0,0,0,0,0,0,0,0,0,0,0.5,0.2
Eredivisie,Feyenoord,0.65,Givairo Read,D (R),"D (L), M (R)",20,"6'0""",Weak,Very Strong,6.81,0,1423,0,0,0,0.42,0.42,-0.42,0,0%,0.084,0.3,0.1,0.1,40%,0,0,0,2,0.1,1.55,0.1,88%,58.8,0.1,0.8,7.7,0.9,0.3,33,0.9,0.3,33,0.7,7,1,10.6,13.2,2,2.5,7.7,80,40,2,0.4,1.2,0.3,23,4,0,12.1,14.9,No recurring injuries,Below Average,2.7,72,0.4,0,0,0,0,0,0,0,0,0,0,1.5,0.9
Bundesliga 2,Hamburger SV,0.54,Aboubaka Soumahoro,D (C),"D (L), DM",21,"6'0""",Very Strong,Weak,6.94,0,1292,0,0,0,0.35,0.35,-0.35,0,0%,0.0875,0.3,0,0,0%,0,0,0,0,0,0.14,0,92%,42.6,0.1,0.3,1.5,0.1,0,0,0.1,0,0,0,3,0,3.1,15.3,0.5,2.7,2.4,58,12,3,1,1.4,0.5,5,2,0,9.9,3.7,No recurring injuries,Above Average,3.1,80,0.5,0,0,0,0,0,0,0,0,0,0,1.3,0.7
Bundesliga,Borussia M'gladbach,0.44,Moritz Nicolas,GK,,29,"6'4""",Weak,Very Strong,6.69,2,1260,0,0,0,0,0,0,0,0%,0,0,0,0,0%,0,0,0,0,0,0,0,92%,24.1,0,0,0,0,0,0,0,0,0,0,7,0,9.5,2.9,0,0,0,0,1,0,0,1.4,0,0,0,0,6.6,0,No recurring injuries,Average,0,0,0,3,-3.53,0,72,12,31,11,21,1,0,0.7,1.5
Bundesliga 2,Fortuna Düsseldorf,0.5,Florian Kastenmeier,GK,,29,"6'4""",Reasonable,Very Strong,6.6,1,1350,0,0,0,0,0,0,0,0%,0,0,0,0,0%,0,0,0,0,0,0,0,87%,24.1,0,0,0,0,0,0,0,0,0,0,12,0,8.1,3.4,0,0,0,0,1,0,0,1.9,0,1,1,0,6.1,0,No recurring injuries,Below Average,0,0,0,2,-4.86,0,65,9,25,5,21,1,0,0.7,1.4
Serie A,Cagliari,0.5,Juan Rodríguez,D (C),,21,"6'3""",Very Strong,Reasonable,6.87,1,1341,0,0,0,0.23,0.23,-0.23,0,0%,0.23,0.1,0.1,0,100%,0,0,0,0,0,0.69,0,91%,41.1,0.1,0.1,1.1,0.1,0,0,0.1,0,0,0,1,0,4.5,9.5,0.2,3.5,2.6,25,12,2,1,1.1,0.5,5,3,0,9.9,4.7,No recurring injuries,Very Low,5.7,67,1.3,0,0,0,0,0,0,0,0,0,0,0.4,1.4
Bundesliga 2,1. FC Kaiserslautern,0.53,Leon Robinson,DM,M (C),25,"6'1""",Weak,Very Strong,6.89,1,1171,0,0,0,0.22,0.22,-0.22,0,0%,0.07333333333,0.2,0.2,0.2,67%,0,0,0,2,0.2,1.97,0.2,91%,51.3,0.5,0.8,4,0.1,0,0,0.1,0,0,0.2,11,2,7,13.1,1.5,2.6,6.1,91,22,0,1,1.3,0.5,11,1,0,11.1,10.5,No recurring injuries,Above Average,2.7,54,0.2,0,0,0,0,0,0,0,0,0,0,1.2,0.7
Bundesliga 2,SG Dynamo Dresden,0.46,Luca Herrmann,M (C),,27,"5'9""",Weak,Very Strong,6.74,1,1153,0,0,0,1.1,1.1,-1.1,0.1,0%,0.1222222222,0.7,0.1,0.1,11%,1,0,0,1,0.1,0.89,0.1,92%,49.4,0.2,0.9,5.2,2.3,0.5,20,0.2,0.2,100,0.2,11,0,7,10.8,1.2,2.9,6.9,76,21,0,0.2,0.4,0.1,12,0,0,11,10.6,No recurring injuries,High,1.7,27,0,0,0,0,0,0,0,0,0,0,0,0.9,1.3
Bundesliga 2,FC Schalke 04,0.48,Mika Wallentowitz,WB (R),"D (R), ST (C)",18,"6'2""",Weak,Very Strong,6.82,0,1222,0,0,0,0,0,0,0,0%,0,0,0,0,0%,0,0,0,0,0,1.01,0.1,85%,46.8,0.1,2.3,6,6.3,1.4,22,6.3,1.4,22,2.4,16,2,18.9,6.8,2.6,3.1,10.1,83,42,0,0.4,0.9,0.1,11,0,0,12.8,25.6,No recurring injuries,Average,3.5,50,0.2,0,0,0,0,0,0,0,0,0,0,1,0.7
Bundesliga 2,Karlsruher SC,0.46,Rafael Pinto Pedrosa,D (R),,19,"5'11""",Weak,Very Strong,6.79,2,1199,0,0,0,0.31,0.31,-0.31,0,0%,0.1033333333,0.2,0.1,0.2,33%,0,0,0,1,0.1,1.66,0.1,86%,42.3,0.3,1.5,3.8,6.7,1.8,26,6.7,1.8,27,3.7,6,2,16.3,9.2,1.8,3.2,9.2,73,33,2,0.5,1.1,0.2,9,0,0,12.9,22.9,No recurring injuries,Low,3.5,64,0.3,0,0,0,0,0,0,0,0,0,0,1.1,0.8
Bundesliga,VfB Stuttgart,0.57,Kimito Nono,D (R),M (R),24,"5'10""",Weak,Very Strong,6.94,0,1166,0,0,0,0.47,0.47,-0.47,0,0%,0.05875,0.6,0.1,0.5,13%,0,0,0,2,0.2,1.25,0.1,92%,59.4,0.1,0.6,6.8,1.9,0.2,12,1.9,0.2,12,0.8,8,1,14.2,10.8,1.7,3.9,6.6,69,32,2,0.5,1.2,0.2,24,5,0,12.1,19.6,No recurring injuries,Below Average,2.9,61,0.1,0,0,0,0,0,0,0,0,0,0,1.6,1.2
Ligue 2 BKT,Clermont Foot,0.57,Abdellah Baallal,DM,,22,"6'2""",Weak,Very Strong,6.66,0,1108,0,0,0,0.62,0.62,-0.62,0.1,0%,0.1033333333,0.5,0,0.2,0%,0,0,0,0,0,1.14,0.1,90%,51.3,0.3,0.9,4.5,0.1,0,0,0.1,0,0,0.1,10,0,5.9,11.5,0.9,2.7,5.9,52,21,0,0.7,1.2,0,4,0,0,11.8,11.8,No recurring injuries,Above Average,1.8,77,0.2,0,0,0,0,0,0,0,0,0,0,1.1,0.3
Ligue 2 BKT,Clermont Foot,0.57,Cheick Oumar Konaté,D (R),WB (R),22,"5'8""",Weak,Very Strong,6.72,0,1186,0,0,0,2.36,2.36,-2.36,0.2,0%,0.1475,1.2,0.2,0.3,19%,1,0,0,0,0,1.45,0.1,86%,50.7,0.2,0.8,7.4,2.4,0.5,22,2.4,0.5,23,0.6,9,1,12.4,13.3,1.9,2.3,7.6,93,27,0,0.6,1.4,0.6,7,2,0,11.5,13.7,No recurring injuries,Below Average,3.9,44,0.4,0,0,0,0,0,0,0,0,0,0,1.3,0.5
Jupiler Pro League,RSC Anderlecht,0.58,Nathan De Cat,DM,,18,"6'4""",Reasonable,Very Strong,6.8,0,1709,0,0,0,1.01,1.01,-1.01,0.1,0%,0.08416666667,0.6,0.1,0.2,17%,0,0,0,2,0.1,5.22,0.3,91%,60.4,0.5,0.8,7.7,0.1,0.1,50,0.1,0.1,50,0.1,11,1,5.2,15.8,1.5,2.8,6.4,80,35,2,0.5,0.8,0.1,10,1,0,12.1,13.2,No recurring injuries,Average,3.1,66,0.5,0,0,0,0,0,0,0,0,0,0,1.6,1
Ligue 2 BKT,FC Annecy,0.43,Isaac James,D (L),"DM, M (L)",22,"5'9""",Very Strong,Weak,6.71,0,1261,0,0,0,0.47,0.47,-0.47,0,0%,0.1566666667,0.2,0.1,0,33%,0,0,0,0,0,0.07,0,87%,58.2,0,0.6,7.9,2.4,0.5,20,2.4,0.5,21,1.2,7,2,15.6,12.4,1.4,2.4,6.9,67,30,0,0.9,1,0.7,21,1,0,11.3,14.1,No recurring injuries,Below Average,3.2,49,0.2,0,0,0,0,0,0,0,0,0,0,0.6,1.1
Bundesliga 2,Fortuna Düsseldorf,0.5,Emmanuel Iyoha,D (L),"D/WB (R), M (RL), AM (R)",29,"6'3""",Strong,Very Strong,6.81,1,1059,0,0,0,0.32,0.32,-0.32,0,0%,0.16,0.2,0,0,0%,0,0,0,0,0,0.64,0.1,85%,47.6,0,2.2,5.2,4.5,0.6,13,4.5,0.6,13,2,12,0,18.6,7.8,2.3,2.9,8.8,79,34,0,0.5,1.3,0.4,23,0,0,11.8,25.6,No recurring injuries,High,4.2,69,0.6,0,0,2,0,0,0,0,0,0,0,0.5,1.3
First Division,Real Hispalis,0.53,Álvaro Valles,GK,,29,"6'3""",Weak,Very Strong,7,3,1800,0,0,0,0,0,0,0,0%,0,0,0,0,0%,0,0,0,0,0,0,0,78%,23.6,0,0,0,0,0,0,0,0,0,0,4,0,7.2,5,0,0,0,0,0,0,0,2.1,0,0,0,0,6.8,0,No recurring injuries,Below Average,0,0,0,8,4.54,0,77,12,32,11,16,0,0,1.6,0.8
Bundesliga 2,Eintracht Braunschweig,0.50,Ron-Thorben Hoffmann,GK,,27,"6'4""",Weak,Very Strong,6.96,1,1350,0,0,0,0,0,0,0,0%,0,0,0,0,0%,0,0,0,0,0,0,0,75%,24.9,0,0,0,0,0,0,0,0,0,0,7,0,6.9,4.2,0,0,0,0,0,0,0,3.4,0,0,0,0,4.8,0,No recurring injuries,Below Average,0,0,0,6,8.68,0,78,15,22,10,13,0,0,1,0.9
Bundesliga 2,1. FC Saarbrücken,0.5,Phillip Menzel,GK,,28,"6'4""",Weak,Very Strong,6.51,0,1350,0,0,0,0,0,0,0,0%,0,0,0,0,0%,0,0,0,0,0,0,0,64%,24.3,0,0,0,0,0,0,0,0,0,0,7,0,8.2,2.9,0,0,0,0,2,0,0,3.1,0,0,0,0,5.4,0,No recurring injuries,Below Average,0,0,0,2,0.76,0,71,15,28,6,20,2,0,0.6,1.3
Bundesliga 2,Hannover 96,0.53,Ime Okon,D (C),D (R),22,"6'2""",Weak,Very Strong,6.77,0,1236,0,0,0,1.59,1.59,-1.59,0.1,0%,0.1766666667,0.7,0.1,0.1,11%,0,0,0,0,0,0.73,0.1,93%,45.9,0.1,0.3,2.3,0.1,0.1,100,0.1,0.1,100,0,1,0,3.1,15.9,0.6,3.3,2.3,89,9,1,0.7,1.2,0.5,5,4,0,9.9,4.7,No recurring injuries,Above Average,5.3,66,0.8,0,0,0,0,0,0,0,0,0,0,0.9,0.6
Bundesliga,Borussia Dortmund,0.62,Niklas Süle,D (C),D (R),31,"6'5""",Reasonable,Very Strong,6.89,0,1010,0,0,0,1.14,1.14,-1.14,0.1,0%,0.19,0.5,0,0.2,0%,0,0,0,0,0,0.64,0.1,92%,50.1,0.3,0.2,2.4,0,0,0,0,0,0,0,4,0,3.5,14.3,0.4,3.1,1.7,80,5,1,1.1,0.9,0.8,1,0,0,10.1,3.5,No recurring injuries,High,5.9,76,1,0,0,0,0,0,0,0,0,0,0,1.3,0.7
Premier League,TND,0.55,Brayan Medina,D (C),,24,"6'5""",Very Weak,Very Weak,6.77,1,1260,0,0,0,0.47,0.47,-0.47,0,0%,0.1175,0.3,0.1,0.1,50%,0,0,0,0,0,0.43,0,91%,42.7,0,0.1,2,0,0,0,0,0,0,0,3,0,2.6,16.8,0.6,3.3,2.6,100,8,1,0.7,0.9,0.6,7,5,0,9.9,4.6,No recurring injuries,Below Average,6.6,66,1.5,0,0,0,0,0,0,0,0,0,0,1.4,1.3
Bundesliga,1. FC Magdeburg,0.41,Diogo Brasido,D (R),WB (R),23,"5'10""",Weak,Very Strong,6.68,0,1125,0,0,0,0.97,0.97,-0.97,0.1,0%,0.097,0.8,0.1,0.2,10%,0,0,0,0,0,0.14,0,88%,51.5,0,0.7,6.7,2.8,0.4,14,2.8,0.4,14,1,10,1,19.1,7.5,2.2,3,7.8,90,31,1,0.6,1,0.6,17,3,0,11.6,16.6,No recurring injuries,Low,4.7,59,0.2,0,0,0,0,0,0,0,0,0,0,1.1,1.4
Ligue 1 McDonald's,Toulouse FC,0.49,Guillaume Restes,GK,,21,"6'2""",Very Strong,Weak,6.74,1,1350,0,0,0,0,0,0,0,0%,0,0,0,0,0%,0,0,0,0,0,0,0,82%,23.2,0,0,0.1,0,0,0,0,0,0,0,3,0,7.9,4.3,0,0.1,0,0,0,0,0,2.1,0,1,1,0,5.9,0,No recurring injuries,Below Average,0,0,0,5,3.1,0,68,11,17,7,16,0,0,1.1,1.1
Sky Bet Championship,Stoke,0.44,Junior Tchamadeu,WB (R),,22,"5'11""",Reasonable,Very Strong,6.75,0,1234,0,0,0,0.29,0.29,-0.29,0,0%,0.145,0.1,0.1,0,100%,0,0,0,0,0,0.97,0.1,88%,51.9,0.1,0.7,7.2,1.8,0.3,16,1.8,0.3,17,0.8,9,0,17.9,9.3,1.6,3.9,7.4,71,31,0,0.4,1.4,0.7,15,4,0,10.5,14.3,No recurring injuries,Average,3.3,38,0.4,0,0,1,0,0,0,0,0,0,0,1,1.5
Bundesliga 2,Karlsruher SC,0.46,Obed Vargas,M (C),,21,"5'9""",Fairly Strong,Very Strong,6.8,0,1183,0,0,0,1.41,1.41,-1.41,0.1,0%,0.17625,0.6,0.2,0.1,25%,0,0,0,1,0.1,1.92,0.1,92%,52.4,0.2,1.1,6.2,0.1,0.1,100,0.1,0.1,100,0.3,7,0,5.9,11.6,0.9,2.6,6.4,80,15,1,0.5,0.9,0.1,9,0,0,11.7,12.4,No recurring injuries,Average,2.1,33,0.1,0,0,0,0,0,0,0,0,0,0,0.9,0.7
Ligue 1 McDonald's,Auxerre,0.51,Kévin Danois,M (C),"DM, AM (C)",22,"6'0""",Reasonable,Very Strong,6.5,0,1132,0,0,0,0.56,0.56,-0.56,0,0%,0.07,0.6,0.2,0.2,38%,0,0,0,1,0.1,0.93,0.1,91%,11.8,0.2,0.2,1.4,0.9,0.2,27,0.2,0.1,50,0.1,7,1,10.8,13.3,0.1,0.5,1.3,100,1,0,0.1,0,0.1,1,0,0,2,1.7,No recurring injuries,Below Average,0.4,40,0.1,0,0,0,0,0,0,0,0,0,0,1.4,0.9
Sky Bet Championship,Stockport,0.48,Ethan Pye,D (C),D (L),23,"6'0""",Very Strong,Reasonable,6.81,1,1980,0,0,0,1.7,1.7,-1.7,0.1,0%,0.1888888889,0.4,0,0.1,11%,0,0,0,3,0.1,1.07,0,91%,42.3,0.1,0.3,2.1,0,0,0,0,0,0,0,5,0,2.8,14.4,0.4,2.6,2.4,53,17,4,0.7,1.3,0.6,7,3,0,10,4,No recurring injuries,Low,5.6,73,0.9,0,0,0,0,0,0,0,0,0,0,1.2,1.6
Ligue 1 McDonald's,Troyes,0.55,Mathieu Patouillet,GK,,22,"6'2""",Very Strong,Weak,6.76,1,1260,0,0,0,0,0,0,0,0%,0,0,0,0,0%,0,0,0,0,0,0,0,80%,24.4,0,0,0,0,0,0,0,0,0,0,2,0,5.6,4.4,0.1,0.1,0,50,2,0,0,2.1,0,0,0,0,5.3,0,No recurring injuries,Below Average,0,0,0,4,3.59,0,75,11,39,8,20,2,50,1.2,1.4
Sky Bet Championship,Norwich,0.56,Tomoki Hayakawa,GK,,27,"6'2""",Weak,Very Strong,6.92,1,1884,0,0,0,0,0,0,0,0%,0,0,0,0,0%,0,0,0,0,0,0,0,89%,23.6,0,0,0,0,0,0,0,0,0,0,10,0,7.2,4.2,0,0,0,0,1,0,0,1.3,0,0,0,0,6,0,No recurring injuries,Below Average,0,0,0,7,1.58,0,70,19,18,8,19,1,0,1.2,0.9
Ligue 1 McDonald's,Strasbourg,0.45,Soumaïla Coulibaly,D (C),,23,"6'3""",Very Strong,Reasonable,6.68,0,1004,0,0,0,0.34,0.34,-0.34,0,0%,0.1133333333,0.3,0,0,0%,0,0,0,1,0.1,0.81,0.1,96%,44.1,0.1,0.2,1.6,0.2,0,0,0.2,0,0,0,2,0,3.8,10.3,0.4,1.7,2.3,80,5,1,0.7,1,0.7,9,1,0,9.6,3.7,No recurring injuries,High,4.6,76,1,0,0,0,0,0,0,0,0,0,0,1.3,1.3
Sky Bet Championship,Millwall,0.53,Tygo Land,M (C),AM (C),20,"5'7""",Reasonable,Very Strong,6.89,0,1115,0,0,0,0.37,0.37,-0.37,0,0%,0.0925,0.3,0.1,0.2,25%,0,0,0,2,0.2,1.49,0.1,92%,49.4,0.5,1.1,5,2.7,0.2,9,0.3,0,0,0.2,8,0,5.6,12.8,1,2.3,5.3,68,19,1,0.5,1.2,0.1,3,0,0,11.7,10.7,No recurring injuries,Above Average,1.7,67,0.2,0,0,0,0,0,0,0,0,0,0,1.2,0.8
Serie A,AS Roma,0.5,Wesley,WB (R),"WB (L), M (R)",23,"5'10""",Weak,Very Strong,7.05,1,1640,0,0,0,0.83,0.83,-0.83,0,0%,0.083,0.5,0.3,0.3,50%,0,0,0,2,0.1,3.39,0.2,86%,51.1,0.4,2.1,4.8,8.3,1.4,17,8.3,1.4,17,3.1,16,3,13.7,12,1.9,3.2,10.9,74,46,1,0.2,0.8,0.1,28,4,0,12.6,24.4,No recurring injuries,Below Average,2.2,58,0.1,0,0,0,0,0,0,0,0,0,0,1.3,1.1
Serie A,Genoa,0.5,Alan Matturro,D (L),WB (L),22,"6'2""",Very Strong,Weak,6.82,0,1620,0,0,0,1.05,1.05,-1.05,0.1,0%,0.175,0.3,0,0.1,0%,0,0,0,0,0,1.08,0.1,92%,41,0.1,0.2,1.9,0.1,0.1,100,0.1,0.1,100,0,10,0,3.3,9.8,0.7,2.9,2.3,81,16,3,0.6,1.2,0.2,11,2,0,9.5,3.5,No recurring injuries,Very Low,4.9,69,0.8,0,0,0,0,0,0,0,0,0,0,0.8,0.9
Premier League,Bournemouth,0.44,Vinicius Tobias,D (R),,22,"5'10""",Reasonable,Very Strong,6.68,0,1185,0,0,0,1.08,0.31,-1.08,0.1,0%,0.27,0.3,0.2,0.2,50%,0,1,0,1,0.1,1.01,0.1,89%,57.6,0.2,1.1,5.7,1.4,0.1,5,1.3,0,0,0.8,3,0,8.1,11.7,1.7,3.6,5.2,73,30,4,0.8,1.1,0.3,8,3,0,12.1,14,No recurring injuries,Low,3.4,36,0.2,0,0,0,0,0,0,0,0,0,0,1.7,1.7
Premier League,Moreirense,0.44,Mateja Stjepanović,DM,D (C),22,"6'1""",Very Weak,Very Weak,6.86,0,1054,0,0,0,1.32,1.32,-1.32,0.1,0%,0.132,0.9,0.2,0.2,20%,0,0,0,3,0.3,3.39,0.3,90%,52.1,0.4,0.8,6.1,0.3,0,0,0.3,0,0,0.1,6,0,6.5,11.3,1.4,2.1,5.9,89,18,1,0.4,0.6,0.1,9,1,0,11.8,12,No recurring injuries,Below Average,2.2,58,0.2,0,0,0,0,0,0,0,0,0,0,0.9,0.9
Serie A,Como,0.5,Álex Valle,D (L),,22,"5'10""",Very Strong,Reasonable,6.85,0,1530,0,0,0,0.8,0.8,-0.8,0,0%,0.1142857143,0.4,0.1,0.1,14%,0,0,0,0,0,1.19,0.1,91%,56.5,0.1,0.8,6.9,1.7,0.2,13,1.7,0.2,14,1.1,21,3,15.3,10.4,1.9,2.6,8,78,41,0,0.8,0.7,0.7,31,2,0,11.1,16.9,No recurring injuries,Very Low,2.2,49,0.1,0,0,0,0,0,0,0,0,0,0,0.9,1.4
Premier League,Rio Ave,0.53,Andreas Ndoj,"D (C), DM",,23,"6'3""",Very Weak,Very Weak,6.82,0,1170,0,0,0,0.41,0.41,-0.41,0,0%,0.06833333333,0.5,0,0.2,0%,0,0,0,0,0,2.39,0.2,89%,46.9,0,0.3,3.1,0,0,0,0,0,0,0,2,1,4,14.7,0.7,2.5,4.2,90,10,0,0.2,0.5,0.5,11,2,0,10.5,8,No recurring injuries,Below Average,3.8,72,1.2,0,0,0,0,0,0,0,0,0,0,1.3,1.4
Sky Bet Championship,Norwich,0.56,José Córdoba,D (C),,25,"6'2""",Very Strong,Very Weak,6.99,0,1196,0,0,0,0.7,0.7,-0.7,0.1,0%,0.14,0.4,0.1,0,20%,0,0,0,1,0.1,0.98,0.1,93%,42,0,0.3,1.9,0,0,0,0,0,0,0,5,0,2.6,17.5,0.4,3.6,2.8,71,7,1,0.9,1.4,0.5,2,1,0,10.6,4.7,No recurring injuries,Above Average,5.3,76,0.8,0,0,0,0,0,0,0,0,0,0,1.2,0.7
Sky Bet Championship,Derby,0.56,Jacob Widell Zetterström,GK,,28,"6'6""",Weak,Very Strong,6.98,4,1800,0,0,0,0,0,0,0,0%,0,0,0,0,0%,0,0,0,0,0,0,0,80%,25,0,0,0,0,0,0,0,0,0,0,3,0,7.4,4.5,0.1,0,0,50,2,0,0,2.8,0,0,0,0,5.5,0,No recurring injuries,Average,0,0,0,10,7.64,0,79,14,35,10,16,2,50,0.9,0.8
Sky Bet Championship,QPR,0.52,Harvey Vale,AM (C),AM (RL),23,"6'1""",Very Strong,Fairly Strong,6.61,0,1335,0,0,0,0.22,0.22,-0.22,0,0%,0.11,0.1,0,0,0%,0,0,0,0,0,0.58,0,86%,54.8,0.1,1.1,6.8,2.6,0.5,18,2.6,0.5,18,1.3,5,1,15,10.8,1.8,3.6,7.2,84,32,0,0.4,0.9,0.1,12,1,0,11.5,14,No recurring injuries,Above Average,3.4,56,0.1,0,0,0,0,0,0,0,0,0,0,1.4,1.8
First Division,Real Hispalis,0.53,Valentín Gómez,D (L),D (L),23,"5'11""",Very Strong,Weak,6.65,0,1147,0,0,0,0.01,0.01,-0.01,0,0%,0.01,0.1,0,0.1,0%,0,0,0,0,0,1.63,0.1,93%,56.5,0.1,0.5,4.5,0.5,0.1,14,0.5,0.1,14,0.5,3,0,5.8,18.4,1.6,1.5,4.5,87,23,2,0.5,0.9,0.9,17,1,1,10.1,7.6,Recurring tight calf,Very High,4.2,52,0.6,0,0,0,0,0,0,0,0,0,0,1.6,0.8
Serie A,Parma,0.5,Alessandro Circati,D (C),,23,"6'3""",Weak,Very Strong,6.79,0,1440,0,0,0,0.78,0.78,-0.78,0,0%,0.08666666667,0.6,0.1,0.1,22%,0,0,0,0,0,0.38,0,93%,41.3,0.1,0,2.1,0,0,0,0,0,0,0.1,6,0,2.8,14.8,1.1,2.4,2.7,94,18,3,0.6,0.8,0.6,15,5,0,8.8,2.9,No recurring injuries,Very Low,3.9,60,0.6,0,0,0,0,0,0,0,0,0,0,0.8,0.9
Serie BKT,AC Monza,0.5,Omari Forson,AM (C),AM (L),22,"5'11""",Very Strong,Fairly Strong,7.24,0,1260,0,0,0,2.32,2.32,-2.32,0.2,0%,0.0928,1.8,0.8,0,44%,0,0,0,3,0.2,0.05,0,71%,20,0,0,0,0,0,0,0,0,0,0,18,0,0,0,1.4,0,0,43,47,0,0,0,0,9,0,0,0,0,No recurring injuries,Very Low,0,0,0,0,0,0,0,0,0,0,0,0,0,0,0
Jupiler Pro League,Dender EH,0.54,Luc Marijnissen,D (C),,23,"5'9""",Weak,Very Strong,6.63,1,1527,0,0,0,0.73,0.73,-0.73,0,0%,0.08111111111,0.5,0,0.2,0%,1,0,0,0,0,0.3,0,92%,41.9,0.2,0.1,2.1,0.2,0,0,0.2,0,0,0.1,3,0,3.4,18,0.9,2.9,2.7,88,17,2,0.8,1.1,1,5,2,1,9,3.5,No recurring injuries,Average,5.2,76,0.6,0,0,0,0,0,0,0,0,0,0,1.2,1.3
Premier League,VTSC,0.46,Miguel Maga,D (R),M (R),24,"5'9""",Very Weak,Very Weak,6.85,0,1709,0,0,0,2.6,2.6,-2.6,0.1,0%,0.1083333333,1.3,0.3,0.4,21%,0,0,0,1,0.1,0.86,0,89%,51.2,0.1,1.1,6.8,1.8,0.4,20,1.8,0.4,20,0.9,15,3,17,7.8,2.2,3.4,6.7,78,54,1,0.9,1.2,0.7,16,1,0,10.4,14.6,No recurring injuries,Above Average,3.9,51,0.4,0,0,0,0,0,0,0,0,0,0,1.7,1.4
Serie A,Fiorentina,0.5,Pietro Comuzzo,D (C),,21,"6'1""",Reasonable,Very Strong,6.74,0,1711,0,0,0,0.16,0.16,-0.16,0,0%,0.16,0.1,0,0,0%,0,0,0,0,0,0.67,0,92%,47.5,0,0.2,2,0.1,0,0,0.1,0,0,0.1,5,0,4.1,13.6,0.3,2.7,2.3,71,7,1,1.2,1.1,0.6,8,2,0,10,4.6,No recurring injuries,Very Low,5.1,75,0.8,0,0,0,0,0,0,0,0,0,0,1.3,0.8
Serie A,Blu-neri,0.5,Gerard Martín,D (L),WB (L),24,"6'1""",Very Strong,Weak,6.78,0,1033,0,0,0,1.08,1.08,-1.08,0.1,0%,0.1542857143,0.6,0.2,0.2,29%,0,0,0,2,0.2,1.19,0.1,93%,52.9,0.1,0.2,3.7,0.1,0,0,0.1,0,0,0.1,0,0,3.1,10,0.8,2.4,2.6,60,15,1,0.5,0.5,0.3,7,6,0,10.6,4.8,No recurring injuries,Below Average,3,49,0.4,0,0,0,0,0,0,0,0,0,0,2,0.8
Ligue 1 McDonald's,RC Lens,0.48,Robin Risser,GK,,21,"6'4""",Weak,Very Strong,6.93,2,2070,0,0,0,0,0,0,0,0%,0,0,0,0,0%,0,0,0,0,0,0,0,91%,24.1,0,0,0.1,0,0,0,0,0,0,0,6,0,5.3,4.1,0,0.1,0,100,1,0,0,1.8,0,1,1,0,6.3,0,No recurring injuries,Above Average,0,0,0,10,10.51,0,82,22,46,12,18,1,100,1,0.8
Bundesliga,VfL Wolfsburg,0.47,Kamil Grabara,GK,,27,"6'5""",Weak,Very Strong,6.43,0,1064,0,0,0,0,0,0,0,0%,0,0,0,0,0%,0,0,0,0,0,0,0,91%,24.8,0,0,0,0,0,0,0,0,0,0,3,0,9.2,3.3,0.2,0,0,40,5,0,0,1.4,0,1,1,1,5.8,0,No recurring injuries,Average,0,0,0,1,0.62,1,67,9,21,7,20,5,40,0.8,1.7
Sky Bet Championship,Middlesbrough,0.50,Leo Castledine,AM (C),"AM (RL), ST (C)",21,"5'10""",Reasonable,Very Strong,6.7,0,1200,0,0,0,0.9,0.9,-0.9,0.1,0%,0.045,1.5,0.5,0.5,35%,0,0,0,0,0,0.73,0.1,89%,39.1,0.1,1.2,2.3,1.1,0.3,28,1,0.3,31,1.1,9,3,16.9,10.6,0.6,1.2,5,80,10,0,0.2,0.1,0,5,0,0,9.9,8.2,No recurring injuries,Above Average,2.5,27,0.1,0,0,0,0,0,0,0,0,0,0,0.9,1.1
Premier League,Newcastle,0.54,Lewis Hall,D (L),,22,"5'10""",Very Strong,Reasonable,6.99,0,1286,0,0,0,0.03,0.03,-0.03,0,0%,0.01,0.2,0.1,0.2,67%,0,0,0,2,0.1,1.06,0.1,92%,82.9,0.1,0.6,8.1,4,0.7,17,1,0.2,20,0.6,3,0,10.8,12.8,2,3.9,7.2,68,41,0,0.6,0.7,0.2,9,0,0,12.8,16.9,No recurring injuries,Average,2.9,48,0.1,0,0,0,0,0,0,0,0,0,0,2.2,0.8
Premier League,Rio Ave,0.53,Cezary Miszta,GK,,25,"6'4""",Very Weak,Very Weak,6.64,1,1080,0,0,0,0,0,0,0,0%,0,0,0,0,0%,0,0,0,0,0,0,0,89%,24,0,0,0,0,0,0,0,0,0,0,6,0,5.5,4.8,0,0,0,0,3,0,0,1.8,0,0,0,0,6.7,0,No recurring injuries,Very Low,0,0,0,3,-0.76,0,70,11,26,4,17,3,0,1.4,1.4
Jupiler Pro League,OH Leuven,0.47,Łukasz Łakomy,M (C),AM (C),25,"6'0""",Very Strong,Strong,6.69,0,1001,0,0,0,0.45,0.45,-0.45,0,0%,0.075,0.5,0.1,0.3,17%,0,0,0,1,0.1,2.59,0.2,89%,52.5,0.3,0.8,6.3,0.4,0.2,50,0.4,0.2,50,0.2,7,1,6.1,11.7,1.2,2.2,5.8,62,21,1,0.6,1.1,0.1,5,0,0,10.9,10.8,No recurring injuries,Below Average,1.2,15,0,0,0,0,0,0,0,0,0,0,0,1.3,1.4
Ligue 1 McDonald's,FC Lorient,0.42,Yvon Mvogo,GK,,32,"6'2""",Weak,Very Strong,6.6,0,1260,0,0,0,0,0,0,0,0%,0,0,0,0,0%,0,0,0,0,0,0,0,71%,25.6,0,0,0.1,0,0,0,0,0,0,0,7,0,13.8,3.8,0,0.1,0,0,2,0,0,3.6,0,0,0,0,5.7,0.1,No recurring injuries,Below Average,0,0,0,3,0.47,0,71,13,25,9,20,2,0,0.8,1.4
Serie A,Bergamo,0.5,Berat Djimsiti,D (C),,33,"6'3""",Reasonable,Very Strong,7.04,0,1350,0,0,0,0.57,0.57,-0.57,0,0%,0.19,0.2,0,0.1,0%,0,0,0,1,0.1,0.21,0,92%,46.8,0.1,0.1,2.8,0,0,0,0,0,0,0,4,0,3.3,12.1,1,3,2.9,100,15,4,0.5,0.8,0.8,11,3,0,9.2,4.7,No recurring injuries,Very Low,5.1,81,1.2,0,0,1,0,0,0,0,0,0,0,1.2,1.3
Second Division,Espanyol,0.57,Ulisses Garcia,D (L),,30,"6'0""",Very Strong,Weak,7.05,0,1112,0,0,0,0.12,0.12,-0.12,0,0%,0.12,0.1,0,0,0%,0,0,0,1,0.1,1.16,0.1,91%,49.2,0.3,1.3,6.2,5.4,1.2,22,5.4,1.2,22,4.9,8,2,17.3,11.1,2.2,3.6,10,69,39,1,0.9,1,0.2,28,4,0,13.2,27.5,No recurring injuries,Average,3.1,53,0.2,0,0,0,0,0,0,0,0,0,0,1.2,1.1
Bundesliga,Borussia M'gladbach,0.44,Nico Elvedi,D (C),D (R),30,"6'2""",Fairly Strong,Very Strong,6.76,0,1207,0,0,0,1.17,1.17,-1.17,0.1,0%,0.195,0.4,0.1,0.1,33%,0,0,0,0,0,0.89,0.1,91%,50.9,0,0.2,2,0.1,0.1,100,0.1,0.1,100,0.1,5,0,3.2,11.8,0.7,2.9,3.1,83,12,4,0.7,1.1,1,8,2,0,10.3,4,No recurring injuries,Above Average,5.3,75,0.7,0,0,0,0,0,0,0,0,0,0,0.7,1.5
Serie BKT,Padova,0.5,Nicolas Haas,M (C),"DM, AM (C)",30,"6'0""",Reasonable,Very Strong,7.14,0,1260,0,0,0,2.55,2.55,-2.55,0.2,0%,0.1275,1.4,0.5,0,35%,0,0,0,4,0.3,2.02,0.1,71%,20,0,0,0,0,0,0,0,0,0,0,25,0,0,0,1.4,0,0,90,21,0,0,0,0,17,1,0,0,0,No recurring injuries,Very Low,0,0,0,0,0,0,0,0,0,0,0,0,0,0,0
Jupiler Pro League,Club Brugge,0.54,Joaquin Seys,D (L),,21,"5'10""",Very Strong,Fairly Strong,6.62,0,1203,0,0,0,0.29,0.29,-0.29,0,0%,0.145,0.1,0,0,0%,0,0,0,0,0,1.11,0.1,86%,56.8,0.1,0.6,7.6,2,0.2,11,2,0.2,11,1.3,9,0,14.8,11.4,2.1,3.1,6.9,88,32,1,0.4,0.7,0.3,20,1,1,11.4,15.4,No recurring injuries,Average,2.3,58,0.2,0,0,0,0,0,0,0,0,0,0,1.2,0.7
Serie BKT,Modena F.C.,0.5,Charles Pickel,DM,,29,"6'0""",Reasonable,Very Strong,7.16,0,1184,0,0,0,1.15,1.15,-1.15,0.1,0%,0.14375,0.6,0.1,0,13%,0,0,0,2,0.2,1.41,0.1,67%,21.3,0,0,0,0,0,0,0,0,0,0,21,0,0,0,2.1,0,0,79,34,0,0,0,0,35,1,0,0,0,No recurring injuries,Very Low,0,0,0,0,0,0,0,0,0,0,0,0,0,0,0
Bundesliga 2,SSV Jahn Regensburg,0.47,Marko Ivezić,D (C),M (C),24,"6'3""",Weak,Very Strong,7.02,0,1132,0,0,0,0.14,0.14,-0.14,0,0%,0.04666666667,0.2,0,0.1,0%,0,0,0,0,0,0.72,0.1,91%,49.8,0.2,0.3,2.8,0.2,0,0,0.2,0,0,0.1,4,0,4.7,13.9,0.9,3.3,4.5,61,18,1,0.6,1,0.8,6,1,0,11.9,9,No recurring injuries,Below Average,4,74,0.7,0,0,0,0,0,0,0,0,0,0,0.9,0.7
Second Division,Villarreal B,0.45,Rubén Gómez,GK,,24,"6'1""",Fairly Strong,Very Strong,6.76,1,1530,0,0,0,0,0,0,0,0%,0,0,0,0,0%,0,0,0,0,0,0,0,83%,24.2,0,0.1,0,0,0,0,0,0,0,0,2,0,6.8,3.3,0,0,0,0,1,0,0,3.9,0,0,0,0,5.2,0,No recurring injuries,Below Average,0,0,0,3,5.41,0,75,15,35,11,20,1,0,0.5,1.2
Ligue 1 McDonald's,AS Monaco,0.50,Denis Zakaria,DM,,30,"6'3""",Weak,Very Strong,6.96,1,1453,0,0,0,1.24,1.24,-1.24,0.1,0%,0.08857142857,0.9,0.1,0.4,14%,0,0,0,1,0.1,1.77,0.1,92%,52.3,0.1,0.6,4.4,0.1,0.1,100,0.1,0.1,100,0.4,3,0,5.4,11.8,0.7,1.7,7,63,19,1,0.7,0.9,0.5,19,6,0,12.6,15.4,No recurring injuries,Average,2.7,67,0.4,0,0,0,0,0,0,0,0,0,0,1.5,0.9
Bundesliga,Borussia Dortmund,0.62,Gregor Kobel,GK,,28,"6'5""",Weak,Very Strong,6.91,3,1710,0,0,0,0,0,0,0,0%,0,0,0,0,0%,0,0,0,0,0,0,0,84%,24.1,0,0,0.2,0,0,0,0,0,0,0,7,0,4.9,5.9,0.1,0.1,0,100,2,0,0,1.3,0,2,2,0,5.9,0,No recurring injuries,Above Average,0,0,0,6,7.44,0,81,20,37,10,18,2,100,1.5,0.9
Bundesliga,VfL Wolfsburg,0.47,Saël Kumbedi,D (R),,21,"5'9""",Weak,Very Strong,6.64,0,1026,0,0,0,1.05,1.05,-1.05,0.1,0%,0.21,0.4,0.1,0.1,20%,0,0,0,0,0,0.42,0,90%,58.3,0.1,1.2,7.2,1.7,0.1,5,1.7,0.1,5,0.4,12,3,16.9,12.4,2.2,3.1,7.4,83,30,1,0.3,1,0.7,21,4,0,12,15.4,No recurring injuries,Below Average,2.2,36,0.1,0,0,0,0,0,0,0,0,0,0,0.9,1.7
Ligue 2 BKT,Rodez,0.40,Mathis Magnin,D (C),DM,25,"6'3""",Weak,Very Strong,6.86,0,1440,0,0,0,0.73,0.73,-0.73,0,0%,0.073,0.6,0.1,0.2,20%,1,0,0,0,0,0.76,0,96%,40.4,0.1,0.1,1.1,0.1,0,0,0.1,0,0,0,5,1,4.8,13.4,0.2,3,2.3,57,7,1,0.6,1.2,0.9,5,0,0,9,4.4,No recurring injuries,Below Average,6.4,71,1,0,0,0,0,0,0,0,0,0,0,0.8,1
Eredivisie,Telstar,0.39,Tyrese Noslin,WB (R),M (L),24,"6'0""",Very Strong,Weak,6.67,0,1247,0,0,0,0.83,0.83,-0.83,0.1,0%,0.07545454545,0.8,0.1,0.3,18%,1,0,0,1,0.1,0.96,0.1,88%,52,0.1,0.4,6.6,2.7,0.8,29,2.7,0.8,30,1.2,17,0,15.8,7.7,1.7,3.5,6.6,92,25,0,0.3,0.6,0.3,10,1,0,12.5,18.2,No recurring injuries,Average,4.8,38,0.2,0,0,0,0,0,0,0,0,0,0,0.6,1.4
Jupiler Pro League,Standard,0.50,Matthieu Epolo,GK,,21,"6'2""",Reasonable,Very Strong,6.76,2,1170,0,0,0,0,0,0,0,0%,0,0,0,0,0%,0,0,0,0,0,0,0,76%,23.7,0,0,0,0,0,0,0,0,0,0,4,0,8.7,3.9,0.1,0,0,100,1,0,0,3.7,0,0,0,0,5.2,0,No recurring injuries,Below Average,0,0,0,5,2.31,0,74,5,18,6,11,1,100,0.9,0.8
Ligue 1 McDonald's,FC Lorient,0.42,Isaak Touré,D (C),,23,"6'8""",Very Strong,Weak,6.61,0,1012,0,0,0,0.16,0.16,-0.16,0,0%,0.032,0.4,0,0.2,0%,0,0,0,0,0,0.09,0,86%,41.7,0,0.1,3,0.1,0.1,100,0.1,0.1,100,0,0,0,4.9,10.5,0.3,3.3,2.6,100,3,1,0.8,1,1,2,0,0,9.5,3.8,No recurring injuries,High,5.4,75,1.3,0,0,0,0,0,0,0,0,0,0,0.9,1.4
Second Division,R. Santander,0.51,Gustavo Puerta,DM,,23,"5'9""",Reasonable,Very Strong,7.07,0,1520,0,0,0,1.56,1.56,-1.56,0.1,0%,0.08666666667,1.1,0.3,0.5,28%,2,0,0,2,0.1,2.95,0.2,93%,59.2,0.1,0.8,7.3,2.1,0.4,16,0.4,0.1,17,0.1,11,0,4.9,12.3,1.7,2.1,4.8,85,34,1,0.5,0.9,0.3,14,4,0,11.8,13.3,No recurring injuries,Below Average,1.5,81,0.1,0,0,1,0,0,0,0,0,0,0,1.2,1
Sky Bet Championship,Portsmouth,0.49,Terry Devlin,DM,WB (R),23,"5'11""",Reasonable,Very Strong,6.84,0,1340,0,0,0,1.69,1.69,-1.69,0.1,0%,0.1207142857,0.9,0,0.4,0%,1,0,0,0,0,0.89,0.1,87%,52.2,0.1,0.9,5.7,0.9,0.2,21,0.9,0.2,21,0.4,11,0,11.6,12.2,1.5,3,6.7,81,27,2,1,1.3,0.7,4,0,0,11.5,16.1,No recurring injuries,Low,3.2,54,0.1,0,0,0,0,0,0,0,0,0,0,0.9,1.1
Premier League,TND,0.55,Bernardo Fontes,GK,,24,"6'5""",Very Weak,Very Weak,6.69,1,1170,0,0,0,0,0,0,0,0%,0,0,0,0,0%,0,0,0,0,0,0,0,74%,21.6,0,0,0,0,0,0,0,0,0,0,3,0,5.7,4.6,0,0,0,0,0,0,0,3.7,0,1,1,0,4.9,0,No recurring injuries,Average,0,0,0,3,0.11,0,76,16,32,7,17,0,0,1.3,1.3
First Division,Villarreal,0.53,Carlos Romero,D (L),,25,"5'9""",Very Strong,Weak,6.92,0,1063,0,0,0,0.15,0.15,-0.15,0,0%,0.15,0.1,0,0,0%,0,0,0,2,0.2,0.52,0,91%,66.5,0,0.8,9.2,2.6,0.4,16,2.6,0.4,16,1.5,8,0,11.5,13,1.5,4.1,7.6,75,24,2,0.6,0.5,0.4,16,3,0,11.3,15,No recurring injuries,Below Average,2.3,56,0.1,0,0,0,0,0,0,0,0,0,0,1.5,1.3
Bundesliga,Eintracht Frankfurt,0.46,Hugo Larsson,M (C),,22,"6'2""",Weak,Very Strong,6.44,0,1369,0,0,0,2.39,2.39,-2.39,0.2,0%,0.1195,1.3,0.1,0.5,10%,0,0,0,2,0.1,1.4,0.1,96%,17.8,0.2,0.1,1.7,0.1,0,0,0.1,0,0,0.1,11,0,11.6,11.7,0.7,0.7,1.8,100,10,0,0.1,0.2,0,3,2,1,3.6,3.8,No recurring injuries,Above Average,0.7,45,0,0,0,0,0,0,0,0,0,0,0,1.1,1.1
Eredivisie,FC Groningen,0.56,Stije Resink,M (C),,23,"6'1""",Reasonable,Very Strong,6.93,0,1200,0,0,0,0.42,0.42,-0.42,0,0%,0.084,0.4,0.1,0.1,20%,0,0,0,1,0.1,2.04,0.2,94%,58.9,0.3,0.6,5.8,0.1,0,0,0.1,0,0,0,7,3,5,18.5,1.1,2.8,4.5,78,18,1,0.6,0.8,0.1,6,0,0,11.7,12.9,No recurring injuries,Below Average,1.7,57,0.1,0,0,0,0,0,0,0,0,0,0,1.2,0.9
Second Division,Mallorca,0.57,Leo Román,GK,,26,"6'2""",Weak,Very Strong,6.83,1,1350,0,0,0,0,0,0,0,0%,0,0,0,0,0%,0,0,0,0,0,0,0,90%,23.4,0,0,0,0,0,0,0,0,0,0,7,0,4.5,4.7,0,0,0,0,1,0,0,2.5,0,1,1,0,6.3,0,No recurring injuries,Below Average,0,0,0,6,1.37,1,67,1,19,5,12,1,0,1.5,0.8
Second Division,Albacete,0.41,Pepe Sánchez,D (C),,26,"6'1""",Weak,Very Strong,6.61,0,1449,0,0,0,1.45,1.45,-1.45,0.1,0%,0.29,0.3,0.1,0.1,20%,0,0,0,0,0,0.76,0,92%,41.1,0.1,0.2,1.9,0,0,0,0,0,0,0,2,0,3.8,10.8,0.3,2.7,2.1,63,8,2,0.8,1.6,0.6,4,2,0,10.2,4.5,No recurring injuries,Below Average,5.3,79,0.6,0,0,0,0,0,0,0,0,0,0,0.9,1.2
First Division,Vigo,0.52,Hugo Álvarez,WB (L),M/AM (L),23,"5'9""",Fairly Strong,Very Strong,6.87,2,1056,0,0,0,0.76,0.76,-0.76,0.1,0%,0.152,0.4,0.2,0.1,40%,0,0,0,1,0.1,0.93,0.1,89%,52.2,0.2,2,5.2,7.5,1.4,18,6,1.1,19,3.6,11,2,16.9,10.1,2.6,3.2,8.9,82,38,1,0.2,0.4,0.3,18,0,0,11.9,23.7,No recurring injuries,Low,3.8,55,0.4,0,0,0,0,0,0,0,0,0,0,1.3,1.3
Serie A,U.S. Lecce,0.5,Gaby Jean,D (C),D (L),26,"6'3""",Very Strong,Weak,6.69,0,1439,0,0,0,0.59,0.59,-0.59,0,0%,0.1966666667,0.2,0,0.1,0%,0,0,0,0,0,1.81,0.1,91%,52.8,0.1,0.5,6.2,1,0.3,25,1,0.3,25,0.8,9,0,9.6,10.2,1.4,2.5,5.9,88,26,0,0.8,1.2,0.9,17,5,0,11.6,12.8,No recurring injuries,Very Low,3.7,64,0.4,0,0,0,0,0,0,0,0,0,0,0.6,0.9
Eredivisie,sc Heerenveen,0.41,Maas Willemsen,D (C),,23,"6'3""",Very Strong,Reasonable,7.06,0,1141,0,0,0,1.13,1.13,-1.13,0.1,0%,0.14125,0.6,0.2,0.2,38%,0,0,0,1,0.1,1.16,0.1,93%,41,0.3,0.2,2.1,2.8,0.4,13,0.1,0.1,100,0,2,0,2.9,14.5,0.5,3.4,3.1,67,9,0,0.7,1,0.6,8,2,0,9.7,4.7,No recurring injuries,Below Average,5,83,1.4,0,0,0,0,0,0,0,0,0,0,0.7,0.9
First Division,Villarreal,0.53,Rafa Marín,D (C),,24,"6'3""",Weak,Very Strong,7.03,1,1246,0,0,0,0.87,0.87,-0.87,0.1,0%,0.10875,0.6,0.1,0.1,13%,0,0,0,1,0.1,1.31,0.1,91%,51.5,0.1,0.1,2.6,0.1,0,0,0.1,0,0,0.1,1,0,2.9,17.6,0.9,2.4,2.3,67,18,3,1.4,1.8,1,4,0,0,9.8,3.8,No recurring injuries,Average,7.3,79,1.6,0,0,0,0,0,0,0,0,0,0,1.4,1.4
Premier League,West Ham,0.44,Soungoutou Magassa,DM,,23,"6'2""",Reasonable,Very Strong,6.98,0,1470,0,0,0,0.27,0.27,-0.27,0,0%,0.03,0.6,0.2,0.4,44%,0,0,0,1,0.1,0.21,0,91%,54.4,0.1,0.2,4.2,0.1,0.1,100,0.1,0.1,100,0.1,1,0,5.6,10.1,1.5,3.8,3.2,86,28,3,0.4,1,0.4,3,0,0,11.2,6.4,No recurring injuries,Below Average,4.4,74,0.8,0,0,0,0,0,0,0,0,0,0,1.4,1.1
Bundesliga 2,Hertha BSC,0.54,Niklas Kolbe,D (C),D (L),29,"6'5""",Very Strong,Weak,6.69,0,1133,0,0,0,0.49,0.49,-0.49,0,0%,0.08166666667,0.5,0,0.2,0%,1,0,0,0,0,0.89,0.1,90%,43.8,0.1,0.1,2.3,0,0,0,0,0,0,0.1,10,0,2.9,16.7,0.4,2.2,1.8,100,5,0,0.5,0.8,0.9,8,2,1,10.2,3.5,Recurring tight groin,Very High,5.4,81,1.1,0,0,0,0,0,0,0,0,0,0,1.5,0.8
Bundesliga 2,Fortuna Düsseldorf,0.5,Facundo González,D (C),,23,"6'4""",Very Strong,Reasonable,6.66,0,1266,0,0,0,0.26,0.26,-0.26,0,0%,0.04333333333,0.4,0.1,0.2,17%,0,0,0,0,0,0.36,0,93%,42.3,0.1,0.1,1.8,0,0,0,0,0,0,0,4,0,3.2,11.7,0.4,3.1,2.3,86,7,1,1,0.9,0.6,10,5,0,10.4,3.6,No recurring injuries,Average,4.4,77,0.8,0,0,0,0,0,0,0,0,0,0,0.8,1.4
Second Division,Leonesa,0.48,Retu,D (L),,24,"6'1""",Very Strong,Reasonable,6.89,0,1191,0,0,0,0.78,0.78,-0.78,0.1,0%,0.26,0.2,0.1,0,33%,0,0,0,0,0,0,0,87%,57.4,0,1.1,7.3,2.5,0.4,15,2.5,0.4,15,0.6,13,3,16.3,9.4,2,3.1,6.9,79,34,0,0.4,1.2,0.9,15,0,0,11.6,15.7,No recurring injuries,Below Average,4,74,0.9,0,0,1,0,0,0,0,0,0,0,0.7,1.1
Ligue 1 McDonald's,RC Lens,0.48,Mamadou Sangaré,"DM, M (C)",AM (C),24,"5'10""",Very Strong,Reasonable,6.79,0,1676,0,0,0,2.3,2.3,-2.3,0.1,0%,0.09583333333,1.3,0.3,0.6,21%,1,0,0,2,0.1,1.34,0.1,92%,59.5,0.2,0.4,3.5,2.2,0.4,17,0.1,0.1,50,0.4,6,1,6.3,10.8,1.1,2.4,8.3,64,33,1,0.5,1,0.3,13,1,0,11.7,13.5,No recurring injuries,Below Average,1.8,47,0.1,0,0,0,0,0,0,0,0,0,0,1,0.8
Ligue 1 McDonald's,Strasbourg,0.45,Valentín Barco,M (C),M/AM (L),22,"5'8""",Very Strong,Weak,6.95,0,1284,0,0,0,0.83,0.83,-0.83,0.1,0%,0.1185714286,0.5,0.1,0.3,14%,0,0,0,6,0.4,2.46,0.2,92%,64.3,0.4,1.3,6.8,10.3,1.9,18,0.3,0.2,75,0.4,7,2,10.2,10.7,1.5,3.3,5.7,72,29,2,0.6,0.8,0.3,12,0,0,12,13.1,No recurring injuries,Above Average,1.2,24,0,0,0,0,0,0,0,0,0,0,0,1.3,1.2
Serie A,U.S. Lecce,0.5,Oumar Ngom,"DM, M (C)",,22,"6'3""",Reasonable,Very Strong,6.84,1,1017,0,0,0,0.51,0.51,-0.51,0,0%,0.05666666667,0.8,0.1,0.2,11%,0,0,0,1,0.1,0.7,0.1,92%,52.9,0.1,0.5,4.3,0,0,0,0,0,0,0.5,5,1,7.7,11.6,0.7,2,6,73,11,0,0.6,0.5,0.1,9,4,0,11.9,12.7,No recurring injuries,Very Low,2.4,56,0.5,0,0,0,0,0,0,0,0,0,0,0.8,0.9
Eredivisie,sc Heerenveen,0.41,Oliver Braude,DM,M (R),22,"5'9""",Very Strong,Reasonable,6.64,0,1198,0,0,0,1.1,1.1,-1.1,0.1,0%,0.1833333333,0.5,0.2,0.1,33%,0,0,0,1,0.1,0.14,0,87%,53.9,0,0.9,7.9,3.4,0.5,13,2.9,0.3,10,1.3,8,1,14,8.6,1.1,3.4,7.8,65,23,1,0.4,0.9,0.5,14,2,0,11.4,13.9,No recurring injuries,Below Average,4.3,47,0.3,0,0,0,0,0,0,0,0,0,0,0.7,0.9
Sky Bet Championship,Hull,0.39,Charlie Hughes,D (C),,23,"6'2""",Reasonable,Very Strong,6.93,1,1350,0,0,0,0.37,0.37,-0.37,0,0%,0.0925,0.3,0.1,0.1,25%,0,0,0,3,0.2,1.69,0.1,91%,52.9,0.3,0.5,2.5,0.1,0,0,0.1,0,0,0,4,0,2.5,17.8,0.3,3.7,2.7,50,10,3,0.8,0.9,1.1,7,3,0,9.5,5.4,No recurring injuries,Below Average,4.2,65,0.5,0,0,0,0,0,0,0,0,0,0,1.2,1.4
First Division,Elche,0.34,Alejandro Iturbe,GK,,23,"6'1""",Reasonable,Very Strong,6.33,0,1382,0,0,0,0,0,0,0,0%,0,0,0,0,0%,0,0,0,0,0,0,0,82%,24.6,0,0,0,0,0,0,0,0,0,0,4,0,9.7,1.7,0,0,0,0,0,0,0,3.5,0,0,0,1,5.7,0,No recurring injuries,Below Average,0,0,0,1,-8.55,0,66,14,35,7,28,0,0,0.9,1.8
Premier League,Torreense,0.38,David Costa,M (C),"M (R), AM (C)",22,"5'7""",Very Weak,Very Weak,6.5,1,1166,0,0,0,0.38,0.38,-0.38,0,0%,0.095,0.3,0.1,0.1,25%,0,0,0,2,0.2,0.39,0,83%,6.3,0.2,0.2,0.8,0.2,0.1,50,0.2,0.1,50,0.8,5,0,17.5,8,0.2,0.6,1.2,50,4,0,0,0,0,1,0,0,1.6,1.6,No recurring injuries,Below Average,0.7,0,0,0,0,0,0,0,0,0,0,0,0,1.2,1.9
Sky Bet Championship,Wrexham,0.46,Callum Doyle,D (C),,23,"6'3""",Very Strong,Weak,6.85,1,1890,0,0,0,1.23,1.23,-1.23,0.1,0%,0.15375,0.4,0,0.1,13%,0,0,0,0,0,2.18,0.1,92%,54.1,0.2,0.2,2.7,0,0,0,0,0,0,0,5,0,2,18.9,0.9,2.2,3.3,86,21,5,0.7,1,1.2,12,3,0,10,3.3,No recurring injuries,Below Average,4,79,0.8,0,0,0,0,0,0,0,0,0,0,1.1,1.1
Serie A,Genoa,0.5,Brooke Norton-Cuffy,D/WB (R),M (R),22,"5'11""",Weak,Very Strong,6.78,2,1593,0,0,0,0.31,0.31,-0.31,0,0%,0.155,0.1,0.1,0,50%,0,0,0,1,0.1,1.91,0.1,86%,40.3,0.2,2.1,4.7,4.4,0.7,15,4.4,0.7,15,2.7,15,1,17.1,8.4,1.9,2.6,9.8,92,36,2,0.3,0.7,0.2,24,1,2,10.8,21.3,No recurring injuries,Very Low,2.4,70,0.2,0,0,0,0,0,0,0,0,0,0,0.8,0.9
Jupiler Pro League,Standard,0.50,Daan Dierckx,D (C),,23,"6'4""",Reasonable,Very Strong,6.57,0,1276,0,0,0,0.27,0.27,-0.27,0,0%,0.054,0.4,0,0.1,0%,0,0,0,0,0,1.24,0.1,93%,40.8,0.1,0,2,0,0,0,0,0,0,0,3,0,3.7,14.3,0.4,3.4,3.3,71,7,1,0.6,0.8,0.6,8,4,0,9.7,4.3,No recurring injuries,Average,5.5,71,0.8,0,0,0,0,0,0,0,0,0,0,0.8,0.8
Eredivisie,Feyenoord,0.65,Oussama Targhalline,DM,,24,"6'1""",Reasonable,Very Strong,7.03,1,1249,0,0,0,1.25,1.25,-1.25,0.1,0%,0.15625,0.6,0,0.1,0%,0,0,0,5,0.4,6.05,0.4,92%,57.9,0.3,1.3,7.2,0.1,0.1,100,0.1,0.1,100,0.1,2,1,5.3,15.9,1.5,2.9,6,75,28,3,0.6,0.6,0.5,12,2,0,11.7,13.3,No recurring injuries,High,1,64,0.1,0,0,0,0,0,0,0,0,0,0,1.6,1
Ligue 1 McDonald's,RC Lens,0.48,Saud Abdulhamid,WB (R),,27,"5'9""",Reasonable,Very Strong,6.9,0,1958,0,0,0,0.68,0.68,-0.68,0,0%,0.05230769231,0.6,0,0.4,8%,1,0,0,1,0,3.8,0.2,88%,45,0.4,2.2,5.9,6.3,1,16,6.3,1,16,3.4,19,3,16.6,9.6,1.5,3.5,10.6,89,36,1,1,1.2,0.4,29,1,0,12,22.9,No recurring injuries,Average,2.1,40,0,0,0,0,0,0,0,0,0,0,0,0.8,0.6
Serie BKT,Venezia,0.5,Antoine Hainaut,M (C),"WB (R), DM, M (R), AM (C)",24,"6'2""",Reasonable,Very Strong,7.35,0,1193,0,0,0,2.16,2.16,-2.16,0.2,0%,0.09,1.8,0.8,0,46%,0,0,0,0,0,2.76,0.2,68%,21.1,0,0,0,0,0,0,0,0,0,0,16,0,0,0,2.3,0,0,91,33,0,0,0,0,21,0,0,0,0,No recurring injuries,Very Low,0,0,0,0,0,0,0,0,0,0,0,0,0,0,0
Jupiler Pro League,Dender EH,0.54,Brando Moruzzi,D (L),WB (L),22,"6'0""",Very Strong,Weak,6.91,1,1163,0,0,0,0.26,0.26,-0.26,0,0%,0.08666666667,0.2,0.1,0.1,33%,0,0,0,2,0.2,0.55,0,90%,55.1,0.1,1.2,6.3,2,0.2,7,2,0.2,8,0.6,7,1,14.4,13.4,1.7,2.1,7.6,79,28,0,0.6,0.9,0.3,14,0,0,11.5,15.7,No recurring injuries,Below Average,3.5,76,0.6,0,0,0,0,0,0,0,0,0,0,1.4,1.5
Jupiler Pro League,Westerlo,0.47,Dylan Ourega,D (L),M/AM (L),22,"6'0""",Very Strong,Weak,6.71,0,1321,0,0,0,0.18,0.18,-0.18,0,0%,0.09,0.1,0,0,0%,0,0,0,1,0.1,1.39,0.1,89%,54.8,0.1,0.9,6.8,1.3,0.1,10,1.3,0.1,11,1.4,13,3,15.4,10.2,2,3.9,7.7,86,35,1,0.5,1,0.5,22,4,0,11.6,15.5,No recurring injuries,Average,3.2,60,0.1,0,0,0,0,0,0,0,0,0,0,0.9,1.4
Second Division,Coruña,0.5,Dani Barcia,D (C),D (L),23,"6'1""",Very Strong,Weak,6.86,1,1236,0,0,0,0.69,0.69,-0.69,0.1,0%,0.138,0.4,0.1,0,20%,0,0,0,1,0.1,0.35,0,96%,42.7,0.1,0.2,1.8,0,0,0,0,0,0,0.1,2,0,3.1,15.3,0.4,2.6,2.8,71,7,3,0.7,0.6,0.1,8,1,0,10.1,3.1,No recurring injuries,Below Average,6,71,1,0,0,0,0,0,0,0,0,0,0,0.7,1.2
Jupiler Pro League,OH Leuven,0.47,Roggerio Nyakossi,D (C),,22,"6'4""",Very Weak,Very Strong,6.69,0,1252,0,0,0,0.77,0.77,-0.77,0.1,0%,0.154,0.4,0,0.1,0%,0,0,0,0,0,0.58,0,93%,41.2,0,0,0.9,0,0,0,0,0,0,0,3,0,4.3,11.1,0.1,2.8,2.1,67,3,0,1.4,1.2,0.9,7,5,0,9.8,4.3,No recurring injuries,Average,4.9,79,1,0,0,0,0,0,0,0,0,0,0,0.8,1.2
Eredivisie,Sparta Rotterdam,0.46,Alwande Roaldsøy,M (C),D (C),22,"6'4""",Reasonable,Very Strong,6.9,0,1047,0,0,0,0.63,0.63,-0.63,0.1,0%,0.07875,0.7,0,0.2,0%,1,0,0,4,0.3,2.39,0.2,89%,45.9,0.2,0.5,3.7,0.1,0,0,0.1,0,0,0.3,2,0,6.4,11.5,1.2,2.4,4.9,78,18,0,0.3,0.6,0.4,11,4,0,10.6,9.1,No recurring injuries,Below Average,2.9,71,0.3,0,0,0,0,0,0,0,0,0,0,1.1,1.3
Jupiler Pro League,STVV,0.39,Maximilian Braune,GK,,23,"6'1""",Very Weak,Very Strong,6.76,1,1440,0,0,0,0,0,0,0,0%,0,0,0,0,0%,0,0,0,0,0,0,0,83%,25.3,0,0,0,0,0,0,0,0,0,0,9,0,8,3.7,0,0,0,0,0,0,0,3.3,0,0,0,0,5.4,0,No recurring injuries,Above Average,0,0,0,5,1.72,1,70,11,20,12,18,0,0,0.6,1.1
Ligue 2 BKT,Grenoble,0.46,Lucas Bernadou,M (C),"DM, AM (C)",26,"5'10""",Reasonable,Very Strong,6.43,0,1019,0,0,0,0.19,0.19,-0.19,0,0%,0.0475,0.4,0.2,0.2,50%,0,0,0,1,0.1,1.82,0.2,0%,0,0.1,0.1,0,0,0,0,0,0,0,0,4,0,15.9,9.3,0,0,0,0,0,0,0,0,0,1,1,0,0,0,No recurring injuries,High,0,0,0,0,0,0,0,0,0,0,0,0,0,1.1,1.1
Bundesliga 2,Hertha BSC,0.54,Tjark Ernst,GK,,23,"6'4""",Weak,Very Strong,7.08,3,1170,0,0,0,0,0,0,0,0%,0,0,0,0,0%,0,0,0,0,0,0,0,83%,24.1,0,0,0,0,0,0,0,0,0,0,1,0,8.8,3.2,0.1,0,0,33,3,0,0,2.6,0,0,0,0,5.6,0,No recurring injuries,Average,0,0,0,6,7.12,0,82,10,29,3,10,3,33,1.2,0.8
Bundesliga,Borussia M'gladbach,0.44,Philipp Sander,DM,D (C),28,"6'1""",Reasonable,Very Strong,6.84,0,1073,0,0,0,1.3,1.3,-1.3,0.1,0%,0.1444444444,0.8,0.2,0.2,22%,0,0,0,0,0,3.09,0.3,92%,59.4,0.2,0.4,4.2,0.1,0,0,0.1,0,0,0.1,10,0,7.4,9.6,0.9,3.4,4.8,52,21,2,0.4,0.7,0.2,11,3,0,11.4,12.9,No recurring injuries,Average,1.6,74,0,0,0,0,0,0,0,0,0,0,0,0.8,1.5
Bundesliga,Eintracht Frankfurt,0.46,Nathaniel Brown,D (L),,23,"5'9""",Very Strong,Reasonable,7.14,2,1691,0,0,0,0.37,0.37,-0.37,0,0%,0.06166666667,0.3,0.1,0.2,17%,0,0,0,1,0.1,1.81,0.1,91%,68.7,0.3,0.8,10,3.4,0.6,19,2.3,0.4,19,1.1,12,3,12.6,12.6,2.1,3.2,8,87,46,1,0.6,0.7,0.2,14,1,0,11.6,16,No recurring injuries,Below Average,2.5,36,0.1,0,0,0,0,0,0,0,0,0,0,1,1.1
Bundesliga,1. FC Nürnberg,0.5,Fabio Gruber,D (C),,24,"6'2""",Reasonable,Very Strong,7,2,1178,0,0,0,0.68,0.68,-0.68,0.1,0%,0.09714285714,0.5,0.1,0.2,14%,0,0,0,2,0.2,1.63,0.1,92%,43.2,0.2,0.4,2,0.1,0,0,0.1,0,0,0,2,1,2.4,15.7,0.6,3.1,2.6,89,9,4,0.8,1.3,0.7,8,2,0,10.1,5,No recurring injuries,Above Average,5,77,0.8,0,0,0,0,0,0,0,0,0,0,1.5,1.5
Eredivisie,N.E.C.,0.54,Anselmo García Mac Nulty,D (C),D (L),23,"6'2""",Very Strong,Weak,6.62,0,1170,0,0,0,1.08,1.08,-1.08,0.1,0%,0.1542857143,0.5,0.2,0.2,29%,0,0,0,0,0,1.45,0.1,86%,40.9,0.2,0.1,2.1,0,0,0,0,0,0,0,6,0,3.4,16.7,0.9,2.3,2.8,80,15,2,0.7,1.6,0.7,9,2,0,10.1,3.5,No recurring injuries,Below Average,4.7,75,1.2,0,0,0,0,0,0,0,0,0,0,1,1.4
Premier League,Brentford,0.38,Michael Kayode,D (R),D (L),22,"5'10""",Reasonable,Very Strong,6.97,0,1079,0,0,0,0.64,0.64,-0.64,0.1,0%,0.128,0.4,0.1,0.3,20%,0,0,0,3,0.3,1.05,0.1,89%,60.9,0.4,1.5,7.3,2.1,0.3,16,2.1,0.3,16,0.6,14,3,13.9,12.3,3.3,4.4,9.5,93,43,2,0.5,1,0.3,20,2,0,12.9,21.6,No recurring injuries,Below Average,3.3,58,0.3,0,0,1,0,0,0,0,0,0,0,1.7,1.4
Serie BKT,Cittadella,0.5,Edoardo Piana,GK,,23,"6'6""",Weak,Very Strong,7.31,0,1212,0,0,0,0,0,0,0,0%,0,0,0,0,0%,0,0,0,0,0,0,0,59%,20.8,0,0,0,0,0,0,0,0,0,0,28,0,0,0,0,0,0,0,0,0,0,0,0,0,0,0,0,0,No recurring injuries,Very Low,0,0,0,6,0,0,0,0,0,0,14,0,0,0,0
Bundesliga 2,Karlsruher SC,0.46,Tim Dietrich,D (C),"D (L), DM",24,"6'3""",Very Strong,Weak,6.64,0,1009,0,0,0,0.34,0.34,-0.34,0,0%,0.085,0.4,0.1,0.2,25%,1,0,0,0,0,0.39,0,90%,43.1,0.3,0.1,1.6,0.1,0,0,0.1,0,0,0,3,0,4.2,9.8,0.3,2.3,2.7,50,6,1,1.2,1.1,0.4,8,2,0,10,4.3,No recurring injuries,Below Average,5.6,65,0.7,0,0,0,0,0,0,0,0,0,0,1,0.7
Jupiler Pro League,RWDM Brussels,0.50,Yacouba Barry,M (C),,24,"6'2""",Weak,Very Strong,6.76,0,1088,0,0,0,0.78,0.78,-0.78,0.1,0%,0.1114285714,0.6,0,0.2,0%,0,0,0,1,0.1,1.35,0.1,93%,52.1,0.1,0.7,4.1,0.1,0,0,0.1,0,0,0,5,0,5.7,14.1,1.2,3.1,6.4,65,23,0,0.5,1.1,0,8,1,0,12.1,10,No recurring injuries,High,1.9,74,0.1,0,0,0,0,0,0,0,0,0,0,1.2,1.2
Bundesliga,SV Werder Bremen,0.46,Mio Backhaus,GK,,22,"6'4""",Weak,Very Strong,6.79,2,1196,0,0,0,0,0,0,0,0%,0,0,0,0,0%,0,0,0,0,0,0,0,79%,24.2,0,0,0.2,0,0,0,0,0,0,0,3,0,8.4,3.1,0,0,0,0,3,0,0,2.7,0,0,0,0,5.9,0,No recurring injuries,Average,0,0,0,3,-0.85,0,69,7,12,11,13,3,0,0.7,1
Ligue 2 BKT,Pau FC,0.48,Tom Pouilly,D (R),"D (C), WB (R), DM, M (C)",23,"5'11""",Weak,Very Strong,6.76,1,1061,0,0,0,1.19,1.19,-1.19,0.1,0%,0.1322222222,0.8,0.1,0.3,11%,0,0,0,0,0,0.76,0.1,88%,55.7,0.1,0.7,6.7,2,0.3,12,2,0.3,13,0.9,9,3,13.1,11.7,1.6,3.1,7.3,73,26,1,0.3,0.8,0.7,12,1,0,11.5,15.1,No recurring injuries,Average,3.7,68,0.3,0,0,0,0,0,0,0,0,0,0,1.2,1.1
Bundesliga 2,1. FC Saarbrücken,0.5,Niko Bretschneider,D (L),WB/M (L),27,"5'11""",Very Strong,Reasonable,6.68,0,1105,0,0,0,0.11,0.11,-0.11,0,0%,0.11,0.1,0,0,0%,0,0,0,1,0.1,0.74,0.1,88%,55.1,0.1,1.4,6.9,2.9,0,0,2.9,0,0,0.4,13,1,14.7,8.7,2,2.7,6.6,74,34,1,0.7,1.6,0.2,7,1,0,11.3,15,No recurring injuries,Above Average,3.3,65,0.4,0,0,0,0,0,0,0,0,0,0,0.7,1.3
Jupiler Pro League,KRC Genk,0.54,Zakaria El Ouahdi,WB (R),,24,"5'8""",Reasonable,Very Strong,6.99,1,1138,0,0,0,0.69,0.69,-0.69,0.1,0%,0.09857142857,0.6,0,0.1,0%,0,0,0,2,0.2,0.8,0.1,87%,53.9,0.2,0.8,8.1,2.2,0.3,14,2.2,0.3,14,1.2,8,1,13.8,13.5,1.9,2.9,7.9,96,25,1,0.7,0.6,0.7,25,3,0,11.5,17,No recurring injuries,Below Average,3.2,45,0.2,0,0,0,0,0,0,0,0,0,0,1.4,0.8
Serie A,Torino,0.5,Alessandro Dellavalle,D (C),D (RL),22,"6'2""",Reasonable,Very Strong,7.06,0,1350,0,0,0,0.44,0.44,-0.44,0,0%,0.06285714286,0.5,0.1,0.3,14%,1,0,0,2,0.1,1.09,0.1,92%,57.7,0,0.9,6.3,0.9,0.1,7,0.9,0.1,8,0.5,9,1,13.4,12.9,1.6,3.4,7.4,77,31,0,0.4,0.8,0.9,19,2,0,11.2,13.2,No recurring injuries,Very Low,3,69,0.5,0,0,0,0,0,0,0,0,0,0,1.1,1.1
Jupiler Pro League,KV Kortrijk,0.57,Matthew Anderson,D (L),,22,"5'9""",Very Strong,Reasonable,6.81,1,1337,0,0,0,0.25,0.25,-0.25,0,0%,0.08333333333,0.2,0,0.1,0%,0,0,0,3,0.2,0.88,0.1,88%,56.7,0.1,0.9,7.4,3,1.1,36,3,1.1,36,1.3,14,0,13.5,14.5,2.2,3.4,6.7,79,42,1,0.7,1.4,0.7,21,6,0,11.8,15.6,No recurring injuries,Low,2.3,41,0.1,0,0,0,0,0,0,0,0,0,0,1.4,1
Ligue 2 BKT,EA Guingamp,0.54,Noah Solheid,D (C),,23,"6'5""",Very Strong,Weak,6.88,1,1530,0,0,0,0.43,0.43,-0.43,0,0%,0.086,0.3,0.1,0.1,40%,0,0,0,0,0,1.23,0.1,92%,41.5,0.2,0.2,1.5,0,0,0,0,0,0,0,3,0,3,18.2,0.5,3.4,2,82,11,2,0.7,1.4,0.5,9,1,0,9.5,3.8,No recurring injuries,Average,5.2,61,1.7,0,0,0,0,0,0,0,0,0,0,1.2,0.8
First Division,Girona,0.57,Arnau Martínez,D (R),"D (LC), DM",23,"5'11""",Reasonable,Very Strong,6.96,0,1244,0,0,0,0.44,0.44,-0.44,0,0%,0.07333333333,0.4,0.1,0.1,17%,0,0,0,3,0.2,0.93,0.1,91%,62.4,0.1,0.9,8,1.7,0.1,4,1.7,0.1,4,0.7,11,1,11.9,15.6,2.3,3.4,7.5,78,41,2,0.4,1,0.7,15,4,0,10.8,15.6,No recurring injuries,Below Average,3.8,60,0.4,0,0,0,0,0,0,0,0,0,0,1.7,1.3
Sky Bet Championship,Sheffield United,0.52,Femi Seriki,D/WB (R),,23,"6'0""",Weak,Very Strong,7.14,1,1047,0,0,0,0.89,0.89,-0.89,0.1,0%,0.1271428571,0.6,0,0.1,0%,0,0,0,1,0.1,0.39,0,87%,51.7,0,0.9,6.7,1.8,0.2,9,1.8,0.2,10,1.2,9,1,11.9,14.7,2.7,2.7,7.7,91,34,3,0.4,1,0.2,9,1,0,12.3,18,No recurring injuries,Above Average,4.3,68,0.7,0,0,0,0,0,0,0,0,0,0,1.7,0.9
Sky Bet Championship,Preston,0.50,Thierry Small,M (R),"D (R), M/AM (RL)",22,"5'10""",Very Strong,Fairly Strong,6.78,0,1436,0,0,0,0.19,0.19,-0.19,0,0%,0.038,0.3,0,0.3,0%,0,0,0,0,0,0.72,0,89%,52.1,0.1,1.4,5.7,1.3,0.1,10,1.3,0.1,10,1.3,14,3,16.3,6.6,1.8,3.1,6.6,78,37,1,0.6,1.3,0.3,13,1,0,12,15.8,No recurring injuries,Average,2.3,46,0.2,0,0,0,0,0,0,0,0,0,0,0.8,1.3
Second Division,S. Gijón,0.5,Nacho Martín,DM,,24,"5'9""",Reasonable,Very Strong,6.79,0,1003,0,0,0,0.35,0.35,-0.35,0,0%,0.1166666667,0.3,0,0,0%,0,0,0,3,0.3,2.7,0.2,94%,53.2,0.1,1.3,6.3,0.2,0,0,0.2,0,0,0.1,10,1,4.6,14.3,2,2.9,5.8,85,26,2,0.4,0.8,0.1,9,2,0,10.8,9.7,No recurring injuries,Average,1,18,0.3,0,0,0,0,0,0,0,0,0,0,1.6,0.5
Ligue 2 BKT,Laval MFC,0.43,Gabin Blancquart,D (C),D (R),22,"6'4""",Weak,Very Strong,6.71,0,1440,0,0,0,1.65,1.65,-1.65,0.1,0%,0.09166666667,1.1,0.2,0.4,17%,0,0,0,0,0,0.24,0,91%,42.2,0.1,0.1,1.9,0.1,0,0,0.1,0,0,0,3,0,4.7,12.6,0.6,3.1,2.9,75,12,1,0.8,1.1,0.6,8,2,0,9.7,3.2,No recurring injuries,Below Average,5.8,62,1.2,0,0,0,0,0,0,0,0,0,0,0.4,1.4
Bundesliga 2,1. FC Heidenheim 1846,0.51,Omar Traoré,D (R),,28,"6'2""",Weak,Very Strong,7.01,2,1204,0,0,0,0.11,0.11,-0.11,0,0%,0.022,0.4,0.1,0.2,20%,0,0,0,2,0.1,2.88,0.2,89%,51,0.2,1,6.3,2.3,0.7,32,2.3,0.7,32,0.7,18,2,14,12.8,1.8,3.5,7.8,89,27,2,0.7,1.3,0.4,21,1,1,11.2,15.5,No recurring injuries,Average,3.7,74,0.4,0,0,0,0,0,0,0,0,0,0,1.3,0.5
Bundesliga 2,Holstein Kiel,0.43,Kasper Davidsen,DM,,21,"6'3""",Reasonable,Very Strong,6.63,0,1405,0,0,0,2.84,2.84,-2.84,0.2,0%,0.2028571429,0.9,0.3,0.2,29%,0,0,0,0,0,1.34,0.1,91%,29,0.5,0.6,2.6,0.1,0,0,0.1,0,0,0,9,1,10.1,11.6,0.6,1.5,3.2,63,16,0,0.3,0.6,0.1,4,1,0,6.4,6.6,No recurring injuries,Below Average,1.8,54,0.3,0,0,0,0,0,0,0,0,0,0,0.9,1.2
Bundesliga 2,1. FC Köln,0.5,Daniel Elfadli,D (C),M (C),29,"6'2""",Reasonable,Very Strong,7.02,0,1314,0,0,0,0.09,0.09,-0.09,0,0%,0.03,0.2,0.1,0.1,33%,0,0,0,2,0.1,0.71,0,93%,42.2,0.1,0.1,1.9,0.1,0.1,100,0.1,0.1,100,0,6,0,3.2,16,0.5,2.5,3,78,9,1,1,0.9,0.8,7,3,0,9.8,3.4,No recurring injuries,Average,5.1,75,1.2,0,0,0,0,0,0,0,0,0,0,1.2,0.9
Bundesliga,Sport-Club Freiburg,0.51,Philipp Treu,D (R),D (L),25,"5'8""",Reasonable,Very Strong,6.92,0,1206,0,0,0,0.48,0.48,-0.48,0,0%,0.06,0.6,0.2,0.2,38%,0,0,0,0,0,0.24,0,86%,62.5,0,0.5,7.9,2.2,0.2,10,2.2,0.2,10,0.7,10,1,14.4,11,1.6,3.4,7,60,35,1,0.4,0.9,0.5,12,1,0,11.4,16,No recurring injuries,Average,3.5,45,0.2,0,0,0,0,0,0,0,0,0,0,1,1
Second Division,Las Palmas,0.49,Edward Cedeño,DM,M (C),23,"6'2""",Weak,Very Strong,6.91,0,1206,0,0,0,1.08,1.08,-1.08,0.1,0%,0.135,0.6,0.1,0,25%,0,0,0,2,0.1,1.17,0.1,92%,53.1,0.1,0.7,4,0.1,0.1,50,0.1,0.1,50,0.1,6,1,5.4,11,1.4,3.1,7,83,23,0,0.7,1,0.2,20,5,2,11.8,11.6,No recurring injuries,Below Average,3.5,55,0.5,0,0,0,0,0,0,0,0,0,0,1.2,0.8
Bundesliga 2,Fortuna Düsseldorf,0.5,Tim Oberdorf,D (C),"D (R), DM",30,"6'1""",Reasonable,Very Strong,6.81,0,1386,0,0,0,1.72,1.72,-1.72,0.1,0%,0.1433333333,0.8,0.1,0.3,17%,0,0,0,0,0,0.64,0,95%,41.2,0.1,0.3,2,0,0,0,0,0,0,0,5,0,3.7,11.8,0.4,3.3,2.1,75,8,1,0.7,1.5,0.8,4,2,0,10.4,4.7,No recurring injuries,Average,5.4,60,0.6,0,0,0,0,0,0,0,0,0,0,0.6,1.4
Premier League,Fulham,0.45,Bernd Leno,GK,,34,"6'3""",Weak,Very Strong,6.64,0,1350,0,0,0,0,0,0,0,0%,0,0,0,0,0%,0,0,0,0,0,0,0,85%,24.3,0,0,0.9,0,0,0,0,0,0,0,0,0,6,7.6,0,0.3,0,0,0,0,0,4.2,0,0,0,0,6.7,0.2,No recurring injuries,Average,0,0,0,0,-9.84,1,69,34,31,10,33,0,0,1.2,2.2
Bundesliga,VfB Stuttgart,0.57,Dennis Seimen,GK,,20,"6'3""",Very Strong,Reasonable,6.84,2,1590,0,0,0,0,0,0,0,0%,0,0,0,0,0%,0,0,0,0,0,0,0,94%,24.9,0,0,0,0,0,0,0,0,0,0,7,0,4.9,6.2,0,0.1,0,0,0,0,0,1.6,0,2,2,0,5.8,0,No recurring injuries,Average,0,0,0,7,-1.4,2,73,11,26,14,18,0,0,1.9,1
Bundesliga 2,Karlsruher SC,0.46,Marcel Franke,D (C),,33,"6'4""",Weak,Very Strong,7.04,0,1219,0,0,0,0.13,0.13,-0.13,0,0%,0.13,0.1,0,0,0%,0,0,0,2,0.1,0.4,0,92%,40.5,0,0.3,1.3,0.1,0,0,0.1,0,0,0,4,0,4.4,13.7,0.2,3.5,2.7,75,4,1,1.2,1.1,1.2,5,2,0,10,4.2,No recurring injuries,Above Average,5.5,79,1.8,0,0,0,0,0,0,0,0,0,0,1,0.7
Ligue 2 BKT,Nancy,0.54,Antonio Tikvić,D (C),,22,"6'6""",Very Strong,Weak,6.91,0,1379,0,0,0,0.75,0.75,-0.75,0,0%,0.08333333333,0.6,0.1,0.1,22%,0,0,0,1,0.1,1.05,0.1,91%,42.8,0.1,0.2,1.6,0.1,0,0,0.1,0,0,0,6,0,2.5,16.3,0.2,2.7,2.7,60,5,3,0.5,0.5,0.6,12,5,0,10.3,4.8,No recurring injuries,Above Average,5.9,67,1.6,0,0,0,0,0,0,0,0,0,0,0.8,0.6
Bundesliga,1. FC Union Berlin,0.43,Rani Khedira,DM,,32,"6'2""",Reasonable,Very Strong,7.15,1,1166,0,0,0,0.47,0.47,-0.47,0,0%,0.1175,0.3,0,0,0%,0,0,0,4,0.3,1.75,0.1,94%,59.1,0.2,0.7,4.2,0.2,0.2,100,0.2,0.2,100,0.1,1,0,8.8,11.6,1.2,3,7.3,60,25,2,0.5,0.4,0.3,12,3,0,11.9,15,No recurring injuries,Above Average,2.9,55,0.6,0,0,0,0,0,0,0,0,0,0,0.6,1.4
Bundesliga 2,1. FC Heidenheim 1846,0.51,Kevin Müller,GK,,35,"6'3""",Weak,Very Strong,7.09,4,1350,0,0,0,0,0,0,0,0%,0,0,0,0,0%,0,0,0,0,0,0,0,80%,24.5,0,0,0,0,0,0,0,0,0,0,3,0,9.8,3.2,0.1,0,0,100,1,0,0,2.5,0,1,1,0,5.3,0,No recurring injuries,Low,0,0,0,7,8.05,0,82,12,27,8,11,1,100,1.3,0.7
Bundesliga 2,SG Dynamo Dresden,0.46,Dominique Heintz,D (C),D (L),33,"6'2""",Very Strong,Reasonable,6.72,0,1005,0,0,0,0.05,0.05,-0.05,0,0%,0.025,0.2,0,0.1,0%,0,0,0,1,0.1,1.18,0.1,94%,43.4,0,0.4,2.6,0.2,0,0,0.2,0,0,0,3,0,3.4,14.9,0.4,3,1.8,67,6,3,0.5,0.7,0.9,4,2,1,9.5,3.7,No recurring injuries,Above Average,5.8,65,0.6,0,0,0,0,0,0,0,0,0,0,1,1
Bundesliga 2,SG Dynamo Dresden,0.46,Sascha Risch,D (L),,26,"5'10""",Very Strong,Weak,6.75,0,1330,0,0,0,0.28,0.28,-0.28,0,0%,0.14,0.1,0,0,0%,0,0,0,0,0,0.77,0.1,84%,56,0,0.5,7.2,2.4,0.3,14,2.4,0.3,14,1.8,16,0,16,9.3,1.8,2.6,6.9,72,36,1,0.5,0.5,0.6,23,0,0,12.1,16.4,No recurring injuries,Average,4.1,54,0.1,0,0,1,0,0,0,0,0,0,0,0.8,1.4
Premier League,Spurs,0.55,Lucas Bergvall,M (C),DM,20,"6'1""",Weak,Very Strong,6.91,0,1140,0,0,0,1.16,1.16,-1.16,0.1,0%,0.05523809524,1.7,0.7,1.3,43%,0,0,0,1,0.1,2.55,0.2,91%,81.8,0.3,2.1,7.3,8.4,1.3,16,0.8,0.3,40,0.9,6,1,12.7,9.7,1.7,2.8,9.8,61,36,1,0.5,0.2,0.4,18,6,0,13.2,21,No recurring injuries,Below Average,2.3,45,0.2,0,0,0,0,0,0,0,0,0,0,1.5,0.6
Ligue 2 BKT,FC Metz,0.59,Terry Yegbe,D (C),,25,"6'5""",Very Strong,Weak,6.95,1,1440,0,0,0,2.64,2.64,-2.64,0.2,0%,0.1552941176,1.1,0.2,0.2,18%,0,0,0,0,0,0.3,0,90%,42.8,0.1,0.1,1.4,0.1,0.1,100,0.1,0.1,100,0,4,0,3.1,15.6,0.5,3.6,3.1,80,10,3,0.6,1,0.1,2,0,0,10,3.7,No recurring injuries,Very Low,5.4,76,0.9,0,0,0,0,0,0,0,0,0,0,1.2,0.5
Ligue 1 McDonald's,OGC Nice,0.49,Kota Kudo,D (C),,23,"5'11""",Very Strong,Very Weak,6.78,0,1166,0,0,0,0,0,0,0,0%,0,0,0,0,0%,0,0,0,0,0,0.55,0,92%,40.8,0.2,0.2,2.2,0,0,0,0,0,0,0.1,1,1,3.2,9.6,0.8,1.7,1.8,91,11,1,0.2,1,0.5,4,0,0,9.8,3.9,No recurring injuries,Below Average,4.9,72,1,0,0,0,0,0,0,0,0,0,0,1.2,1
Serie A,Como,0.5,Marc Oliver Kempf,D (C),D (L),31,"6'1""",Very Strong,Reasonable,6.89,1,1374,0,0,0,0.28,0.28,-0.28,0,0%,0.09333333333,0.2,0.1,0,33%,0,0,0,0,0,0.19,0,91%,48.5,0.1,0.1,1.8,0.1,0,0,0.1,0,0,0.1,6,0,3.3,12.6,0.6,3.2,2.2,64,14,3,0.6,0.6,0.5,17,6,0,9.8,3.8,No recurring injuries,Very Low,5.7,78,0.9,0,0,0,0,0,0,0,0,0,0,1,1.4
Premier League,Brighton,0.51,Carlos Baleba,DM,,22,"6'0""",Very Strong,Reasonable,6.79,0,1018,0,0,0,1.64,1.64,-1.64,0.1,0%,0.1261538462,1.1,0.4,0.5,38%,0,0,0,1,0.1,0.65,0.1,91%,73.6,0.1,1.1,7.8,0.4,0.2,40,0.4,0.2,40,0.4,6,0,7.1,9.7,1.9,3.5,7.7,60,35,1,0.7,0.8,0.4,9,0,0,13.1,20.4,No recurring injuries,Below Average,2.6,79,0.4,0,0,3,0,0,0,0,0,0,0,1.5,2.5
Bundesliga,Bayer 04 Leverkusen,0.60,Mark Flekken,GK,,33,"6'5""",Fairly Strong,Very Strong,6.8,1,1440,0,0,0,0,0,0,0,0%,0,0,0,0,0%,0,0,0,0,0,0,0,90%,25,0,0,0,0,0,0,0,0,0,0,1,0,6.8,4.4,0.1,0,0,100,1,0,0,1.5,0,0,0,0,6.2,0,Recurring torn anterior cruciate ligament,Very High,0,0,0,7,2.96,0,76,9,24,7,13,1,100,1.9,0.8
Jupiler Pro League,Charleroi,0.53,Yacine Titraoui,M (C),DM,23,"5'7""",Reasonable,Very Strong,6.49,0,1240,0,0,0,1.78,1.78,-1.78,0.1,0%,0.1271428571,1,0.2,0.1,21%,0,0,0,3,0.2,4.01,0.3,0%,0,0.2,0.2,0,0,0,0,0,0,0,0,8,0,11.5,13.4,0,0,0,0,0,0,0,0,0,0,0,0,0,0,No recurring injuries,Below Average,0,0,0,0,0,0,0,0,0,0,0,0,0,1.3,1
Sky Bet Championship,Blackburn,0.52,Riku Yamane,DM,"WB (RL), M (C)",23,"5'9""",Weak,Very Strong,6.76,0,1149,0,0,0,0.67,0.67,-0.67,0.1,0%,0.134,0.4,0.1,0.2,20%,0,0,0,1,0.1,2.02,0.2,93%,65.2,0.3,0.6,7.1,0.1,0,0,0.1,0,0,0,5,0,4.5,16.8,0.8,2.8,6.3,63,16,0,0.9,0.6,0.1,4,2,0,11.2,13.5,No recurring injuries,Below Average,1.3,12,0,0,0,0,0,0,0,0,0,0,0,1.2,1
Second Division,R. Madrid B,0.36,Ferrán Quetglás,GK,,21,"6'2""",Weak,Very Strong,6.56,0,1191,0,0,0,0,0,0,0,0%,0,0,0,0,0%,0,0,0,0,0,0,0,69%,24,0,0,0,0,0,0,0,0,0,0,4,0,8.2,2.6,0,0,0,0,2,0,0,3,0,0,0,0,5.3,0,No recurring injuries,Above Average,0,0,0,3,2.52,1,78,16,37,18,20,2,0,0.7,1.5
First Division,Cádiz,0.5,Mario Climent,D (L),,24,"5'10""",Very Strong,Reasonable,6.57,0,1061,0,0,0,0.2,0.2,-0.2,0,0%,0.05,0.3,0.1,0.3,25%,1,0,0,0,0,0.59,0.1,91%,57.7,0,0.8,8,2,0.5,25,2,0.5,25,1.2,5,1,14.9,10.5,1.9,2.8,7.2,79,28,0,0.5,0.8,0.3,19,2,0,11.6,16.6,No recurring injuries,Below Average,4.2,47,0.2,0,0,0,0,0,0,0,0,0,0,1,1.1
Sky Bet Championship,Sunderland,0.53,Mario Martín,DM,,22,"5'10""",Reasonable,Very Strong,6.96,1,1122,0,0,0,1.29,1.29,-1.29,0.1,0%,0.16125,0.6,0.1,0.2,13%,1,0,0,1,0.1,1.3,0.1,94%,58.6,0.2,0.6,4.3,0.1,0.1,100,0.1,0.1,100,0.1,5,1,7.2,12.2,0.8,2.6,6.8,77,13,0,0.7,0.8,0.2,10,3,0,12.5,14.8,No recurring injuries,High,0.9,64,0.1,0,0,0,0,0,0,0,0,0,0,0.7,0.5
First Division,R. Madrid,0.59,Antonio Rüdiger,D (C),,33,"6'3""",Reasonable,Very Strong,7.08,0,1209,0,0,0,0.61,0.61,-0.61,0,0%,0.07625,0.6,0.1,0.2,25%,0,0,0,1,0.1,1.43,0.1,95%,48.5,0,0.3,2.2,0,0,0,0,0,0,0,2,0,4.6,14.4,0.6,3.6,2,89,9,1,0.7,0.8,0.4,9,5,0,10,4.5,No recurring injuries,High,5,69,0.7,0,0,0,0,0,0,0,0,0,0,3.3,0.9
Sky Bet Championship,Burnley,0.53,Kilian Fischer,D (R),"D (L), WB (R)",26,"6'0""",Fairly Strong,Very Strong,7.04,3,1555,0,0,0,1.69,1.69,-1.69,0.1,0%,0.1877777778,0.5,0.1,0.1,11%,0,0,0,1,0.1,1.06,0.1,91%,61,0.1,1.1,7.9,1.4,0.2,16,1.4,0.2,17,0.7,15,0,14.5,13.3,2,3.5,7.9,87,39,3,0.4,1,0.8,24,3,0,12.1,16.8,No recurring injuries,Above Average,3.5,52,0.2,0,0,0,0,0,0,0,0,0,0,1.4,0.7
Sky Bet Championship,Wrexham,0.46,Kosta Nedeljković,D (R),,20,"6'0""",Reasonable,Very Strong,6.87,1,1128,0,0,0,0.4,0.4,-0.4,0,0%,0.06666666667,0.5,0,0.2,0%,2,0,0,2,0.2,1.25,0.1,87%,54.4,0.2,0.8,8,2.2,0.5,21,2.2,0.5,21,1.4,11,1,15.3,10.5,2.1,2.9,8.1,87,30,0,0.6,1,1,11,1,0,10.7,15.2,No recurring injuries,Above Average,4.8,52,0.2,0,0,0,0,0,0,0,0,0,0,1.3,1
Eredivisie,RKC Waalwijk,0.40,Faride Alidou,AM (L),"M (RL), AM (C)",25,"6'1""",Reasonable,Very Strong,7.04,0,1109,0,0,0,0.65,0.65,-0.65,0.1,0%,0.13,0.4,0,0.2,0%,0,0,0,3,0.2,3.59,0.3,91%,44.6,0.2,2.2,3.5,3.9,0.9,22,3.1,0.8,26,5,21,0,20.2,3.9,1.2,2.2,9.3,79,19,1,0.2,0.7,0,9,0,0,12.1,12.6,No recurring injuries,Average,4.5,38,0.2,0,0,0,0,0,0,0,0,0,0,0.7,1.5
Serie A,U.S. Lecce,0.5,Marlon Ubani,D (R),M/AM (R),21,"6'1""",Reasonable,Very Strong,6.63,0,1440,0,0,0,1.15,1.15,-1.15,0.1,0%,0.1045454545,0.7,0.1,0.3,18%,1,0,0,1,0.1,1.19,0.1,90%,38.8,0,2.1,3.1,6.2,1.1,18,6.2,1.1,18,3.2,10,3,26.2,2.8,1.7,1.8,7.8,100,27,0,0.2,0.7,0,14,0,0,11.5,13.5,No recurring injuries,Very Low,5.6,56,0.2,0,0,0,0,0,0,0,0,0,0,0.6,0.9
Eredivisie,FC Emmen,0.34,Albert Millgramm,AM (L),"M (L), AM (R)",22,"5'8""",Fairly Strong,Very Strong,6.87,0,1025,0,0,0,2.12,2.12,-2.12,0.2,0%,0.1766666667,1.1,0.2,0.3,17%,0,0,0,0,0,1.58,0.1,89%,42.7,0.3,1.7,3.8,2.2,1,44,2.2,1,44,4.5,19,4,20.6,2.9,1.8,2,9,67,30,0,0.4,0.4,0,8,0,0,12,14.7,No recurring injuries,Above Average,3.7,10,0.1,0,0,0,0,0,0,0,0,0,0,0.4,1.5
Eredivisie,Feyenoord,0.65,Jeyland Mitchell,D (C),,22,"6'2""",Reasonable,Very Strong,6.84,0,1376,0,0,0,1.87,1.87,-1.87,0.1,0%,0.3116666667,0.4,0.1,0.1,17%,0,0,0,2,0.1,0.35,0,85%,41.7,0,0.3,2.6,0,0,0,0,0,0,0.1,1,0,3.9,17.3,0.5,2.7,2.2,80,10,3,0.9,1.1,0.5,4,2,0,10.1,3.3,No recurring injuries,Average,5.6,66,0.9,0,0,0,0,0,0,0,0,0,0,1.6,0.8
Second Division,Mallorca,0.57,Juanma Herzog,D (C),,22,"6'1""",Weak,Very Strong,7,1,1042,0,0,0,0.18,0.18,-0.18,0,0%,0.03,0.5,0,0.3,0%,0,0,0,1,0.1,0.17,0,90%,46.1,0,0.3,2.7,0,0,0,0,0,0,0.2,1,0,2.7,16.8,0.9,2.4,2.6,83,12,3,0.5,0.7,0.3,8,3,0,10,3.5,No recurring injuries,Average,5.8,75,0.9,0,0,0,0,0,0,0,0,0,0,1.5,0.8
Ligue 2 BKT,FC Nantes,0.59,Louis Leroux,M (C),DM,20,"6'1""",Very Strong,Weak,6.8,1,1080,0,0,0,0.18,0.18,-0.18,0,0%,0.18,0.1,0,0,0%,0,0,0,1,0.1,1.35,0.1,90%,56.1,0.3,1.1,7.3,5.6,0.8,13,1.4,0.2,18,1.2,6,1,14.6,14.1,2.2,2.7,6.8,84,32,1,0.8,0.9,0.3,17,4,0,11.7,17.3,No recurring injuries,Low,2.4,72,0.3,0,0,0,0,0,0,0,0,0,0,1.5,0.8
Bundesliga,1. FC Nürnberg,0.5,Jan Reichert,GK,,25,"6'3""",Weak,Very Strong,6.6,0,1260,0,0,0,0,0,0,0,0%,0,0,0,0,0%,0,0,0,0,0,0,0,84%,23.3,0,0,0.1,0,0,0,0,0,0,0,5,0,6.4,4.1,0.1,0,0,100,1,0,0,2.4,0,0,0,0,4.8,0,No recurring injuries,Below Average,0,0,0,4,-2.41,1,71,17,25,5,20,1,100,1.6,1.4
Sky Bet Championship,Stockport,0.48,Jayden Meghoma,D (L),,20,"5'9""",Very Strong,Reasonable,6.87,2,1883,0,0,0,0.32,0.32,-0.32,0,0%,0.16,0.1,0,0,0%,0,0,0,1,0,1.19,0.1,88%,54.1,0,1,7.6,2.2,0.4,20,2.2,0.4,20,1.1,10,1,15.1,11.8,2.4,3.5,7.5,80,64,6,0.8,1.2,0.5,12,1,0,11.6,15.7,No recurring injuries,Below Average,2.8,39,0.1,0,0,0,0,0,0,0,0,0,0,1.2,1.5
Sky Bet Championship,Norwich,0.56,Jacob Wright,DM,,21,"5'10""",Weak,Very Strong,6.78,2,1054,0,0,0,0.58,0.58,-0.58,0,0%,0.09666666667,0.5,0.2,0.3,33%,0,0,0,3,0.3,2.46,0.2,90%,51.7,0.3,0.9,6.1,6.4,0.8,12,0,0,0,0.2,6,0,5.6,13.5,1.2,2.8,6,74,19,3,0.7,1,0,8,2,0,11.9,12,No recurring injuries,Low,1.9,64,0,0,0,0,0,0,0,0,0,0,0,1.3,1
Premier League,AVS SAD,0.48,Léo Alaba,D (R),WB (R),27,"6'0""",Weak,Very Strong,6.71,0,1166,0,0,0,1.19,1.19,-1.19,0.1,0%,0.1081818182,0.8,0.2,0.4,18%,0,0,0,0,0,0.69,0.1,86%,52,0,0.4,6.6,2.2,0.5,24,2.2,0.5,24,1.5,13,0,12.6,11.7,2.4,3.4,6.8,91,34,1,0.4,0.5,0.2,15,2,0,11.1,15.5,No recurring injuries,Below Average,4,42,0.2,0,0,0,0,0,0,0,0,0,0,1.1,1.5
Bundesliga 2,FC Schalke 04,0.48,Soufiane El-Faouzi,M (C),AM (C),24,"5'10""",Weak,Very Strong,6.9,1,1219,0,0,0,1.63,1.63,-1.63,0.1,0%,0.1481818182,0.8,0.3,0.3,36%,0,0,0,1,0.1,1.84,0.1,93%,57.1,0.5,0.8,4.4,1,0.1,7,0.1,0,0,0.2,4,0,6.5,11.1,1.1,2.6,6.4,100,15,2,0.6,1.2,0.1,12,0,0,12.3,12.6,No recurring injuries,Low,1,54,0,0,0,0,0,0,0,0,0,0,0,0.9,0.7
Ligue 1 McDonald's,Toulouse FC,0.49,Dayann Methalie,D (L),WB (L),20,"6'1""",Very Strong,Weak,7.11,0,1249,0,0,0,0.23,0.23,-0.23,0,0%,0.07666666667,0.2,0.1,0.1,67%,0,0,0,1,0.1,1.81,0.1,86%,54.5,0.2,1.4,7.9,2.9,0.6,22,2.9,0.6,23,1.2,11,0,15.5,9.9,2.1,3.7,8.1,91,32,2,0.4,1,0.1,12,0,0,11.9,15.9,No recurring injuries,Below Average,2.9,80,0.1,0,0,0,0,0,0,0,0,0,0,1.1,1
Sky Bet Championship,Hull,0.39,Jan Ziółkowski,D (C),,21,"6'4""",Weak,Very Strong,6.76,0,1231,0,0,0,0.39,0.39,-0.39,0,0%,0.13,0.2,0,0.1,0%,0,0,0,0,0,0.35,0,90%,40.6,0,0,2,0.1,0,0,0.1,0,0,0,1,0,4,11,0.5,3.7,3,88,8,1,0.4,0.9,0.4,9,3,0,9.9,3.6,No recurring injuries,Very Low,5.3,73,1.2,0,0,0,0,0,0,0,0,0,0,1.2,1.2
Ligue 2 BKT,FC Annecy,0.43,Axel Drouhin,D (C),D (R),26,"6'2""",Weak,Very Strong,6.82,1,1142,0,0,0,0.83,0.83,-0.83,0.1,0%,0.1185714286,0.6,0.1,0.1,14%,0,0,0,2,0.2,0.51,0,82%,42.6,0.2,0.2,2.1,0,0,0,0,0,0,0.1,3,0,3.5,13.9,0.6,2.1,3.1,89,9,1,0.6,1.3,1.2,3,0,0,9.4,4.4,No recurring injuries,Below Average,5.8,66,0.8,0,0,0,0,0,0,0,0,0,0,0.9,1.3
Ligue 1 McDonald's,Troyes,0.55,Khaly,D (C),,23,"6'4""",Reasonable,Very Strong,6.85,0,1260,0,0,0,2.29,2.29,-2.29,0.2,0%,0.2544444444,0.6,0.2,0.3,33%,0,0,0,0,0,0.36,0,90%,42.4,0.1,0.1,2.1,0.1,0.1,50,0.1,0.1,50,0.1,2,0,2.9,15.9,0.9,2.1,2.6,86,14,1,0.6,1.3,1.7,8,2,0,9.6,3,No recurring injuries,Low,4.2,76,1.7,0,0,1,0,0,0,0,0,0,0,1.2,1.4
Premier League,Alverca SAD,0.45,Bastien Meupiyou,D (C),DM,20,"6'3""",Very Strong,Weak,6.91,0,1170,0,0,0,1.65,1.65,-1.65,0.1,0%,0.20625,0.6,0.1,0.4,13%,0,0,0,1,0.1,1.55,0.1,91%,48.4,0.2,0.2,2,0.1,0.1,100,0.1,0.1,100,0.2,4,0,2.6,17.5,0.8,2.2,2.2,100,10,1,0.8,1.2,0.7,7,3,0,10.2,4.5,No recurring injuries,Low,3.5,73,0.5,0,0,0,0,0,0,0,0,0,0,0.8,1.2
Bundesliga 2,Fortuna Düsseldorf,0.5,Niklas Niehoff,WB (R),D (R),22,"6'2""",Reasonable,Very Strong,6.84,0,1170,0,0,0,0.26,0.26,-0.26,0,0%,0.08666666667,0.2,0,0.2,0%,0,0,0,0,0,1.02,0.1,85%,48.5,0.2,1.5,5.1,5.2,1.2,22,4.4,1,23,3.5,17,4,21.7,8.2,2.6,2.8,9.1,92,37,2,0.8,0.8,0.2,10,0,0,13,24.3,No recurring injuries,Average,4.3,55,0.2,0,0,0,0,0,0,0,0,0,0,0.8,1.4
Bundesliga 2,1. FC Köln,0.5,Eric Martel,DM,D/M (C),24,"6'2""",Reasonable,Very Strong,6.92,0,1230,0,0,0,0.55,0.55,-0.55,0,0%,0.055,0.7,0.1,0.4,20%,0,0,0,1,0.1,0.98,0.1,93%,57.5,0.1,1,5.3,0.3,0.2,75,0.3,0.2,75,0.2,7,0,5,14.8,1.4,2,5.7,86,22,1,0.3,1,0,12,5,0,12,12.6,No recurring injuries,Below Average,2.3,35,0.4,0,0,0,0,0,0,0,0,0,0,1.1,1
Sky Bet Championship,Bristol City,0.45,Jonas Kersken,GK,,26,"6'3""",Weak,Very Strong,7.02,3,1542,0,0,0,0,0,0,0,0%,0,0,0,0,0%,0,0,0,0,0,0,0,71%,24.1,0,0,0,0,0,0,0,0,0,0,2,0,7.8,3.9,0,0,0,0,0,0,0,2.3,0,3,3,0,5.7,0,No recurring injuries,Above Average,0,0,0,10,7.21,0,78,18,35,8,17,0,0,1.4,1
Premier League,Estrela da Amadora SAD,0.40,Max Scholze,D (R),,21,"6'0""",Very Weak,Very Weak,6.82,1,1149,0,0,0,0.55,0.55,-0.55,0,0%,0.07857142857,0.5,0.1,0.3,14%,0,0,0,1,0.1,0.5,0,88%,50,0,0.7,6.6,1.5,0.3,21,1.5,0.3,21,1.9,11,0,19,8.5,1.6,3.6,7.6,91,23,0,0.4,0.4,0.3,16,1,0,11.9,16.7,No recurring injuries,Above Average,3.5,67,0.2,0,0,0,0,0,0,0,0,0,0,0.9,1.3
Bundesliga,Borussia M'gladbach,0.44,Rocco Reitz,M (C),,24,"5'9""",Reasonable,Very Strong,7,1,1055,0,0,0,0.23,0.23,-0.23,0,0%,0.07666666667,0.3,0.1,0.2,33%,1,0,0,1,0.1,1.62,0.1,94%,62.4,0.3,0.7,3.2,0.3,0.3,100,0.3,0.3,100,0,16,0,7.1,11.9,1.6,2.3,7.2,70,27,3,0.3,1,0.3,16,4,0,12,12.5,No recurring injuries,Average,1.3,40,0,0,0,0,0,0,0,0,0,0,0,0.8,1.6
Premier League,Newcastle,0.54,Malick Thiaw,D (C),,25,"6'4""",Fairly Strong,Very Strong,7.03,0,1530,0,0,0,0.51,0.51,-0.51,0,0%,0.05666666667,0.5,0.1,0.1,11%,0,0,0,0,0,0.99,0.1,96%,64.5,0,0.1,5.2,0,0,0,0,0,0,0,1,0,2.9,12.4,0.6,3.7,2.5,85,13,1,0.8,1.2,0.6,11,0,0,10.8,4.8,Recurring tight groin and partially torn hamstring,Very High,5.7,69,0.4,0,0,1,0,0,0,0,0,0,0,2,0.9
Jupiler Pro League,OH Leuven,0.47,Brooklyn Ezeh,D (L),D (C),25,"6'2""",Very Strong,Weak,6.91,2,1308,0,0,0,0.17,0.17,-0.17,0,0%,0.17,0.1,0,0,0%,0,0,0,1,0.1,1.68,0.1,85%,47.9,0,1.4,5.2,12,2,16,4.5,1,23,4.7,13,1,17,11.4,2.5,3.9,9.6,68,53,1,0.3,1.1,0.5,23,1,0,12.4,24.3,No recurring injuries,Above Average,2.5,59,0.3,0,0,0,0,0,0,0,0,0,0,1,1
Jupiler Pro League,Beerschot,0.38,Tim Goller,GK,,21,"6'4""",Reasonable,Very Strong,6.48,0,1350,0,0,0,0,0,0,0,0%,0,0,0,0,0%,0,0,0,0,0,0,0,66%,24.4,0,0,0,0,0,0,0,0,0,0,6,0,10.4,2.9,0,0,0,0,0,0,0,3.7,0,0,0,0,5.3,0,No recurring injuries,Above Average,0,0,0,3,1.3,1,72,17,30,7,21,0,0,1,1.4
Sky Bet Championship,Burnley,0.53,Max Weiß,GK,,22,"6'3""",Weak,Very Strong,7.15,2,1440,0,0,0,0,0,0,0,0%,0,0,0,0,0%,0,0,0,0,0,0,0,82%,22.1,0,0,0.1,0,0,0,0,0,0,0,4,0,8.9,3.9,0,0,0,0,0,0,0,4.3,0,0,0,0,4.9,0,No recurring injuries,Below Average,0,0,0,7,7.68,1,82,6,24,12,10,0,0,1.5,0.6
Bundesliga,Eintracht Frankfurt,0.46,Michael Zetterer,GK,,31,"6'2""",Reasonable,Very Strong,6.72,2,1604,0,0,0,0,0,0,0,0%,0,0,0,0,0%,0,0,0,0,0,0,0,86%,24,0,0,0,0,0,0,0,0,0,0,8,0,10.3,3.2,0,0,0,0,3,0,0,1.4,0,0,0,0,6.3,0,No recurring injuries,Average,0,0,0,4,-0.58,0,60,6,19,6,20,3,0,1.1,1.1
Eredivisie,Feyenoord,0.65,Timon Wellenreuther,GK,,30,"6'1""",Weak,Very Strong,6.97,2,1620,0,0,0,0,0,0,0,0%,0,0,0,0,0%,0,0,0,0,0,0,0,84%,26.4,0,0,0.2,0,0,0,0,0,0,0,10,0,6.4,5.9,0,0.1,0,0,1,0,0,2.8,0,0,0,0,6.1,0.1,No recurring injuries,Below Average,0,0,0,9,1.4,0,68,7,19,9,17,1,0,1.4,0.9
Bundesliga,FC Augsburg,0.54,Finn Dahmen,GK,,28,"6'1""",Reasonable,Very Strong,7.14,2,1260,0,0,0,0,0,0,0,0%,0,0,0,0,0%,0,0,0,0,0,0,0,87%,24.4,0,0,0,0,0,0,0,0,0,0,8,0,8.1,3.9,0,0,0,0,1,0,0,1.4,0,0,0,0,5.4,0,No recurring injuries,Above Average,0,0,0,6,6.52,0,81,10,24,6,9,1,0,1,0.6
Sky Bet Championship,Burnley,0.53,Hjalmar Ekdal,D (C),D (R),28,"6'2""",Reasonable,Very Strong,6.78,0,1176,0,0,0,0.69,0.69,-0.69,0.1,0%,0.138,0.4,0.2,0,40%,0,0,0,1,0.1,0.48,0,93%,40.5,0.2,0.5,3.1,0,0,0,0,0,0,0,3,0,4.6,12.5,0.2,2.8,1.9,75,4,0,1.1,1,0.7,1,1,0,9.7,5.2,No recurring injuries,Average,4.7,73,0.4,0,0,0,0,0,0,0,0,0,0,1.7,0.7
Jupiler Pro League,Cercle Brugge,0.50,Heriberto Jurado,AM (L),AM (C),21,"5'8""",Very Strong,Reasonable,6.84,0,1285,0,0,0,2.53,2.53,-2.53,0.2,0%,0.1265,1.4,0.4,0.6,30%,0,0,0,2,0.1,1.61,0.1,90%,44.5,0.1,1.6,3.6,3.3,0.7,21,3.3,0.7,21,2.7,12,7,17.2,5.1,1.3,1.3,9.2,86,21,0,0.5,0.5,0,16,0,0,12.1,15.8,No recurring injuries,Below Average,3.5,4,0,0,0,0,0,0,0,0,0,0,0,1.1,1
First Division,Oviedo,0.45,Abdel Rahim Alhassane,D (L),,24,"6'0""",Very Strong,Weak,6.81,0,1440,0,0,0,2.17,2.17,-2.17,0.1,0%,0.2411111111,0.6,0.1,0.1,22%,0,0,0,1,0.1,2.16,0.1,90%,64,0.2,0.9,8.4,1.2,0.2,15,1.2,0.2,16,0.8,12,3,11.9,10.8,2.9,2.6,7.1,78,60,1,0.4,1.1,0.5,7,1,0,11.2,15.2,No recurring injuries,Below Average,2.1,74,0.1,0,0,0,0,0,0,0,0,0,0,1.2,2
Second Division,Leganés,0.5,Lalo Aguilar,D (C),,24,"6'2""",Reasonable,Very Strong,6.85,0,1530,0,0,0,1.07,1.07,-1.07,0.1,0%,0.09727272727,0.6,0.1,0.3,18%,1,0,0,1,0.1,1.04,0.1,92%,44,0.1,0.2,1.9,0.1,0,0,0.1,0,0,0.1,4,0,3.1,15,0.6,1.9,2.2,85,13,2,0.5,1.6,1.2,11,4,0,9.7,3.5,No recurring injuries,Below Average,6.4,67,1.2,0,0,0,0,0,0,0,0,0,0,1.1,0.9
Premier League,Coventry,0.46,Oliver Dovin,GK,,24,"6'2""",Weak,Very Strong,7.18,1,1440,0,0,0,0,0,0,0,0%,0,0,0,0,0%,0,0,0,0,0,0,0,78%,27.9,0,0,1.1,0,0,0,0,0,0,0,0,0,7.8,9.6,0.2,0.2,0,67,6,0,0,3.4,0,0,0,0,5.3,0.1,No recurring injuries,Average,0,0,0,4,-0.43,1,77,40,44,14,30,6,67,1.2,1.9
Eredivisie,Sparta Rotterdam,0.46,Unax Agote,D (L),,23,"5'11""",Very Strong,Reasonable,6.71,0,1014,0,0,0,0.04,0.04,-0.04,0,0%,0.04,0.1,0,0.1,0%,0,0,0,2,0.2,1.18,0.1,85%,55.5,0.3,1.2,6.7,2,0.7,34,2,0.7,35,0.8,12,3,20.2,9.5,1.9,2.5,6.7,78,27,1,0.4,1.4,0.5,12,1,0,11.8,16.1,No recurring injuries,Above Average,3.1,46,0.3,0,0,0,0,0,0,0,0,0,0,1.5,1.1
Premier League,VIZ,0.39,Antonio Gomis,GK,,23,"6'3""",Very Weak,Very Weak,6.29,1,1170,0,0,0,0,0,0,0,0%,0,0,0,0,0%,0,0,0,0,0,0,0,81%,23.2,0,0,0,0,0,0,0,0,0,0,4,0,6.6,2.8,0,0,0,0,1,0,0,3.9,0,1,1,0,5,0,No recurring injuries,Average,0,0,0,1,-6.43,1,63,9,27,7,25,1,0,0.8,1.9
Eredivisie,Excelsior,0.50,Casper Widell,D (C),,23,"6'3""",Weak,Very Strong,6.73,0,1350,0,0,0,0.61,0.61,-0.61,0,0%,0.1016666667,0.4,0,0.1,0%,0,0,0,0,0,0.48,0,90%,41,0.1,0,1.5,0,0,0,0,0,0,0,4,0,2.9,20.4,0.9,1.7,2.9,100,13,0,0.6,1.2,1.3,9,2,0,10.2,3.1,No recurring injuries,Below Average,4.8,72,1.7,0,0,0,0,0,0,0,0,0,0,0.7,1.1
Jupiler Pro League,RWDM Brussels,0.50,Madiou Keïta,D (C),,22,"6'2""",Very Strong,Weak,6.81,0,1381,0,0,0,0.89,0.89,-0.89,0.1,0%,0.11125,0.5,0.2,0.2,38%,1,0,0,1,0.1,1.67,0.1,89%,43.5,0,0.2,2.5,0.1,0,0,0.1,0,0,0,5,0,4,13.5,0.3,2.7,2.5,50,10,1,0.8,1,0.7,3,0,0,9.9,2.7,No recurring injuries,Below Average,6.5,72,1.4,0,0,0,0,0,0,0,0,0,0,1.2,0.9
Ligue 2 BKT,Rodez,0.40,Raphaël Lipinski,D (C),D/WB (L),24,"5'11""",Very Strong,Weak,6.7,0,1250,0,0,0,0.57,0.57,-0.57,0,0%,0.095,0.4,0.1,0.1,17%,0,0,0,0,0,0.92,0.1,91%,43.6,0.2,0.5,2.6,0.6,0.2,37,0.6,0.2,38,0.2,7,0,3.7,14,0.8,3.4,3.4,100,11,1,0.6,1.2,0.4,6,1,0,10.6,6,No recurring injuries,Above Average,3.1,53,0.4,0,0,0,0,0,0,0,0,0,0,0.7,1
Sky Bet Championship,Bristol City,0.45,Cameron Pring,D (L),D (C),28,"6'1""",Very Strong,Reasonable,7.09,2,1539,0,0,0,0.16,0.16,-0.16,0,0%,0.02666666667,0.4,0.1,0.2,33%,0,0,0,1,0.1,0.73,0,88%,56.1,0.1,0.9,7.5,2.8,0.6,20,2.8,0.6,21,0.8,15,4,13.3,9.5,2.1,3.4,7.2,72,50,3,0.6,1.5,0.7,31,7,1,11.3,16.9,No recurring injuries,Above Average,3.9,79,0.5,0,0,1,0,0,0,0,0,0,0,1.4,1.1
Ligue 1 McDonald's,Toulouse FC,0.49,Beñat Gerenabarrena,M (C),,23,"5'8""",Reasonable,Very Strong,6.98,0,1118,0,0,0,0.66,0.66,-0.66,0.1,0%,0.165,0.3,0.2,0.2,50%,0,0,0,0,0,1.9,0.2,91%,53.2,0.2,1.4,5.9,0.1,0,0,0.1,0,0,0,7,0,6.4,11.9,0.9,2.3,6.8,42,26,7,0.7,1.2,0.2,3,1,0,11.8,12.6,No recurring injuries,Below Average,1,54,0.1,0,0,0,0,0,0,0,0,0,0,1.2,1.1
First Division,Vigo,0.52,Javi Rodríguez,D (R),,23,"5'10""",Weak,Very Strong,6.63,0,1094,0,0,0,1.35,1.35,-1.35,0.1,0%,0.135,0.8,0,0.3,0%,2,0,0,0,0,0.37,0,91%,56.5,0,0.1,2.4,0,0,0,0,0,0,0,9,0,3,14.3,0.2,3.1,2.9,75,4,0,0.5,0.6,0.4,2,0,1,10.2,5.4,No recurring injuries,Low,5.3,56,0.8,0,0,0,0,0,0,0,0,0,0,1.1,1.2
Premier League,Nott'm Forest,0.58,Murillo,D (C),DM,24,"6'2""",Very Strong,Reasonable,7.05,0,1440,0,0,0,0.3,0.3,-0.3,0,0%,0.05,0.4,0.1,0.2,33%,0,0,0,3,0.2,1.75,0.1,95%,66,0.2,0.2,5.1,0,0,0,0,0,0,0.1,1,0,3.8,9.9,0.6,3.4,1.9,64,14,2,0.8,1.1,0.6,5,0,0,11.1,6.4,No recurring injuries,Average,3.6,67,0.6,0,0,0,0,0,0,0,0,0,0,1.6,1
Ligue 2 BKT,Grenoble,0.46,Mamadou Diop,GK,,26,"6'8""",Weak,Very Strong,6.85,2,1350,0,0,0,0,0,0,0,0%,0,0,0,0,0%,0,0,0,0,0,0,0,81%,23.7,0,0,0,0,0,0,0,0,0,0,0,0,9.3,2.5,0.1,0,0,100,1,0,0,3.9,0,2,2,0,5.3,0,No recurring injuries,Below Average,0,0,0,6,7.15,0,78,7,31,9,14,1,100,1.1,0.9
Premier League,Famalicão,0.5,Mathias De Amorim,DM,,21,"5'10""",Reasonable,Very Strong,6.86,0,1082,0,0,0,0.35,0.35,-0.35,0,0%,0.07,0.4,0.1,0.2,20%,0,0,0,2,0.2,1.5,0.1,93%,72.3,0.1,1.2,8.2,0.6,0.2,28,0.4,0.1,20,0.2,6,0,6.7,11.1,1,3.2,5.7,63,19,1,0.7,1.2,0.3,7,0,0,11.7,12.5,No recurring injuries,Above Average,0.7,75,0,0,0,0,0,0,0,0,0,0,0,1.1,1.5
Ligue 1 McDonald's,Paris FC,0.48,Otávio,D (C),,24,"6'2""",Very Strong,Weak,6.75,0,1350,0,0,0,0.15,0.15,-0.15,0,0%,0.05,0.2,0,0.1,0%,0,0,0,1,0.1,0.2,0,94%,48,0,0.3,2.9,0,0,0,0,0,0,0,1,0,2.3,13.9,0.7,2.9,2.9,92,12,3,0.8,1.1,0.9,3,1,0,10.1,3.8,No recurring injuries,Below Average,5.7,73,1.3,0,0,0,0,0,0,0,0,0,0,1,1.3
Ligue 2 BKT,Pau FC,0.48,Noah Raveyre,GK,,21,"6'4""",Weak,Very Strong,6.5,1,1440,0,0,0,0,0,0,0,0%,0,0,0,0,0%,0,0,0,0,0,0,0,83%,25.1,0,0,0,0,0,0,0,0,0,0,8,0,8.2,3.4,0.1,0,0,33,3,0,0,2.8,0,1,1,0,5.1,0,No recurring injuries,Below Average,0,0,0,4,1.99,2,69,5,31,5,19,3,33,1,1.2
Ligue 1 McDonald's,Reims,0.47,Karol Linetty,DM,,31,"5'9""",Fairly Strong,Very Strong,6.81,0,1006,0,0,0,0.48,0.48,-0.48,0,0%,0.06857142857,0.6,0.1,0.4,14%,0,0,0,0,0,1.34,0.1,90%,50.8,0.2,0.6,5.3,0.3,0.1,33,0.2,0.1,50,0.3,5,0,7.6,12.8,0.6,3,7.5,54,13,1,0.7,1.3,0.2,9,0,0,11.8,13.6,No recurring injuries,Above Average,1.4,31,0.1,0,0,0,0,0,0,0,0,0,0,0.6,1.3
Jupiler Pro League,KV Mechelen,0.51,Radosław Murawski,M (C),,32,"5'8""",Reasonable,Very Strong,6.83,0,1107,0,0,0,0.8,0.8,-0.8,0.1,0%,0.1333333333,0.5,0,0.1,0%,0,0,0,2,0.2,1.31,0.1,94%,52.8,0.2,0.7,4.5,0,0,0,0,0,0,0.1,10,0,6.3,12.4,0.6,3.2,5.7,100,7,0,0.9,0.8,0.3,14,3,0,11.1,10.7,No recurring injuries,Low,1.6,40,0,0,0,0,0,0,0,0,0,0,0,1.5,1.3
Jupiler Pro League,RSC Anderlecht,0.58,Adam Dźwigała,D (C),"D (R), DM",31,"6'1""",Reasonable,Very Strong,6.79,0,1470,0,0,0,0.13,0.13,-0.13,0,0%,0.13,0.1,0.1,0.1,100%,0,0,0,1,0.1,1.21,0.1,93%,41.1,0.1,0.2,1.7,0.1,0.1,50,0.1,0.1,50,0,5,0,3.1,14.8,0.4,3.6,1.9,67,9,4,1.1,1,0.3,5,2,0,10,4.1,No recurring injuries,Average,3.6,64,0.1,0,0,0,0,0,0,0,0,0,0,1.5,0.7
Premier League,FC Porto,0.57,Jan Bednarek,D (C),D (R),30,"6'2""",Reasonable,Very Strong,6.95,1,1959,0,0,0,0.36,0.36,-0.36,0,0%,0.09,0.2,0,0,25%,0,0,0,1,0,0.69,0,94%,60.9,0.1,0.3,4,0,0,0,0,0,0,0.1,7,0,3.4,13,0.5,2.6,3.4,65,17,2,0.7,0.9,0.8,6,0,0,10.5,4.9,No recurring injuries,Average,5.9,64,1.1,0,0,0,0,0,0,0,0,0,0,2,0.8
Bundesliga,Borussia M'gladbach,0.44,Fabio Chiarodia,D (C),D (L),21,"6'1""",Very Strong,Weak,6.87,0,1260,0,0,0,0.03,0.03,-0.03,0,0%,0.03,0.1,0,0.1,0%,0,0,0,0,0,0.24,0,90%,41.6,0,0.1,2.2,0,0,0,0,0,0,0,5,0,4.1,11.7,0.5,2.7,3.1,100,7,0,0.6,0.9,1.4,1,1,0,10.2,4.2,No recurring injuries,Above Average,4.7,80,1.1,0,0,0,0,0,0,0,0,0,0,0.7,1.5
First Division,Cádiz,0.5,Bojan Kovačević,D (C),,22,"6'4""",Weak,Very Strong,6.65,0,1103,0,0,0,0.37,0.37,-0.37,0,0%,0.1233333333,0.2,0,0,0%,0,0,0,1,0.1,0.74,0.1,91%,42.9,0,0.2,2.5,0.1,0.1,100,0.1,0.1,100,0,1,0,3.2,14,0.6,3.1,2.5,70,10,2,0.7,1.4,0.9,9,1,1,10.1,4,No recurring injuries,Average,5.5,76,1.1,0,0,1,0,0,0,0,0,0,0,1.1,1.4
Serie A,Cagliari,0.5,Mateusz Wieteska,D (C),,29,"6'2""",Weak,Very Strong,6.77,0,1530,0,0,0,1.57,1.57,-1.57,0.1,0%,0.1207692308,0.8,0.2,0.4,23%,0,0,0,0,0,0,0,95%,41.7,0,0.1,1.8,0.1,0,0,0.1,0,0,0.2,5,0,5.7,9.9,0.2,2.4,2.8,31,13,0,0.5,0.5,0.5,13,2,0,9.9,3.9,No recurring injuries,Very Low,5.8,70,1.2,0,0,0,0,0,0,0,0,0,0,0.4,1.4
Sky Bet Championship,Norwich,0.56,Ashley Phillips,D (C),,21,"6'4""",Reasonable,Very Strong,6.8,0,1484,0,0,0,0.83,0.83,-0.83,0.1,0%,0.05928571429,0.8,0.1,0.3,14%,0,0,0,1,0.1,0.22,0,95%,44.8,0,0.2,2.4,0,0,0,0,0,0,0,5,0,2.9,15.1,0.2,3.3,2.9,38,8,2,0.5,1,0.5,1,0,1,10.3,4.3,No recurring injuries,Below Average,5.9,68,1.2,0,0,0,0,0,0,0,0,0,0,1.3,1
Eredivisie,Sparta Rotterdam,0.46,Marvin Young,D (R),D (R),21,"6'0""",Weak,Very Strong,6.57,0,1260,0,0,0,0.33,0.33,-0.33,0,0%,0.11,0.2,0.1,0.1,33%,0,0,0,0,0,0.03,0,90%,44,0.1,0.1,2.4,0.1,0,0,0.1,0,0,0.1,1,0,3.1,13.2,0.6,2.4,2.2,73,11,1,0.9,1.4,0.9,7,0,0,10.2,4.1,No recurring injuries,Average,5.4,72,0.8,0,0,0,0,0,0,0,0,0,0,1.1,1.1
Eredivisie,Telstar,0.39,Robert Bauer,D (C),,31,"6'0""",Reasonable,Very Strong,6.73,0,1225,0,0,0,0.71,0.71,-0.71,0.1,0%,0.1183333333,0.4,0.1,0.2,17%,0,0,0,0,0,0.35,0,87%,43.9,0.1,0.1,2.5,0.1,0,0,0.1,0,0,0,2,0,3,12.2,0.6,3.4,3.6,67,12,1,0.7,0.9,1.2,4,2,0,9.8,4.2,No recurring injuries,Below Average,3.5,69,0.4,0,0,0,0,0,0,0,0,0,0,0.6,1.3
Bundesliga 2,Holstein Kiel,0.43,Marco Komenda,D (C),D (L),30,"6'0""",Very Strong,Reasonable,6.7,0,1066,0,0,0,0.28,0.28,-0.28,0,0%,0.28,0.1,0.1,0,100%,0,0,0,0,0,0.11,0,94%,42.7,0,0.1,2.2,0.2,0,0,0.2,0,0,0,1,0,3.5,13.2,0.5,2.7,4,60,10,3,0.8,1.2,0.6,6,3,0,10,4.6,No recurring injuries,High,5.7,71,0.5,0,0,0,0,0,0,0,0,0,0,1,1.3
Ligue 2 BKT,Montpellier,0.55,Yaël Mouanga,D (C),DM,21,"6'0""",Weak,Very Strong,6.75,0,1017,0,0,0,1.34,1.34,-1.34,0.1,0%,0.1675,0.7,0.1,0.3,13%,0,0,0,0,0,1.04,0.1,90%,42.3,0,0.2,2.4,0,0,0,0,0,0,0,1,0,3.6,14.3,0.4,2.9,2.9,80,5,0,1.2,1.2,0.4,3,0,0,9.6,5.1,No recurring injuries,Below Average,3.7,55,0.4,0,0,0,0,0,0,0,0,0,0,1.4,1.2
Bundesliga,1. FC Magdeburg,0.41,Dominik Reimann,GK,,29,"6'1""",Reasonable,Very Strong,6.59,2,1247,0,0,0,0,0,0,0,0%,0,0,0,0,0%,0,0,0,0,0,0,0,77%,25,0,0,0,0,0,0,0,0,0,0,10,0,8.9,3.2,0,0,0,0,0,0,0,3.8,0,0,0,0,5.1,0,No recurring injuries,Average,0,0,0,5,-1.33,0,69,15,25,4,19,0,0,1,1.4
Eredivisie,FC Emmen,0.34,Alexander Groiß,D (C),,28,"6'3""",Weak,Very Strong,6.61,0,1026,0,0,0,0,0,0,0,0%,0,0.1,0,0.1,0%,0,0,0,0,0,0.26,0,91%,43.1,0.1,0.2,1.6,0,0,0,0,0,0,0.1,1,0,4.4,9.3,0.3,2.5,2.4,50,6,1,0.9,1.2,1.4,8,1,0,9.6,4,No recurring injuries,High,5,67,1.1,0,0,0,0,0,0,0,0,0,0,0.5,1.2
Bundesliga,Sport-Club Freiburg,0.51,Florian Müller,GK,,29,"6'3""",Very Strong,Weak,6.72,0,1200,0,0,0,0,0,0,0,0%,0,0,0,0,0%,0,0,0,0,0,0,0,84%,23.9,0,0,0.1,0,0,0,0,0,0,0,5,0,8.8,4.3,0,0.1,0,0,1,0,0,3.3,0,0,0,0,5.5,0,No recurring injuries,Below Average,0,0,0,5,3.95,0,75,17,13,11,13,1,0,1.3,1
Bundesliga 2,SSV Jahn Regensburg,0.47,Nicolas Oliveira,D (R),D/WB (L),22,"5'11""",Reasonable,Very Strong,6.94,3,1428,0,0,0,0.54,0.54,-0.54,0,0%,0.09,0.4,0.1,0.1,17%,0,0,0,1,0.1,1.27,0.1,86%,52,0.2,0.8,7.7,1.8,0.2,10,1.8,0.2,11,0.7,18,2,14.7,10.5,1.7,3.8,7.4,75,36,2,0.4,1.1,1.1,12,1,0,11.4,15.9,No recurring injuries,Average,3.9,53,0.8,0,0,0,0,0,0,0,0,0,0,0.9,0.9
Premier League,Sporting CP,0.62,Ousmane Diomande,D (C),,22,"6'3""",Reasonable,Very Strong,6.87,0,1466,0,0,0,0.57,0.57,-0.57,0,0%,0.07125,0.5,0.1,0.2,13%,0,0,0,0,0,0.83,0.1,91%,45.9,0.1,0.1,2.1,0,0,0,0,0,0,0,4,0,2.2,18.3,0.3,2.6,2.3,83,6,1,0.4,0.9,0,15,4,1,9.8,3.1,No recurring injuries,Below Average,6.2,76,1.4,0,0,0,0,0,0,0,0,0,0,1.9,0.6
Bundesliga 2,1. FC Kaiserslautern,0.53,Maxim Leitsch,D (C),,28,"6'2""",Very Strong,Weak,6.87,0,1132,0,0,0,0.14,0.14,-0.14,0,0%,0.07,0.2,0.1,0,50%,0,0,0,0,0,0,0,92%,42.2,0,0.1,1.4,0.2,0.1,33,0.2,0.1,33,0.1,2,0,3.5,14.2,0.8,3.4,2.7,100,10,1,1,1,0.5,4,1,0,10.7,5.6,Recurring tight thigh,Very High,5.1,64,0.6,0,0,0,0,0,0,0,0,0,0,1,0.8
Bundesliga 2,Rot-Weiss Essen,0.55,Tobias Kraulich,D (C),DM,27,"6'3""",Very Strong,Weak,6.95,2,1060,0,0,0,0.7,0.7,-0.7,0.1,0%,0.35,0.2,0.1,0,50%,0,0,0,0,0,0.54,0,87%,40.6,0,0.1,1.6,0.1,0,0,0.1,0,0,0,1,0,2.5,17.7,0.7,3.8,3,89,9,4,0.8,1,0.7,0,0,0,9.6,2.9,No recurring injuries,High,5.6,73,0.8,0,0,0,0,0,0,0,0,0,0,1,1.4
Sky Bet Championship,Norwich,0.56,Kellen Fisher,D/WB (R),D/WB (L),22,"6'0""",Weak,Very Strong,7,2,1575,0,0,0,0.36,0.36,-0.36,0,0%,0.072,0.3,0,0,0%,0,0,0,1,0.1,0.86,0,83%,42.4,0.1,1.3,3.9,7.7,1.4,17,6.4,1.1,18,3.4,21,1,14.1,12.6,2.2,3.4,10.3,78,49,5,0.8,0.9,0.3,27,0,0,12.6,23.8,No recurring injuries,Below Average,3.9,47,0.3,0,0,0,0,0,0,0,0,0,0,1.1,1
Bundesliga,Borussia Dortmund,0.62,Nico Schlotterbeck,D (C),D (L),26,"6'3""",Very Strong,Weak,7.18,1,1890,0,0,0,0.95,0.95,-0.95,0,0%,0.1055555556,0.4,0.1,0.1,22%,0,0,0,2,0.1,1.12,0.1,94%,57.4,0,0.3,3.5,3.4,0.6,16,0,0,100,0,5,0,3.2,17.8,0.5,2.7,3.1,73,15,3,1,1,0.9,13,1,0,9.7,4.7,No recurring injuries,Average,5.7,78,1.4,0,0,0,0,0,0,0,0,0,0,1.6,0.9
Bundesliga 2,SSV Jahn Regensburg,0.47,Oscar Schönfelder,D (L),,25,"6'0""",Very Strong,Weak,6.91,2,1196,0,0,0,0.04,0.04,-0.04,0,0%,0.04,0.1,0,0.1,0%,0,0,0,1,0.1,1.43,0.1,92%,54.9,0.3,1.1,6.1,1.2,0.2,12,1.2,0.2,13,1.6,15,0,15.4,10.4,1.7,4.3,7.6,77,30,1,0.8,1.1,0.2,23,3,1,12.3,16.7,No recurring injuries,High,3.2,35,0.2,0,0,0,0,0,0,0,0,0,0,0.9,0.9
Eredivisie,Telstar,0.39,Raí Lopes,D (L),,26,"6'0""",Very Strong,Weak,6.81,0,1111,0,0,0,0.52,0.52,-0.52,0,0%,0.26,0.2,0,0,0%,0,0,0,2,0.2,0.88,0.1,87%,55.7,0.1,1.5,7.4,2.9,0.4,13,2.9,0.4,14,0.2,8,0,12.9,9.7,2.4,3.4,7.5,94,32,2,0.3,1,0.6,6,1,0,10.8,14,No recurring injuries,Average,2.7,52,0.2,0,0,0,0,0,0,0,0,0,0,0.7,1.4
Bundesliga 2,SG Dynamo Dresden,0.46,Tim Schreiber,GK,,24,"6'3""",Reasonable,Very Strong,6.55,0,1350,0,0,0,0,0,0,0,0%,0,0,0,0,0%,0,0,0,0,0,0,0,80%,24.1,0,0,0,0,0,0,0,0,0,0,4,0,7.5,3.3,0,0,0,0,1,0,0,3.4,0,0,0,0,5.4,0,No recurring injuries,Average,0,0,0,2,-1.65,1,67,9,25,8,20,1,0,0.8,1.3
Bundesliga 2,Eintracht Braunschweig,0.50,Mehmet Aydın,WB (R),M/AM (R),24,"5'11""",Reasonable,Very Strong,7.09,1,1331,0,0,0,1.05,1.05,-1.05,0.1,0%,0.1166666667,0.6,0.3,0.1,56%,0,0,0,2,0.1,1.27,0.1,89%,54.8,0.2,0.9,6.3,2,0.5,23,2,0.5,23,1.1,18,1,13.6,12.4,1.5,3.5,7.2,88,25,1,0.5,1.1,0.6,23,4,0,11.1,15.7,No recurring injuries,Below Average,3.7,74,0.2,0,0,0,0,0,0,0,0,0,0,1,0.9
Second Division,R. Madrid B,0.36,Manuel Ángel,M (C),"DM, AM (C)",22,"5'7""",Strong,Very Strong,6.54,0,1333,0,0,0,1.69,1.69,-1.69,0.1,0%,0.1207142857,0.9,0.5,0.1,50%,0,0,0,7,0.5,3.54,0.2,0%,0,0.3,0.5,0,1.4,0.1,10,0,0,0,0,7,0,14.4,8.5,0,0,0,0,0,0,0,0,0,2,2,0,0,0,No recurring injuries,Below Average,0,0,0,0,0,0,0,0,0,0,0,0,0,0.8,1.6
Bundesliga 2,Holstein Kiel,0.43,Jochem Ritmeester van de Kamp,M (C),"M (R), AM (RC)",23,"5'10""",Strong,Very Strong,6.41,0,1023,0,0,0,0.27,0.27,-0.27,0,0%,0.045,0.5,0.2,0.1,33%,0,0,0,1,0.1,1.27,0.1,0%,0,0.2,0.1,0,0,0,0,0,0,0,0,4,0,13.5,6.9,0,0,0,0,0,0,0,0,0,4,4,0,0,0,No recurring injuries,Low,0,0,0,0,0,0,0,0,0,0,0,0,0,0.6,1.1
Serie A,Sampdoria,0.5,Felipe Sánchez,D (C),D (L),22,"6'0""",Very Strong,Weak,6.68,0,1170,0,0,0,0.79,0.79,-0.79,0.1,0%,0.1975,0.3,0,0.1,0%,0,0,0,1,0.1,0.55,0,88%,41,0,0.2,1.7,0.2,0,0,0.2,0,0,0.1,5,0,4.5,9.8,0.7,3.2,2.4,69,13,2,0.6,1,1.2,6,3,0,8.9,3.5,No recurring injuries,Very Low,4.2,65,0.8,0,0,0,0,0,0,0,0,0,0,0.7,1.5
Eredivisie,PSV,0.55,Yarek Gąsiorowski,D (C),,21,"6'4""",Very Strong,Weak,6.8,0,1019,0,0,0,0.44,0.44,-0.44,0,0%,0.088,0.4,0.1,0.1,20%,0,0,0,0,0,0.95,0.1,91%,70.3,0.2,0.6,8.1,1.1,0.4,30,1.1,0.4,31,0.4,2,2,11.9,13.2,2.1,3.4,8.1,77,31,0,0.3,0.8,0.3,9,0,1,11.7,14.5,No recurring injuries,Average,4.5,73,0.6,0,0,0,0,0,0,0,0,0,0,1.7,1
Sky Bet Championship,Swansea,0.48,David Ozoh,"DM, M (C)",,21,"6'3""",Reasonable,Very Strong,6.91,0,1154,0,0,0,1.17,1.17,-1.17,0.1,0%,0.13,0.7,0.2,0.3,33%,1,0,0,0,0,0.55,0,90%,48.9,0.3,0.5,3.9,0,0,0,0,0,0,0.3,7,0,6.6,11.8,1.9,1.8,5.8,83,29,3,0.9,1,0.1,11,0,0,11.4,11.1,No recurring injuries,High,3.7,64,0.5,0,0,0,0,0,0,0,0,0,0,1,1.3
Sky Bet Championship,Stoke,0.44,Viktor Johansson,GK,,28,"6'1""",Weak,Very Strong,6.65,2,1771,0,0,0,0,0,0,0,0%,0,0,0,0,0%,0,0,0,0,0,0,0,87%,24.6,0,0,0,0,0,0,0,0,0,0,4,0,7.2,3.5,0,0,0,0,0,0,0,4.2,0,0,0,0,5.3,0,No recurring injuries,Above Average,0,0,0,3,0.53,0,69,13,39,15,30,0,0,0.8,1.5
Sky Bet Championship,Leeds,0.62,Gabriel Gudmundsson,D/WB (L),,27,"5'11""",Very Strong,Weak,6.85,0,1295,0,0,0,1.03,1.03,-1.03,0.1,0%,0.1144444444,0.6,0.2,0.1,33%,0,0,0,2,0.1,1.14,0.1,91%,62.8,0.3,1,6.5,1,0.3,26,1,0.3,27,1.4,11,2,10.8,11.4,1.7,3.3,8.9,69,36,0,0.2,0.8,0.1,12,4,0,11.2,15.6,No recurring injuries,Below Average,3,37,0.3,0,0,0,0,0,0,0,0,0,0,1.7,0.9
First Division,Vallecano,0.53,Nobel Mendy,D (C),,22,"6'2""",Very Strong,Reasonable,6.76,0,1125,0,0,0,0.5,0.5,-0.5,0,0%,0.1,0.4,0.2,0.2,40%,0,0,0,0,0,0.18,0,91%,46.8,0,0.1,2.3,0,0,0,0,0,0,0.2,4,0,3.4,16.7,0.3,2.7,3,36,11,0,0.3,0.8,1.1,6,1,1,10,4.2,No recurring injuries,Very High,5.8,68,1,0,0,0,0,0,0,0,0,0,0,1.5,1
Eredivisie,AZ,0.62,Seiya Maikuma,D (R),,29,"5'10""",Fairly Strong,Very Strong,7.15,1,1849,0,0,0,0.44,0.44,-0.44,0,0%,0.04,0.5,0.1,0.3,18%,0,0,0,7,0.3,2.68,0.1,92%,60.5,0.1,1,8.8,1.5,0.3,19,1.5,0.3,19,0.6,9,0,12.4,12.9,2.1,3.3,7.8,80,55,3,0.4,0.8,0.4,17,4,0,11.5,16.5,No recurring injuries,Below Average,2.8,43,0.1,0,0,0,0,0,0,0,0,0,0,1.3,0.6
First Division,Atlético Pamplona,0.5,Sergio Herrera,GK,,33,"6'4""",Reasonable,Very Strong,6.96,3,1260,0,0,0,0,0,0,0,0%,0,0,0,0,0%,0,0,0,0,0,0.03,0,90%,25.8,0,0.1,0.1,0,0,0,0,0,0,0,3,0,9.1,4.3,0,0,0,0,1,0,0,1.9,0,0,0,0,6.3,0,No recurring injuries,Average,0,0,0,4,2.11,0,76,13,28,9,15,1,0,1.1,1.1
Ligue 2 BKT,FC Rouen,0.43,Axel Maraval,GK,,33,"6'0""",Weak,Very Strong,6.58,2,1440,0,0,0,0,0,0,0,0%,0,0,0,0,0%,0,0,0,0,0,0,0,75%,27,0,0,0,0,0,0,0,0,0,0,4,0,12.2,2.9,0,0,0,0,0,0,0,5.2,0,0,0,0,5,0,No recurring injuries,Above Average,0,0,0,4,-0.58,0,71,14,30,11,22,0,0,0.7,1.4
Bundesliga,TSG Hoffenheim,0.53,Oliver Baumann,GK,,36,"6'2""",Weak,Very Strong,6.95,1,1596,0,0,0,0,0,0,0,0%,0,0,0,0,0%,0,0,0,0,0,0,0,86%,25.5,0,0,0.1,0,0,0,0,0,0,0,9,0,6.2,5.1,0,0,0,0,1,0,0,1,0,0,0,0,5.2,0,No recurring injuries,Average,0,0,0,8,4.04,0,73,8,30,7,16,1,0,1.7,0.9
Bundesliga 2,Hannover 96,0.53,Manuel Riemann,GK,,38,"6'1""",Reasonable,Very Strong,7.13,2,1440,0,0,0,0,0,0,0,0%,0,0,0,0,0%,0,0,0,0,0,0,0,87%,23.3,0,0,0.1,0,0,0,0,0,0,0,8,0,7.2,4.6,0,0,0,0,1,0,0,2.8,0,1,1,0,6.3,0,No recurring injuries,Low,0,0,0,8,4.42,0,78,11,20,6,10,1,0,0.8,0.6
Ligue 2 BKT,USL Dunkerque,0.50,Vincent Sasso,D (C),,35,"6'3""",Weak,Very Strong,6.78,0,1307,0,0,0,1.35,1.35,-1.35,0.1,0%,0.15,0.6,0.1,0.2,22%,0,0,0,1,0.1,0.44,0,91%,43.7,0.1,0.2,1.5,0.1,0,0,0.1,0,0,0,6,0,3.5,14.9,0.1,2.5,1.8,40,5,1,0.8,1,0.9,10,4,0,9.6,3.1,No recurring injuries,Low,5.4,67,1,0,0,0,0,0,0,0,0,0,0,1.1,0.6
Ligue 2 BKT,Laval MFC,0.43,Mamadou Samassa,GK,,36,"6'6""",Weak,Very Strong,6.52,0,1172,0,0,0,0,0,0,0,0%,0,0,0,0,0%,0,0,0,0,0,0,0,83%,24.5,0,0,0,0,0,0,0,0,0,0,4,0,12.6,3,0,0,0,0,1,0,0,3.7,0,1,1,0,6,0,No recurring injuries,Below Average,0,0,0,3,-3.54,1,69,11,23,12,20,1,0,0.5,1.5
Eredivisie,Fortuna Sittard,0.56,Tuomas Ollila,D (L),M (L),26,"5'8""",Very Strong,Reasonable,6.7,0,1242,0,0,0,0.26,0.26,-0.26,0,0%,0.08666666667,0.2,0,0.1,0%,0,0,0,0,0,0.43,0,84%,54.7,0.1,1,6.4,3.9,0.9,22,1.6,0.2,14,1.2,7,3,13.3,10.1,1.4,3.2,8,69,29,2,0.4,0.9,0.3,14,2,0,12.1,15.3,No recurring injuries,Above Average,2.5,51,0.1,0,0,0,0,0,0,0,0,0,0,1.1,0.9
Serie BKT,Palermo,0.5,Jesse Joronen,GK,,33,"6'6""",Very Strong,Weak,7.23,1,1086,0,0,0,0,0,0,0,0%,0,0,0,0,0%,0,0,0,0,0,0,0,61%,21,0,0,0,0,0,0,0,0,0,0,6,0,1.8,0.2,0,0,0,0,0,0,0,0.4,0,0,0,0,1.1,0,No recurring injuries,Very Low,0,0,0,6,-0.92,0,60,1,1,1,11,0,0,0.1,0.2
Ligue 1 McDonald's,AS Monaco,0.50,Lukás Hrádecký,GK,,37,"6'4""",Weak,Very Strong,7.01,2,1620,0,0,0,0,0,0,0,0%,0,0,0,0,0%,0,0,0,0,0,0,0,78%,22.6,0,0,0.3,0,0,0,0,0,0,0,3,0,9.6,4.6,0.1,0,0,100,1,0,0,2.4,0,0,0,0,4.5,0,No recurring injuries,Below Average,0,0,0,8,8.02,0,75,16,30,9,18,1,100,1.5,1
Sky Bet Championship,Lincoln,0.33,Ryley Towler,D (L),DM,24,"6'2""",Very Strong,Weak,6.87,0,1793,0,0,0,0.41,0.41,-0.41,0,0%,0.205,0.1,0,0,0%,0,0,0,2,0.1,1.64,0.1,92%,42.3,0.1,0.3,2.4,0.1,0.1,50,0.1,0.1,50,0,6,1,4.1,9.6,1,3.1,2.9,87,23,6,0.9,1.4,0.8,5,1,0,10.1,4,No recurring injuries,Below Average,3.6,73,0.4,0,0,0,0,0,0,0,0,0,0,0.9,1.5
Premier League,Everton,0.37,Jarrad Branthwaite,D (C),D (RL),24,"6'5""",Very Strong,Strong,6.79,0,1350,0,0,0,0.23,0.23,-0.23,0,0%,0.07666666667,0.2,0,0,0%,0,0,0,0,0,0.1,0,92%,33.7,0.1,0.1,2.1,0,0,0,0,0,0,0.1,1,0,3.1,9.7,0.5,2.9,2.6,70,10,3,0.7,1,0.5,1,0,0,10.2,4.5,No recurring injuries,Below Average,5.5,70,1.8,0,0,0,0,0,0,0,0,0,0,1.9,1.5
Sky Bet Championship,Watford,0.43,Mattie Pollock,D (C),,25,"6'3""",Reasonable,Very Strong,6.86,1,1662,0,0,0,0.99,0.99,-0.99,0.1,0%,0.09,0.6,0.1,0.2,9%,0,0,0,0,0,0.74,0,89%,40.1,0.1,0.2,2.1,0,0,0,0,0,0,0,2,0,3.3,12.3,0.5,2.3,2.7,75,12,3,0.8,1.3,1.2,5,0,0,9.9,3.5,No recurring injuries,Above Average,6,80,1.1,0,0,0,0,0,0,0,0,0,0,1,1.4
First Division,Atlético Pamplona,0.5,Flavien-Enzo Boyomo,D (R),D (R),25,"6'0""",Fairly Strong,Very Strong,6.97,0,1351,0,0,0,1.07,1.07,-1.07,0.1,0%,0.1188888889,0.6,0.3,0.1,44%,0,0,0,0,0,1.54,0.1,93%,59.6,0.1,0.7,7.5,0.6,0.1,11,0.6,0.1,11,0.5,8,0,7.5,15.6,0.8,3.6,7.1,55,22,1,0.6,0.4,0.8,16,0,0,10.9,13.8,No recurring injuries,Low,4,77,0.3,0,0,0,0,0,0,0,0,0,0,1.4,1
Sky Bet Championship,West Brom,0.56,Josh Griffiths,GK,,25,"6'5""",Weak,Very Strong,6.88,1,1710,0,0,0,0,0,0,0,0%,0,0,0,0,0%,0,0,0,0,0,0,0,87%,24.2,0,0,0.2,0,0,0,0,0,0,0,11,0,7.6,3.9,0.1,0.1,0,67,3,0,0,3.8,0,0,0,0,5.5,0,No recurring injuries,Low,0,0,0,6,5.23,0,79,21,27,13,17,3,67,1.3,0.9
Ligue 1 McDonald's,Strasbourg,0.45,Andrew Omobamidele,D (C),,24,"6'3""",Reasonable,Very Strong,6.97,1,1890,0,0,0,1.26,1.26,-1.26,0.1,0%,0.09,0.7,0,0.4,0%,0,0,0,1,0,0.46,0,94%,46,0.1,0.4,1.9,0,0,0,0,0,0,0.1,4,0,4,13.6,0.1,2.8,2.2,50,4,1,1,1.3,0.6,5,3,0,10.4,4.7,No recurring injuries,Low,5,70,0.9,0,0,0,0,0,0,0,0,0,0,1.2,1.1
Ligue 1 McDonald's,Toulouse FC,0.49,Charlie Cresswell,D (C),,24,"6'3""",Reasonable,Very Strong,6.94,1,1248,0,0,0,0.53,0.53,-0.53,0,0%,0.06625,0.6,0.1,0.2,25%,0,0,0,1,0.1,0.74,0.1,93%,46.1,0.1,0.1,1.6,0,0,0,0,0,0,0,8,0,3.1,14.2,0.5,4.1,2.7,64,11,3,0.6,0.6,0.8,6,0,1,10.1,5,No recurring injuries,Low,5.6,79,0.6,0,0,0,0,0,0,0,0,0,0,0.9,1.1
Sky Bet Championship,Lincoln,0.33,George Wickens,GK,,25,"6'5""",Reasonable,Very Strong,6.53,1,1629,0,0,0,0,0,0,0,0%,0,0,0,0,0%,0,0,0,0,0,0,0,74%,22.8,0,0,0,0,0,0,0,0,0,0,12,0,10.3,2.5,0.1,0,0,67,3,0,0,3.6,0,0,0,0,5.1,0,No recurring injuries,Average,0,0,0,2,2.58,0,73,20,39,12,28,3,67,0.9,1.5
Sky Bet Championship,Bristol City,0.45,Rob Atkinson,D (C),D (L),28,"6'4""",Very Strong,Weak,6.95,1,1051,0,0,0,1.22,1.22,-1.22,0.1,0%,0.2033333333,0.5,0,0.2,0%,0,0,0,0,0,0.15,0,92%,46.1,0.3,0.4,3.7,0.4,0.2,40,0.4,0.2,40,0.2,4,0,5.1,16,0.7,2.8,4.4,57,14,3,0.6,0.9,0.9,7,3,0,11,5.8,No recurring injuries,High,4.5,62,0.8,0,0,0,0,0,0,0,0,0,0,1.6,0.8
Bundesliga,FC St. Pauli,0.45,Danel Sinani,AM (C),M (RC),29,"6'1""",Very Strong,Reasonable,6.75,0,1165,0,0,0,1.07,1.07,-1.07,0.1,0%,0.07642857143,1.1,0.4,0.4,36%,2,0,0,2,0.2,1.15,0.1,90%,40.9,0.1,1.5,2.6,3.1,0.5,15,1,0.1,8,1.8,11,4,23.4,7.7,0.4,1.6,5.2,71,7,0,0.3,0.2,0,11,3,0,12.2,12.4,No recurring injuries,Average,3.1,15,0,0,0,0,0,0,0,0,0,0,0,0.7,1.4
Eredivisie,Go Ahead Eagles,0.51,Gerrit Nauber,D (C),,34,"6'1""",Reasonable,Very Strong,6.69,0,1468,0,0,0,0.98,0.98,-0.98,0.1,0%,0.245,0.2,0,0,0%,0,0,0,0,0,0.33,0,86%,41.6,0.1,0.2,2.1,0.1,0,0,0.1,0,0,0,4,0,3.9,15.8,0.9,2.3,2.6,78,18,2,0.9,1.2,0.4,5,1,0,10.1,4.7,No recurring injuries,Above Average,4.7,61,1.1,0,0,0,0,0,0,0,0,0,0,0.9,1
Ligue 1 McDonald's,Paris FC,0.48,Kevin Trapp,GK,,36,"6'2""",Weak,Very Strong,6.81,2,1281,0,0,0,0,0,0,0,0%,0,0,0,0,0%,0,0,0,0,0,0,0,86%,23.6,0,0,0.2,0,0,0,0,0,0,0,0,0,8.9,5.1,0.1,0,0,40,5,0,0,2.4,0,0,0,0,5.2,0,No recurring injuries,Above Average,0,0,0,5,5.22,0,80,24,22,16,17,5,40,0.9,1.2
Eredivisie,FC Utrecht,0.55,Vasilis Barkas,GK,,32,"6'5""",Very Strong,Weak,7.01,1,1260,0,0,0,0,0,0,0,0%,0,0,0,0,0%,0,0,0,0,0,0,0,81%,23.9,0,0,0,0,0,0,0,0,0,0,1,0,6.3,4,0.1,0,0,100,1,0,0,1.4,0,2,2,0,6.5,0,No recurring injuries,Below Average,0,0,0,6,8.86,0,82,13,25,8,11,1,100,1.3,0.8
Bundesliga,FC Augsburg,0.54,Dimitris Giannoulis,D/WB (L),,31,"6'0""",Very Strong,Weak,6.85,0,1040,0,0,0,0.13,0.13,-0.13,0,0%,0.13,0.1,0.1,0,100%,0,0,0,1,0.1,0.4,0,86%,53.3,0.3,1.6,6,6.6,1.1,17,6.6,1.1,17,3.7,14,0,17.4,9.3,2.2,3.5,10.6,60,43,1,0.7,1,0.3,13,4,0,12.2,23,No recurring injuries,Above Average,2.5,45,0.2,0,0,0,0,0,0,0,0,0,0,1.1,0.6
Eredivisie,FC Groningen,0.56,Etienne Vaessen,GK,,31,"6'2""",Weak,Very Strong,6.92,1,1380,0,0,0,0,0,0,0,0%,0,0,0,0,0%,0,0,0,0,0,0,0,74%,24.3,0,0,0,0,0,0,0,0,0,0,10,0,9,3.2,0,0,0,0,2,0,0,4,0,2,2,0,4.7,0,No recurring injuries,Below Average,0,0,0,5,9.38,0,74,7,27,6,14,2,0,1.2,0.9
Eredivisie,FC Twente,0.56,Mats Deijl,D (R),"D (C), WB (R), DM",29,"5'11""",Reasonable,Very Strong,7.05,4,1710,0,0,0,1.39,1.39,-1.39,0.1,0%,0.07315789474,1,0.1,0.4,11%,0,0,0,2,0.1,3.09,0.2,93%,56.8,0.1,1.1,7.6,6.2,0.9,14,2.1,0.3,13,0.7,13,3,13.2,12.7,1.7,3.2,7.1,68,47,3,0.5,1.1,0.4,25,2,0,11.3,15.5,No recurring injuries,Below Average,5.1,62,0.6,0,0,0,0,0,0,0,0,0,0,1.2,0.9
Premier League,Man Utd,0.51,Matthijs de Ligt,D (C),,27,"6'2""",Reasonable,Very Strong,6.93,0,1355,0,0,0,0.17,0.17,-0.17,0,0%,0.05666666667,0.2,0.1,0,67%,0,0,0,0,0,0.26,0,93%,49,0,0.1,3.2,0,0,0,0,0,0,0,2,0,4.1,10.6,0.8,3.9,2.4,75,16,3,1.6,1.1,1.4,7,1,0,10.4,4.6,No recurring injuries,Above Average,6,76,1.6,0,0,2,0,0,0,0,0,0,0,2.9,2.2
Premier League,Ipswich,0.42,Azor Matusiwa,DM,D/WB/M (R),28,"5'8""",Reasonable,Very Strong,6.72,1,1175,0,0,0,0.89,0.89,-0.89,0.1,0%,0.07416666667,0.9,0.4,0.5,42%,0,0,0,1,0.1,0.83,0.1,90%,50,0.1,1.2,7,0.5,0.2,28,0.5,0.2,29,0.8,2,0,5.8,8.6,2,2.8,7.6,84,31,2,0.5,1,0.4,19,1,0,12.7,17.6,No recurring injuries,Average,3.4,52,0,0,0,0,0,0,0,0,0,0,0,0.8,1.7
Serie A,Genoa,0.5,Justin Bijlow,GK,,28,"6'2""",Weak,Very Strong,6.88,1,1458,0,0,0,0,0,0,0,0%,0,0,0,0,0%,0,0,0,0,0,0,0,89%,25.1,0,0,0,0,0,0,0,0,0,0,7,0,7.3,3.2,0.1,0,0,100,1,0,0,1.1,0,0,0,0,5.5,0,No recurring injuries,Very Low,0,0,0,7,1.31,0,80,21,31,6,17,1,100,0.8,0.9
Eredivisie,Go Ahead Eagles,0.51,Joris Kramer,D (C),D (L),30,"6'2""",Very Strong,Reasonable,6.83,1,1643,0,0,0,1.17,1.17,-1.17,0.1,0%,0.2925,0.2,0,0,0%,0,0,0,2,0.1,1.09,0.1,86%,43.8,0.1,0.2,1.6,0,0,0,0,0,0,0,1,0,3.9,16.2,0.6,3.1,2.7,92,12,2,0.7,0.9,0.7,7,3,0,10.2,4.1,No recurring injuries,Below Average,5.9,62,1,0,0,0,0,0,0,0,0,0,0,0.8,1.1
Jupiler Pro League,Antwerp,0.53,Glenn Bijl,D (R),D (L),31,"5'10""",Reasonable,Very Strong,6.69,0,1308,0,0,0,1.08,1.08,-1.08,0.1,0%,0.12,0.6,0,0.2,0%,0,0,0,2,0.1,0.83,0.1,91%,58.7,0.1,0.6,8.1,3.4,0.4,12,1.5,0.1,9,0.6,15,0,11.5,14.2,1.9,3,6.2,79,34,2,0.7,0.9,0.6,17,3,0,11.7,14.1,No recurring injuries,Below Average,3.2,43,0,0,0,0,0,0,0,0,0,0,0,1.1,1.8
Bundesliga,Borussia M'gladbach,0.44,Kevin Diks,D (C),"D (L), WB (R)",30,"6'1""",Weak,Very Strong,6.79,0,1210,0,0,0,1.56,1.56,-1.56,0.1,0%,0.156,0.7,0.1,0.1,10%,0,0,0,0,0,0.79,0.1,94%,53.8,0.2,0.1,3,0.1,0.1,100,0.1,0.1,100,0,5,0,3.7,12.2,0.6,2.5,3,67,12,1,0.4,0.7,0.4,11,0,0,10.2,4.3,No recurring injuries,Above Average,3.9,62,0.5,0,0,0,0,0,0,0,0,0,0,0.7,1.6
Sky Bet Championship,Middlesbrough,0.50,Sol Brynn,GK,,26,"6'4""",Weak,Very Strong,6.78,2,1581,0,0,0,0,0,0,0,0%,0,0,0,0,0%,0,0,0,0,0,0,0,82%,25.3,0,0,0,0,0,0,0,0,0,0,3,0,6.9,3.7,0.1,0,0,50,2,0,0,2.8,0,1,1,0,5.4,0,No recurring injuries,Average,0,0,0,5,-5.36,0,74,23,30,7,23,2,50,0.9,1.3
Eredivisie,Excelsior,0.50,Stijn van Gassel,GK,,30,"6'1""",Weak,Very Strong,6.39,0,1260,0,0,0,0,0,0,0,0%,0,0,0,0,0%,0,0,0,0,0,0,0,76%,22.8,0,0,0,0,0,0,0,0,0,0,5,0,5,4.8,0,0,0,0,1,0,0,2.4,0,0,0,0,5.7,0,No recurring injuries,Below Average,0,0,0,3,0.92,0,74,15,25,9,17,1,0,0.6,1.2
Serie A,Fiorentina,0.5,Robin Gosens,WB (L),,32,"6'0""",Very Strong,Weak,6.88,0,1346,0,0,0,0.34,0.34,-0.34,0,0%,0.085,0.3,0.1,0.1,25%,0,0,0,1,0.1,2.37,0.2,89%,56.5,0.3,2,5.5,9.3,1.6,17,9.3,1.6,17,2.5,12,1,16.3,13.2,1.9,3.6,10.2,83,35,1,0.5,1,0.2,23,2,0,12.3,27.1,No recurring injuries,Very Low,2.4,69,0,0,0,0,0,0,0,0,0,0,0,1.3,0.7
Eredivisie,PSV,0.55,Nick Olij,GK,,31,"6'2""",Weak,Very Strong,6.97,4,1530,0,0,0,0,0,0,0,0%,0,0,0,0,0%,0,0,0,0,0,0,0,92%,26.5,0,0,0,0,0,0,0,0,0,0,5,0,6.4,4.2,0.1,0.1,0,50,2,0,0,1.1,0,0,0,0,6.1,0.1,No recurring injuries,Below Average,0,0,0,8,-0.49,0,71,12,21,9,17,2,50,1.5,1
Premier League,Fulham,0.45,Kenny Tete,D (R),,31,"5'11""",Reasonable,Very Strong,6.84,0,1052,0,0,0,0.14,0.14,-0.14,0,0%,0.02333333333,0.5,0.3,0.5,50%,0,0,0,3,0.3,1.64,0.1,88%,55.1,0.3,1.2,8.9,5.4,1.4,25,5.4,1.4,25,1.4,7,1,11.6,10.5,1.8,3.1,8.6,64,33,0,0.6,1.1,0.3,12,3,0,12.9,19.7,No recurring injuries,High,3.9,72,0.2,0,0,1,0,0,0,0,0,0,0,1.1,2.1
Eredivisie,Fortuna Sittard,0.56,Mattijs Branderhorst,GK,,32,"6'4""",Very Weak,Very Strong,6.86,1,1260,0,0,0,0,0,0,0,0%,0,0,0,0,0%,0,0,0,0,0,0,0,84%,23.6,0,0,0,0,0,0,0,0,0,0,2,0,7.4,5.5,0,0,0,0,2,0,0,3,0,0,0,0,4.9,0,No recurring injuries,Below Average,0,0,0,5,1.97,1,76,15,20,7,13,2,0,1.1,0.9
Eredivisie,sc Heerenveen,0.41,Joris van Overeem,DM,AM (C),32,"5'11""",Reasonable,Very Strong,6.86,1,1228,0,0,0,0.74,0.74,-0.74,0.1,0%,0.148,0.4,0,0.1,0%,0,0,0,1,0.1,4.53,0.3,92%,48.7,0.6,0.7,4.6,0.1,0,0,0.1,0,0,0.3,2,1,5.6,10.1,1,2.9,6.4,72,18,1,0.6,0.7,0.6,8,3,0,11.2,11.7,No recurring injuries,Below Average,2.3,29,0.1,0,0,0,0,0,0,0,0,0,0,0.7,0.9
First Division,Girona,0.57,Daley Blind,D (C),,36,"5'11""",Very Strong,Weak,7.21,2,1264,0,0,0,0.4,0.4,-0.4,0,0%,0.2,0.1,0,0,0%,0,0,0,3,0.2,2.05,0.1,94%,66.1,0.3,1.1,8.7,1.6,0.5,30,1.2,0.4,35,0.2,3,0,11.6,14.5,1.9,2.4,5.5,87,30,2,0.6,1.1,0.7,9,2,0,10.9,14,No recurring injuries,Below Average,4.3,64,0.7,0,0,0,0,0,0,0,0,0,0,1.9,1.3
Serie A,Bergamo,0.5,Marten de Roon,"DM, M (C)",D (C),35,"6'1""",Reasonable,Very Strong,6.96,0,1237,0,0,0,0.19,0.19,-0.19,0,0%,0.03166666667,0.4,0.1,0.4,17%,0,0,0,0,0,1.01,0.1,93%,61.8,0.3,0.8,6.7,0.2,0,0,0.2,0,0,0.1,11,0,5.7,10,1.4,2,5.7,83,23,0,0.4,0.7,0.1,14,2,0,11.7,13.1,No recurring injuries,Very Low,2.3,55,0.3,0,0,0,0,0,0,0,0,0,0,1.2,1.2
Sky Bet Championship,Sunderland,0.53,Konstantinos Mavropanos,D (C),D (R),28,"6'4""",Reasonable,Very Strong,7.02,1,1153,0,0,0,2.27,2.27,-2.27,0.2,0%,0.2063636364,0.9,0.2,0.3,27%,0,0,0,0,0,0.86,0.1,95%,54.2,0.2,0.2,2.7,0.1,0,0,0.1,0,0,0.1,4,0,4.2,14.1,0.8,2.6,3,100,10,2,0.5,0.7,0.4,8,3,0,10,5.4,Recurring partially torn groin,Very High,5.7,78,0.9,0,0,0,0,0,0,0,0,0,0,0.9,0.7
Eredivisie,Telstar,0.39,Ronald Koeman,GK,,31,"6'2""",Weak,Very Strong,6.55,0,1380,0,0,0,0,0,0,0,0%,0,0,0,0,0%,0,0,0,0,0,0,0,80%,23.6,0,0,0,0,0,0,0,0,0,0,6,0,8.7,3.1,0,0,0,0,1,0,0,3.1,0,0,0,0,5.8,0,No recurring injuries,Below Average,0,0,0,3,3.46,0,73,8,37,11,20,1,0,0.6,1.3
Sky Bet Championship,Lincoln,0.33,Tom Hamer,D (C),D (R),27,"6'2""",Weak,Very Strong,6.84,0,1800,0,0,0,1.41,1.41,-1.41,0.1,0%,0.17625,0.4,0.1,0.1,13%,0,0,0,0,0,0.21,0,90%,40.6,0,0.1,1.9,0,0,0,0,0,0,0.1,5,1,4.2,8.6,0.3,2.9,2.5,55,11,2,0.4,0.5,0.7,7,0,0,9.9,3.1,No recurring injuries,Below Average,5.5,85,1.8,0,0,0,0,0,0,0,0,0,0,0.9,1.5
Premier League,Ipswich,0.42,Leif Davis,D (L),,26,"5'10""",Very Strong,Very Weak,6.96,1,1107,0,0,0,0.34,0.34,-0.34,0,0%,0.02615384615,1.1,0.4,1,38%,0,0,0,3,0.2,3.6,0.3,86%,55.9,0.9,1.8,7.6,8.7,1.6,18,1.7,0.8,48,2.1,5,2,15.8,11.3,2.7,3.7,10.6,58,57,4,1.1,2,0.7,16,1,0,13.3,27.1,No recurring injuries,Below Average,4.1,68,0.2,0,0,0,0,0,0,0,0,0,0,0.7,1.7
Sky Bet Championship,Hull,0.39,Ryan Giles,WB (L),M/AM (L),26,"6'0""",Very Strong,Weak,6.79,0,1115,0,0,0,0.15,0.15,-0.15,0,0%,0.03,0.4,0,0.3,0%,0,0,0,2,0.2,1.43,0.1,90%,55.9,0.2,1.5,8.6,4.9,0.6,11,2.1,0.3,15,1,15,4,16.5,11.3,1.7,2.4,7.2,62,34,1,0.4,1.3,0,16,0,0,12,16.5,No recurring injuries,Average,4.8,46,0.6,0,0,0,0,0,0,0,0,0,0,1.4,1.6
Premier League,Bournemouth,0.44,Lewis Cook,M (C),D (R),29,"5'9""",Reasonable,Very Strong,7,1,1149,0,0,0,0.4,0.4,-0.4,0,0%,0.04,0.8,0.3,0.7,40%,0,0,0,3,0.2,2.22,0.2,90%,71.6,0.3,1.6,7.8,2.4,0.2,6,0.2,0,0,0.2,2,1,9.6,9.6,1.4,3.6,10.3,78,23,5,1,1,0.9,12,0,0,13.4,19.1,No recurring injuries,Very Low,1.6,45,0.2,0,0,1,0,0,0,0,0,0,0,1.6,1.7
Premier League,West Ham,0.44,Kyle Walker-Peters,D (R),,29,"5'9""",Fairly Strong,Very Strong,6.73,0,1021,0,0,0,0.2,0.2,-0.2,0,0%,0.05,0.4,0,0.3,0%,0,0,0,0,0,0.79,0.1,90%,64.8,0.2,0.9,6.8,1.1,0.1,8,1.1,0.1,8,0.5,3,0,9.5,12,2,4.2,8.7,61,38,0,0.2,1.3,0.2,14,2,0,12.3,16.4,No recurring injuries,Average,2.4,41,0.2,0,0,0,0,0,0,0,0,0,0,1.4,1.1
Premier League,Crystal Palace,0.49,Dean Henderson,GK,,29,"6'2""",Fairly Strong,Very Strong,7.02,3,1260,0,0,0,0,0,0,0,0%,0,0,0,0,0%,0,0,0,0,0,0,0,91%,27.6,0,0,0.4,0,0,0,0,0,0,0,0,0,2.7,7,0.1,0.8,0,33,3,0,0,2.4,0,0,0,0,6.7,0.1,No recurring injuries,Above Average,0,0,0,3,0.27,2,81,22,37,12,19,3,33,0.8,1.4
Premier League,Fulham,0.45,Antonee Robinson,D (L),,29,"6'0""",Very Strong,Weak,6.75,0,1295,0,0,0,0.34,0.34,-0.34,0,0%,0.0425,0.6,0.2,0.5,38%,0,0,0,0,0,1.02,0.1,88%,55.7,0.1,0.8,6.5,4.3,0.6,14,4.3,0.6,15,1.6,9,2,13.6,13.7,2.6,5.6,9.2,79,48,2,0.6,1.3,0.3,13,0,0,13.7,20.8,No recurring injuries,Above Average,3.5,80,0.5,0,0,0,0,0,0,0,0,0,0,1,2.2
Sky Bet Championship,Middlesbrough,0.50,Dael Fry,D (C),,29,"6'3""",Reasonable,Very Strong,6.86,0,1729,0,0,0,1.64,1.64,-1.64,0.1,0%,0.1261538462,0.7,0.2,0.1,23%,0,0,0,0,0,0.8,0,91%,43.3,0.1,0.2,1.4,0.1,0,0,0.1,0,0,0,5,1,3,14.5,0.6,3,2.7,85,13,2,0.7,0.8,0.5,5,2,0,10.1,4,No recurring injuries,High,5.7,73,1.2,0,0,0,0,0,0,0,0,0,0,0.9,1.4
Jupiler Pro League,Dender EH,0.54,Gauthier Gallon,GK,,33,"6'1""",Weak,Very Strong,6.62,0,1482,0,0,0,0,0,0,0,0%,0,0,0,0,0%,0,0,0,0,0,0,0,77%,25.2,0,0,0,0,0,0,0,0,0,0,4,0,7.7,4.5,0.2,0,0,67,6,0,0,4.3,0,0,0,0,5.5,0,No recurring injuries,Below Average,0,0,0,3,6.08,0,76,12,39,10,23,6,67,1.1,1.4
Sky Bet Championship,Stockport,0.48,Josh Dacres-Cogley,D/WB (R),,30,"5'9""",Weak,Very Strong,6.64,1,1770,0,0,0,1.6,1.6,-1.6,0.1,0%,0.1333333333,0.6,0.1,0.2,17%,1,0,0,1,0.1,1.58,0.1,90%,51.2,0.1,0.7,6.5,2.5,0.3,12,2.5,0.3,12,0.9,15,0,13.8,10,1.6,3.1,6.5,82,38,1,0.6,1.2,0.3,13,1,1,11.3,15.3,No recurring injuries,Below Average,3.5,65,0.2,0,0,0,0,0,0,0,0,0,0,1.2,1.6
Premier League,Arsenal,0.61,David Raya,GK,,31,"6'0""",Reasonable,Very Strong,7.09,0,1710,0,0,0,0,0,0,0,0%,0,0,0,0,0%,0,0,0,1,0.1,0.22,0,97%,26.7,0.1,0.1,0.3,0,0,0,0,0,0,0,0,0,1.8,8.4,0.1,0.6,0,100,1,0,0,0.6,0,0,0,0,6.9,0.2,No recurring injuries,Low,0,0,0,7,-1.5,1,76,22,37,6,21,1,100,1.9,1.1
Ligue 1 McDonald's,Strasbourg,0.45,Ben Chilwell,D/WB (L),D (C),29,"5'11""",Very Strong,Fairly Strong,7.12,1,1640,0,0,0,0.29,0.29,-0.29,0,0%,0.09666666667,0.2,0.1,0.1,33%,0,0,0,3,0.2,2.48,0.1,86%,57.7,0.4,2,5.2,6.1,1.6,25,6,1.6,26,1.6,9,3,14.2,11.2,2.3,3.5,9.4,76,55,7,0.5,1.1,0.3,15,0,0,11.8,21.2,No recurring injuries,High,3.1,75,0.2,0,0,0,0,0,0,0,0,0,0,1.3,1.2
Sky Bet Championship,Cardiff,0.49,Perry Ng,D (R),"D (LC), WB (R)",30,"5'11""",Weak,Very Strong,6.92,0,1685,0,0,0,0.86,0.86,-0.86,0,0%,0.1433333333,0.3,0.2,0.2,50%,0,0,0,1,0.1,0.93,0,91%,57.4,0.1,0.4,7.9,1.7,0.1,6,1.7,0.1,6,1,16,0,14.1,11.8,1.1,4,6,80,25,1,0.5,0.5,1,34,7,0,11.6,16.2,No recurring injuries,Below Average,4.5,69,0.1,0,0,0,0,0,0,0,0,0,0,1.5,1.3
Eredivisie,AZ,0.62,Jeroen Zoet,GK,,35,"6'2""",Weak,Very Strong,6.97,2,2040,0,0,0,0,0,0,0,0%,0,0,0,0,0%,0,0,0,0,0,0,0,82%,23.8,0,0,0,0,0,0,0,0,0,0,6,0,7.9,4.5,0.1,0,0,100,2,0,0,4.1,0,0,0,0,5.7,0,No recurring injuries,Below Average,0,0,0,11,8.34,0,81,8,47,11,17,2,100,1.3,0.8
Premier League,TND,0.55,Christian Marques,D (C),,23,"6'2""",Very Weak,Very Weak,6.91,1,1260,0,0,0,1.61,1.61,-1.61,0.1,0%,0.20125,0.6,0,0.2,0%,0,0,0,1,0.1,0.84,0.1,90%,41.9,0.2,0.1,1.6,0,0,0,0,0,0,0.1,7,0,2.4,18.1,0.5,3,3,78,9,2,0.6,0.7,0.7,6,2,0,9.9,3.6,No recurring injuries,Average,5.7,64,1.4,0,0,0,0,0,0,0,0,0,0,1.4,1.3
Sky Bet Championship,Cardiff,0.49,Will Fish,D (C),,23,"6'1""",Weak,Very Strong,6.76,0,1703,0,0,0,0.35,0.35,-0.35,0,0%,0.0875,0.2,0.1,0.1,25%,0,0,0,0,0,0.52,0,90%,42.1,0.1,0.2,2.7,0.1,0.1,50,0.1,0.1,50,0,6,2,3.7,14.2,0.5,2.7,2.3,77,13,3,0.6,1,1,4,2,1,10.4,3.5,No recurring injuries,Below Average,5.4,52,1,0,0,0,0,0,0,0,0,0,0,1.4,1.3
Sky Bet Championship,Wrexham,0.46,Josh Wilson-Esbrand,D (L),WB (L),23,"5'9""",Very Strong,Reasonable,6.7,0,1075,0,0,0,0.71,0.71,-0.71,0.1,0%,0.1775,0.3,0.1,0,25%,0,0,0,0,0,0.62,0.1,91%,55.3,0.1,0.6,8.5,2.3,0.6,25,2.3,0.6,25,1.3,19,2,15.2,11.4,1.6,3.4,6.9,95,20,1,0.8,1.2,0.3,18,4,0,11.3,14.2,No recurring injuries,High,3.4,61,0.1,0,0,0,0,0,0,0,0,0,0,1.1,0.8
Ligue 1 McDonald's,Olympique de Marseille,0.54,CJ Egan-Riley,DM,D/WB (R),23,"6'0""",Weak,Very Strong,6.82,0,1209,0,0,0,1.64,1.64,-1.64,0.1,0%,0.205,0.6,0.2,0.2,38%,0,0,0,1,0.1,0.77,0.1,94%,63.1,0.1,0.5,5.3,1.9,0.2,12,0.3,0,0,0.3,4,1,7.1,8.9,1.1,3.1,5.3,79,19,2,0.7,0.7,0.4,10,2,0,12.2,12.4,No recurring injuries,Average,3.1,67,0.5,0,0,0,0,0,0,0,0,0,0,0.9,1.3
Serie BKT,Hellas Verona,0.5,Daniel Oyegoke,D (R),,23,"5'10""",Reasonable,Very Strong,6.46,0,1260,0,0,0,0.51,0.51,-0.51,0,0%,0.1275,0.3,0.1,0,25%,0,0,0,2,0.1,1.25,0.1,75%,25.9,0,0,0.7,0,0,0,0,0,0,0,13,0,1.5,2.5,1.3,0.4,1.2,90,20,0,0.1,0.2,0.1,12,0,0,3,1.5,No recurring injuries,Very Low,1.8,64,0.2,0,0,0,0,0,0,0,0,0,0,0.3,0.6
Sky Bet Championship,Stockport,0.48,Lewis Bate,M (C),DM,24,"5'6""",Very Strong,Reasonable,6.66,0,1607,0,0,0,2.39,2.39,-2.39,0.1,0%,0.2172727273,0.6,0.2,0.1,36%,0,0,0,1,0.1,1.29,0.1,92%,50.5,0.1,0.7,5.8,0.1,0,0,0,0,0,0.3,13,0,5.5,12.7,1.3,2,5.2,77,30,2,0.7,1.1,0.1,11,4,0,11.5,10.9,No recurring injuries,Average,1.8,45,0.1,0,0,0,0,0,0,0,0,0,0,1.1,1.8
Premier League,Chelsea,0.56,Levi Colwill,D (C),D (L),23,"6'2""",Very Strong,Reasonable,7,1,1420,0,0,0,0.45,0.45,-0.45,0,0%,0.06428571429,0.4,0.3,0.1,57%,0,0,0,1,0.1,0.42,0,95%,67.9,0.1,0.4,5,0,0,0,0,0,0,0.1,1,0,3.2,11,0.6,2.9,1.9,69,13,1,0.6,0.3,0.6,1,0,0,10.8,5.5,No recurring injuries,Below Average,5.4,74,1.3,0,0,2,0,0,0,0,0,0,0,1.5,0.5
Premier League,Ipswich,0.42,Dan Burn,D (C),D (L),34,"6'7""",Very Strong,Weak,6.79,0,1350,0,0,0,0.55,0.55,-0.55,0,0%,0.1375,0.3,0.2,0,75%,0,0,0,0,0,0.43,0,91%,43.5,0.1,0.1,3.2,0,0,0,0,0,0,0,1,0,5.1,8.7,0.4,2.8,3.1,67,9,2,1.4,2.3,1.2,2,0,0,10.3,6.7,Recurring sprained knee ligaments,Very High,4.2,79,2.2,0,0,2,0,0,0,0,0,0,0,0.8,1.6
Eredivisie,PSV,0.55,Jerdy Schouten,DM,M (C),29,"6'1""",Reasonable,Very Strong,6.86,2,1292,0,0,0,0.25,0.25,-0.25,0,0%,0.05,0.3,0.1,0.3,20%,0,0,0,4,0.3,3.1,0.2,93%,57.6,0.3,0.7,6.9,0.3,0.1,50,0.1,0.1,50,0.1,4,0,5.2,14.1,1.3,2.7,5.8,75,24,1,0.3,0.8,0.3,18,4,1,12.1,13,No recurring injuries,High,2,43,0.1,0,0,0,0,0,0,0,0,0,0,1.5,1.1
Premier League,Brentford,0.38,Rico Henry,D (L),,29,"5'7""",Very Strong,Weak,6.84,0,1063,0,0,0,0.24,0.24,-0.24,0,0%,0.06,0.3,0,0.3,0%,0,0,0,4,0.3,1.55,0.1,86%,49.4,0.4,1.2,8.9,2.7,0.6,21,2.7,0.6,22,1.5,2,0,10.8,10.2,2.3,2.6,7.2,64,42,1,1.2,0.8,0.8,7,0,0,12.4,17.6,No recurring injuries,Above Average,3.6,49,0,0,0,0,0,0,0,0,0,0,0,1.4,1.9
Sky Bet Championship,West Brom,0.56,Chris Mepham,D (C),,29,"6'3""",Reasonable,Very Strong,6.78,0,1544,0,0,0,0.19,0.19,-0.19,0,0%,0.06333333333,0.2,0,0.1,0%,0,0,0,0,0,0.43,0,88%,40.3,0.1,0.1,2.3,0.1,0,0,0.1,0,0,0,2,0,2,18.3,0.8,2.3,3.1,93,15,1,0.8,1,1,5,0,0,9.7,4.1,No recurring injuries,Low,5.2,81,1.2,0,0,0,0,0,0,0,0,0,0,1.3,0.9
Premier League,Coventry,0.46,Liam Kitching,D (C),D (L),27,"6'3""",Very Strong,Reasonable,6.81,0,1436,0,0,0,0.04,0.04,-0.04,0,0%,0.04,0.1,0,0.1,0%,0,0,0,0,0,0.03,0,93%,47.9,0,0.2,3.1,0,0,0,0,0,0,0.1,0,0,3.8,7.3,0.8,3.2,2.6,86,14,3,0.9,1.8,0.8,10,3,0,10.4,5.5,No recurring injuries,Average,3.8,72,0.5,0,0,1,0,0,0,0,0,0,0,1.3,1.9
Sky Bet Championship,Preston,0.50,Lewis Gibson,D (C),,26,"6'2""",Very Strong,Fairly Strong,6.74,0,1788,0,0,0,0.37,0.37,-0.37,0,0%,0.1233333333,0.2,0,0.1,0%,0,0,0,0,0,0.87,0,90%,41.2,0,0.2,1.1,0.1,0,0,0.1,0,0,0,1,0,2.8,17,0.1,3,2.1,25,8,1,1,1.5,1.3,9,3,0,9.8,4.5,No recurring injuries,Above Average,5.3,66,0.9,0,0,2,0,0,0,0,0,0,0,0.8,1.3
Sky Bet Championship,Sheffield United,0.52,Michael Cooper,GK,,27,"6'2""",Reasonable,Very Strong,6.78,2,1800,0,0,0,0,0,0,0,0%,0,0,0,0,0%,0,0,0,0,0,0,0,88%,23.9,0,0,0,0,0,0,0,0,0,0,3,0,7.5,3.5,0.1,0,0,33,3,0,0,1.9,0,0,0,0,6.1,0,No recurring injuries,Low,0,0,0,5,1.56,0,72,17,35,10,24,3,33,1.4,1.2
Sky Bet Championship,West Brom,0.56,Callum Styles,D (L),"DM, M (L), AM (LC)",26,"5'7""",Very Strong,Fairly Strong,6.94,1,1648,0,0,0,0.06,0.06,-0.06,0,0%,0.06,0.1,0,0,0%,0,0,0,0,0,1.45,0.1,87%,54.4,0.1,1,6.3,2,0.2,8,1,0.1,6,1.1,13,1,12.9,13.9,1,2.9,6.6,72,25,3,0.8,1.7,0.2,28,4,0,10.9,14.9,No recurring injuries,Low,2.8,57,0.2,0,0,0,0,0,0,0,0,0,0,1.3,0.9
Serie A,Udinese,0.5,Jordan Zemura,WB (L),M (L),27,"5'8""",Very Strong,Weak,6.94,0,1405,0,0,0,0.59,0.59,-0.59,0,0%,0.09833333333,0.4,0,0.1,0%,0,0,0,0,0,0.93,0.1,87%,60.3,0.1,1,7.4,2.3,0.3,13,2.3,0.3,14,1.3,9,0,15.1,11.3,2,3.2,8.3,70,46,1,0.5,1,0.5,8,2,0,11.5,16.8,No recurring injuries,Very Low,1.9,50,0.1,0,0,0,0,0,0,0,0,0,0,1.6,1.2
Jupiler Pro League,Union SG,0.51,Ross Sykes,D (C),D (R),27,"6'5""",Weak,Very Strong,6.96,0,1387,0,0,0,0.47,0.47,-0.47,0,0%,0.094,0.3,0.1,0.1,20%,0,0,0,3,0.2,0.86,0.1,91%,50.9,0.3,0.4,5.5,1.6,0.4,25,1.6,0.4,25,0.5,8,1,8.4,10.6,1.6,2.9,6.5,83,30,1,0.7,1.2,0.6,24,2,0,11.7,12.9,No recurring injuries,Low,4,65,0.8,0,0,0,0,0,0,0,0,0,0,1.2,1.2
Jupiler Pro League,Standard,0.50,Marlon Fossey,D/WB (R),,28,"5'10""",Reasonable,Very Strong,6.96,4,1474,0,0,0,0.4,0.4,-0.4,0,0%,0.1333333333,0.2,0.1,0,33%,0,0,0,1,0.1,1.17,0.1,84%,43.6,0.1,1.3,3.7,3.8,0.2,6,3.8,0.2,6,4,20,1,14,10.3,3,2.2,9.5,83,59,5,0.8,1.8,0.5,8,2,0,12.9,27.2,No recurring injuries,Below Average,3.7,59,0.2,0,0,0,0,0,0,0,0,0,0,1,0.9
Eredivisie,Go Ahead Eagles,0.51,Melle Meulensteen,DM,M (C),27,"6'1""",Weak,Very Strong,6.89,0,1747,0,0,0,0.89,0.89,-0.89,0,0%,0.1271428571,0.4,0.1,0.1,14%,0,0,0,0,0,1.87,0.1,90%,52.2,0.5,0.9,4.4,0.1,0,0,0.1,0,0,0,13,0,7.3,12.5,1.4,2.6,6.1,96,28,2,0.7,1.4,0.3,13,2,0,11.3,11.6,No recurring injuries,Below Average,3.2,56,0.4,0,0,0,0,0,0,0,0,0,0,0.7,1
Second Division,Valladolid,0.54,Jean-Kévin Duverne,D (L),,29,"6'1""",Weak,Very Strong,6.95,1,1288,0,0,0,0,0,0,0,0%,0,0,0,0,0%,0,0,0,1,0.1,1.39,0.1,93%,57.5,0.1,0.4,8.1,1.4,0.2,15,1.4,0.2,15,0.9,8,0,12.8,14.4,2,2.4,7.1,82,34,2,0.8,0.8,0.4,22,0,0,11.7,15.4,No recurring injuries,Above Average,4.8,65,0.4,0,0,0,0,0,0,0,0,0,0,1.7,1
Sky Bet Championship,Blackburn,0.52,Harry Pickering,D (L),"D (C), WB (L)",27,"6'1""",Very Strong,Weak,7.04,1,1685,0,0,0,0.26,0.26,-0.26,0,0%,0.08666666667,0.2,0,0.1,0%,1,0,0,2,0.1,1.46,0.1,90%,55.1,0.2,1.1,6.8,3.4,0.4,10,2.2,0.2,10,0.4,19,1,12.4,10.6,1.7,3,7.6,84,38,4,0.5,0.9,0.6,25,1,0,12.1,17.8,No recurring injuries,Low,3.5,53,0.4,0,0,0,0,0,0,0,0,0,0,1.2,1.3
Sky Bet Championship,Swansea,0.48,Josh Tymon,D (L),,27,"5'10""",Very Strong,Weak,7,1,1589,0,0,0,0.1,0.1,-0.1,0,0%,0.025,0.2,0.1,0.1,25%,1,0,0,2,0.1,2.7,0.2,90%,54.9,0.2,1.8,7,8.6,0.8,9,3.1,0.3,9,0.8,12,2,12.5,13,1.9,2.7,7.6,70,47,0,0.3,1.3,0.3,33,0,0,11.6,16.5,No recurring injuries,Low,3.3,69,0.4,0,0,0,0,0,0,0,0,0,0,1.3,1.2
Premier League,Chelsea,0.56,Robert Sánchez,GK,,29,"6'6""",Fairly Strong,Very Strong,6.99,1,1620,0,0,0,0,0,0,0,0%,0,0,0,0,0%,0,0,0,0,0,0.05,0,93%,27.4,0,0.1,0.4,0,0,0,0,0,0,0,1,0,2.8,7.5,0,0.3,0,0,0,1,0,0.5,0,0,0,0,6.9,0.2,No recurring injuries,Below Average,0,0,0,9,2.66,1,81,24,23,7,13,0,0,1.6,0.7
Sky Bet Championship,Derby,0.56,Lewis Travis,"DM, M (C)",,29,"6'0""",Weak,Very Strong,6.93,0,1600,0,0,0,0.42,0.42,-0.42,0,0%,0.04666666667,0.5,0.1,0.3,22%,0,0,0,3,0.2,2.84,0.2,90%,51.7,0.1,1,4.4,0.1,0,0,0.1,0,0,0.1,13,1,6.2,13.8,1.7,2.5,6.1,83,36,2,0.7,0.8,0.6,19,5,0,11.1,11.1,No recurring injuries,Below Average,1.9,73,0.3,0,0,0,0,0,0,0,0,0,0,1,0.8
Sky Bet Championship,Lincoln,0.33,Joe Rankin-Costello,M (C),"D/WB (R), DM",27,"6'0""",Weak,Very Strong,6.41,0,1151,0,0,0,1.92,1.92,-1.92,0.2,0%,0.16,0.9,0.3,0.2,33%,0,0,0,1,0.1,1.74,0.1,0%,0,0.4,0.1,0,0,0,0,0,0,0,0,8,0,15.6,9.5,0,0,0,0,0,0,0,0,0,4,4,0,0,0,No recurring injuries,High,0,0,0,0,0,0,0,0,0,0,0,0,0,0.8,1.3
Sky Bet Championship,Portsmouth,0.49,Regan Poole,D (C),D (R),28,"6'0""",Reasonable,Very Strong,6.92,0,1440,0,0,0,0.75,0.75,-0.75,0,0%,0.09375,0.5,0,0.1,0%,0,0,0,0,0,0.22,0,90%,43.1,0.1,0.1,1.6,0,0,0,0,0,0,0,6,1,2.9,14.7,0.7,3.3,2.9,92,12,2,0.6,1.3,0.8,8,2,0,10.2,3.6,No recurring injuries,Below Average,5.2,69,1.1,0,0,0,0,0,0,0,0,0,0,0.9,1
Sky Bet Championship,Blackburn,0.52,Todd Cantwell,M/AM (C),,28,"5'10""",Weak,Very Strong,6.74,0,1341,0,0,0,3.23,3.23,-3.23,0.2,0%,0.17,1.3,0.5,0.3,37%,0,0,0,4,0.3,2.79,0.2,88%,41.1,0.4,2.1,3,3,0.5,15,1,0.3,27,1.2,5,5,16.5,13.2,0.8,1.4,5,92,13,0,0.1,0.6,0,6,0,0,11.9,12.1,No recurring injuries,Below Average,2.4,3,0,0,0,0,0,0,0,0,0,0,0,1.2,1.4
Premier League,Ipswich,0.42,George Hirst,ST (C),,27,"6'3""",Reasonable,Very Strong,6.45,0,1176,0,0,0,2.07,2.07,-2.07,0.2,0%,0.1035,1.5,0.4,0.8,25%,0,0,0,0,0,1.19,0.1,89%,26.7,0.5,1.2,1,0.3,0,0,0.3,0,0,0.5,7,3,5.1,2.8,0.4,1.5,2.9,100,5,1,0.1,0.2,0.1,7,0,0,11.4,8,No recurring injuries,Above Average,7,43,0,0,0,0,0,0,0,0,0,0,0,0.8,1.6
Sky Bet Championship,Southampton,0.53,Aaron Ramsdale,GK,,28,"6'3""",Weak,Very Strong,6.85,1,1620,0,0,0,0,0,0,0,0%,0,0,0,0,0%,0,0,0,0,0,0,0,81%,23,0,0,0.2,0,0,0,0,0,0,0,3,0,7.2,4.9,0.1,0,0,50,2,0,0,1.8,0,0,0,0,5.5,0,No recurring injuries,Low,0,0,0,6,1.14,0,70,9,25,9,19,2,50,1.5,1.1
Sky Bet Championship,Portsmouth,0.49,Andre Dozzell,"DM, M (C)",,27,"5'10""",Very Strong,Weak,6.77,0,1499,0,0,0,0.61,0.61,-0.61,0,0%,0.1016666667,0.4,0,0.1,0%,0,0,0,1,0.1,2.38,0.1,91%,53.7,0.4,0.7,6.1,0.5,0.1,12,0.2,0.1,25,0.3,5,0,6.2,13,1.1,2.5,5.6,86,21,0,0.4,1,0,11,5,0,11.8,11.7,No recurring injuries,Below Average,2.3,46,0.1,0,0,0,0,0,0,0,0,0,0,1,1.2
Premier League,Newcastle,0.54,Tino Livramento,D (R),"D (LC), WB/AM (R)",24,"6'1""",Fairly Strong,Very Strong,6.83,0,1340,0,0,0,0.28,0.28,-0.28,0,0%,0.09333333333,0.2,0.1,0.1,33%,0,0,0,2,0.1,1.5,0.1,92%,83.6,0.3,0.8,10.7,1,0.3,26,1,0.3,27,0.7,2,1,9.1,13.1,2,3.3,8.6,73,41,3,0.3,0.8,0.3,11,2,0,12.7,15,No recurring injuries,Below Average,3.5,58,0.2,0,0,0,0,0,0,0,0,0,0,2,1
First Division,Elche,0.34,Jordan Teze,D (R),DM,27,"6'0""",Weak,Very Strong,7.05,1,1229,0,0,0,1.31,1.31,-1.31,0.1,0%,0.262,0.4,0.1,0,20%,0,0,0,0,0,0.46,0,87%,71.1,0.3,0.8,9.2,0.2,0,0,0.2,0,0,0.5,13,1,15.1,7.1,1.7,4.5,7,85,27,2,0.4,1,0.9,14,1,0,11.2,16,No recurring injuries,Below Average,3.2,57,0.1,0,0,0,0,0,0,0,0,0,0,0.6,2
Eredivisie,Sparta Rotterdam,0.46,Boyd Reith,D (R),M (R),27,"5'9""",Weak,Very Strong,6.61,0,1069,0,0,0,0.52,0.52,-0.52,0,0%,0.05777777778,0.8,0.1,0.3,11%,0,0,0,1,0.1,1.48,0.1,91%,53.7,0,0.9,7.3,2.4,0.5,21,2.4,0.5,21,0.6,9,2,16.2,10,2.1,2.9,8.2,86,29,1,0.6,1,0.4,13,1,0,10.9,14.9,No recurring injuries,Below Average,4.3,53,0.2,0,0,0,0,0,0,0,0,0,0,1,0.9
Premier League,Spurs,0.55,Guglielmo Vicario,GK,,30,"6'4""",Weak,Very Strong,7.08,2,1620,0,0,0,0,0,0,0,0%,0,0,0,0,0%,0,0,0,0,0,0,0,95%,24.5,0,0,0.3,0,0,0,0,0,0,0,0,0,1.6,7.1,0,0.4,0,0,1,0,0,1.4,0,0,0,0,4.3,0,No recurring injuries,Below Average,0,0,0,11,3.84,0,83,33,30,3,13,1,0,1.4,0.7
Serie A,Spezia,0.5,Andrea Cistana,D (C),,29,"6'2""",Weak,Very Strong,6.82,1,1600,0,0,0,0.46,0.46,-0.46,0,0%,0.07666666667,0.3,0.1,0.1,33%,0,0,0,1,0.1,0.35,0,92%,40.3,0.1,0.2,1.5,0,0,0,0,0,0,0,3,0,4.2,13.3,0.8,2.2,3,78,18,3,0.4,1.8,0.5,9,2,1,9.8,3.9,No recurring injuries,Very Low,5.3,59,1.2,0,0,0,0,0,0,0,0,0,0,0.7,1
Serie A,Sassuolo,0.5,Filippo Romagna,D (C),,29,"6'1""",Weak,Very Strong,6.53,0,1160,0,0,0,0.55,0.55,-0.55,0,0%,0.11,0.4,0,0.1,0%,0,0,0,0,0,0.06,0,91%,40,0.1,0,1.8,0,0,0,0,0,0,0.1,4,0,2.9,11.3,0.6,1.6,3,73,11,0,0.5,1.2,1.1,14,2,0,8.2,2.4,No recurring injuries,Very Low,4.6,69,1.1,0,0,1,0,0,0,0,0,0,0,0.8,1.6
Serie A,Parthenope,0.5,Alex Meret,GK,,29,"6'4""",Very Strong,Weak,6.94,2,1710,0,0,0,0,0,0,0,0%,0,0,0,0,0%,0,0,0,0,0,0,0,86%,24.5,0,0,0,0,0,0,0,0,0,0,5,0,8.7,2.7,0,0,0,0,0,0,0,1.4,0,0,0,0,6.5,0,No recurring injuries,Very Low,0,0,0,7,3.81,0,75,10,29,9,16,0,0,1.4,0.8
First Division,Vigo,0.52,Ionuţ Radu,GK,,29,"6'2""",Reasonable,Very Strong,6.54,0,1260,0,0,0,0,0,0,0,0%,0,0,0,0,0%,0,0,0,0,0,0,0,84%,23.1,0,0,0.1,0,0,0,0,0,0,0,5,0,9.9,3.2,0,0.1,0,0,1,0,0,2.5,0,0,0,0,5.8,0,No recurring injuries,Above Average,0,0,0,2,1.29,0,70,10,25,6,17,1,0,1.2,1.2
Serie BKT,Hellas Verona,0.5,Lorenzo Montipò,GK,,30,"6'3""",Weak,Very Strong,7.59,3,1260,0,0,0,0,0,0,0,0%,0,0,0,0,0%,0,0,0,0,0,0,0,67%,21.2,0,0,0,0,0,0,0,0,0,0,7,0,2.4,1,0,0,0,0,0,0,0,0.3,0,0,0,0,1.9,0,No recurring injuries,Very Low,0,0,0,8,-4.27,0,55,3,4,3,12,0,0,0.3,0.6
Serie BKT,Pisa,0.5,Simone Scuffet,GK,,30,"6'4""",Weak,Very Strong,7.47,1,1260,0,0,0,0,0,0,0,0%,0,0,0,0,0%,0,0,0,0,0,0,0,66%,20.2,0,0,0,0,0,0,0,0,0,0,12,0,0.8,0.9,0.1,0,0,100,1,0,0,0.2,0,0,0,0,0.6,0,No recurring injuries,Very Low,0,0,0,10,0.33,0,80,1,2,1,8,1,100,0.4,0.1
Serie A,Celesti,0.5,Ivan Provedel,GK,,32,"6'4""",Weak,Very Strong,6.84,3,1710,0,0,0,0,0,0,0,0%,0,0,0,0,0%,0,0,0,0,0,0,0,87%,24.3,0,0,0.3,0,0,0,0,0,0,0,8,0,5.5,4.6,0.1,0.1,0,33,3,0,0,2.1,0,0,0,0,5,0,No recurring injuries,Very Low,0,0,0,7,-0.23,0,75,12,41,13,22,3,33,1.2,1.2
Serie A,Cagliari,0.5,Alessandro Deiola,M (C),DM,31,"6'3""",Reasonable,Very Strong,6.4,0,1530,0,0,0,0.55,0.55,-0.55,0,0%,0.09166666667,0.4,0.1,0.1,33%,1,0,0,0,0,1.56,0.1,0%,0,0.2,0,0,0,0,0,0,0,0,0,11,0,20.6,8.1,0,0,0,0,0,0,0,0,0,0,0,0,0,0,No recurring injuries,Very Low,0,0,0,0,0,0,0,0,0,0,0,0,0,0.4,1.4
Serie BKT,Cittadella,0.5,Nicola Pavan,DM,,33,"6'1""",Weak,Very Strong,6.26,0,1260,0,0,0,1.5,0.7,-1.5,0.1,0%,0.1875,0.6,0.1,0,13%,0,1,0,2,0.1,0.84,0.1,65%,20,0,0,0,0,0,0,0,0,0,0,17,0,0,0,1.8,0,0,83,30,0,0,0,0,17,0,0,0,0,No recurring injuries,Very Low,0,0,0,0,0,0,0,0,0,0,0,0,0,0,0
Serie A,Sampdoria,0.5,Alex Ferrari,D (C),D (R),32,"6'3""",Reasonable,Very Strong,6.32,0,1286,0,0,0,0.05,0.05,-0.05,0,0%,0.025,0.1,0,0.1,0%,0,0,0,0,0,0.68,0,86%,40,0.1,0.2,1.5,0,0,0,0,0,0,0,4,0,6.7,6.9,0.8,2.2,2.4,86,14,3,0.7,1.4,0.6,6,2,0,8.2,2.9,No recurring injuries,Very Low,4.1,59,1,0,0,0,0,0,0,0,0,0,0,0.7,1.7
Serie BKT,Südtirol,0.5,Alessio Cragno,GK,,32,"6'0""",Weak,Very Strong,7,0,1260,0,0,0,0,0,0,0,0%,0,0,0,0,0%,0,0,0,0,0,0,0,59%,20,0,0,0,0,0,0,0,0,0,0,9,0,0,0,0,0,0,0,0,0,0,0,0,0,0,0,0,0,No recurring injuries,Very Low,0,0,0,3,0,0,0,0,0,0,18,0,0,0,0
Serie A,AS Roma,0.5,Bryan Cristante,"DM, M (C)",,31,"6'1""",Fairly Strong,Very Strong,6.95,2,1507,0,0,0,1.19,1.19,-1.19,0.1,0%,0.07933333333,0.9,0.2,0.5,27%,0,0,0,2,0.1,2.7,0.2,92%,64.3,0.4,0.8,6.8,0.2,0.2,100,0.2,0.2,100,0.1,8,0,4.8,13.7,1.2,2.7,7.5,63,32,0,1,0.7,0.2,11,4,0,12.7,16.4,No recurring injuries,Low,3.5,63,0.5,0,0,0,0,0,0,0,0,0,0,1.3,1.1
Serie A,AS Roma,0.5,Pierluigi Gollini,GK,,31,"6'4""",Weak,Very Strong,6.71,2,1890,0,0,0,0,0,0,0,0%,0,0,0,0,0%,0,0,0,0,0,0,0,75%,24.6,0,0,0,0,0,0,0,0,0,0,5,0,8.7,3.7,0,0.1,0,33,3,0,0,2.9,0,1,1,0,6.2,0,No recurring injuries,Below Average,0,0,0,6,-6.11,0,66,13,27,10,26,3,33,1.2,1.2
Serie BKT,Cremonese,0.5,Alberto Grassi,DM,,31,"6'0""",Reasonable,Very Strong,7.31,1,1260,0,0,0,1,1,-1,0.1,0%,0.1428571429,0.5,0.2,0,43%,0,0,0,2,0.1,1.52,0.1,70%,20,0,0,0,0,0,0,0,0,0,0,22,0,0,0,2.1,0,0,85,34,0,0,0,0,16,0,1,0,0,No recurring injuries,Very Low,0,0,0,0,0,0,0,0,0,0,0,0,0,0,0
Serie BKT,Cittadella,0.5,Alessio Vita,M (C),M/AM (L),33,"5'9""",Weak,Very Strong,6.74,0,1170,0,0,0,3.31,3.31,-3.31,0.3,0%,0.1504545455,1.7,0.5,0,32%,0,0,0,1,0.1,1.63,0.1,72%,20,0,0,0,0,0,0,0,0,0,0,19,0,0,0,0.8,0,0,85,13,0,0,0,0,14,0,0,0,0,No recurring injuries,Very Low,0,0,0,0,0,0,0,0,0,0,0,0,0,0,0
Serie A,Parthenope,0.5,Giovanni Di Lorenzo,D (R),"D (C), WB (R)",33,"6'0""",Reasonable,Very Strong,7.19,1,1526,0,0,0,2.56,2.56,-2.56,0.2,0%,0.512,0.3,0,0,0%,0,0,0,5,0.3,2.93,0.2,90%,50.4,0.2,1.4,4.2,5,0.8,16,5,0.8,17,1.8,11,3,11.8,13.2,1.7,3.2,9.3,83,35,1,0.5,0.7,0.3,30,3,0,12,21.6,No recurring injuries,Very Low,4,69,0.5,0,0,1,0,0,0,0,0,0,0,1.2,0.8
Serie A,Sampdoria,0.5,Fabio Depaoli,D (R),WB/M/AM (R),29,"6'0""",Reasonable,Very Strong,6.82,1,1303,0,0,0,0.54,0.54,-0.54,0,0%,0.09,0.4,0.1,0.2,17%,0,0,0,2,0.1,1.72,0.1,84%,41.8,0.1,1.5,4.1,4.4,1.1,25,4.4,1.1,25,3.1,18,2,20.2,4.4,1.5,2.7,8.6,95,22,0,0.6,1,0.1,20,0,0,11.6,20.1,No recurring injuries,Very Low,3.5,46,0,0,0,1,0,0,0,0,0,0,0,0.6,1.6
Serie A,Juventus,0.5,Michele Di Gregorio,GK,,29,"6'2""",Reasonable,Very Strong,6.8,1,1800,0,0,0,0,0,0,0,0%,0,0,0,0,0%,0,0,0,0,0,0,0,90%,25.4,0,0,0,0,0,0,0,0,0,0,10,0,9.7,4.3,0,0,0,0,0,0,0,1.2,0,0,0,0,6.3,0,No recurring injuries,Very Low,0,0,0,9,2.67,1,69,6,24,9,17,0,0,1.5,0.8
Serie A,Bologna,0.5,Nicolò Casale,D (C),,28,"6'3""",Reasonable,Very Strong,6.91,1,1489,0,0,0,0.24,0.24,-0.24,0,0%,0.06,0.2,0.1,0.1,25%,0,0,0,1,0.1,1.08,0.1,94%,44.5,0,0.1,2.1,0.1,0,0,0.1,0,0,0.1,4,0,4.5,16,0.6,2.6,2.7,71,14,2,0.5,0.9,0.6,12,4,0,9.7,3.3,No recurring injuries,High,5.6,77,1.1,0,0,0,0,0,0,0,0,0,0,1.4,1.4
Premier League,Man City,0.56,Gianluigi Donnarumma,GK,,27,"6'5""",Weak,Very Strong,6.88,0,1710,0,0,0,0,0,0,0,0%,0,0,0,0,0%,0,0,0,0,0,0,0,95%,23.1,0,0,0.3,0,0,0,0,0,0,0,1,0,1.6,6.5,0,0.4,0,0,2,0,0,1.5,0,0,0,0,7.1,0,No recurring injuries,Low,0,0,0,7,1.58,0,75,28,22,6,19,2,0,2.8,1
Serie A,Cagliari,0.5,Michel Ndary Adopo,"DM, M (C)",,26,"6'2""",Reasonable,Very Strong,6.84,0,1476,0,0,0,0.2,0.2,-0.2,0,0%,0.04,0.3,0,0.1,0%,0,0,0,0,0,3.27,0.2,92%,57.4,0.5,0.7,6.5,0.1,0.1,50,0.1,0.1,50,0.1,10,1,7.4,11.6,0.9,3.3,4.6,71,21,0,0.4,0.7,0.2,16,1,0,12.5,11.9,No recurring injuries,Very Low,2,55,0.2,0,0,0,0,0,0,0,0,0,0,0.3,1.3
Serie A,Bergamo,0.5,Nicola Zalewski,M (L),"D (L), AM (LC)",24,"5'9""",Fairly Strong,Very Strong,6.96,1,1223,0,0,0,0.51,0.51,-0.51,0,0%,0.05666666667,0.7,0.2,0.4,33%,0,0,0,2,0.1,2,0.1,89%,51.4,0.1,1.9,5.7,5.6,1.3,23,5.3,1.3,24,3.4,20,0,15.7,8.3,2.1,3.1,9.6,60,48,3,0.3,1.3,0.4,12,0,1,11.3,23.8,No recurring injuries,Very Low,1.8,40,0,0,0,0,0,0,0,0,0,0,0,1.2,1.1
First Division,A. Madrid,0.59,Matteo Ruggeri,D (L),M (L),24,"6'2""",Very Strong,Weak,6.92,0,1356,0,0,0,0.45,0.45,-0.45,0,0%,0.06428571429,0.5,0.3,0,57%,0,0,0,2,0.1,1.72,0.1,91%,63,0.2,1.4,7.2,4.2,0.7,15,2.6,0.3,10,2.1,16,2,14.9,10.8,1.3,3.3,11.9,65,31,2,0.7,1.1,0.6,21,0,0,12.9,21.3,No recurring injuries,Below Average,2.9,45,0.2,0,0,0,0,0,0,0,0,0,0,1.5,0.9
Serie A,Cagliari,0.5,Elia Caprile,GK,,25,"6'3""",Weak,Very Strong,6.67,2,1530,0,0,0,0,0,0,0,0%,0,0,0,0,0%,0,0,0,0,0,0,0,80%,22.8,0,0,0,0,0,0,0,0,0,0,7,0,8.8,3.4,0.1,0,0,20,5,0,0,1.3,0,0,0,0,5.7,0,No recurring injuries,Very Low,0,0,0,3,2.65,1,72,16,34,8,23,5,20,0.4,1.4
Serie A,Fiorentina,0.5,Nicolò Fagioli,M (C),AM (C),25,"5'9""",Reasonable,Very Strong,6.93,2,1613,0,0,0,0.65,0.65,-0.65,0,0%,0.09285714286,0.4,0.1,0.1,14%,0,0,0,4,0.2,4.18,0.2,95%,47.8,0.4,1.2,6.3,2.9,0.5,17,0.1,0.1,100,0.1,7,1,8.8,13.6,1.2,1.7,3.8,81,26,2,0.3,0.6,0,11,2,0,9.3,9.1,No recurring injuries,Very Low,1.5,31,0.1,0,0,0,0,0,0,0,0,0,0,1.4,0.7
Serie A,Celesti,0.5,Nicolò Rovella,DM,,24,"5'10""",Reasonable,Very Strong,7.05,0,1594,0,0,0,0.61,0.61,-0.61,0,0%,0.08714285714,0.4,0.2,0.3,43%,0,0,0,4,0.2,1.87,0.1,94%,54.6,0.4,0.7,6.4,2.3,0.2,7,0.4,0.1,29,0.1,7,0,5.5,12.7,1.2,3.4,7.9,84,25,4,0.5,0.8,0.3,18,7,0,11.9,11.5,No recurring injuries,Very Low,1.3,74,0.2,0,0,0,0,0,0,0,0,0,0,1.2,1.2
Serie A,Juventus,0.5,Andrea Cambiaso,D (L),D/WB/M (R),26,"5'11""",Very Strong,Strong,7.01,0,1560,0,0,0,0,0,0,0,0%,0,0.1,0,0,0%,0,0,0,2,0.1,5.41,0.3,85%,51.9,0.5,2.1,5.4,6.3,1.3,21,6.3,1.3,21,2.2,12,4,9.9,11.6,1.7,3.2,8.9,73,40,0,0.7,0.7,0.3,29,0,0,13.1,25.4,No recurring injuries,Very Low,4,46,0.3,0,0,0,0,0,0,0,0,0,0,1.5,0.9
Serie A,Spezia,0.5,Giuseppe Aurelio,WB (L),,26,"6'1""",Very Strong,Weak,6.98,0,1510,0,0,0,0.29,0.29,-0.29,0,0%,0.0725,0.2,0,0.2,0%,0,0,0,1,0.1,1,0.1,86%,48.8,0,1.3,5.8,4.5,1.1,24,4.5,1.1,24,2.4,16,1,16.9,9.4,2.3,3.2,9.8,75,51,2,0.9,1.3,0.5,23,2,0,12.1,21.8,No recurring injuries,Very Low,3.2,52,0.2,0,0,0,0,0,0,0,0,0,0,0.7,0.9
Serie BKT,Catanzaro,0.5,Jacopo Petriccione,"DM, M (C)",,31,"5'9""",Reasonable,Very Strong,6.96,0,1260,0,0,0,1.92,1.92,-1.92,0.1,0%,0.128,1.1,0.3,0,27%,0,0,0,3,0.2,1.06,0.1,70%,20,0,0,0,0,0,0,0,0,0,0,23,0,0,0,1.9,0,0,84,32,0,0,0,0,14,0,1,0,0,No recurring injuries,Very Low,0,0,0,0,0,0,0,0,0,0,0,0,0,0,0
Serie A,Parma,0.5,Emanuele Valeri,WB (L),M (L),27,"5'11""",Very Strong,Weak,7.14,4,1530,0,0,0,0.65,0.65,-0.65,0,0%,0.13,0.3,0.1,0.1,40%,0,0,0,2,0.1,1.66,0.1,89%,48.6,0.4,1.6,6.2,4.7,1.5,32,4.7,1.5,33,1.9,17,0,13.1,11.9,2.2,2.8,7.7,86,43,5,0.7,0.9,0.5,16,3,0,10.5,19.8,No recurring injuries,Very Low,2.1,39,0.1,0,0,0,0,0,0,0,0,0,0,0.7,0.8
Serie A,Bergamo,0.5,Marco Carnesecchi,GK,,26,"6'3""",Weak,Very Strong,6.6,0,1350,0,0,0,0,0,0,0,0%,0,0,0,0,0%,0,0,0,0,0,0,0,87%,24.2,0,0,0,0,0,0,0,0,0,0,3,0,5,5.1,0,0.2,0,0,1,0,0,1.7,0,0,0,0,5.2,0,No recurring injuries,Very Low,0,0,0,1,0.77,1,67,16,18,5,21,1,0,1.2,1.3
Serie A,Bergamo,0.5,Raoul Bellanova,WB (R),,26,"6'2""",Reasonable,Very Strong,7.34,3,1050,0,0,0,1.34,1.34,-1.34,0.1,0%,0.1488888889,0.8,0.3,0.1,33%,0,0,0,4,0.3,1.98,0.2,86%,45.1,0.5,2.7,4.4,5.7,0.9,14,5.7,0.9,15,2.4,13,0,10.1,11.1,2.8,2.6,11.1,92,36,2,0.4,1,0.7,9,0,0,11.5,22.5,No recurring injuries,Very Low,2.5,59,0.2,0,0,0,0,0,0,0,0,0,0,1.2,0.9
Serie A,Cagliari,0.5,Gabriele Zappa,D (R),"D (C), M (R)",26,"6'0""",Reasonable,Very Strong,6.9,0,1515,0,0,0,0.29,0.29,-0.29,0,0%,0.09666666667,0.2,0.1,0,33%,0,0,0,0,0,1.84,0.1,86%,48.4,0.1,1.9,4.6,8.7,1.7,19,8.7,1.7,19,2.4,17,1,18.6,8.9,1.4,4.2,9.1,51,47,2,0.5,0.5,0.8,17,3,0,12.4,23.8,No recurring injuries,Very Low,3.6,52,0.3,0,0,0,0,0,0,0,0,0,0,0.3,1.4
Serie A,Parthenope,0.5,Alessandro Buongiorno,D (C),,27,"6'4""",Very Strong,Weak,6.97,1,1262,0,0,0,0.53,0.53,-0.53,0,0%,0.1325,0.3,0.1,0.1,50%,0,0,0,0,0,0.84,0.1,93%,49.8,0,0,1.7,0.1,0,0,0.1,0,0,0,4,0,3.1,15.8,0.5,3.1,3.2,64,11,5,0.5,0.8,0.4,4,0,0,9.7,3.8,No recurring injuries,Very Low,5.6,76,1.4,0,0,0,0,0,0,0,0,0,0,1.1,1.1
Serie A,Fiorentina,0.5,Luca Ranieri,D (C),D/WB (L),27,"6'2""",Very Strong,Weak,6.83,0,1928,0,0,0,0,0,0,0,0%,0,0,0,0,0%,0,0,0,0,0,0.8,0,92%,53.8,0.1,0.3,2.5,0.8,0.1,16,0.8,0.1,17,0.1,1,0,4.9,13,0.4,2.8,3.3,64,14,3,0.7,1.1,0.7,19,8,1,10.3,6.1,No recurring injuries,Very Low,5.3,77,0.9,0,0,0,0,0,0,0,0,0,0,1.5,0.7
Serie A,Casciavit,0.5,Matteo Gabbia,DM,DM,27,"6'1""",Reasonable,Very Strong,6.83,0,1637,0,0,0,0.96,0.96,-0.96,0.1,0%,0.096,0.5,0.1,0.2,20%,0,0,0,2,0.1,1.23,0.1,94%,52.9,0.2,0.4,2.9,0,0,0,0,0,0,0.1,3,0,3,12,0.4,2.9,2.6,64,11,1,0.4,0.7,0.7,11,1,3,10.2,5.6,No recurring injuries,Very Low,4.3,64,0.7,0,0,0,0,0,0,0,0,0,0,1.8,1.1
Serie A,Parma,0.5,Enrico Delprato,D (R),WB (R),27,"6'0""",Weak,Very Strong,6.92,0,1514,0,0,0,1.18,1.18,-1.18,0.1,0%,0.1685714286,0.4,0.1,0.2,29%,0,0,0,1,0.1,1.04,0.1,85%,47.9,0.2,1.7,5,5.8,1.6,27,5.8,1.6,28,1.5,16,3,10.9,12.7,2.1,2.5,9,84,43,2,0.5,0.8,1,28,2,0,9.9,19.1,No recurring injuries,Very Low,2.7,51,0.4,0,0,0,0,0,0,0,0,0,0,0.7,0.8
Serie A,Blu-neri,0.5,Alessandro Bastoni,D (C),,27,"6'3""",Very Strong,Reasonable,7.02,1,1445,0,0,0,0.79,0.79,-0.79,0,0%,0.2633333333,0.2,0,0,0%,0,0,0,0,0,0.63,0,93%,51.9,0.1,0.4,2.2,0.1,0,0,0.1,0,0,0.1,3,0,1.8,17.9,0.4,2.7,2.7,64,11,4,1,0.9,0.7,14,4,0,10.3,5.8,No recurring injuries,Below Average,5,78,0.4,0,0,0,0,0,0,0,0,0,0,1.9,0.7
Serie A,Spezia,0.5,Marco Ruggero,D (C),,26,"6'2""",Weak,Very Strong,6.82,0,1350,0,0,0,0.55,0.55,-0.55,0,0%,0.09166666667,0.4,0,0.3,0%,0,0,0,0,0,0.13,0,94%,42.9,0.1,0.1,1.8,0.1,0.1,100,0.1,0.1,100,0,5,0,5,13.7,0.5,2.3,2.9,80,10,1,0.3,0.9,0.8,6,0,0,9.2,2.9,No recurring injuries,Very Low,5.3,60,1.2,0,0,0,0,0,0,0,0,0,0,0.7,1.1
Serie A,Spezia,0.5,Mirko Pigliacelli,GK,,33,"6'0""",Reasonable,Very Strong,6.88,3,1620,0,0,0,0,0,0,0,0%,0,0,0,0,0%,0,0,0,0,0,0,0,77%,24.4,0,0,0,0,0,0,0,0,0,0,7,0,8.9,3,0,0,0,0,1,0,0,3.3,0,0,0,0,5.1,0,No recurring injuries,Very Low,0,0,0,6,1.39,0,69,8,29,2,17,1,0,0.7,0.9
Serie BKT,Modena F.C.,0.5,Mattia Valoti,M (C),DM,33,"6'2""",Reasonable,Very Strong,6.19,0,1170,0,0,0,3.37,3.37,-3.37,0.3,0%,0.1531818182,1.7,0.5,0,32%,0,0,0,2,0.2,0.94,0.1,68%,20,0,0,0,0,0,0,0,0,0,0,15,0,0,0,1.2,0,0,88,17,0,0,0,0,16,0,1,0,0,No recurring injuries,Very Low,0,0,0,0,0,0,0,0,0,0,0,0,0,0,0
Serie BKT,Cremonese,0.5,Marco Silvestri,GK,,35,"6'3""",Weak,Very Strong,7.35,0,1260,0,0,0,0,0,0,0,0%,0,0,0,0,0%,0,0,0,0,0,0,0,60%,20,0,0,0,0,0,0,0,0,0,0,5,0,0,0,0,0,0,0,0,0,0,0,0,0,0,0,0,0,No recurring injuries,Very Low,0,0,0,2,0,0,0,0,0,0,20,0,0,0,0
Jupiler Pro League,Union SG,0.51,Kjell Scherpen,GK,,26,"6'9""",Fairly Strong,Very Strong,6.74,0,1800,0,0,0,0,0,0,0,0%,0,0,0,0,0%,0,0,0,0,0,0,0,84%,24.5,0,0,0.4,0,0,0,0,0,0,0,3,0,6.8,5,0,0,0,0,5,0,0,2.6,0,0,0,0,5.6,0.1,No recurring injuries,Below Average,0,0,0,6,-1.12,0,72,22,39,6,25,5,0,1.2,1.2
Eredivisie,PSV,0.55,Sergiño Dest,WB (R),,26,"5'7""",Reasonable,Very Strong,6.81,1,1184,0,0,0,0.61,0.61,-0.61,0,0%,0.06777777778,0.7,0.2,0.4,22%,0,0,0,1,0.1,1.36,0.1,89%,67.4,0.2,0.6,9.3,1.1,0.2,20,1.1,0.2,20,1.4,5,1,13.5,11.4,2.4,3.6,7,84,37,2,0.4,0.4,0.4,18,4,0,11.2,14.1,Recurring back strain and calf strain,Very High,2.4,41,0,0,0,0,0,0,0,0,0,0,0,1.5,1.1
Serie BKT,Salernitana,0.5,Kees de Boer,DM,,26,"6'1""",Reasonable,Very Strong,6.68,0,1080,0,0,0,0.81,0.81,-0.81,0.1,0%,0.135,0.5,0.1,0,17%,0,0,0,2,0.2,1.53,0.1,68%,20,0,0,0,0,0,0,0,0,0,0,24,0,0,0,1.8,0,0,88,24,0,0,0,0,15,0,1,0,0,No recurring injuries,Very Low,0,0,0,0,0,0,0,0,0,0,0,0,0,0,0
Bundesliga,VfB Stuttgart,0.57,Ramon Hendriks,D (C),,25,"6'2""",Very Strong,Weak,6.93,0,1313,0,0,0,0.42,0.42,-0.42,0,0%,0.084,0.3,0.1,0.1,20%,1,0,0,0,0,1.27,0.1,89%,58.5,0.3,0.4,4.9,0.8,0.1,8,0.8,0.1,8,0.1,5,1,6.4,13.4,1.1,3.4,4.4,64,25,4,0.4,1.2,0.3,11,3,0,10.5,10,No recurring injuries,Average,3.4,74,0.5,0,0,0,0,0,0,0,0,0,0,2.1,1.2
Eredivisie,AZ,0.62,Peer Koopmeiners,"DM, M (C)",D (C),26,"6'0""",Fairly Strong,Very Strong,7.01,0,2004,0,0,0,0.55,0.55,-0.55,0,0%,0.1375,0.2,0.1,0,50%,0,0,0,2,0.1,3.91,0.2,92%,56.9,0,0.6,4.1,3.1,0.1,4,0.2,0,25,0.1,8,0,4,13.5,1.3,2.3,6.2,64,45,2,0.4,0.8,0.2,21,4,0,10.9,10.6,No recurring injuries,Below Average,1.9,53,0.1,0,0,0,0,0,0,0,0,0,0,1.3,0.7
Jupiler Pro League,Union SG,0.51,Doğucan Haspolat,DM,,26,"6'2""",Reasonable,Very Strong,6.9,1,1782,0,0,0,1.08,1.08,-1.08,0.1,0%,0.08307692308,0.7,0.1,0.3,15%,0,0,0,1,0.1,2.69,0.1,93%,51.6,0.2,1.2,6.3,0.3,0.2,60,0.3,0.2,60,0.4,8,0,5.8,11.7,1.5,2.6,7.1,81,36,5,0.7,1.2,0.2,14,2,0,11.4,12,No recurring injuries,Below Average,1.4,44,0.3,0,0,0,0,0,0,0,0,0,0,1.1,1.1
Sky Bet Championship,Stockport,0.48,Fabian de Keijzer,GK,,26,"6'4""",Weak,Very Strong,6.57,2,1890,0,0,0,0,0,0,0,0%,0,0,0,0,0%,0,0,0,0,0,0,0,71%,24,0,0,0,0,0,0,0,0,0,0,2,0,7.3,3.8,0,0,0,0,4,0,0,3.3,0,1,1,0,5.2,0,No recurring injuries,Below Average,0,0,0,2,-0.81,0,67,13,47,8,33,4,0,1.2,1.6
Eredivisie,sc Heerenveen,0.41,Sam Kersten,D (C),,28,"6'3""",Weak,Very Strong,6.81,0,1350,0,0,0,0.94,0.94,-0.94,0.1,0%,0.1342857143,0.5,0.1,0.1,14%,0,0,0,0,0,0.87,0.1,90%,43.6,0,0,1.1,0.1,0,0,0.1,0,0,0,3,0,4,11.2,0.3,2.4,2.3,71,7,1,0.7,0.9,0.8,3,0,0,9.7,3.9,No recurring injuries,Average,5.4,63,1.1,0,0,0,0,0,0,0,0,0,0,0.8,0.9
Jupiler Pro League,RSC Anderlecht,0.58,Enric Llansana,DM,D/M (C),25,"6'0""",Fairly Strong,Very Strong,6.78,1,1319,0,0,0,0.52,0.52,-0.52,0,0%,0.52,0.1,0,0,0%,0,0,0,3,0.2,1.91,0.1,91%,53.2,0.3,1.4,7.1,0.1,0,0,0.1,0,0,0.1,7,0,7.4,11.8,1.2,2.6,6.3,78,23,1,0.4,1.2,0.1,10,0,0,11.3,11.6,No recurring injuries,Average,2.9,43,0.5,0,0,0,0,0,0,0,0,0,0,1.3,1
Premier League,Newcastle,0.54,Sven Botman,D (C),,26,"6'4""",Very Strong,Reasonable,7.01,0,1750,0,0,0,0.51,0.51,-0.51,0,0%,0.06375,0.4,0.2,0.1,38%,0,0,0,0,0,0.15,0,96%,65,0,0.2,4.2,0.1,0.1,100,0.1,0.1,100,0,0,0,3.2,11.6,1.1,3.8,2.2,91,23,8,0.7,0.8,0.6,10,4,0,10.7,5,No recurring injuries,Above Average,5.3,67,1.1,0,0,2,0,0,0,0,0,0,0,1.9,0.9
Eredivisie,Ajax,0.60,Maarten Paes,GK,,28,"6'3""",Weak,Very Strong,6.85,1,1980,0,0,0,0,0,0,0,0%,0,0,0,0,0%,0,0,0,0,0,0,0,83%,23.4,0,0,0,0,0,0,0,0,0,0,3,0,6.9,4.4,0,0,0,0,2,0,0,3.4,0,1,1,0,5.7,0.1,No recurring injuries,Below Average,0,0,0,10,1.52,0,71,19,20,6,18,2,0,1.8,0.8
Ligue 1 McDonald's,Olympique de Marseille,0.54,Quinten Timber,DM,D/AM (C),25,"5'10""",Reasonable,Very Strong,6.91,0,1092,0,0,0,0.58,0.58,-0.58,0,0%,0.0725,0.7,0.1,0.2,13%,1,0,0,2,0.2,2.25,0.2,92%,67.9,0.3,0.6,8.2,0.3,0.2,50,0.3,0.2,50,0.4,4,0,8.6,10.1,0.9,2.6,6.9,58,19,1,0.6,1,0.1,5,1,0,11.2,12.5,No recurring injuries,Above Average,1.2,67,0.1,0,0,0,0,0,0,0,0,0,0,0.9,1.2
Eredivisie,RKC Waalwijk,0.40,Liam van Gelderen,D (C),,25,"5'10""",Reasonable,Very Strong,6.73,0,1350,0,0,0,0.44,0.44,-0.44,0,0%,0.07333333333,0.4,0,0.2,0%,0,0,0,0,0,0.84,0.1,89%,43.5,0.2,0.3,1.8,0.3,0,0,0.3,0,0,0,3,0,4.3,11.5,0.5,3.5,3.5,64,11,1,0.5,1,1.1,7,2,0,9.7,5.7,No recurring injuries,Average,3.9,69,0.3,0,0,0,0,0,0,0,0,0,0,0.9,1.3
Eredivisie,FC Emmen,0.34,Dennis Vos,D (C),,25,"5'11""",Very Strong,Weak,6.62,0,1273,0,0,0,0.25,0.25,-0.25,0,0%,0.05,0.4,0,0.1,0%,0,0,0,0,0,0.56,0,90%,42.8,0,0.4,2.7,0.2,0,0,0.2,0,0,0,1,0,3,11.7,0.5,2.5,3,78,9,3,1,1.1,0.7,5,1,0,10,4.2,No recurring injuries,Low,3.8,63,0.2,0,0,0,0,0,0,0,0,0,0,0.4,1.1
Eredivisie,Feyenoord,0.65,Gijs Smal,D (L),M (L),29,"6'0""",Very Strong,Reasonable,6.98,2,1336,0,0,0,0,0,0,0,0%,0,0.1,0,0.1,0%,0,0,0,3,0.2,0.65,0,93%,64.5,0.1,1.2,7.7,0.9,0.3,30,0.9,0.3,31,0.3,8,4,9.6,13.5,1.9,2.8,6.4,68,41,2,0.7,1.3,0.3,12,3,0,11.7,15.4,No recurring injuries,Average,2.3,56,0.3,0,0,0,0,0,0,0,0,0,0,1.6,1.1
Eredivisie,PSV,0.55,Joey Veerman,M (C),"DM, AM (C)",28,"6'1""",Fairly Strong,Very Strong,6.45,0,1066,0,0,0,2.32,2.32,-2.32,0.2,0%,0.1364705882,1.4,0.6,0.5,41%,1,0,0,0,0,2.31,0.2,90%,13.7,0.3,0.3,0.9,8.2,2.2,26,0.4,0.2,40,0.3,2,1,11.1,11.1,0.2,0.5,1.8,67,3,0,0.2,0,0.1,2,0,0,3.3,4.4,No recurring injuries,Above Average,0.2,100,0,0,0,0,0,0,0,0,0,0,0,1.5,1
Eredivisie,RKC Waalwijk,0.40,Roshon van Eijma,D (C),D (L),28,"6'1""",Reasonable,Very Strong,6.66,0,1260,0,0,0,0.66,0.66,-0.66,0,0%,0.132,0.4,0,0.1,0%,0,0,0,0,0,0.08,0,92%,41.1,0,0.1,2.1,0,0,0,0,0,0,0.1,2,0,4.9,9.1,0.2,2.6,2,100,3,0,0.6,0.5,1.4,6,1,0,9.6,3.8,No recurring injuries,Below Average,5.1,63,0.9,0,0,0,0,0,0,0,0,0,0,0.7,1.4
Eredivisie,Willem II,0.38,Justin Hoogma,D (C),,28,"6'3""",Very Strong,Weak,6.92,0,1260,0,0,0,0.25,0.25,-0.25,0,0%,0.08333333333,0.2,0.1,0.1,33%,0,0,0,0,0,0.19,0,91%,41.6,0,0,1.6,0.3,0,0,0.3,0,0,0,2,0,2.6,14.2,0.6,2.4,2.8,69,13,2,1.1,1.3,1.1,7,1,0,9.9,3.4,No recurring injuries,Below Average,4.9,68,1.5,0,0,0,0,0,0,0,0,0,0,0.8,1.1
Eredivisie,NAC Breda,0.33,Boy Kemper,D (L),,27,"6'1""",Very Strong,Reasonable,6.69,0,1188,0,0,0,0.13,0.13,-0.13,0,0%,0.065,0.2,0,0.1,0%,0,0,0,1,0.1,0.9,0.1,90%,45.5,0.1,1.5,3.9,3.1,1,31,3.1,1,32,1.1,7,1,14.1,7.8,2,3.2,5.9,76,34,1,0.4,0.8,0.7,11,0,0,11.7,17.6,No recurring injuries,Above Average,3.4,60,0.5,0,0,0,0,0,0,0,0,0,0,0.8,1.4
Jupiler Pro League,Standard,0.50,Mohammed El Hankouri,AM (L),"D/WB (RL), DM, M (RL)",29,"5'9""",Reasonable,Very Strong,7.06,1,1152,0,0,0,0.59,0.59,-0.59,0,0%,0.118,0.4,0.1,0.2,20%,1,0,0,3,0.2,1.52,0.1,93%,51.5,0.3,1.4,6,0.7,0.3,44,0.7,0.3,44,0.6,8,0,8.8,10.6,1,2.7,6.5,87,15,0,0.9,1.4,0,10,4,0,11.1,11.2,No recurring injuries,High,1.6,50,0.1,0,0,0,0,0,0,0,0,0,0,1.2,1
Premier League,Liverpool,0.59,Ryan Gravenberch,M (C),AM (C),24,"6'3""",Reasonable,Very Strong,6.88,0,1394,0,0,0,1.14,1.14,-1.14,0.1,0%,0.1036363636,0.7,0.2,0.5,27%,0,0,0,1,0.1,2.23,0.1,91%,71.1,0.3,2.3,8.7,0.1,0.1,50,0.1,0.1,50,1.1,5,1,7,8.4,1.2,3.5,8.4,75,24,5,0.9,0.9,0.7,5,0,0,13.1,21.4,No recurring injuries,Below Average,2.6,37,0.1,0,0,1,0,0,0,0,0,0,0,2.1,1.9
Eredivisie,FC Utrecht,0.55,Mike Eerdhuijzen,D (C),,26,"6'4""",Very Strong,Weak,6.92,0,1079,0,0,0,0.63,0.63,-0.63,0.1,0%,0.105,0.5,0.2,0.2,33%,0,0,0,0,0,1.11,0.1,93%,40.8,0.1,0.3,2.1,0.1,0.1,100,0.1,0.1,100,0,3,0,3.3,14.4,0.7,2.6,2.3,100,8,3,1.2,1.1,0.3,8,3,1,9.7,4.8,No recurring injuries,Average,4.8,72,1.3,0,0,0,0,0,0,0,0,0,0,1.3,0.8
Eredivisie,N.E.C.,0.54,Eli Dasa,D (R),,33,"5'10""",Reasonable,Very Strong,6.78,0,1101,0,0,0,0.03,0.03,-0.03,0,0%,0.03,0.1,0.1,0,100%,0,0,0,2,0.2,1.55,0.1,87%,44.8,0.2,1.1,4.2,4.1,0.6,14,4.1,0.6,14,3.8,6,0,15,10.8,2.5,3.5,9.6,81,37,0,0.4,1.2,0.2,12,1,1,12.8,24.4,No recurring injuries,High,2.8,26,0.2,0,0,0,0,0,0,0,0,0,0,1.1,1.3
Sky Bet Championship,Portsmouth,0.49,Márk Kosznovszky,"DM, M (C)",AM (R),24,"5'10""",Fairly Strong,Very Strong,6.91,0,1374,0,0,0,2.06,2.06,-2.06,0.1,0%,0.1471428571,0.9,0.2,0.3,21%,0,0,0,3,0.2,2.95,0.2,90%,51.9,0.3,0.7,6.2,0.3,0,0,0.1,0,0,0.1,6,0,6.7,10.9,1.1,1.7,5.7,85,20,0,0.8,1,0.2,14,5,0,10.9,11.4,No recurring injuries,Below Average,1.6,20,0.1,0,0,0,0,0,0,0,0,0,0,0.9,1.1
Sky Bet Championship,Blackburn,0.52,Balázs Tóth,GK,,29,"6'2""",Weak,Very Strong,6.65,1,1530,0,0,0,0,0,0,0,0%,0,0,0,0,0%,0,0,0,0,0,0,0,78%,22.3,0,0.1,0,0,0,0,0,0,0,0,5,0,8.4,3.4,0.1,0,0,50,2,0,0,2.8,0,0,0,0,5.6,0,No recurring injuries,Very Low,0,0,0,2,-1.16,0,70,19,26,11,24,2,50,1.2,1.4
Serie A,Spezia,0.5,Ádám Nagy,"DM, M (C)",,31,"5'10""",Fairly Strong,Very Strong,6.83,0,1350,0,0,0,0.66,0.66,-0.66,0,0%,0.132,0.3,0.1,0,20%,0,0,0,1,0.1,1.21,0.1,90%,41.7,0.2,0.7,3,0.7,0.1,18,0.1,0.1,100,0.1,13,1,11.7,10.9,1.1,1.8,4.1,77,22,1,0.4,0.6,0.1,7,3,0,8.9,8.7,No recurring injuries,Very Low,1.9,50,0.1,0,0,0,0,0,0,0,0,0,0,0.7,0.9
Eredivisie,FC Groningen,0.56,Wouter Prins,D (L),,22,"6'2""",Very Strong,Reasonable,6.99,0,1235,0,0,0,0.03,0.03,-0.03,0,0%,0.015,0.1,0,0,0%,0,0,0,0,0,0.66,0,86%,55.7,0.2,1.2,7.3,6.9,1.2,17,1.5,0.1,5,0.5,11,0,10.8,16.9,1.5,3.6,7.1,74,27,1,0.7,1.4,0.4,12,0,0,11.7,15.9,No recurring injuries,Average,3.2,66,0.4,0,0,0,0,0,0,0,0,0,0,1.2,0.9
Eredivisie,Excelsior,0.50,Stan Henderikx,D (C),"D (L), DM",23,"6'2""",Very Strong,Reasonable,6.66,0,1107,0,0,0,0.52,0.52,-0.52,0,0%,0.13,0.3,0.1,0.2,25%,0,0,0,0,0,0.15,0,94%,42.3,0.1,0.4,3.2,0,0,0,0,0,0,0,3,0,2.8,15.1,0.4,4,1.9,100,5,0,0.7,1.1,0.9,3,3,0,9.6,5.4,No recurring injuries,Below Average,5.9,57,0.7,0,0,0,0,0,0,0,0,0,0,0.8,0.8
Eredivisie,sc Heerenveen,0.41,Ringo Meerveld,AM (C),,23,"5'10""",Reasonable,Very Strong,6.51,0,1192,0,0,0,2.06,2.06,-2.06,0.2,0%,0.1211764706,1.3,0.3,0.5,24%,1,0,0,3,0.2,3.18,0.2,0%,0,0.5,0.2,0,3,0.5,17,0,0,0,0,7,0,13.5,9.4,0,0,0,0,0,0,0,0,0,0,0,0,0,0,No recurring injuries,Above Average,0,0,0,0,0,0,0,0,0,0,0,0,0,0.6,0.9
Sky Bet Championship,Sunderland,0.53,Robin Roefs,GK,,23,"6'4""",Very Strong,Weak,6.91,1,1144,0,0,0,0,0,0,0,0%,0,0,0,0,0%,0,0,0,0,0,0,0,81%,24.6,0,0,0,0,0,0,0,0,0,0,3,0,10.1,3.7,0,0,0,0,0,0,0,2.3,0,3,3,1,6.4,0,No recurring injuries,Above Average,0,0,0,8,6.18,0,81,8,18,5,7,0,0,0.7,0.6
Eredivisie,Excelsior,0.50,Ilias Bronkhorst,D (R),D (L),29,"6'1""",Weak,Very Strong,6.72,0,1170,0,0,0,1.31,1.31,-1.31,0.1,0%,0.1455555556,0.7,0.1,0.3,11%,1,0,0,1,0.1,0.85,0.1,84%,51.6,0.2,0.9,5.7,1.7,0.5,31,1.7,0.5,32,1,18,0,14,11.1,1.2,2.5,6.7,100,15,0,0.6,1.5,0.2,6,0,0,11.2,15,No recurring injuries,Below Average,3.1,75,0.4,0,0,0,0,0,0,0,0,0,0,0.5,1.2
Premier League,Spurs,0.55,Micky van de Ven,D (C),D/WB (L),25,"6'4""",Very Strong,Weak,7.21,1,1710,0,0,0,0.58,0.58,-0.58,0,0%,0.04833333333,0.6,0.2,0.1,33%,0,0,0,2,0.1,1.94,0.1,95%,69,0.2,0.4,6.8,0.8,0.3,33,0.7,0.2,29,0.2,4,2,5,7.7,0.9,3.3,2,89,19,2,1,1,0.8,2,0,0,11.4,7.9,Recurring moderate hamstring strain,Very High,4.6,56,0.4,0,0,0,0,0,0,0,0,0,0,1.4,0.8
Bundesliga,VfL Bochum 1848,0.38,Beau Reus,GK,,25,"6'6""",Very Strong,Weak,6.68,1,1291,0,0,0,0,0,0,0,0%,0,0,0,0,0%,0,0,0,0,0,0,0,83%,22.8,0,0,0,0,0,0,0,0,0,0,9,0,8,2.8,0,0,0,0,1,0,0,3.6,0,0,0,0,4.4,0,No recurring injuries,Below Average,0,0,0,6,-1.66,1,76,11,24,14,16,1,0,0.8,1.1
Ligue 1 McDonald's,OL,0.56,Ruben Kluivert,D (C),,25,"6'2""",Weak,Very Strong,7.11,1,1204,0,0,0,0.11,0.11,-0.11,0,0%,0.055,0.1,0,0.1,0%,1,0,0,1,0.1,0.4,0,93%,49.1,0.1,0.2,3.5,0,0,0,0,0,0,0.1,1,0,2.6,16.3,1.1,2.2,2.8,83,18,8,0.6,1.3,0.6,4,0,0,9.8,4,No recurring injuries,Below Average,4,81,0.6,0,0,0,0,0,0,0,0,0,0,1.2,1
Premier League,Brighton,0.51,Bart Verbruggen,GK,,24,"6'4""",Reasonable,Very Strong,6.67,0,1080,0,0,0,0,0,0,0,0%,0,0,0,0,0%,0,0,0,0,0,0,0,94%,28.7,0,0,0.2,0,0,0,0,0,0,0,0,0,2.4,9.2,0,0.5,0,0,0,0,0,1.7,0,0,0,0,6.9,0.3,No recurring injuries,Average,0,0,0,0,-19.14,0,60,24,25,6,37,0,0,1.3,3.1
Premier League,Brighton,0.51,Jan Paul van Hecke,D (C),,26,"6'2""",Reasonable,Very Strong,6.69,0,1440,0,0,0,0.26,0.26,-0.26,0,0%,0.04333333333,0.4,0.1,0.1,17%,0,0,0,0,0,1.38,0.1,94%,59.9,0.1,0.2,3.7,0,0,0,0,0,0,0.1,0,0,4.5,9.5,0.2,3.3,2.3,29,14,0,0.4,1.7,0.4,4,1,0,10.9,6.9,No recurring injuries,Low,5.5,56,1.2,0,0,1,0,0,0,0,0,0,0,1.5,2.6
Eredivisie,Telstar,0.39,Guus Offerhaus,D (C),,25,"6'2""",Weak,Very Strong,6.84,1,1070,0,0,0,0.25,0.25,-0.25,0,0%,0.08333333333,0.3,0,0,0%,0,0,0,2,0.2,2.03,0.2,90%,49,0.6,1.3,4.6,2.9,0.3,8,0.1,0,0,0.1,5,0,6.2,10.9,1.6,2.4,4.8,79,24,1,0.3,1.2,0.3,9,1,0,10.8,10,No recurring injuries,Above Average,3.2,61,0.8,0,0,0,0,0,0,0,0,0,0,0.8,1.4
Eredivisie,Excelsior,0.50,Noah Naujoks,DM,AM (C),24,"6'0""",Reasonable,Very Strong,6.73,1,1053,0,0,0,0.65,0.65,-0.65,0.1,0%,0.09285714286,0.6,0,0.3,0%,1,0,0,2,0.2,1.42,0.1,91%,54.3,0.2,1,7.1,0.2,0.1,50,0.2,0.1,50,0.3,3,0,6.4,10.1,1.5,2.8,6.4,86,21,1,0.9,1.1,0.3,4,2,0,12.9,12.6,No recurring injuries,Below Average,1.4,63,0.1,0,0,1,0,0,0,0,0,0,0,0.6,1.2
Eredivisie,Go Ahead Eagles,0.51,Dean James,D (L),,26,"5'10""",Very Strong,Fairly Strong,6.81,0,1500,0,0,0,0.59,0.59,-0.59,0,0%,0.09833333333,0.4,0,0.1,0%,0,0,0,2,0.1,1.57,0.1,89%,55.4,0.2,0.4,6.4,2.2,0.4,18,2.2,0.4,19,1.2,11,1,17.5,10.6,1.9,3.9,8,78,40,2,0.6,0.5,0.5,16,1,1,10.8,14.5,No recurring injuries,Average,3.1,51,0,0,0,0,0,0,0,0,0,0,0,0.7,1
Eredivisie,FC Utrecht,0.55,Souffian El Karouani,D (L),M (L),26,"5'10""",Very Strong,Reasonable,6.98,0,1052,0,0,0,1.31,1.31,-1.31,0.1,0%,0.1871428571,0.6,0.1,0.3,14%,0,0,0,1,0.1,2.95,0.3,90%,61.6,0.2,0.7,8,5.6,0.5,9,0.8,0.1,11,0.3,7,0,12.3,14.3,1.4,3.8,8.1,59,27,1,0.8,0.9,0.9,20,5,1,12.1,19,No recurring injuries,Below Average,2.2,46,0.2,0,0,0,0,0,0,0,0,0,0,1,0.9
Eredivisie,PSV,0.55,Ryan Flamingo,DM,,23,"6'2""",Reasonable,Very Strong,6.85,0,1710,0,0,0,1.35,1.35,-1.35,0.1,0%,0.1038461538,0.7,0.1,0.2,15%,0,0,0,1,0.1,0.13,0,90%,54.9,0,0.1,2.8,0.1,0,0,0.1,0,0,0,4,0,2.3,15.7,0.5,2.5,3.4,71,14,1,0.5,0.8,0.7,12,2,0,10.5,3.6,No recurring injuries,Low,5.3,69,0.9,0,0,0,0,0,0,0,0,0,0,1.4,1
Serie A,Cagliari,0.5,Adam Obert,D (C),D/WB (L),24,"6'1""",Very Strong,Weak,7.08,0,1260,0,0,0,0.28,0.28,-0.28,0,0%,0.056,0.4,0.1,0.1,20%,0,0,0,1,0.1,0.44,0,86%,51.1,0.3,1.3,5.4,10.4,1.6,15,7.4,1.4,19,2,14,1,14.1,12,1.9,3.2,8.6,81,32,1,0.6,0.9,0.9,15,2,0,12.3,23.9,No recurring injuries,Very Low,2.9,66,0.1,0,0,0,0,0,0,0,0,0,0,0.4,1.1
Sky Bet Championship,Blackburn,0.52,Ryan Alebiosu,D/WB (R),,24,"6'2""",Weak,Very Strong,6.97,0,1569,0,0,0,1.12,1.12,-1.12,0.1,0%,0.1018181818,0.6,0.1,0.2,9%,0,0,0,1,0.1,1.43,0.1,87%,52.5,0.3,0.9,7,1.9,0.5,24,1.9,0.5,24,1.8,12,1,14.2,10.7,1.9,2.8,8.3,85,39,1,0.7,1,0.5,23,1,0,11.6,16.5,No recurring injuries,Below Average,4.6,59,0.2,0,0,0,0,0,0,0,0,0,0,1.1,1.3
Sky Bet Championship,Cardiff,0.49,Joel Bagan,D (L),"D (C), WB (L)",25,"6'2""",Very Strong,Weak,7.11,3,1780,0,0,0,0,0,0,0,0%,0,0.1,0,0.1,0%,0,0,0,3,0.2,0.95,0,89%,56.2,0.1,1.2,7.5,2.9,0.6,18,2.9,0.6,19,1.3,13,1,16.7,11.8,2.1,4.2,7.2,85,48,2,0.5,0.9,0.6,17,3,0,12.2,16.2,No recurring injuries,Below Average,2.9,55,0.2,0,0,0,0,0,0,0,0,0,0,1.4,1.3
Eredivisie,Go Ahead Eagles,0.51,Jari De Busser,GK,,27,"6'3""",Weak,Very Strong,6.85,2,1710,0,0,0,0,0,0,0,0%,0,0,0,0,0%,0,0,0,0,0,0,0,77%,23.9,0,0,0,0,0,0,0,0,0,0,9,0,7.7,4.1,0,0,0,0,5,0,0,3.1,0,0,0,0,5.2,0,No recurring injuries,Below Average,0,0,0,6,3.76,0,76,12,41,11,20,5,0,0.7,1.1
Jupiler Pro League,STVV,0.39,Joedrick Pupe,D (C),D (L),29,"6'3""",Very Strong,Reasonable,6.78,1,1335,0,0,0,0.21,0.21,-0.21,0,0%,0.07,0.2,0.1,0,33%,0,0,0,0,0,0.7,0,89%,47.9,0,0.6,3.9,1.1,0.2,18,1.1,0.2,19,0.1,9,0,9.9,11,1.5,2.8,5.4,81,27,1,0.7,1.2,0.9,10,2,0,10.4,9.6,No recurring injuries,Below Average,5.1,61,0.7,0,0,0,0,0,0,0,0,0,0,0.6,1
Bundesliga,SV Werder Bremen,0.46,Senne Lynen,DM,,27,"6'1""",Reasonable,Very Strong,7.1,1,1109,0,0,0,0.18,0.18,-0.18,0,0%,0.03,0.5,0.1,0.2,17%,0,0,0,1,0.1,2.53,0.2,96%,58.8,0.1,0.5,4.4,0.2,0,0,0.2,0,0,0,3,1,5.1,12.9,1.5,3.2,6.5,72,25,1,0.4,0.5,0.2,10,2,0,11.9,12.5,No recurring injuries,Average,1.3,44,0,0,0,0,0,0,0,0,0,0,0,0.7,1.1
Serie A,Sampdoria,0.5,Gaëtan Coucke,GK,,28,"6'2""",Weak,Very Strong,6.53,1,1620,0,0,0,0,0,0,0,0%,0,0,0,0,0%,0,0,0,0,0,0,0,74%,25.3,0,0.1,0,0,0,0,0,0,0,0,9,0,7.7,2.2,0.1,0,0,50,2,0,0,2.4,0,0,0,0,5.2,0,No recurring injuries,Very Low,0,0,0,1,-1.66,0,72,18,39,13,31,2,50,0.7,1.6
Eredivisie,FC Utrecht,0.55,Siebe Horemans,D (C),,28,"6'1""",Weak,Very Strong,6.91,1,1132,0,0,0,0.5,0.5,-0.5,0,0%,0.07142857143,0.6,0.1,0.3,14%,0,0,0,2,0.2,0.79,0.1,91%,48.7,0,0.5,3.3,0.2,0,0,0.2,0,0,0.4,4,0,7.6,11.7,1,3,6,67,18,2,0.6,0.8,0.1,8,1,0,11.3,10.8,No recurring injuries,Below Average,3.8,60,0.2,0,0,0,0,0,0,0,0,0,0,1.4,0.7
Premier League,Newcastle,0.54,Mile Svilar,GK,,27,"6'2""",Weak,Very Strong,7.02,1,1620,0,0,0,0,0,0,0,0%,0,0,0,0,0%,0,0,0,0,0,0,0,98%,26.9,0,0,0.2,0,0,0,0,0,0,0,2,0,1.5,7.9,0,0.2,0,0,1,0,0,1.2,0,0,0,0,7.1,0.1,No recurring injuries,Below Average,0,0,0,4,2.36,1,79,25,28,8,17,1,0,1.9,0.9
Eredivisie,Telstar,0.39,Lennard Hens,AM (C),M (C),30,"6'0""",Weak,Very Strong,6.79,0,1106,0,0,0,3.56,3.56,-3.56,0.3,0%,0.178,1.6,0.7,0.2,45%,0,0,0,1,0.1,0.62,0.1,85%,40.8,0.3,2,2.8,0.7,0.3,44,0.7,0.3,44,1.9,5,3,22.5,9.7,0.2,2,5.7,100,3,0,0.3,0.3,0,7,2,0,11.4,9.1,No recurring injuries,Below Average,2.4,28,0,0,0,0,0,0,0,0,0,0,0,0.7,1.5
Ligue 2 BKT,FC Metz,0.59,Elias Cobbaut,D (C),,29,"6'2""",Very Strong,Weak,6.79,0,1237,0,0,0,0.74,0.74,-0.74,0.1,0%,0.0925,0.6,0.1,0.3,25%,0,0,0,3,0.2,0.97,0.1,86%,41.2,0.2,0.4,2.3,0,0,0,0,0,0,0.1,4,0,4.3,17,0.7,2.3,2.2,83,12,1,0.7,1.4,0.1,6,1,1,9.3,3.8,No recurring injuries,High,5,62,0.8,0,0,0,0,0,0,0,0,0,0,1.3,0.4
Sky Bet Championship,Leicester,0.47,Wout Faes,D (C),,28,"6'2""",Reasonable,Very Strong,6.71,0,1710,0,0,0,0.76,0.76,-0.76,0,0%,0.08444444444,0.5,0.1,0.2,11%,0,0,0,1,0.1,0.31,0,92%,45,0,0.2,1.9,0,0,0,0,0,0,0,5,0,3.4,15.2,0.4,3.5,2.6,64,11,0,0.6,0.8,0.8,14,3,0,10,3.8,No recurring injuries,Below Average,3.7,59,0.5,0,0,0,0,0,0,0,0,0,0,1,1.6
Jupiler Pro League,KV Kortrijk,0.57,Nicolas Rommens,M (C),,31,"6'1""",Weak,Very Strong,7.01,1,1341,0,0,0,0.86,0.86,-0.86,0.1,0%,0.1075,0.5,0,0.1,0%,0,0,0,5,0.3,3.12,0.2,91%,52.5,0.3,1.3,6.2,0.1,0.1,50,0.1,0.1,50,0,6,0,6.4,20.3,0.9,3,5.8,82,17,1,0.5,0.9,0.1,7,0,0,11.8,12.7,No recurring injuries,Average,1.7,58,0.1,0,0,0,0,0,0,0,0,0,0,1.5,1
Ligue 2 BKT,Amiens SC,0.52,Diawandou Diagne,DM,"D (C), WB (R)",32,"5'9""",Weak,Very Strong,6.87,0,1259,0,0,0,1.37,1.37,-1.37,0.1,0%,0.1053846154,0.9,0.3,0.1,31%,0,0,0,0,0,1.03,0.1,90%,52.5,0.2,0.9,6.3,1.5,0.4,28,1.5,0.4,29,1.2,10,0,12.1,11.8,1.3,3.7,6.8,95,19,0,0.3,0.9,0.4,13,2,0,11.1,13.4,No recurring injuries,Below Average,3.3,61,0.2,0,0,1,0,0,0,0,0,0,0,0.9,0.9
Jupiler Pro League,STVV,0.39,Wolke Janssens,D (C),,31,"6'1""",Weak,Very Strong,6.78,0,1004,0,0,0,0.29,0.29,-0.29,0,0%,0.145,0.2,0,0,0%,0,0,0,0,0,0.16,0,94%,40.2,0,0,2.3,0,0,0,0,0,0,0.3,2,0,4,12.3,0.6,2.9,3,88,8,2,0.4,0.9,0.4,4,1,0,9.9,2.5,No recurring injuries,Average,3.5,51,0.5,0,0,0,0,0,0,0,0,0,0,0.6,1.3
First Division,Oviedo,0.45,Leander Dendoncker,DM,M (C),31,"6'2""",Reasonable,Very Strong,6.71,0,1079,0,0,0,0.5,0.5,-0.5,0,0%,0.08333333333,0.5,0.1,0.2,17%,0,0,0,1,0.1,0.15,0,90%,51.3,0,1.3,5.2,0.2,0,0,0.2,0,0,0.2,2,0,8.1,9.4,0.8,3.2,6.8,48,21,1,0.5,1.3,0.3,15,3,0,12,12.5,No recurring injuries,Average,3.1,78,0.4,0,0,0,0,0,0,0,0,0,0,1,2.1
Jupiler Pro League,KAA Gent,0.45,Davy Roef,GK,,32,"6'2""",Weak,Very Strong,6.64,1,1170,0,0,0,0,0,0,0,0%,0,0,0,0,0%,0,0,0,0,0,0,0,84%,23.7,0,0,0,0,0,0,0,0,0,0,3,0,6.2,3.1,0,0,0,0,2,0,0,2.5,0,1,1,0,5.6,0,No recurring injuries,Above Average,0,0,0,2,-2.71,0,70,8,26,9,18,2,0,1.1,1.4
Premier League,Gil Vicente,0.48,Jonathan Buatu,D (C),,33,"6'2""",Very Weak,Very Weak,7.06,2,1196,0,0,0,0.82,0.82,-0.82,0.1,0%,0.09111111111,0.7,0.2,0.2,22%,0,0,0,0,0,0.34,0,93%,39.9,0.1,0.2,2.5,0.1,0,0,0.1,0,0,0,3,0,3.2,9.7,0.5,3.7,2.9,58,12,4,1,1.2,0.8,7,4,0,9.6,3.3,No recurring injuries,Below Average,5.5,74,0.8,0,0,0,0,0,0,0,0,0,0,0.8,0.9
First Division,R. Madrid,0.59,Thibaut Courtois,GK,,34,"6'7""",Very Strong,Reasonable,7.24,1,1772,0,0,0,0,0,0,0,0%,0,0,0,0,0%,0,0,0,0,0,0,0,93%,22.6,0,0,0,0,0,0,0,0,0,0,3,0,5,5.1,0,0,0,0,0,0,0,1.3,0,0,0,0,4.8,0,No recurring injuries,Average,0,0,0,10,5.35,0,77,15,31,10,17,0,0,3,0.9
Serie BKT,Hellas Verona,0.5,Christian Kabasele,D (C),,35,"6'2""",Reasonable,Very Strong,6.54,0,1002,0,0,0,0.9,0.9,-0.9,0.1,0%,0.1125,0.7,0,0,0%,0,0,0,1,0.1,0.02,0,80%,28.7,0,0,0.5,0.2,0.1,50,0.2,0.1,50,0,6,0,1.8,4.1,1.5,1.3,1,100,17,0,0.3,0.4,0.1,5,1,1,3.6,1.3,No recurring injuries,Very Low,1.4,88,0.4,0,0,0,0,0,0,0,0,0,0,0.4,0.6
Jupiler Pro League,KV Mechelen,0.51,Ortwin De Wolf,GK,,29,"6'3""",Very Strong,Weak,6.75,2,2190,0,0,0,0,0,0,0,0%,0,0,0,0,0%,0,0,0,0,0,0,0,79%,22.7,0,0,0,0,0,0,0,0,0,0,6,0,7,4.3,0.1,0.1,0,40,5,0,0,3.2,0,0,0,0,5.3,0,No recurring injuries,Below Average,0,0,0,5,7.4,0,75,25,47,18,32,5,40,1.3,1.3
Jupiler Pro League,RWDM Brussels,0.50,Bill Lathouwers,GK,,27,"6'4""",Very Strong,Weak,6.87,2,1249,0,0,0,0,0,0,0,0%,0,0,0,0,0%,0,0,0,0,0,0,0,84%,23.5,0,0,0.1,0,0,0,0,0,0,0,4,0,6.1,5.5,0,0.1,0,0,1,0,0,4,0,1,1,0,5.9,0,No recurring injuries,Average,0,0,0,4,5.81,0,78,13,25,10,13,1,0,1.2,0.9
Eredivisie,Fortuna Sittard,0.56,Shawn Adewoye,D (C),D (R),26,"5'11""",Weak,Very Strong,6.9,1,1350,0,0,0,0.83,0.83,-0.83,0.1,0%,0.1383333333,0.4,0.1,0.1,17%,1,0,0,0,0,0.75,0.1,91%,42.8,0,0.5,2.8,0.4,0,0,0.4,0,0,0.1,4,0,3.3,16.4,1.2,3.1,3.5,90,20,2,0.6,1,1.1,7,2,0,10.7,5.7,No recurring injuries,Below Average,3.7,65,0.6,0,0,0,0,0,0,0,0,0,0,1.2,0.9
Bundesliga,1. FC Magdeburg,0.41,Silas Gnaka,DM,D (LC),27,"5'10""",Very Strong,Weak,6.34,0,1228,0,0,0,0.85,0.85,-0.85,0.1,0%,0.1214285714,0.5,0.1,0.1,29%,0,0,0,1,0.1,1.72,0.1,0%,0,0.1,0.1,0,0,0,0,0,0,0,0,10,0,15,9.7,0,0,0,0,0,0,0,0,0,1,1,0,0,0,No recurring injuries,Low,0,0,0,0,0,0,0,0,0,0,0,0,0,1,1.4
Serie A,Como,0.5,Ignace Van Der Brempt,D (R),,24,"6'2""",Reasonable,Very Strong,6.86,0,1111,0,0,0,0.26,0.26,-0.26,0,0%,0.13,0.2,0.1,0,50%,0,0,0,1,0.1,1.18,0.1,93%,54.4,0.1,1.3,7,2.2,0.6,25,2,0.6,28,1,12,3,14.5,8.8,1.9,2.4,6.3,70,33,1,0.1,0.5,0.7,13,0,0,10.2,16.1,No recurring injuries,Very Low,3.6,58,0.5,0,0,0,0,0,0,0,0,0,0,1,1.6
Jupiler Pro League,RWDM Brussels,0.50,Mats Lemmens,D (C),,24,"6'1""",Weak,Very Strong,6.68,0,1196,0,0,0,0.94,0.94,-0.94,0.1,0%,0.1342857143,0.5,0,0.1,0%,0,0,0,1,0.1,0.46,0,84%,44,0.2,0.2,1.8,0,0,0,0,0,0,0,6,0,3.6,11.5,0.3,3.2,2.1,100,4,1,0.5,0.8,0.5,7,4,1,9.9,3,No recurring injuries,Low,6,70,0.8,0,0,0,0,0,0,0,0,0,0,1.1,0.9
Jupiler Pro League,RAAL La Louvière,0.5,Samuel Gueulette,M (C),,26,"5'11""",Weak,Very Strong,6.7,0,1009,0,0,0,0.07,0.07,-0.07,0,0%,0.02333333333,0.3,0.1,0.2,33%,0,0,0,1,0.1,1,0.1,89%,51.4,0,0.9,3.6,0.4,0.1,25,0.4,0.1,25,0.1,5,0,8.2,8.6,1.2,2.3,5.9,68,19,0,0.5,0.9,0.3,13,5,0,12,10.6,No recurring injuries,Above Average,1.7,32,0.3,0,0,0,0,0,0,0,0,0,0,0.4,1.3
Jupiler Pro League,Charleroi,0.53,Mardochée Nzita,D (L),M (L),26,"5'10""",Very Strong,Weak,7.03,2,1398,0,0,0,0.24,0.24,-0.24,0,0%,0.06,0.3,0.1,0.1,25%,0,0,0,1,0.1,1.33,0.1,93%,57.2,0.3,0.7,7.9,1.5,0.2,13,1.5,0.2,13,1.7,16,1,13.1,9.3,1.5,3.7,6.9,75,32,1,0.6,0.7,0.3,12,2,0,11.8,16.2,No recurring injuries,Below Average,3.4,66,0.2,0,0,0,0,0,0,0,0,0,0,1.4,1
Jupiler Pro League,RAAL La Louvière,0.5,Jordi Liongola,WB (R),M/AM (R),26,"6'1""",Weak,Very Strong,6.71,0,1187,0,0,0,0.4,0.4,-0.4,0,0%,0.1,0.3,0.1,0.1,25%,0,0,0,0,0,1.06,0.1,87%,46.6,0.4,1.9,5.2,8,0.9,11,5.8,0.7,12,3.2,20,2,18.5,5.2,2,3.5,10.8,87,30,1,0.6,1.3,0.3,18,2,0,12.3,22,No recurring injuries,Average,3.7,47,0.2,0,0,0,0,0,0,0,0,0,0,0.6,1.4
Jupiler Pro League,OH Leuven,0.47,Tobe Leysen,GK,,24,"6'2""",Very Strong,Reasonable,6.66,1,1980,0,0,0,0,0,0,0,0%,0,0,0,0,0%,0,0,0,0,0,0,0,80%,23.5,0,0,0.1,0,0,0,0,0,0,0,9,0,5.4,3.8,0,0,0,0,4,0,0,4,0,0,0,0,4.9,0,No recurring injuries,Below Average,0,0,0,3,-3.38,0,69,19,47,6,31,4,0,1.1,1.4
Serie A,Casciavit,0.5,Koni De Winter,D (R),,24,"6'3""",Reasonable,Very Strong,6.94,0,1463,0,0,0,0.78,0.78,-0.78,0,0%,0.13,0.4,0.1,0.1,33%,1,0,0,0,0,0.52,0,94%,47.8,0.2,0.2,2.3,0,0,0,0,0,0,0.1,4,1,3.5,12.1,0.6,2.2,3.6,56,16,1,0.6,0.7,0.3,6,2,0,10.4,4.4,No recurring injuries,Very Low,5.2,68,1,0,0,0,0,0,0,0,0,0,0,1.8,1
Jupiler Pro League,RSC Anderlecht,0.58,Killian Sardella,D (R),WB (R),24,"5'10""",Reasonable,Very Strong,6.95,0,1814,0,0,0,0.68,0.68,-0.68,0,0%,0.09714285714,0.3,0,0.1,14%,0,0,0,1,0,4.93,0.2,88%,56,0.3,0.7,7.2,2.5,0.4,18,2.5,0.4,18,0.9,9,1,12.3,14.5,1.8,3.3,7,78,46,0,0.5,0.7,0.6,32,3,0,11.9,16.1,Recurring partially torn hamstring and bruised ankle,Very High,4.9,51,0.4,0,0,0,0,0,0,0,0,0,0,1.4,1
Jupiler Pro League,RSC Anderlecht,0.58,Colin Coosemans,GK,,34,"6'1""",Reasonable,Very Strong,6.83,2,2067,0,0,0,0,0,0,0,0%,0,0,0,0,0%,0,0,0,0,0,0,0,81%,24.5,0,0,0,0,0,0,0,0,0,0,6,0,6.8,6.1,0,0,0,0,1,0,0,3.4,0,0,0,0,5.9,0,No recurring injuries,Average,0,0,0,8,6.18,1,73,16,33,11,22,1,0,1.4,1
Jupiler Pro League,RWDM Brussels,0.50,Tibo Persyn,WB (R),,24,"5'10""",Weak,Very Strong,6.84,0,1156,0,0,0,0.69,0.69,-0.69,0.1,0%,0.06272727273,0.9,0,0.5,0%,1,0,0,0,0,1.11,0.1,91%,54,0.2,1.3,7.2,2.2,0.5,25,2.2,0.5,25,0.6,11,1,11.9,13.2,1.9,2.6,7.2,83,30,1,0.3,0.9,0.9,18,4,1,11.8,14.1,No recurring injuries,Below Average,3.1,30,0.3,0,0,0,0,0,0,0,0,0,0,1.3,0.9
Jupiler Pro League,Standard,0.50,Ibe Hautekiet,D (C),,24,"6'2""",Very Strong,Reasonable,6.95,2,1136,0,0,0,0,0,0,0,0%,0,0,0,0,0%,0,0,0,0,0,1.46,0.1,95%,42.9,0,0.2,1.4,0.2,0,0,0.2,0,0,0,2,0,3.8,14.1,0.6,3.1,2.9,88,8,4,1,1.4,0.6,5,2,0,10.3,4,No recurring injuries,Average,6.3,69,0.9,0,0,0,0,0,0,0,0,0,0,1,0.8
Premier League,Man Utd,0.51,Senne Lammens,GK,,24,"6'4""",Reasonable,Very Strong,6.99,1,1440,0,0,0,0,0,0,0,0%,0,0,0,0,0%,0,0,0,0,0,0,0,93%,27.6,0,0,0.8,0,0,0,0,0,0,0,0,0,2.8,9.5,0,0.3,0,0,1,0,0,1.5,0,0,0,0,5.9,0,No recurring injuries,Average,0,0,0,2,-11.55,1,71,31,47,10,39,1,0,3.1,2.4
Bundesliga,RB Leipzig,0.52,Maarten Vandevoordt,GK,,24,"6'4""",Weak,Very Strong,6.89,2,1800,0,0,0,0,0,0,0,0%,0,0,0,0,0%,0,0,0,0,0,0,0,92%,24.2,0,0,0.1,0,0,0,0,0,0,0,5,0,7.4,5,0,0.1,0,0,1,0,0,1.6,0,0,0,0,5.6,0,No recurring injuries,Below Average,0,0,0,10,0.88,0,75,13,32,7,18,1,0,1.8,0.9
Jupiler Pro League,RAAL La Louvière,0.5,Thierry Lutonda,WB (L),AM (L),26,"5'6""",Very Strong,Weak,6.71,0,1140,0,0,0,0.12,0.12,-0.12,0,0%,0.06,0.2,0.1,0.1,50%,0,0,0,1,0.1,0.79,0.1,81%,46.3,0,1.9,4.7,5.4,1.3,23,5.4,1.3,23,2.4,13,2,18.2,7.5,3.4,3.5,9.9,81,53,0,0.4,0.9,0.2,31,2,1,12.1,21.6,No recurring injuries,Below Average,3.2,24,0.2,0,0,0,0,0,0,0,0,0,0,0.6,1.3
Jupiler Pro League,OH Leuven,0.47,Ewoud Pletinckx,D (C),,26,"6'3""",Weak,Very Strong,6.89,1,1826,0,0,0,1.74,1.74,-1.74,0.1,0%,0.09666666667,0.9,0.2,0.2,28%,0,0,0,0,0,0.46,0,92%,40.8,0.1,0,2.2,0,0,0,0,0,0,0,3,0,3.4,15.3,0.5,2.8,3,59,17,1,0.8,1.1,0.3,11,3,0,9.8,4.6,No recurring injuries,Below Average,5.5,72,1.4,0,0,0,0,0,0,0,0,0,0,1.1,1.4
Jupiler Pro League,Dender EH,0.54,Nathan Rôdes,DM,M (C),28,"6'3""",Reasonable,Very Strong,6.95,2,1439,0,0,0,0.32,0.32,-0.32,0,0%,0.16,0.1,0,0.1,0%,0,0,0,3,0.2,3.08,0.2,88%,52.1,0,1.1,6.1,0.8,0.1,16,0.2,0.1,33,0.1,8,1,6.6,12.8,1,2.4,6,84,19,1,0.4,0.9,0.4,14,2,0,11.1,9.9,No recurring injuries,Average,2.9,52,0.7,0,0,0,0,0,0,0,0,0,0,1.1,1.4
Ligue 1 McDonald's,OGC Nice,0.49,Charles Vanhoutte,DM,M (C),28,"6'0""",Reasonable,Very Strong,6.91,0,1236,0,0,0,0.77,0.77,-0.77,0.1,0%,0.07,0.8,0.1,0.5,18%,1,0,0,1,0.1,2.2,0.2,90%,58.3,0.3,0.6,5.6,0,0,0,0,0,0,0.2,4,0,6.8,12.7,1.5,2.9,7,77,26,0,0.7,0.9,0.4,7,1,0,12,11.4,No recurring injuries,Average,2.5,62,0.3,0,0,0,0,0,0,0,0,0,0,1.2,0.9
Jupiler Pro League,Cercle Brugge,0.50,Maxime Delanghe,GK,,25,"6'3""",Reasonable,Very Strong,6.69,2,1350,0,0,0,0,0,0,0,0%,0,0,0,0,0%,0,0,0,0,0,0,0,73%,24.6,0,0,0,0,0,0,0,0,0,0,7,0,7.5,4.7,0.2,0,0,100,3,0,0,3.5,0,1,1,0,5.8,0,No recurring injuries,Below Average,0,0,0,5,3.72,2,82,12,32,17,16,3,100,1,1.1
Jupiler Pro League,RSC Anderlecht,0.58,Marco Kana,DM,,24,"6'0""",Reasonable,Very Strong,6.7,0,1520,0,0,0,0.59,0.59,-0.59,0,0%,0.118,0.3,0,0.1,0%,0,0,0,2,0.1,2.5,0.1,94%,45.4,0.1,0.7,3.7,0.2,0,0,0.2,0,0,0.1,6,0,4.7,15.8,0.7,2.3,3.9,92,12,0,1,1.3,0.7,7,1,0,11.2,7.2,No recurring injuries,High,2.4,66,0.2,0,0,0,0,0,0,0,0,0,0,1.4,1.1
Bundesliga,1. FC Union Berlin,0.43,Leopold Querfeld,D (C),,22,"6'3""",Reasonable,Very Strong,6.93,2,1260,0,0,0,0.29,0.29,-0.29,0,0%,0.058,0.4,0,0.2,0%,1,0,0,0,0,0.87,0.1,94%,51.1,0.1,0.1,1.9,0,0,0,0,0,0,0,5,0,3.6,10.7,0.9,3.4,3.1,100,12,2,0.5,0.9,0.7,5,3,0,10.6,4.1,No recurring injuries,Below Average,5.4,74,1.1,0,0,0,0,0,0,0,0,0,0,0.6,1.4
Second Division,Alavés,0.5,Victor Parada,D (L),"D (C), WB (L)",24,"6'2""",Very Strong,Fairly Strong,6.84,1,1496,0,0,0,0.15,0.15,-0.15,0,0%,0.075,0.1,0,0.1,0%,0,0,0,2,0.1,0.94,0.1,86%,53.2,0.2,0.4,5.8,1.1,0.2,22,1.1,0.2,22,0.6,8,0,15.3,11.2,1.4,3.5,7.5,83,29,2,0.7,1.2,0.4,29,1,0,11.5,13.5,No recurring injuries,Below Average,4.1,78,0.2,0,0,0,0,0,0,0,0,0,0,1.1,1.1
First Division,Elche,0.34,David Affengruber,D (C),,25,"6'1""",Fairly Strong,Very Strong,6.72,0,1257,0,0,0,0.45,0.45,-0.45,0,0%,0.09,0.4,0.1,0.1,20%,0,0,0,0,0,0.75,0.1,88%,44.7,0.1,0.1,2.6,0,0,0,0,0,0,0,5,0,2.8,11.2,0.4,3,2.9,86,7,2,0.5,0.9,1,5,3,0,10.7,3.8,No recurring injuries,Above Average,6.4,76,1.1,0,0,0,0,0,0,0,0,0,0,0.8,2
Premier League,Aston Villa,0.54,Emiliano Martínez,GK,,34,"6'4""",Reasonable,Very Strong,7.13,1,1080,0,0,0,0,0,0,0,0%,0,0,0,0,0%,0,0,0,0,0,0,0,95%,31.1,0,0,0.5,0,0,0,0,0,0,0,0,0,1.7,8.8,0.1,0.3,0,33,3,0,0,1.8,0,0,0,0,6.8,0,Recurring hamstring strain,Very High,0,0,0,4,0.31,0,78,18,34,8,19,3,33,1.4,1.6
Serie BKT,Modena F.C.,0.5,Leandro Chichizola,GK,,36,"6'1""",Very Weak,Very Strong,6.85,0,1260,0,0,0,0,0,0,0,0%,0,0,0,0,0%,0,0,0,0,0,0,0,61%,20,0,0,0,0,0,0,0,0,0,0,9,0,0,0,0,0,0,0,0,0,0,0,0,0,0,0,0,0,No recurring injuries,Very Low,0,0,0,4,0,0,0,0,0,0,19,0,0,0,0
Ligue 1 McDonald's,Olympique de Marseille,0.54,Nayef Aguerd,D (C),,30,"6'2""",Very Strong,Weak,6.91,0,1440,0,0,0,0.63,0.63,-0.63,0,0%,0.07875,0.5,0.1,0.1,25%,0,0,0,1,0.1,0.52,0,93%,59.1,0.1,0.2,2.9,0.1,0,0,0.1,0,0,0.1,3,0,3.4,12.7,0.6,3.6,2.2,82,11,1,0.6,1.3,0.6,7,0,0,9.8,5.2,No recurring injuries,Below Average,5.6,69,1,0,0,0,0,0,0,0,0,0,0,0.9,1.4
Ligue 1 McDonald's,FC Lorient,0.42,Montassar Talbi,D (C),,28,"6'3""",Weak,Very Strong,6.76,1,1260,0,0,0,0.96,0.96,-0.96,0.1,0%,0.1371428571,0.5,0.1,0.1,14%,0,0,0,0,0,0.48,0,93%,43.1,0,0.1,2.1,0,0,0,0,0,0,0.1,4,0,3.6,13.6,0.4,2.4,2.9,60,10,2,0.8,1.4,0.7,9,2,0,10,4.2,No recurring injuries,Below Average,5.3,72,0.6,0,0,0,0,0,0,0,0,0,0,0.8,1.4
Premier League,VIZ,0.39,Momo Mbaye,D (C),,28,"6'4""",Very Weak,Very Weak,6.63,0,1047,0,0,0,0.07,0.07,-0.07,0,0%,0.0175,0.3,0.1,0.3,25%,0,0,0,1,0.1,0.52,0,89%,42.1,0.1,0.1,2,0,0,0,0,0,0,0,1,0,4.6,10.1,0.5,2.8,3,86,7,0,0.3,1.1,0.7,8,1,0,10.3,3.3,No recurring injuries,High,4.8,73,1.3,0,0,0,0,0,0,0,0,0,0,0.9,1.9
Second Division,Coruña,0.5,Mohammed Bouldini,ST (C),,31,"6'2""",Reasonable,Very Strong,6.76,0,1013,0,0,0,3.05,3.05,-3.05,0.3,0%,0.08714285714,3.1,0.9,1.1,29%,0,0,0,1,0.1,1.37,0.1,86%,27.5,0.4,1.3,0.9,0.4,0.2,50,0.4,0.2,50,0.8,23,5,26.2,1.9,0.3,0.7,2,100,3,0,0.1,0.2,0,7,0,0,11,9,Recurring partially torn ankle ligaments,Very High,7.8,23,0.1,0,0,0,0,0,0,0,0,0,0,0.6,1.2
Sky Bet Championship,Sunderland,0.53,Reinildo,D (L),WB (L),32,"5'11""",Very Strong,Weak,6.84,0,1583,0,0,0,0.11,0.11,-0.11,0,0%,0.055,0.1,0,0,0%,0,0,0,1,0.1,2.98,0.2,94%,54.6,0.3,0.3,3.2,0.9,0.2,25,0.9,0.2,25,0.3,8,3,4.5,14.9,0.5,2.1,3.8,57,14,1,0.4,0.6,0.8,17,4,0,10.1,6.4,No recurring injuries,Above Average,4.6,56,0.9,0,0,0,0,0,0,0,0,0,0,0.7,0.6
Sky Bet Championship,Preston,0.50,Sékou Koné,DM,,20,"5'11""",Reasonable,Very Strong,6.67,0,1181,0,0,0,0.18,0.18,-0.18,0,0%,0.03,0.5,0.1,0.2,17%,0,0,0,0,0,0.21,0,90%,50.6,0.2,0.6,4.2,0,0,0,0,0,0,0.2,4,0,5.6,12.9,1.5,2.7,6.6,91,22,4,0.8,0.9,0.1,16,2,0,11.7,12.6,No recurring injuries,High,1.8,29,0.1,0,0,0,0,0,0,0,0,0,0,1.1,1.4
Ligue 1 McDonald's,Olympique de Marseille,0.54,Gerónimo Rulli,GK,,34,"6'2""",Weak,Very Strong,6.71,1,1620,0,0,0,0,0,0,0,0%,0,0,0,0,0%,0,0,0,0,0,0,0,89%,26.1,0,0,0.1,0,0,0,0,0,0,0,0,0,4.4,5.3,0,0.3,0,0,1,0,0,1.3,0,0,0,0,5.8,0,No recurring injuries,Below Average,0,0,0,6,-3.12,0,69,17,28,6,22,1,0,0.9,1.2
Ligue 1 McDonald's,Strasbourg,0.45,Abakar Sylla,D (C),,23,"6'2""",Very Strong,Reasonable,6.78,0,1017,0,0,0,0.22,0.22,-0.22,0,0%,0.055,0.4,0.2,0.1,50%,0,0,0,0,0,0.34,0,86%,42.6,0.2,0.6,2.6,0.3,0,0,0.3,0,0,0,2,0,4.8,12.2,0.7,2.1,3.5,62,13,1,1,1.1,0.8,6,2,1,10.2,6.1,No recurring injuries,Below Average,6.1,74,1.4,0,0,0,0,0,0,0,0,0,0,1.2,1.1
Premier League,Arouca,0.51,Amadou Danté,D (L),WB/M (L),26,"5'10""",Very Strong,Weak,6.7,0,1221,0,0,0,0.58,0.58,-0.58,0,0%,0.145,0.3,0,0.1,0%,0,0,0,0,0,0.87,0.1,86%,55.5,0.4,0.7,6.4,1.6,0.2,13,1.6,0.2,14,1,12,1,15.6,11.9,2,2.9,7.5,82,33,0,0.6,1.2,0.4,9,1,0,11.8,15.2,No recurring injuries,Below Average,2.8,53,0.3,0,0,0,0,0,0,0,0,0,0,1.4,0.8
Jupiler Pro League,Charleroi,0.53,Parfait Guiagon,AM (L),ST (C),25,"5'7""",Fairly Strong,Very Strong,6.99,1,1227,0,0,0,1.26,1.26,-1.26,0.1,0%,0.126,0.7,0.4,0.4,50%,0,0,0,1,0.1,1.9,0.1,88%,43.6,0.2,1.3,3.2,2.2,0.3,13,2.2,0.3,13,4,12,1,17.7,5.4,1.4,2.2,8.7,79,24,0,0.3,0.8,0,16,1,0,11.5,13.8,No recurring injuries,Average,3.1,26,0,0,0,0,0,0,0,0,0,0,0,1.3,1.1
Premier League,Gil Vicente,0.48,Ali Abdi,D (L),M (L),32,"6'0""",Very Weak,Very Weak,6.83,0,1033,0,0,0,0,0,0,0,0%,0,0,0,0,0%,0,0,0,1,0.1,0.42,0,85%,49.3,0.2,1.6,5.9,5.8,1.6,26,5.8,1.6,27,1.8,12,3,18,10.7,3.4,3.2,8.3,85,46,0,0.2,0.9,0.2,38,3,0,12.3,21.3,No recurring injuries,Below Average,2.7,71,0.4,0,0,0,0,0,0,0,0,0,0,0.9,1
Serie A,Parthenope,0.5,Amir Rrahmani,D (C),,32,"6'4""",Reasonable,Very Strong,7.02,1,1668,0,0,0,0.39,0.39,-0.39,0,0%,0.039,0.5,0.1,0.2,10%,1,0,0,0,0,0.53,0,92%,54.6,0.1,0.2,2.5,0,0,0,0,0,0,0,5,0,2.5,16,0.3,3.2,2.2,86,7,3,0.6,0.8,0.5,11,5,0,9.6,3.9,No recurring injuries,Very Low,6.6,75,1,0,0,0,0,0,0,0,0,0,0,1.3,1
Ligue 2 BKT,SC Bastia,0.51,Johny Placide,GK,,38,"5'11""",Weak,Very Strong,6.53,0,1260,0,0,0,0,0,0,0,0%,0,0,0,0,0%,0,0,0,0,0,0,0,61%,25.8,0,0,0,0,0,0,0,0,0,0,5,0,8.2,3.6,0,0,0,0,0,0,0,4.6,0,0,0,0,5.8,0,No recurring injuries,Average,0,0,0,4,-0.32,0,66,11,20,9,20,0,0,0.9,1.4
Premier League,Rio Ave,0.53,Jakub Brabec,D (C),,34,"6'1""",Very Weak,Very Weak,6.69,0,1036,0,0,0,0.22,0.22,-0.22,0,0%,0.055,0.3,0.2,0.2,50%,0,0,0,0,0,0.22,0,91%,42.4,0.1,0.2,2,0,0,0,0,0,0,0,2,0,2.3,14.7,0.5,3.6,3.2,100,6,2,0.6,1.2,0.6,2,0,0,9.6,3.8,No recurring injuries,Low,4.8,60,0.8,0,0,0,0,0,0,0,0,0,0,1.5,1.5
Sky Bet Championship,Sheffield United,0.52,Ben Mee,D (C),,37,"6'0""",Very Strong,Weak,6.76,0,1424,0,0,0,0.44,0.44,-0.44,0,0%,0.1466666667,0.2,0,0.1,0%,0,0,0,1,0.1,1.79,0.1,92%,39.3,0.4,0.1,1.4,0.1,0,0,0.1,0,0,0,0,0,3.3,15.6,1,2.1,2.3,80,20,6,0.4,1.2,1,7,2,0,9.8,4.2,Recurring moderate knee ligament sprain,Very High,5.8,64,1.4,0,0,0,0,0,0,0,0,0,0,1.4,1.3
Sky Bet Championship,Sheffield United,0.52,Harrison Burrows,D/WB (L),AM (L),24,"5'11""",Very Strong,Reasonable,6.94,1,1314,0,0,0,0.39,0.39,-0.39,0,0%,0.078,0.3,0.1,0.2,20%,0,0,0,2,0.1,2.2,0.2,87%,61,0.3,0.9,8.8,5.1,0.2,4,1.4,0.1,5,0.7,17,3,11.6,14.1,2.3,3.2,7.7,71,48,1,0.3,0.6,0.8,14,1,0,11,15.9,No recurring injuries,Below Average,3.5,53,0.3,0,0,0,0,0,0,0,0,0,0,1.5,1.4
Second Division,Almería,0.5,Dion Lopy,DM,,24,"6'1""",Fairly Strong,Very Strong,6.86,0,1367,0,0,0,1,1,-1,0.1,0%,0.09090909091,0.7,0.1,0.2,9%,0,0,0,2,0.1,2.21,0.1,89%,52,0.1,1,6,0.1,0,0,0.1,0,0,0.2,11,0,5.6,13.2,0.5,2.5,5.9,89,9,0,1,1.3,0.4,3,0,0,11.5,12.3,No recurring injuries,Above Average,2.9,45,0.1,0,0,0,0,0,0,0,0,0,0,1.1,1.1
Jupiler Pro League,Westerlo,0.47,Thomas Van Den Keybus,M (C),,25,"5'11""",Very Strong,Reasonable,6.78,0,1452,0,0,0,0.44,0.44,-0.44,0,0%,0.06285714286,0.4,0.1,0.2,29%,0,0,0,4,0.2,3.1,0.2,91%,53.9,0.4,1.4,6.8,5.6,0.7,13,0.3,0.1,20,0.1,8,2,6.8,13.2,1.1,2.6,5.9,77,22,0,0.3,0.8,0.1,11,2,0,11.6,10.7,No recurring injuries,Average,1.5,63,0.1,0,0,0,0,0,0,0,0,0,0,0.9,1.3
First Division,Vallecano,0.53,Augusto Batalla,GK,,30,"6'1""",Reasonable,Very Strong,6.85,0,1350,0,0,0,0,0,0,0,0%,0,0,0,0,0%,0,0,0,0,0,0,0,83%,25,0,0,0.1,0,0,0,0,0,0,0,3,0,6.7,3.7,0.1,0,0,33,3,0,0,1.8,0,1,1,0,7,0,No recurring injuries,Average,0,0,0,4,5.29,0,81,18,35,9,15,3,33,1.3,1
Jupiler Pro League,RAAL La Louvière,0.5,Marcos Peano,GK,,28,"6'2""",Reasonable,Very Strong,6.68,2,1440,0,0,0,0,0,0,0,0%,0,0,0,0,0%,0,0,0,0,0,0,0,79%,25.2,0,0,0,0,0,0,0,0,0,0,4,0,7.7,3.1,0,0,0,0,3,0,0,3.6,0,0,0,0,5.3,0,No recurring injuries,Below Average,0,0,0,2,-1.42,0,73,9,37,16,22,3,0,0.6,1.4
Ligue 1 McDonald's,RC Lens,0.48,Amadou Haïdara,DM,,28,"5'10""",Reasonable,Very Strong,6.84,0,1349,0,0,0,0.88,0.88,-0.88,0.1,0%,0.06769230769,0.9,0.2,0.5,23%,0,0,0,1,0.1,2.93,0.2,92%,57.1,0.5,1.2,6.5,0.7,0.4,60,0.2,0.1,67,0.1,8,0,7.5,11.4,1,2.7,9.1,44,34,0,0.5,0.8,0.4,14,2,0,12.2,15.2,No recurring injuries,Above Average,1.8,56,0,0,0,0,0,0,0,0,0,0,0,1.1,0.7
Jupiler Pro League,KRC Genk,0.54,Tobias Lawal,GK,,26,"6'4""",Reasonable,Very Strong,6.96,1,1080,0,0,0,0,0,0,0,0%,0,0,0,0,0%,0,0,0,0,0,0,0,70%,24.7,0,0,0,0,0,0,0,0,0,0,7,0,6.9,3.2,0,0,0,0,1,0,0,2.6,0,0,0,0,5.1,0,No recurring injuries,Average,0,0,0,6,6.07,0,81,8,22,5,8,1,0,1.5,0.7
Bundesliga,FC Bayern München,0.5,Dayot Upamecano,D (C),,28,"6'1""",Reasonable,Very Strong,7.22,0,1329,0,0,0,0.45,0.45,-0.45,0,0%,0.1125,0.3,0.1,0,50%,0,0,0,1,0.1,0.83,0.1,92%,57.9,0.1,0.2,2.9,0,0,0,0,0,0,0.1,5,0,2.9,19.6,0.8,3.1,2.6,100,12,1,0.4,0.5,0.8,14,4,0,10.4,4.3,Recurring tight hamstring,Very High,6.2,77,1.6,0,0,0,0,0,0,0,0,0,0,1.8,0.7
Bundesliga 2,SV Elversberg,0.52,Nicolas Kristof,GK,,26,"6'1""",Reasonable,Very Strong,6.67,1,1234,0,0,0,0,0,0,0,0%,0,0,0,0,0%,0,0,0,0,0,0,0,79%,22.8,0,0,0,0,0,0,0,0,0,0,2,0,7.5,4.6,0,0,0,0,0,0,0,2.8,0,1,1,0,5.4,0,No recurring injuries,Below Average,0,0,0,4,0.71,1,68,9,22,6,17,0,0,1.1,1.2
Eredivisie,Willem II,0.38,Raffael Behounek,D (C),,29,"6'2""",Weak,Very Strong,6.8,1,1260,0,0,0,0.97,0.97,-0.97,0.1,0%,0.1385714286,0.5,0.1,0.1,29%,0,0,0,0,0,1.05,0.1,91%,43.1,0.2,0.1,1.3,0,0,0,0,0,0,0,2,0,3,14.8,0.4,2.6,2.1,83,6,0,0.9,1,1.1,5,2,0,9.7,3.7,No recurring injuries,Low,5.4,71,1.4,0,0,0,0,0,0,0,0,0,0,0.8,1.1
Premier League,Estoril Praia,0.46,Felix Bacher,D (C),,26,"6'3""",Very Weak,Very Weak,6.7,0,1209,0,0,0,0.19,0.19,-0.19,0,0%,0.06333333333,0.2,0.1,0.1,67%,0,0,0,0,0,0.5,0,88%,43.3,0.2,0,1.6,0,0,0,0,0,0,0,3,0,2.9,11.5,0.5,2.5,2.9,47,15,0,0.1,0.8,1.7,7,2,0,10,3.1,No recurring injuries,Below Average,5.1,75,1.7,0,0,0,0,0,0,0,0,0,0,1,1.9
Sky Bet Championship,Portsmouth,0.49,Nicolas Schmid,GK,,29,"6'5""",Strong,Very Strong,6.78,3,1800,0,0,0,0,0,0,0,0%,0,0,0,0,0%,0,0,0,0,0,0,0,81%,24.2,0,0,0,0,0,0,0,0,0,0,6,0,6.1,3.5,0,0,0,0,2,0,0,3.2,0,0,0,0,5,0,No recurring injuries,Below Average,0,0,0,7,9.08,1,78,24,45,12,22,2,0,0.9,1.1
Sky Bet Championship,Leeds,0.62,Maximilian Wöber,D (C),,28,"6'2""",Very Strong,Weak,6.8,0,1048,0,0,0,0.06,0.06,-0.06,0,0%,0.06,0.1,0,0,0%,0,0,0,0,0,0.61,0.1,93%,57.9,0,0.9,5.5,1.7,0.1,5,1.5,0.1,6,0.3,5,0,9.3,13.1,1.6,2.7,5.4,79,24,0,0.5,0.7,0.7,15,2,0,11.5,11.9,No recurring injuries,High,4.4,53,0.9,0,0,0,0,0,0,0,0,0,0,0.9,0.9
Bundesliga,Bayer 04 Leverkusen,0.60,Exequiel Palacios,M (C),,28,"5'9""",Reasonable,Very Strong,7.04,0,1239,0,0,0,0.27,0.27,-0.27,0,0%,0.045,0.4,0.1,0.3,33%,0,0,0,4,0.3,2.61,0.2,93%,71.8,0.2,1.1,7.7,0.1,0.1,100,0.1,0.1,100,0.5,13,1,5.1,12.9,1.1,2.3,7,65,23,0,0.1,0.4,0.1,20,6,0,12.6,15,No recurring injuries,High,1.5,30,0.1,0,0,0,0,0,0,0,0,0,0,1.8,0.8
Bundesliga,VfB Stuttgart,0.57,Xaver Schlager,DM,,29,"5'9""",Very Strong,Fairly Strong,7.14,3,1371,0,0,0,0.76,0.76,-0.76,0,0%,0.095,0.5,0.2,0.4,38%,0,0,0,4,0.3,2.59,0.2,93%,68.3,0.3,1.3,8.5,1.9,0.4,20,0.2,0.1,33,0.4,7,0,6,15.1,1.6,3.2,7.3,76,33,1,0.6,0.5,0.3,12,2,0,11.3,12.9,No recurring injuries,High,1.4,55,0.1,0,0,0,0,0,0,0,0,0,0,2,1.1
Jupiler Pro League,KV Mechelen,0.51,Ryan Teague,M (C),AM (C),24,"6'0""",Very Strong,Reasonable,6.92,2,1792,0,0,0,0.92,0.92,-0.92,0,0%,0.1314285714,0.4,0.1,0.1,29%,0,0,0,2,0.1,3.38,0.2,90%,51.2,0.4,1.2,6.3,0.7,0.2,23,0.3,0.2,50,0.2,12,1,6,13.1,1.3,2.7,6.3,84,31,2,0.5,0.9,0.2,9,1,0,11.1,10.6,No recurring injuries,Below Average,1.5,53,0.4,0,0,0,0,0,0,0,0,0,0,1.4,1.5
Sky Bet Championship,Cardiff,0.49,Joe Gauci,GK,,26,"6'4""",Reasonable,Very Strong,6.89,0,1651,0,0,0,0,0,0,0,0%,0,0,0,0,0%,0,0,0,0,0,0,0,77%,23.7,0,0,0,0,0,0,0,0,0,0,7,0,6.7,4.6,0,0,0,0,0,0,0,3.1,0,1,1,0,5.6,0,No recurring injuries,Low,0,0,0,5,6.19,0,74,14,35,8,20,0,0,1.5,1.1
First Division,Levante,0.39,Mathew Ryan,GK,,34,"6'0""",Weak,Very Strong,6.62,2,1097,0,0,0,0,0,0,0,0%,0,0,0,0,0%,0,0,0,0,0,0,0,77%,22.6,0,0,0,0,0,0,0,0,0,0,4,0,8,3.5,0,0.1,0,0,1,0,0,2.9,0,0,0,0,4.6,0,No recurring injuries,Below Average,0,0,0,4,6.83,3,78,14,38,14,18,1,0,0.5,1.5
Bundesliga,Bayer 04 Leverkusen,0.60,Equi Fernández,DM,,24,"5'10""",Very Strong,Fairly Strong,7.11,1,1207,0,0,0,0.27,0.27,-0.27,0,0%,0.045,0.4,0.1,0.4,17%,0,0,0,4,0.3,3.79,0.3,93%,69.7,0.5,1.2,7.2,0.1,0.1,100,0.1,0.1,100,0.1,7,2,4.8,12.8,1.3,2.3,6.3,71,24,0,0.1,0.4,0.1,20,4,1,12.5,12.5,No recurring injuries,Average,2.4,72,0.1,0,0,0,0,0,0,0,0,0,0,1.6,0.8
Premier League,Gil Vicente,0.48,Facundo Cáseres,DM,,25,"5'10""",Very Weak,Very Weak,6.92,1,1127,0,0,0,0.35,0.35,-0.35,0,0%,0.175,0.2,0,0,0%,0,0,0,1,0.1,1.16,0.1,90%,51.6,0.3,0.7,4.2,0.1,0.1,100,0.1,0.1,100,0.1,7,1,9.4,12.3,1.1,2.8,6.5,67,21,1,0.6,0.7,0.2,8,1,0,12.2,12.3,No recurring injuries,Below Average,1.6,15,0,0,0,0,0,0,0,0,0,0,0,0.7,1
Ligue 1 McDonald's,Olympique de Marseille,0.54,Leonardo Balerdi,D (C),,27,"6'2""",Fairly Strong,Very Strong,6.92,2,1538,0,0,0,0.61,0.61,-0.61,0,0%,0.1016666667,0.4,0.1,0,33%,0,0,0,1,0.1,0.7,0,95%,56.7,0.2,0.3,2.8,0,0,0,0,0,0,0.1,1,0,3.9,10.3,0.6,2.6,3.2,85,13,2,1.2,1,0.8,7,1,0,10.1,4.3,No recurring injuries,Below Average,5,71,1.2,0,0,0,0,0,0,0,0,0,0,0.9,1.2
Second Division,Alavés,0.5,Facundo Garcés,D (C),,27,"6'3""",Weak,Very Strong,6.94,0,1350,0,0,0,1,1,-1,0.1,0%,0.1111111111,0.6,0,0.2,0%,0,0,0,0,0,0.63,0,89%,42,0.1,0.1,2.3,0,0,0,0,0,0,0,5,0,4.1,14.1,0.6,2.3,3.2,64,14,1,0.9,1.3,0.6,9,2,0,10,4.3,No recurring injuries,Below Average,4.8,79,1.2,0,0,0,0,0,0,0,0,0,0,0.9,1.2
Premier League,Man Utd,0.51,Lisandro Martínez,D (C),D (L),28,"5'9""",Very Strong,Reasonable,6.71,0,1091,0,0,0,0.44,0.44,-0.44,0,0%,0.11,0.3,0.2,0.2,75%,0,0,0,0,0,0.48,0,94%,53.3,0.2,0.4,6.4,0.1,0,0,0.1,0,0,0.2,3,0,4.4,9.8,0.9,3.6,3.4,79,14,0,0.7,1.4,0.7,8,1,1,11,12,No recurring injuries,Below Average,4.6,57,0.3,0,0,0,0,0,0,0,0,0,0,3.1,3
Premier League,BRG,0.57,Florian Grillitsch,DM,D/M (C),31,"6'2""",Reasonable,Very Strong,6.93,0,1532,0,0,0,0.15,0.15,-0.15,0,0%,0.0375,0.2,0.1,0,25%,0,0,0,0,0,1.65,0.1,93%,59.7,0.2,1.2,7.6,0,0,0,0,0,0,0.2,6,0,6.8,15.6,1.2,2.3,5.1,61,33,1,0.6,0.8,0.1,7,0,0,11.5,11.3,No recurring injuries,High,1.9,56,0.2,0,0,0,0,0,0,0,0,0,0,1.2,0.8
Sky Bet Championship,Wrexham,0.46,Arthur Okonkwo,GK,,25,"6'6""",Reasonable,Very Strong,7.02,3,1114,0,0,0,0,0,0,0,0%,0,0,0,0,0%,0,0,0,0,0,0,0,76%,25.2,0,0,0,0,0,0,0,0,0,0,2,0,8.2,2.2,0,0,0,0,1,0,0,4.5,0,0,0,0,5.2,0,No recurring injuries,High,0,0,0,5,4.54,1,78,8,29,2,11,1,0,1.1,0.9
Jupiler Pro League,Standard,0.50,Alexandro Calut,D (L),"D (RC), WB (R), M (L)",23,"5'11""",Very Strong,Reasonable,6.89,1,1355,0,0,0,0,0,0,0,0%,0,0,0,0,0%,0,0,0,1,0.1,1.8,0.1,83%,47.9,0.1,1.3,5.3,7,1.3,19,7,1.3,19,1.7,8,1,16.8,8.2,2,3.1,10.8,79,38,1,0.7,1.5,0.4,26,4,0,12.2,21.8,No recurring injuries,Below Average,2.9,70,0.3,0,0,0,0,0,0,0,0,0,0,0.9,0.9
Jupiler Pro League,KV Mechelen,0.51,Mory Konaté,DM,D (C),33,"6'3""",Weak,Very Strong,6.83,0,1282,0,0,0,1.92,1.92,-1.92,0.1,0%,0.1371428571,1,0.3,0.2,29%,2,0,0,3,0.2,0.59,0,90%,53.6,0.1,1.1,4.1,0.1,0.1,50,0.1,0.1,50,0,6,0,7,13.3,1.5,2.3,6.9,81,27,1,0.4,1.1,0.3,20,4,0,11.6,11.4,No recurring injuries,Below Average,3.5,76,0.3,0,0,0,0,0,0,0,0,0,0,1,1.3
Sky Bet Championship,Leicester,0.47,Harry Winks,DM,M (C),30,"5'10""",Reasonable,Very Strong,6.48,0,1054,0,0,0,0.97,0.97,-0.97,0.1,0%,0.08083333333,1,0.2,0.3,17%,0,0,0,2,0.2,1.56,0.1,85%,10.1,0.3,0.3,1.2,4.4,0.8,17,0,0,0,0.1,4,0,12.4,10.2,0.3,0.3,1.2,80,5,0,0,0.1,0,4,0,0,2.1,2,No recurring injuries,Above Average,0.5,50,0,0,0,0,0,0,0,0,0,0,0,0.8,1.5
Sky Bet Championship,Swansea,0.48,Lawrence Vigouroux,GK,,33,"6'3""",Very Strong,Very Weak,6.8,3,1928,0,0,0,0,0,0,0,0%,0,0,0,0,0%,0,0,0,0,0,0,0,82%,24.5,0,0,0.1,0,0,0,0,0,0,0,7,0,9.4,4.3,0.1,0,0,50,4,0,0,3.3,0,1,1,0,5.5,0,No recurring injuries,Average,0,0,0,8,3.3,0,73,9,32,16,23,4,50,1.4,1.1
Sky Bet Championship,Hull,0.39,Paddy McNair,D (C),M (C),31,"6'2""",Reasonable,Very Strong,6.74,0,1230,0,0,0,1.81,1.81,-1.81,0.1,0%,0.1508333333,0.9,0.2,0.3,25%,0,0,0,3,0.2,1.24,0.1,90%,47.3,0.1,0.4,2.9,1.8,0.2,12,0.1,0.1,50,0,3,0,5.7,10.9,0.5,3.1,4.4,70,10,1,0.8,1.3,0.8,6,3,1,11.3,6.7,No recurring injuries,Average,4.2,70,1,0,0,0,0,0,0,0,0,0,0,1.1,1.8
First Division,Real Hispalis,0.53,Héctor Bellerín,WB (R),,31,"5'10""",Reasonable,Very Strong,6.77,0,1297,0,0,0,0.92,0.92,-0.92,0.1,0%,0.1022222222,0.6,0.3,0.2,44%,1,0,0,0,0,0.37,0,93%,61.3,0,0.8,8.3,0.8,0.2,25,0.8,0.2,25,1.2,8,2,12.4,12.8,0.9,3.3,6.4,59,22,0,0.6,1,0.6,16,1,1,11.7,15.1,No recurring injuries,High,3.2,65,0.1,0,0,0,0,0,0,0,0,0,0,1.7,0.8
Sky Bet Championship,Stoke,0.44,Lewis Baker,"DM, M (C)",,31,"6'0""",Fairly Strong,Very Strong,6.8,1,1156,0,0,0,0.38,0.38,-0.38,0,0%,0.076,0.4,0.1,0.1,20%,0,0,0,2,0.2,1.67,0.1,92%,41.7,0.2,1.2,5.3,0.5,0.1,14,0.2,0.1,50,0,11,0,11.2,9.3,1.2,2.3,4.5,94,17,3,0.5,0.8,0.1,3,2,0,9.4,8.8,No recurring injuries,Very Low,1.1,57,0.1,0,0,0,0,0,0,0,0,0,0,0.9,1.2
Sky Bet Championship,Lincoln,0.33,Massimo Luongo,M (C),DM,34,"5'9""",Fairly Strong,Very Strong,6.37,0,1181,0,0,0,0.27,0.27,-0.27,0,0%,0.054,0.4,0.2,0.2,60%,0,0,0,2,0.2,1.96,0.1,0%,0,0.5,0.2,0,0,0,0,0,0,0,0,5,0,16.1,9.8,0,0,0,0,0,0,0,0,0,2,2,1,0,0,No recurring injuries,High,0,0,0,0,0,0,0,0,0,0,0,0,0,0.8,1.3
Sky Bet Championship,Portsmouth,0.49,John Swift,"DM, AM (C)",M (C),31,"6'0""",Fairly Strong,Very Strong,6.73,0,1138,0,0,0,0.94,0.94,-0.94,0.1,0%,0.094,0.8,0.6,0.2,80%,0,0,0,0,0,2.31,0.2,87%,41,0.2,1.3,2.3,9.2,1.8,19,0.9,0,0,1.2,13,4,17.4,10.4,0.6,2,4.5,88,8,0,0.4,0.4,0,5,0,0,11.5,9.2,No recurring injuries,Above Average,2.1,30,0.1,0,0,0,0,0,0,0,0,0,0,1,1.1
Premier League,Everton,0.37,Jordan Pickford,GK,,32,"6'2""",Very Strong,Reasonable,6.76,1,1260,0,0,0,0,0,0,0,0%,0,0,0,0,0%,0,0,0,0,0,0,0,70%,25.9,0,0,2.2,0,0,0,0,0,0,0,0,0,11.2,9,0,0.4,0,0,1,0,0,4.9,0,0,0,0,6.6,0.1,No recurring injuries,Below Average,0,0,0,3,-2.43,2,73,24,26,6,21,1,0,2.1,1.5
Sky Bet Championship,Middlesbrough,0.50,Ben Davies,D (L),WB (L),33,"6'0""",Very Strong,Weak,6.93,0,1748,0,0,0,0.24,0.24,-0.24,0,0%,0.24,0.1,0,0,0%,0,0,0,2,0.1,1.05,0.1,93%,56.6,0.2,0.4,4.4,0.4,0.1,28,0.4,0.1,29,0.3,11,1,6.2,16.3,0.7,2.7,3.7,76,17,2,0.5,0.8,0.9,13,4,0,10.7,8.3,No recurring injuries,Above Average,3,80,0.2,0,0,0,0,0,0,0,0,0,0,0.9,1.2
Serie BKT,Südtirol,0.5,Frédéric Veseli,D (RC),,34,"6'0""",Reasonable,Very Strong,6.84,1,1260,0,0,0,1.67,1.67,-1.67,0.1,0%,0.1855555556,0.6,0.1,0,11%,0,0,0,1,0.1,0.01,0,72%,20,0,0,0,0,0,0,0,0,0,0,14,0,0,0,1.6,0,0,100,23,0,0,0,0,24,0,0,0,0,No recurring injuries,Very Low,0,0,0,0,0,0,0,0,0,0,0,0,0,0,0
Bundesliga 2,FC Schalke 04,0.48,Loris Karius,GK,,33,"6'3""",Weak,Very Strong,7.01,2,1350,0,0,0,0,0,0,0,0%,0,0,0,0,0%,0,0,0,0,0,0,0,78%,23.6,0,0,0,0,0,0,0,0,0,0,2,0,9.5,3.2,0,0,0,0,1,0,0,2.5,0,0,0,0,5.5,0,No recurring injuries,Above Average,0,0,0,7,6.37,0,76,6,20,6,10,1,0,0.9,0.7
Sky Bet Championship,Stoke,0.44,Ben Gibson,D (C),,33,"6'1""",Very Strong,Weak,6.71,0,1686,0,0,0,0.17,0.17,-0.17,0,0%,0.05666666667,0.2,0,0.1,0%,0,0,0,0,0,1.28,0.1,88%,41,0.3,0.3,1.5,0.1,0,0,0.1,0,0,0,0,0,4.1,14,0.4,2.9,2.1,64,11,3,1,1.7,1.3,1,0,1,9.6,4,No recurring injuries,Below Average,5.6,73,0.5,0,0,0,0,0,0,0,0,0,0,0.8,1.5
Premier League,Wolves,0.42,Sam Johnstone,GK,,33,"6'4""",Reasonable,Very Strong,7.02,2,1170,0,0,0,0,0,0,0,0%,0,0,0,0,0%,0,0,0,0,0,0,0,60%,25.8,0,0,1.5,0,0,0,0,0,0,0,0,0,12.8,7.8,0.1,0.5,0,50,2,0,0,3.9,0,0,0,0,4.2,0,Recurring tight hamstring,Very High,0,0,0,3,1.47,0,82,31,28,6,18,2,50,0.8,1.4
Second Division,Leganés,0.5,Ignasi Miquel,D (C),D (L),34,"6'2""",Very Strong,Weak,6.87,0,1309,0,0,0,0.26,0.26,-0.26,0,0%,0.08666666667,0.2,0,0.1,0%,0,0,0,0,0,0.44,0,96%,39.8,0,0.2,1.8,0.1,0,0,0.1,0,0,0.1,2,0,3.5,14.4,0.8,2.4,2.1,75,16,2,0.4,1.3,1.4,12,5,0,9.7,3.9,No recurring injuries,Average,5.6,54,1.4,0,0,0,0,0,0,0,0,0,0,1,0.9
Premier League,Brentford,0.38,Jordan Henderson,M (C),,36,"6'0""",Weak,Very Strong,6.92,0,1584,0,0,0,0.74,0.74,-0.74,0,0%,0.037,1.1,0.5,0.9,45%,0,0,0,3,0.2,1.92,0.1,92%,54.6,0.2,0.5,6.7,3.7,0.8,21,0.1,0.1,50,0.1,3,0,6.9,9,1.2,2.7,4.9,73,30,3,1,1.4,0.6,5,1,0,12.4,14.7,No recurring injuries,High,2.5,45,0.2,0,0,0,0,0,0,0,0,0,0,1.8,1.8
Eredivisie,Go Ahead Eagles,0.51,Jakob Breum,AM (L),"M (RL), AM (R)",23,"5'10""",Fairly Strong,Very Strong,6.95,0,1480,0,0,0,2.75,2.75,-2.75,0.2,0%,0.1447368421,1.2,0.4,0.2,37%,1,0,0,2,0.1,2.14,0.1,87%,54.9,0.4,2.1,4.7,4,1,24,3,0.8,27,2.4,20,6,18.2,6.7,1.9,2.3,9.5,76,41,1,0.2,0.3,0,15,0,0,11.7,17.1,No recurring injuries,Low,2.2,19,0,0,0,0,0,0,0,0,0,0,0,0.7,0.9
Sky Bet Championship,Leicester,0.47,Victor Kristiansen,D (L),D (C),23,"5'11""",Very Strong,Reasonable,6.94,1,1350,0,0,0,0.79,0.79,-0.79,0.1,0%,0.1316666667,0.4,0,0.1,0%,0,0,0,1,0.1,1.53,0.1,86%,55.6,0.4,1.1,7,6.6,0.6,9,2.9,0.1,5,1.4,12,1,15.3,12.7,2,3.8,6.4,83,36,2,0.7,1.4,1,12,1,0,11.6,17,No recurring injuries,Average,2.9,39,0.3,0,0,0,0,0,0,0,0,0,0,1.3,1.4
Sky Bet Championship,Stoke,0.44,Daniel Barlaser,DM,,29,"6'0""",Reasonable,Very Strong,6.78,0,1095,0,0,0,0.75,0.75,-0.75,0.1,0%,0.125,0.5,0,0.2,0%,0,0,0,1,0.1,3.21,0.3,91%,50.4,0.5,1.1,5.3,0.1,0,0,0.1,0,0,0.4,5,1,7.3,9.9,1.2,1.5,5.7,88,17,0,0.4,0.7,0,13,1,0,12,10.9,No recurring injuries,Below Average,1.8,36,0,0,0,0,0,0,0,0,0,0,0,0.8,1.6
Ligue 1 McDonald's,OL,0.56,Ainsley Maitland-Niles,WB (R),"D/WB (L), DM, M (RC), AM (R)",29,"5'11""",Reasonable,Very Strong,6.91,2,1043,0,0,0,0.48,0.48,-0.48,0,0%,0.06857142857,0.6,0,0.1,0%,0,0,0,1,0.1,1.26,0.1,93%,60.6,0.1,1,5.4,0.3,0,0,0.2,0,0,0.3,9,1,6.2,11.4,1.6,1.8,5.3,86,22,2,0.3,0.9,0,6,0,0,11.4,11.6,No recurring injuries,Average,0.9,50,0,0,0,0,0,0,0,0,0,0,0,1.2,1
Sky Bet Championship,QPR,0.52,Jake Clarke-Salter,D (C),,29,"6'2""",Very Strong,Fairly Strong,6.68,0,1773,0,0,0,0.93,0.93,-0.93,0,0%,0.11625,0.4,0.1,0.2,25%,0,0,0,1,0.1,0.46,0,93%,41.3,0,0.1,2.1,0.1,0,0,0.1,0,0,0,2,0,3.1,14.6,0.7,2.9,3.4,68,19,2,0.4,1,0.8,14,4,0,9.9,3,No recurring injuries,High,6,58,1.4,0,0,0,0,0,0,0,0,0,0,1.2,1.6
Sky Bet Championship,Wrexham,0.46,George Dobson,DM,,29,"6'1""",Weak,Very Strong,6.91,0,1611,0,0,0,0.8,0.8,-0.8,0,0%,0.08,0.6,0.2,0.3,40%,0,0,0,0,0,1.25,0.1,91%,50.2,0.2,0.8,6,0.2,0.1,25,0.2,0.1,25,0.1,11,0,7.7,11.2,1.5,2.6,7,82,33,2,0.6,0.7,0.3,6,0,0,11.9,11.6,No recurring injuries,Below Average,2.1,71,0.2,0,0,0,0,0,0,0,0,0,0,1.1,1.2
Sky Bet Championship,Southampton,0.53,Taylor Harwood-Bellis,D (C),,24,"6'2""",Reasonable,Very Strong,6.79,0,1478,0,0,0,0.3,0.3,-0.3,0,0%,0.15,0.1,0.1,0,50%,0,0,0,1,0.1,0.57,0,95%,48.3,0.1,0.1,2.1,0.1,0,0,0.1,0,0,0,1,0,3,14.8,0.5,3.3,3.2,64,14,1,0.5,0.5,0.7,8,1,0,9.6,3.3,No recurring injuries,Above Average,3.5,60,1,0,0,0,0,0,0,0,0,0,0,1.3,1.2
Bundesliga 2,SSV Jahn Regensburg,0.47,Steven Benda,GK,,28,"6'4""",Weak,Very Strong,6.84,1,1380,0,0,0,0,0,0,0,0%,0,0,0,0,0%,0,0,0,0,0,0,0,72%,24.5,0,0,0,0,0,0,0,0,0,0,8,0,9.3,3.3,0,0,0,0,1,0,0,3.3,0,1,1,0,5.2,0,No recurring injuries,High,0,0,0,5,10.6,0,82,12,34,11,12,1,0,0.9,0.8
Sky Bet Championship,Leicester,0.47,Jakub Stolarczyk,GK,,25,"6'4""",Fairly Strong,Very Strong,6.56,0,1594,0,0,0,0,0,0,0,0%,0,0,0,0,0%,0,0,0,0,0,0,0,82%,22.9,0,0,0,0,0,0,0,0,0,0,4,0,6.8,3.9,0.1,0,0,50,4,0,0,2.4,0,0,0,0,6.1,0,No recurring injuries,Below Average,0,0,0,2,-0.55,0,70,16,35,8,27,4,50,1,1.5
Ligue 1 McDonald's,Strasbourg,0.45,Vítězslav Jaroš,GK,,25,"6'3""",Weak,Very Strong,6.75,1,1890,0,0,0,0,0,0,0,0%,0,0,0,0,0%,0,0,0,0,0,0,0,86%,23.1,0,0,0.3,0,0,0,0,0,0,0,5,0,10.3,4.4,0,0.1,0,50,2,0,0,2.2,0,0,0,0,5.7,0,No recurring injuries,Below Average,0,0,0,5,0.04,0,77,29,33,11,23,2,50,1.2,1.1
Premier League,Everton,0.37,James Garner,"DM, M (C)",D (R),25,"6'0""",Reasonable,Very Strong,6.75,0,1251,0,0,0,0.69,0.69,-0.69,0,0%,0.0345,1.4,0.7,1.2,50%,0,0,0,2,0.1,1.34,0.1,86%,51.4,0.3,1.6,6,3.5,0.6,18,0.4,0.3,67,0.2,2,0,9.3,8.2,1.4,2.7,8.1,74,27,1,0.3,0.6,0.1,4,1,0,13.2,17.5,No recurring injuries,Low,2.2,50,0.1,0,0,1,0,0,0,0,0,0,0,2.1,1.5
Premier League,Ipswich,0.42,Jacob Greaves,D (C),,26,"6'4""",Very Strong,Weak,6.7,0,1321,0,0,0,0.31,0.31,-0.31,0,0%,0.05166666667,0.4,0.2,0,50%,0,0,0,0,0,0.44,0,89%,36.4,0.1,0.3,2.5,0,0,0,0,0,0,0,1,0,4.4,8.7,1,2.5,2.7,88,16,4,1.6,1.3,1.4,6,4,0,10.4,5.9,No recurring injuries,Very Low,4.7,75,1.2,0,0,0,0,0,0,0,0,0,0,0.8,1.6
Premier League,Birmingham,0.48,Jonathan Panzo,D (C),,26,"6'2""",Very Strong,Weak,6.71,0,1250,0,0,0,0,0,0,0,0%,0,0,0,0,0%,0,0,0,0,0,0.18,0,94%,52,0,0.3,2.7,0,0,0,0,0,0,0,0,0,4.1,7.6,0.9,2.8,2.9,71,17,4,0.8,1.8,0.9,11,2,0,10.6,5.3,No recurring injuries,Below Average,3.4,53,0.4,0,0,0,0,0,0,0,0,0,0,1.5,2.4
Premier League,Crystal Palace,0.49,Tyrick Mitchell,WB (L),D (C),27,"5'9""",Very Strong,Reasonable,6.92,0,1260,0,0,0,0.11,0.11,-0.11,0,0%,0.022,0.4,0.1,0.4,40%,0,0,0,0,0,0.39,0,90%,74.8,0,0.7,8.7,2.4,0.1,5,2.4,0.1,6,2.1,5,2,11.4,11.4,2.7,4.4,9.3,72,53,1,0.6,1.4,0.5,8,1,0,12.8,15.2,No recurring injuries,Low,2.6,56,0.2,0,0,0,0,0,0,0,0,0,0,0.8,1.4
Sky Bet Championship,Millwall,0.53,Lukas Jensen,GK,,27,"6'5""",Weak,Very Strong,6.86,2,1620,0,0,0,0,0,0,0,0%,0,0,0,0,0%,0,0,0,0,0,0,0,76%,24.4,0,0,0,0,0,0,0,0,0,0,4,0,9.1,2.5,0,0,0,0,1,0,0,3.4,0,0,0,0,5.6,0,No recurring injuries,Below Average,0,0,0,7,12.22,0,80,16,38,9,15,1,0,1.1,0.8
Premier League,Fulham,0.45,Calvin Bassey,D (C),,26,"6'1""",Very Strong,Weak,6.73,0,1350,0,0,0,0.32,0.32,-0.32,0,0%,0.16,0.1,0.1,0,100%,0,0,0,0,0,0.08,0,90%,43.6,0.1,0.2,2.7,0.1,0.1,100,0.1,0.1,100,0,0,1,4.5,10.3,0.1,3.3,1.1,50,2,0,0.7,0.9,0.5,4,1,0,10.2,4.3,No recurring injuries,Below Average,5.2,77,0.8,0,0,0,0,0,0,0,0,0,0,1.2,1.8
Sky Bet Championship,Southampton,0.53,Will Smallbone,M/AM (C),DM,26,"5'8""",Fairly Strong,Very Strong,6.82,0,1490,0,0,0,3.36,3.36,-3.36,0.2,0%,0.112,1.8,0.7,0.4,37%,2,0,0,0,0,2.43,0.1,87%,40.7,0.2,1.9,2.7,1.1,0.1,11,1.1,0.1,11,1.2,7,4,16.2,12.6,0.4,2,4,54,13,0,0.3,0.6,0,8,1,0,12.5,11.8,No recurring injuries,Below Average,3.6,20,0,0,0,0,0,0,0,0,0,0,0,1.3,1.1
Sky Bet Championship,Swansea,0.48,Ben Cabango,D (C),,26,"6'3""",Weak,Very Strong,6.8,0,1767,0,0,0,0.99,0.99,-0.99,0.1,0%,0.12375,0.4,0,0.1,0%,0,0,0,0,0,0.15,0,90%,42.5,0.1,0.1,2,0.1,0.1,100,0.1,0.1,100,0,1,0,3.8,15.5,0.9,2.6,2.2,85,20,3,0.6,1.7,0.7,11,7,0,10.2,5.2,No recurring injuries,Below Average,4.8,77,0.7,0,0,0,0,0,0,0,0,0,0,1.5,1
Premier League,Ipswich,0.42,Arijanet Murić,GK,,28,"6'6""",Weak,Very Strong,6.98,2,1350,0,0,0,0,0,0,0,0%,0,0,0,0,0%,0,0,0,0,0,0,0,75%,19.1,0,0,1.1,0,0,0,0,0,0,0,0,0,10.8,7.6,0,0.7,0,0,2,0,0,9.1,0,0,0,0,5.5,0.1,No recurring injuries,Below Average,0,0,0,3,3.78,0,80,21,54,13,24,2,0,0.8,1.6
Premier League,Chelsea,0.56,Reece James,D (R),"D (C), DM",26,"5'10""",Reasonable,Very Strong,7.06,1,1556,0,0,0,0.34,0.34,-0.34,0,0%,0.068,0.3,0,0.2,0%,0,0,0,1,0.1,1.58,0.1,93%,85.5,0.3,1,11.7,4.4,0.8,18,1,0.4,39,0.5,5,1,10.1,11.6,2.3,3.9,8.5,75,52,5,0.6,0.7,0.5,16,3,0,12.5,15.6,Recurring partially torn hamstring,Very High,3.5,42,0.1,0,0,0,0,0,0,0,0,0,0,1.8,0.8
Premier League,Brentford,0.38,Caoimhin Kelleher,GK,,28,"6'2""",Weak,Very Strong,6.79,1,1530,0,0,0,0,0,0,0,0%,0,0,0,0,0%,0,0,0,0,0,0,0,73%,21.9,0,0,1.2,0,0,0,0,0,0,0,0,0,9.1,6.7,0,0.6,0,0,1,0,0,4.2,0,0,0,0,5.5,0,No recurring injuries,Average,0,0,0,4,-6.29,0,70,24,38,7,29,1,0,1.7,1.7
Ligue 1 McDonald's,Reims,0.47,Cédric Kipré,D (C),,29,"6'4""",Weak,Very Strong,6.63,0,1080,0,0,0,0.54,0.54,-0.54,0,0%,0.108,0.4,0.1,0,20%,0,0,0,1,0.1,0.06,0,95%,43.7,0.2,0.2,2.2,0.1,0,0,0.1,0,0,0,1,0,3,13.7,0.8,2.5,3,69,13,2,0.4,0.8,0.7,7,1,0,9.7,3.3,No recurring injuries,Below Average,4.8,60,0.6,0,0,0,0,0,0,0,0,0,0,0.7,1.3
Premier League,West Ham,0.44,Aaron Wan-Bissaka,D (R),,29,"6'0""",Weak,Very Strong,6.78,0,1236,0,0,0,0.64,0.64,-0.64,0,0%,0.08,0.6,0.1,0.4,25%,0,0,0,0,0,0.86,0.1,89%,57.7,0.1,0.9,9.6,3,0.4,12,3,0.4,12,1.3,3,3,11.5,11.3,2.3,3.6,9.2,66,47,0,0.8,1.5,0.4,21,3,0,12.3,15.5,No recurring injuries,Below Average,3.4,57,0.1,0,0,0,0,0,0,0,0,0,0,1.2,0.9
Sky Bet Championship,Watford,0.43,Marc Bola,D (L),M (L),28,"6'1""",Very Strong,Weak,7.02,3,1450,0,0,0,0.2,0.2,-0.2,0,0%,0.04,0.3,0.1,0.1,40%,0,0,0,2,0.1,1.59,0.1,90%,57.5,0.1,1.3,8.1,5.5,0.6,10,2.7,0.2,9,1,11,1,15,9.3,1.8,3.2,7.3,83,35,2,0.6,1.6,0.8,17,2,0,11,14,No recurring injuries,Above Average,3.4,69,0.4,0,0,0,0,0,0,0,0,0,0,1.1,1.2
Sky Bet Championship,Sunderland,0.53,Dan Ballard,D (C),,27,"6'2""",Reasonable,Very Strong,6.92,0,1670,0,0,0,1.01,1.01,-1.01,0.1,0%,0.101,0.5,0.1,0.2,10%,0,0,0,0,0,1.17,0.1,90%,51.5,0,0.2,2.2,0.1,0.1,100,0.1,0.1,100,0.2,5,0,3,14,0.5,3.4,2.9,69,13,2,0.6,0.7,0.5,11,4,0,10.5,4.7,No recurring injuries,High,5.3,80,0.8,0,0,0,0,0,0,0,0,0,0,0.6,0.6
Bundesliga 2,Karlsruher SC,0.46,Hans Christian Bernat,GK,,26,"6'4""",Reasonable,Very Strong,7.16,6,1260,0,0,0,0,0,0,0,0%,0,0,0,0,0%,0,0,0,0,0,0,0,74%,24.8,0,0,0,0,0,0,0,0,0,0,3,0,10.4,2.8,0,0,0,0,0,0,0,3.5,0,1,1,0,5,0.1,No recurring injuries,Below Average,0,0,0,7,5.5,0,81,13,14,8,8,0,0,1,0.6
Ligue 2 BKT,FC Metz,0.59,Jonathan Fischer,GK,,25,"6'6""",Very Strong,Weak,6.95,0,1350,0,0,0,0,0,0,0,0%,0,0,0,0,0%,0,0,0,0,0,0,0,79%,24.3,0,0,0,0,0,0,0,0,0,0,4,0,6.5,4.3,0,0,0,0,1,0,0,3.9,0,0,0,0,5.3,0,No recurring injuries,Below Average,0,0,0,9,3.61,0,78,8,17,4,8,1,0,1.1,0.5
Sky Bet Championship,QPR,0.52,Nicolas Madsen,M (C),AM (C),26,"6'3""",Fairly Strong,Very Strong,7.08,1,1688,0,0,0,2.39,2.39,-2.39,0.1,0%,0.1195,1.1,0.4,0.5,35%,0,0,0,2,0.1,6.72,0.4,91%,52.5,0.5,1.2,5.4,5.9,1.1,18,0.1,0,0,0.1,10,0,7,13.9,1.2,2.2,5.2,92,25,1,0.6,1.1,0.2,10,2,0,11.3,11.1,No recurring injuries,Below Average,3.2,65,0.6,0,0,0,0,0,0,0,0,0,0,1.2,1.6
Bundesliga,Borussia Dortmund,0.62,Yan Couto,WB (R),M (R),24,"5'6""",Fairly Strong,Very Strong,6.97,1,1129,0,0,0,0.62,0.62,-0.62,0,0%,0.08857142857,0.6,0.2,0.2,43%,0,0,0,1,0.1,2.89,0.2,84%,47.4,0.6,2.5,5.4,6.5,1.1,17,6,1.1,19,3.7,13,1,14.5,11.2,1.8,2.2,10.2,88,25,3,0.6,0.4,0.2,21,2,0,12.8,26.5,No recurring injuries,Above Average,3.3,31,0,0,0,0,0,0,0,0,0,0,0,1.4,0.6
Premier League,Estrela da Amadora SAD,0.40,Luan Patrick,D (C),,24,"6'3""",Very Weak,Very Weak,6.85,1,1136,0,0,0,0.99,0.99,-0.99,0.1,0%,0.12375,0.6,0.1,0.2,13%,0,0,0,1,0.1,0.85,0.1,88%,42.9,0.1,0.4,2.1,0.1,0,0,0.1,0,0,0,2,0,2.8,13.9,0.6,3.3,2.7,78,9,2,1,1.3,1.2,4,3,0,9.9,3.2,No recurring injuries,Below Average,4.1,77,1,0,0,0,0,0,0,0,0,0,0,1.1,1.2
Sky Bet Championship,Southampton,0.53,Welington,D (L),WB (L),25,"5'9""",Very Strong,Weak,6.94,1,1485,0,0,0,0.24,0.24,-0.24,0,0%,0.12,0.1,0,0,0%,0,0,0,2,0.1,1.27,0.1,88%,55.2,0.2,0.9,7.2,3.3,0.9,27,3.3,0.9,27,1.1,15,1,12.5,11.2,1.5,2.5,7.5,67,36,2,0.5,1.3,0.5,25,1,0,10.9,15.9,No recurring injuries,Below Average,4.1,42,0.2,0,0,0,0,0,0,0,0,0,0,1.5,1.2
First Division,Villarreal,0.53,Luiz Júnior,GK,,25,"6'4""",Very Strong,Weak,6.75,3,1710,0,0,0,0,0,0,0,0%,0,0,0,0,0%,0,0,0,0,0,0,0,82%,24.6,0,0,0.2,0,0,0,0,0,0,0,6,0,9.8,4.1,0,0.1,0,0,1,0,0,1.6,0,0,0,0,6.2,0,No recurring injuries,Low,0,0,0,6,-7.24,1,70,19,36,9,29,1,0,1.5,1.5
First Division,Real Hispalis,0.53,Natan,D (C),,25,"6'2""",Very Strong,Weak,6.99,0,1106,0,0,0,0.46,0.46,-0.46,0,0%,0.092,0.4,0.2,0.2,40%,0,0,0,2,0.2,2.15,0.2,94%,45.2,0,0.2,2.4,0,0,0,0,0,0,0.1,2,1,2,21.2,0.5,2.8,2.4,86,7,0,0.5,1,0.5,7,1,0,10.6,4.4,No recurring injuries,Below Average,4.8,78,1.1,0,0,0,0,0,0,0,0,0,0,2.1,0.9
Premier League,Estrela da Amadora SAD,0.40,Bernardo Schappo,D (C),,27,"6'5""",Very Weak,Very Weak,6.89,1,1020,0,0,0,0.94,0.94,-0.94,0.1,0%,0.08545454545,1,0,0.3,0%,0,0,0,1,0.1,0.67,0.1,94%,43.2,0.1,0.1,2.6,0,0,0,0,0,0,0,3,0,2.9,12.9,0.6,2,3.1,41,17,0,0.3,1.3,1.4,10,3,1,9.8,3.8,No recurring injuries,Below Average,5.4,85,1.9,0,0,0,0,0,0,0,0,0,0,1,1.2
Premier League,Gil Vicente,0.48,Lucão,GK,,25,"6'3""",Very Weak,Very Weak,6.74,1,1247,0,0,0,0,0,0,0,0%,0,0,0,0,0%,0,0,0,0,0,0,0,87%,25.7,0,0,0,0,0,0,0,0,0,0,8,0,9.5,3.3,0,0,0,0,1,0,0,2.7,0,1,1,1,5.7,0,No recurring injuries,Above Average,0,0,0,5,4.14,1,77,14,25,6,13,1,0,0.9,0.9
Premier League,Alverca SAD,0.45,Matheus Mendes,GK,,27,"6'4""",Very Weak,Very Weak,6.78,2,1290,0,0,0,0,0,0,0,0%,0,0,0,0,0%,0,0,0,0,0,0,0,79%,23.7,0,0,0,0,0,0,0,0,0,0,6,0,6.8,3.9,0.1,0,0,50,4,0,0,2.8,0,0,0,0,5.2,0,No recurring injuries,Above Average,0,0,0,3,5.88,0,80,19,28,11,16,4,50,0.9,1.1
Ligue 1 McDonald's,OL,0.56,Abner Vinicius,WB (L),,26,"6'0""",Very Strong,Reasonable,6.88,1,1336,0,0,0,0,0,0,0,0%,0,0,0,0,0%,0,0,0,1,0.1,0.68,0,88%,60.1,0.1,1,6.9,2.6,0.5,21,0.8,0.1,8,1.3,13,1,11.4,12.8,2,3.2,7.6,79,38,2,0.6,0.9,0.3,15,2,0,10.3,13.7,No recurring injuries,Below Average,2.4,69,0,0,0,0,0,0,0,0,0,0,0,1.1,0.9
Serie A,Fiorentina,0.5,Dodo,WB (R),M (R),28,"5'5""",Reasonable,Very Strong,6.96,1,1939,0,0,0,0.88,0.88,-0.88,0,0%,0.1466666667,0.3,0.1,0.1,50%,1,0,0,3,0.1,2.67,0.1,87%,48.6,0.4,2.1,4.9,6,1.1,18,6,1.1,18,2.3,30,7,13.7,11.2,1.9,2.2,10.9,72,58,0,0.5,0.9,0.2,38,6,0,11.5,22.1,No recurring injuries,Very Low,3.1,42,0.1,0,0,0,0,0,0,0,0,0,0,1.3,0.7
Sky Bet Championship,Leeds,0.62,Lucas Perri,GK,,28,"6'6""",Weak,Very Strong,6.88,1,1300,0,0,0,0,0,0,0,0%,0,0,0,0,0%,0,0,0,0,0,0,0,84%,24.5,0,0,0,0,0,0,0,0,0,0,5,0,6.3,5.3,0,0,0,0,1,0,0,1,0,1,1,0,6.1,0,No recurring injuries,Above Average,0,0,0,9,1.09,0,72,8,13,8,11,1,0,1.5,0.8
Premier League,AVS SAD,0.48,Simão Bertelli,GK,,33,"6'2""",Very Weak,Very Weak,6.56,3,1080,0,0,0,0,0,0,0,0%,0,0,0,0,0%,0,0,0,0,0,0,0,76%,24.2,0,0,0.2,0,0,0,0,0,0,0,1,0,9.3,4.2,0,0,0,0,1,0,0,3.2,0,0,0,0,5.7,0,No recurring injuries,Low,0,0,0,3,-4.33,1,71,9,28,11,19,1,0,1,1.6
Eredivisie,FC Twente,0.56,Fabinho,DM,D/M (C),33,"6'2""",Reasonable,Very Strong,6.94,0,1154,0,0,0,0.65,0.65,-0.65,0.1,0%,0.1083333333,0.5,0.2,0.2,33%,0,0,0,2,0.2,3.74,0.3,93%,57.8,0.6,1.1,6.7,0.1,0,0,0.1,0,0,0,6,0,3.7,17,1.7,3,5.4,88,25,2,0.8,0.9,0.3,19,1,1,11.2,11.5,No recurring injuries,Below Average,3,71,0.5,0,0,0,0,0,0,0,0,0,0,1.2,0.7
Premier League,Liverpool,0.59,Alisson,GK,,34,"6'3""",Weak,Very Strong,6.89,0,1800,0,0,0,0,0,0,0,0%,0,0,0,0,0%,0,0,0,0,0,0,0,96%,24.5,0,0,0.3,0,0,0,0,0,0,0,2,0,1.3,7,0,0.5,0,0,1,0,0,1.4,0,0,0,0,7.1,0.1,No recurring injuries,Average,0,0,0,4,-7.27,1,74,28,41,13,33,1,0,2,1.6
Premier League,Estrela da Amadora SAD,0.40,Renan Ribeiro,GK,,36,"6'4""",Very Weak,Very Weak,6.72,1,1051,0,0,0,0,0,0,0,0%,0,0,0,0,0%,0,0,0,0,0,0,0,83%,23.5,0,0,0,0,0,0,0,0,0,0,2,0,11,3,0,0,0,0,0,0,0,2.9,0,1,1,0,5.9,0,No recurring injuries,Average,0,0,0,4,-0.14,0,71,7,20,8,14,0,0,0.9,1.2
Jupiler Pro League,STVV,0.39,Ilias Sebaoui,AM (L),,25,"5'11""",Reasonable,Very Strong,6.9,1,1048,0,0,0,1.26,1.26,-1.26,0.1,0%,0.07411764706,1.5,0.3,0.4,24%,0,0,0,4,0.3,1.03,0.1,90%,43.1,0.4,1.7,3.3,4.1,0.8,18,3.8,0.7,18,2.8,9,5,19.6,4.6,1.7,2,8.2,87,23,0,0.6,0.3,0,17,0,0,11.9,14.3,No recurring injuries,Below Average,5.2,36,0.1,0,0,0,0,0,0,0,0,0,0,0.5,1
Jupiler Pro League,STVV,0.39,Robert-Jan Vanwesemael,WB (R),,24,"5'9""",Weak,Very Strong,6.85,0,1350,0,0,0,0.74,0.74,-0.74,0,0%,0.06727272727,0.7,0.1,0.4,9%,0,0,0,0,0,1.16,0.1,84%,50.5,0.1,0.7,6.4,4.9,0.9,17,2,0.1,7,1.2,10,1,15.4,9.9,1.3,3.5,7.6,80,25,0,0.4,1.1,1,10,2,0,12.3,17.7,No recurring injuries,Below Average,3.7,55,0.2,0,0,0,0,0,0,0,0,0,0,0.5,1.2
Ligue 1 McDonald's,LOSC,0.57,Nathan Ngoy,D (C),,23,"6'0""",Weak,Very Strong,6.83,0,1620,0,0,0,0.17,0.17,-0.17,0,0%,0.0425,0.2,0.1,0.1,50%,0,0,0,1,0.1,0.65,0,95%,59.5,0.2,0.1,2.7,0,0,0,0,0,0,0,5,1,2.7,12.4,0.6,3.3,2.6,92,12,1,0.4,0.9,0.6,10,3,0,10.4,4.3,No recurring injuries,Below Average,3.3,75,0.6,0,0,0,0,0,0,0,0,0,0,1.5,1.1
Bundesliga,VfB Stuttgart,0.57,Bernardo,D (L),WB (L),31,"6'1""",Very Strong,Weak,6.96,1,1003,0,0,0,0.47,0.47,-0.47,0,0%,0.1175,0.4,0.1,0.1,25%,0,0,0,0,0,0.73,0.1,91%,65.6,0.2,1.1,7.3,2.8,1,35,2.8,1,35,0.4,2,1,12.7,15.3,2,3.6,8.3,85,26,1,0.5,1.3,0.2,10,3,0,11.9,16.6,No recurring injuries,High,4.2,70,0.6,0,0,0,0,0,0,0,0,0,0,1.7,0.8
Jupiler Pro League,Union SG,0.51,Anouar Ait El Hadj,AM (C),"M (C), AM (L)",24,"5'6""",Reasonable,Very Strong,6.73,0,1477,0,0,0,2.65,2.65,-2.65,0.2,0%,0.08833333333,1.8,0.8,0.6,43%,0,0,0,2,0.1,2.31,0.1,89%,42,0.1,1.7,2.8,5.4,1,18,0.8,0.2,23,1.6,10,4,16.8,8.8,0.2,1.4,5.1,100,3,0,0.1,0.5,0,7,0,0,11.7,9.7,No recurring injuries,Below Average,2.9,19,0,0,0,0,0,0,0,0,0,0,0,1.1,1.3
Bundesliga,FC Bayern München,0.5,Alphonso Davies,WB (L),M/AM (L),26,"6'1""",Very Strong,Reasonable,6.99,2,1103,0,0,0,0.95,0.95,-0.95,0.1,0%,0.11875,0.7,0.1,0.1,13%,0,0,0,0,0,0.56,0,90%,66.7,0.1,1,8.5,0.8,0.2,30,0.7,0.2,33,1.8,6,1,11.1,11.7,2.9,4,9,78,45,2,0.7,0.4,0.6,15,3,0,12.8,16.6,No recurring injuries,High,3.5,63,0.2,0,0,0,0,0,0,0,0,0,0,2,0.9
Second Division,Las Palmas,0.49,Dinko Horkaš,GK,,27,"6'2""",Reasonable,Very Strong,7.04,5,1440,0,0,0,0,0,0,0,0%,0,0,0,0,0%,0,0,0,0,0,0,0,81%,24.6,0,0,0.1,0,0,0,0,0,0,0,4,0,6.6,4.4,0,0,0,0,1,0,0,2.5,0,0,0,0,5.9,0.1,No recurring injuries,Below Average,0,0,0,9,6.96,0,77,6,25,13,13,1,0,1.2,0.8
Eredivisie,PSV,0.55,Mads Bech Sørensen,D (C),"D (L), DM",27,"6'4""",Very Strong,Weak,6.99,1,1570,0,0,0,0.32,0.32,-0.32,0,0%,0.08,0.2,0.1,0.1,25%,0,0,0,2,0.1,1.57,0.1,95%,55.3,0.1,0.3,2.6,0.1,0,0,0.1,0,0,0.1,4,0,3.3,16.2,0.3,3,2.8,100,6,3,0.3,0.5,0.6,3,0,0,10,5.2,Recurring torn anterior cruciate ligament,Very High,5.2,69,0.9,0,0,0,0,0,0,0,0,0,0,1.4,0.9
Bundesliga 2,1. FC Kaiserslautern,0.53,Jacob Rasmussen,D (C),,29,"6'3""",Very Strong,Weak,6.82,0,1440,0,0,0,0.47,0.47,-0.47,0,0%,0.05875,0.5,0.1,0.4,25%,2,0,0,0,0,1.05,0.1,91%,42.9,0.3,0,0.9,0.1,0,0,0.1,0,0,0,2,0,3.2,16.1,0.4,2.6,2.2,67,9,1,0.6,0.7,0.5,11,3,0,10.2,3.4,No recurring injuries,Above Average,5.2,75,1.6,0,0,0,0,0,0,0,0,0,0,1.1,0.8
Sky Bet Championship,Preston,0.50,Daniel Iversen,GK,,29,"6'4""",Weak,Very Strong,6.76,1,1710,0,0,0,0,0,0,0,0%,0,0,0,0,0%,0,0,0,0,0,0,0,83%,24.5,0,0,0,0,0,0,0,0,0,0,7,0,7.7,3.8,0,0,0,0,2,0,0,3.4,0,2,2,0,5.2,0,No recurring injuries,Low,0,0,0,6,5.82,1,71,18,28,13,23,2,0,0.9,1.2
Bundesliga,Eintracht Frankfurt,0.46,Rasmus Kristensen,D (R),D (C),29,"6'2""",Reasonable,Very Strong,7.07,1,1249,0,0,0,0.45,0.45,-0.45,0,0%,0.05,0.6,0.1,0.2,22%,1,0,0,0,0,0.45,0,87%,73.1,0.1,0.6,8.3,1.7,0.4,21,1.7,0.4,22,0.6,9,2,17.8,10,2.6,3.1,7.6,88,41,1,0.2,0.6,1,22,7,1,11.6,17.4,No recurring injuries,Average,4.2,69,0.4,0,0,0,0,0,0,0,0,0,0,1.1,0.9
Bundesliga,VfL Wolfsburg,0.47,Joakim Mæhle,WB (R),,29,"6'1""",Reasonable,Very Strong,6.83,0,1065,0,0,0,0.31,0.31,-0.31,0,0%,0.062,0.4,0,0.3,0%,1,0,0,0,0,0.55,0,87%,60.9,0,0.6,7.9,1.5,0.3,16,1.5,0.3,17,0.8,10,2,15.3,11.7,2.2,2.8,8,72,36,0,0.3,1.1,0.2,22,1,0,12,17.3,No recurring injuries,Above Average,4.1,65,0.4,0,0,0,0,0,0,0,0,0,0,0.8,1.7
Sky Bet Championship,Norwich,0.56,Mads Pedersen,D (L),,30,"5'9""",Very Strong,Reasonable,6.79,1,1227,0,0,0,0,0,0,0,0%,0,0,0,0,0%,0,0,0,3,0.2,0.35,0,88%,46.6,0,1.7,4.7,5.1,1.6,31,5.1,1.6,32,2.1,17,2,19.7,9.6,2,3.4,9,71,38,1,0.7,1.2,0.8,35,3,0,12.9,26.8,No recurring injuries,Average,2.7,38,0.2,0,0,0,0,0,0,0,0,0,0,1.3,1
Premier League,Fulham,0.45,Joachim Andersen,D (C),,30,"6'4""",Fairly Strong,Very Strong,6.72,0,1440,0,0,0,0.82,0.82,-0.82,0.1,0%,0.1025,0.5,0.2,0,38%,0,0,0,0,0,0,0,92%,44.9,0,0,2.1,0,0,0,0,0,0,0.1,0,0,3.9,11.3,1,3.3,2.9,84,19,3,0.9,1,0.8,7,3,0,10.4,4.4,No recurring injuries,Below Average,7,64,1.8,0,0,0,0,0,0,0,0,0,0,1.2,2.1
Bundesliga,1. FC Magdeburg,0.41,Marcus Mathisen,D (C),,30,"6'0""",Reasonable,Very Strong,6.81,0,1226,0,0,0,0.35,0.35,-0.35,0,0%,0.0875,0.3,0.1,0,25%,0,0,0,0,0,0.63,0,94%,42.4,0.1,0.4,2.9,0,0,0,0,0,0,0.1,3,1,2.9,14.2,0.6,2.9,2.8,73,11,0,0.4,0.9,0.7,12,4,0,10.4,5.5,No recurring injuries,Below Average,4.5,74,1.6,0,0,0,0,0,0,0,0,0,0,1,1.2
Bundesliga,1. FC Union Berlin,0.43,Josip Juranović,D (R),D/WB (L),31,"5'8""",Reasonable,Very Strong,6.71,0,1144,0,0,0,0.7,0.7,-0.7,0.1,0%,0.175,0.3,0.2,0,50%,0,0,0,0,0,1.24,0.1,85%,43,0.4,1.7,4.6,8.7,1.6,18,5.6,0.9,17,2.3,15,4,17.5,8.5,2.2,2.3,10.7,85,33,0,0.4,0.9,0.2,24,1,0,12.5,24.3,No recurring injuries,High,2.6,45,0.2,0,0,0,0,0,0,0,0,0,0,0.6,1.3
Sky Bet Championship,Derby,0.56,Alexander Scholz,D (C),,34,"6'2""",Fairly Strong,Very Strong,6.94,2,1430,0,0,0,0.58,0.58,-0.58,0,0%,0.145,0.3,0.1,0.1,25%,0,0,0,0,0,0.81,0.1,91%,41.2,0.1,0.2,2,0,0,0,0,0,0,0.1,2,0,3.1,14.7,0.6,3.4,2.5,77,13,2,0.5,1.3,0.8,11,1,0,9.4,2.7,No recurring injuries,Above Average,5.7,70,0.9,0,0,0,0,0,0,0,0,0,0,0.9,0.9
Bundesliga,1. FC Union Berlin,0.43,Frederik Rønnow,GK,,34,"6'2""",Weak,Very Strong,6.64,0,1260,0,0,0,0,0,0,0,0%,0,0,0,0,0%,0,0,0,0,0,0,0,87%,22.4,0,0,0,0,0,0,0,0,0,0,6,0,8.9,2.9,0,0,0,0,0,0,0,1,0,1,1,0,5.1,0,No recurring injuries,Above Average,0,0,0,3,-0.05,0,72,11,22,16,19,0,0,0.6,1.4
Bundesliga,1. FC Union Berlin,0.43,Alex Král,DM,D (C),28,"6'1""",Reasonable,Very Strong,7.01,0,1087,0,0,0,0.7,0.7,-0.7,0.1,0%,0.175,0.3,0,0,0%,0,0,0,2,0.2,1.05,0.1,92%,51.1,0.2,0.6,6,0.2,0,0,0.2,0,0,0.3,5,0,7.5,10.1,1.2,2.6,6.8,74,19,0,0.4,0.7,0.1,10,2,0,11.3,11.1,No recurring injuries,Below Average,2.6,65,0.4,0,0,0,0,0,0,0,0,0,0,0.8,1.2
Serie A,Spezia,0.5,Aleš Matějů,D (R),"D (C), WB (L)",30,"6'1""",Fairly Strong,Very Strong,6.94,0,1279,0,0,0,0.11,0.11,-0.11,0,0%,0.055,0.1,0.1,0.1,50%,0,0,0,1,0.1,1.68,0.1,84%,44.2,0.4,1.3,4.5,4.3,0.8,18,4.3,0.8,18,4.5,14,0,18.1,10.5,2.3,3.7,9.4,84,38,2,0.7,0.6,0.9,24,3,0,12.8,24.1,No recurring injuries,Very Low,3.6,51,0.1,0,0,0,0,0,0,0,0,0,0,0.7,0.8
Jupiler Pro League,Standard,0.50,Boško Šutalo,D (C),D/WB (R),26,"6'2""",Fairly Strong,Very Strong,6.63,0,1019,0,0,0,0.13,0.13,-0.13,0,0%,0.065,0.2,0.1,0,50%,0,0,0,0,0,0.19,0,88%,40.6,0.2,0.1,1.6,0.1,0,0,0.1,0,0,0,1,0,3.4,13.8,0.4,3,3.1,63,8,1,0.7,0.9,0.5,6,1,0,9.6,5.7,No recurring injuries,Very High,4.9,69,0.5,0,0,0,0,0,0,0,0,0,0,1.1,1.1
Sky Bet Championship,Hull,0.39,Ivor Pandur,GK,,26,"6'2""",Weak,Very Strong,6.49,2,1800,0,0,0,0,0,0,0,0%,0,0,0,0,0%,0,0,0,0,0,0,0,68%,25.9,0,0,0.2,0,0,0,0,0,0,0,6,0,10.1,3.2,0,0.1,0,0,0,0,0,3.6,0,0,0,0,5.6,0,No recurring injuries,Below Average,0,0,0,3,-7.03,0,62,21,25,8,32,0,0,1.1,1.6
Premier League,Man City,0.56,Joško Gvardiol,D (LC),WB (L),24,"6'1""",Very Strong,Fairly Strong,7.06,0,1413,0,0,0,0.62,0.62,-0.62,0,0%,0.155,0.3,0.1,0,50%,0,0,0,1,0.1,2.1,0.1,92%,77.5,0.4,1.4,10.4,0.7,0.2,27,0.7,0.2,27,0.4,3,0,8.5,13.1,3.2,4.1,9.4,77,66,2,0.8,0.8,0.4,17,2,0,12.8,18.7,No recurring injuries,Below Average,3.7,64,0.3,0,0,1,0,0,0,0,0,0,0,2.4,0.9
Eredivisie,Ajax,0.60,Josip Šutalo,D (C),,26,"6'1""",Reasonable,Very Strong,6.84,0,1523,0,0,0,0.72,0.72,-0.72,0,0%,0.09,0.5,0.1,0.1,13%,0,0,0,1,0.1,0.75,0,95%,51.4,0.1,0.2,2.1,0.1,0.1,100,0.1,0.1,100,0.1,3,0,2.4,20.3,0.5,2.7,2,57,14,1,0.6,0.9,0.5,6,1,0,9.7,4.7,No recurring injuries,Average,4.7,65,0.6,0,0,0,0,0,0,0,0,0,0,1.7,0.9
Bundesliga,VfL Bochum 1848,0.38,David Čolina,D (L),,26,"5'9""",Very Strong,Weak,7.04,1,1164,0,0,0,0,0,0,0,0%,0,0.1,0,0.1,0%,0,0,0,1,0.1,1.04,0.1,85%,48.6,0.2,2.3,5.6,6.1,1.1,17,5.4,0.7,13,5.5,12,0,20.3,8.1,2.2,3.5,11.1,74,39,0,0.9,1.9,0.3,7,0,0,12.2,24.4,No recurring injuries,Average,2.9,27,0.4,0,0,0,0,0,0,0,0,0,0,0.9,1.2
Serie BKT,Union Brescia,0.5,Frederik Sørensen,D (C),,34,"6'4""",Weak,Very Strong,6.78,0,1197,0,0,0,0.13,0.13,-0.13,0,0%,0.065,0.2,0,0,0%,0,0,0,0,0,0,0,70%,21.1,0,0,0,0,0,0,0,0,0,0,14,0,0,0,1.6,0,0,100,21,0,0,0,0,25,0,0,0,0,No recurring injuries,Very Low,0,0,0,0,0,0,0,0,0,0,0,0,0,0,0
Serie A,AS Roma,0.5,Diego Coppola,D (C),,22,"6'4""",Reasonable,Very Strong,6.82,0,1247,0,0,0,0.54,0.54,-0.54,0,0%,0.054,0.7,0.2,0.4,30%,0,0,0,0,0,0.26,0,94%,51.9,0.1,0.1,2.5,0,0,0,0,0,0,0.1,5,0,2.8,15.6,0.7,3,2.8,83,12,0,0.6,0.5,0.4,9,1,0,10.2,4.5,No recurring injuries,Below Average,6.4,64,0.8,0,0,0,0,0,0,0,0,0,0,1.2,1
Ligue 1 McDonald's,OL,0.56,Filippo Terracciano,D (R),D/WB (L),23,"6'1""",Reasonable,Very Strong,7.01,2,1350,0,0,0,1.55,1.55,-1.55,0.1,0%,0.1409090909,0.7,0.2,0.3,27%,0,0,0,0,0,0.89,0.1,92%,62.2,0.2,0.9,8.5,0.5,0.2,37,0.5,0.2,38,0.8,9,0,12.1,11.9,1.5,3.7,6.9,66,35,2,0.3,1.2,0.4,13,0,0,11.6,15.2,No recurring injuries,Below Average,2.7,80,0.1,0,0,0,0,0,0,0,0,0,0,1.1,0.9
Serie A,Bologna,0.5,Mattia Zanotti,D/WB (R),,23,"5'10""",Fairly Strong,Very Strong,6.98,1,1490,0,0,0,0.75,0.75,-0.75,0,0%,0.15,0.3,0,0.1,0%,0,0,0,4,0.2,1.41,0.1,89%,60,0.2,0.9,7.7,1,0.2,25,1,0.2,25,0.4,17,0,14.7,12.7,1.6,3.7,7.4,76,34,4,0.5,1.1,0.5,25,4,0,11.4,16.8,No recurring injuries,Average,2.2,59,0.2,0,0,0,0,0,0,0,0,0,0,1.2,1.3
First Division,Vigo,0.52,Sergio Carreira,D (R),,26,"5'7""",Reasonable,Very Strong,6.69,0,1011,0,0,0,0.22,0.22,-0.22,0,0%,0.11,0.2,0,0.1,0%,0,0,0,0,0,0.72,0.1,88%,49.2,0.1,1.6,6,7.5,1.2,16,7.5,1.2,17,2.9,12,1,17.6,9.3,2.3,2.8,10.5,68,38,3,0.9,1.3,0.2,12,0,0,12.6,26,No recurring injuries,Above Average,2.6,48,0.2,0,0,0,0,0,0,0,0,0,0,1.2,1.2
First Division,Burgos,0.35,Oier Luengo,D (C),DM,29,"6'0""",Reasonable,Very Strong,6.69,1,1440,0,0,0,0.5,0.5,-0.5,0,0%,0.0625,0.5,0.1,0.2,25%,0,0,0,0,0,0.33,0,87%,51,0,0.9,6.1,1.1,0.2,23,1.1,0.2,24,0.4,14,1,14.6,9.3,1,2.8,5.9,53,30,2,0.7,0.8,0.7,13,2,0,11.3,10.9,No recurring injuries,Below Average,4.4,54,1,0,0,0,0,0,0,0,0,0,0,0.9,1.8
Premier League,VIZ,0.39,Moha,"DM, M (C)",D (R),26,"5'7""",Very Weak,Very Weak,6.45,0,1088,0,0,0,0.36,0.36,-0.36,0,0%,0.045,0.7,0.3,0.3,50%,0,0,0,3,0.2,1.69,0.1,88%,7.9,0.4,0.4,1.1,0.2,0,0,0,0,0,0,4,0,14.9,8.1,0.3,0.5,0.5,100,4,0,0.2,0.2,0,2,1,0,1.5,1.3,No recurring injuries,Below Average,0.2,0,0,0,0,0,0,0,0,0,0,0,0,0.9,1.9
First Division,Cádiz,0.5,Víctor Chust,D (C),,26,"6'0""",Fairly Strong,Very Strong,6.85,0,1235,0,0,0,0.88,0.88,-0.88,0.1,0%,0.44,0.1,0,0,0%,0,0,0,0,0,0.44,0,90%,45.4,0.1,0,2.5,0.1,0,0,0.1,0,0,0.1,2,0,3.3,16.2,0.9,2.6,3.3,75,16,1,0.5,1.2,0.7,10,0,0,10.2,3.6,No recurring injuries,High,4.7,64,1,0,0,0,0,0,0,0,0,0,0,1.1,1.1
First Division,Cádiz,0.5,Sergio Ortuño,M (C),AM (C),27,"5'10""",Weak,Very Strong,6.84,1,1176,0,0,0,0.25,0.25,-0.25,0,0%,0.125,0.2,0.1,0,50%,0,0,0,2,0.2,2.45,0.2,90%,53.1,0.6,1.1,6.4,0.1,0,0,0.1,0,0,0.5,8,0,7.3,12.2,0.9,2.4,5.1,75,16,1,0.3,0.5,0.2,13,1,0,11.5,12.1,No recurring injuries,Below Average,1.5,15,0.1,0,0,0,0,0,0,0,0,0,0,1,1.1
First Division,Real San Sebastián,0.5,Sergio Gómez,AM (L),"M (L), AM (R)",26,"5'7""",Very Strong,Weak,6.93,1,1322,0,0,0,0,0,0,0,0%,0,0,0,0,0%,0,0,0,1,0.1,2.76,0.2,90%,66.4,0.1,1.2,8.9,5.4,1,17,1.8,0.2,11,0.9,14,2,13.5,13.5,2.7,3.3,6.5,85,47,4,0.3,0.8,0.3,14,0,0,10.6,15.7,No recurring injuries,Average,1.7,40,0.1,0,0,0,0,0,0,0,0,0,0,1.2,1.2
Serie A,Bologna,0.5,Juan Miranda,D (L),M (L),26,"6'1""",Very Strong,Reasonable,7.01,0,1515,0,0,0,0.28,0.28,-0.28,0,0%,0.07,0.2,0,0.1,0%,0,0,0,3,0.2,4.27,0.3,91%,65.2,0.2,1,8.2,2,0.3,15,1.6,0.3,19,0.9,16,3,13.3,12.9,2.2,3,6.9,79,47,0,0.4,0.5,0.5,39,3,0,10.1,14.6,No recurring injuries,Below Average,3.4,56,0.4,0,0,0,0,0,0,0,0,0,0,1.4,1.4
Premier League,BRG,0.57,Víctor Gómez,D/WB (R),,26,"5'7""",Reasonable,Very Strong,6.77,0,1653,0,0,0,0,0,0,0,0%,0,0,0,0,0%,0,0,0,1,0.1,2.78,0.2,87%,47,0.2,1.6,5.2,7.2,1.3,17,7.2,1.3,17,2,23,4,14,15.1,1.5,3.2,10.7,61,44,1,0.7,0.5,0.2,17,1,1,12,23.7,No recurring injuries,Below Average,3,32,0.1,0,0,0,0,0,0,0,0,0,0,1.1,0.8
First Division,Getafe,0.38,Abdelkabir Abqar,D (C),,27,"6'2""",Fairly Strong,Very Strong,6.75,0,1209,0,0,0,0.87,0.87,-0.87,0.1,0%,0.09666666667,0.7,0.2,0.2,33%,0,0,0,0,0,0.18,0,92%,48,0.1,0.1,2.7,0,0,0,0,0,0,0,4,0,3.7,12.2,0.7,3.4,2.3,100,9,1,0.4,0.6,0.3,12,5,0,10,3.6,Recurring moderate calf muscle strain,Very High,6.2,59,1.2,0,0,0,0,0,0,0,0,0,0,1,1.3
First Division,Getafe,0.38,Juan Berrocal,D (C),,27,"6'2""",Fairly Strong,Very Strong,6.88,0,1114,0,0,0,0.94,0.94,-0.94,0.1,0%,0.1342857143,0.6,0.2,0.4,43%,0,0,0,2,0.2,1.15,0.1,88%,43.7,0.1,0.2,2.3,0,0,0,0,0,0,0.1,2,0,6.3,9.9,0.4,2.5,3.5,83,6,2,0.7,1.4,0.2,6,3,0,10.2,4.2,No recurring injuries,Above Average,6,80,1.1,0,0,0,0,0,0,0,0,0,0,0.8,1.5
Second Division,Tenerife,0.44,Dani Martín,GK,,28,"6'2""",Weak,Very Strong,6.63,1,1620,0,0,0,0,0,0,0,0%,0,0,0,0,0%,0,0,0,0,0,0,0,89%,24.1,0,0,0.1,0,0,0,0,0,0,0,7,0,7.9,5.7,0,0,0,0,0,0,0,1.6,0,0,0,0,5.5,0.1,No recurring injuries,Very Low,0,0,0,2,-2.8,0,74,14,36,14,23,0,0,1,1.3
First Division,Levante,0.39,Diego Pampín,D (L),,26,"5'9""",Very Strong,Fairly Strong,6.81,1,1185,0,0,0,0.03,0.03,-0.03,0,0%,0.015,0.2,0,0.1,0%,0,0,0,0,0,1.98,0.2,89%,54.8,0.2,0.6,7.1,1.7,0.1,4,1.7,0.1,5,1.3,10,1,15.9,9.3,1.7,3.4,7,81,27,2,0.9,1.4,0.8,9,0,0,11.9,16.3,No recurring injuries,Average,3.3,58,0.2,0,0,0,0,0,0,0,0,0,0,0.6,1.6
Second Division,Coruña,0.5,Álvaro Fernández,GK,,28,"6'1""",Reasonable,Very Strong,6.78,3,1440,0,0,0,0,0,0,0,0%,0,0,0,0,0%,0,0,0,0,0,0,0,91%,24,0,0,0,0,0,0,0,0,0,0,6,0,7.3,4.8,0.1,0.1,0,33,3,0,0,2.2,0,0,0,0,5.6,0,No recurring injuries,Low,0,0,0,5,-0.29,0,69,10,24,5,18,3,33,0.9,1.1
Premier League,Arsenal,0.61,Martín Zubimendi,DM,,27,"5'11""",Fairly Strong,Very Strong,6.84,0,1655,0,0,0,0.44,0.44,-0.44,0,0%,0.07333333333,0.3,0.1,0.2,33%,0,0,0,0,0,0.5,0,94%,62.8,0,0.8,8,0.1,0.1,50,0.1,0.1,50,0.1,3,0,4.1,6,1.5,2.7,5.3,78,36,3,0.7,0.9,0.3,9,2,0,12.1,14.1,No recurring injuries,Average,1.2,45,0.1,0,0,0,0,0,0,0,0,0,0,1.8,1
Second Division,Alavés,0.5,Ander Guevara,DM,,29,"5'11""",Reasonable,Very Strong,7.21,3,1383,0,0,0,1.21,1.21,-1.21,0.1,0%,0.11,0.7,0.1,0.3,18%,0,0,0,4,0.3,3.14,0.2,95%,57.9,0.4,0.9,7.3,0.1,0,0,0.1,0,0,0.1,9,0,4.7,15.7,1.1,2.7,7.4,81,21,2,0.7,1,0.2,5,0,0,11.7,13.3,No recurring injuries,Above Average,2,48,0.1,0,0,0,0,0,0,0,0,0,0,1,1.1
Second Division,Tenerife,0.44,Iván Chapela,AM (R),M (L),27,"5'11""",Weak,Very Strong,6.7,0,1103,0,0,0,0.98,0.98,-0.98,0.1,0%,0.1088888889,0.7,0.2,0.3,33%,0,0,0,2,0.2,2.11,0.2,84%,41.5,0.2,1.4,4.5,3.7,0.4,11,3.7,0.4,11,3.3,9,0,18,4.5,0.7,2.2,8.7,42,19,0,0.1,0.8,0,14,1,0,11.2,16.8,No recurring injuries,High,2.7,33,0,0,0,0,0,0,0,0,0,0,0,1.1,1.2
Second Division,Almería,0.5,Álex Centelles,D (L),,27,"6'1""",Very Strong,Weak,7.01,2,1527,0,0,0,0.23,0.23,-0.23,0,0%,0.0575,0.2,0.1,0.1,25%,0,0,0,1,0.1,1.2,0.1,85%,55.2,0.1,0.9,8.4,2.6,0.5,20,2.6,0.5,20,1.1,9,0,14,14.1,1.6,3.1,7.1,75,36,0,0.5,0.9,0.2,17,2,0,11.9,15.4,No recurring injuries,Low,4.4,78,0.5,0,0,0,0,0,0,0,0,0,0,1.2,1.1
Second Division,S. Gijón,0.5,Guille Rosas,D (R),,26,"5'9""",Weak,Very Strong,7.25,0,1003,0,0,0,1.41,1.41,-1.41,0.1,0%,0.1175,1.1,0.2,0.4,17%,0,0,0,0,0,0.68,0.1,94%,69.5,0.1,1.3,8.3,0.9,0.1,10,0.9,0.1,10,0.7,17,0,10.6,16,2,3.3,8,76,29,3,0.5,1.3,0.2,10,2,0,11.3,17.4,No recurring injuries,Above Average,2.1,57,0.1,0,0,0,0,0,0,0,0,0,0,1.3,0.8
Premier League,Spurs,0.55,Pedro Porro,WB (R),M (R),27,"5'9""",Weak,Very Strong,7.22,3,1205,0,0,0,0.67,0.67,-0.67,0.1,0%,0.04785714286,1,0.7,0.8,64%,0,0,0,6,0.4,5.73,0.4,90%,60.2,1.1,3.1,6,12,2.3,19,10.3,2,20,3.1,11,3,16.1,9.4,2.2,4.6,8.2,77,39,0,0.5,1,0.2,34,6,1,13.6,30.6,No recurring injuries,Below Average,2.8,29,0,0,0,1,0,0,0,0,0,0,0,1.3,0.7
Eredivisie,Sparta Rotterdam,0.46,Teo Quintero,D (C),DM,27,"6'3""",Very Strong,Weak,6.84,1,1111,0,0,0,0.53,0.53,-0.53,0,0%,0.1325,0.3,0.1,0,25%,0,0,0,0,0,0.63,0.1,90%,41.6,0.2,0.2,3,0.3,0.2,50,0.3,0.2,50,0.1,4,0,3.5,16.8,0.6,3.2,3.1,80,10,2,0.7,1.1,1.4,4,0,0,10.5,6.4,No recurring injuries,Above Average,5.8,69,1,0,0,0,0,0,0,0,0,0,0,1.1,1.1
Second Division,S. Gijón,0.5,Javi Montero,D (C),,27,"6'1""",Very Strong,Reasonable,6.68,0,1620,0,0,0,0.31,0.31,-0.31,0,0%,0.0775,0.2,0,0.1,0%,0,0,0,1,0.1,0.9,0.1,89%,44,0.1,0.2,2.1,0,0,0,0,0,0,0.1,7,0,3.8,13.1,0.7,2,2.9,80,15,2,0.4,1.1,0.5,12,2,0,9.6,3.3,No recurring injuries,Above Average,5.8,74,1.2,0,0,0,0,0,0,0,0,0,0,1.4,0.9
Second Division,Málaga,0.57,Diego Murillo,D (C),D (R),25,"5'10""",Reasonable,Very Strong,6.8,0,1740,0,0,0,1.31,1.31,-1.31,0.1,0%,0.1091666667,0.6,0.2,0.3,25%,0,0,0,0,0,0.55,0,89%,40.8,0.1,0.2,1.9,0,0,0,0,0,0,0.2,4,0,3,15.7,0.5,2.4,2.8,82,11,1,0.6,0.9,0.5,8,1,0,10.6,4.4,No recurring injuries,Below Average,6.3,67,0.9,0,0,0,0,0,0,0,0,0,0,1.4,0.7
Second Division,Málaga,0.57,Ramón Enríquez,M (C),,25,"5'8""",Reasonable,Very Strong,6.86,0,1476,0,0,0,0.27,0.27,-0.27,0,0%,0.03,0.5,0.1,0.1,22%,0,0,0,4,0.2,5.52,0.3,91%,52.9,0.4,0.9,6.5,0.1,0,0,0.1,0,0,0.1,6,1,6.5,13.1,0.9,2.4,5.5,74,19,0,0.3,0.5,0.4,11,0,0,12.4,11.1,No recurring injuries,High,2.1,35,0.1,0,0,0,0,0,0,0,0,0,0,1.3,0.7
Eredivisie,N.E.C.,0.54,Gonzalo Crettaz,GK,,26,"5'11""",Weak,Very Strong,6.71,1,1189,0,0,0,0,0,0,0,0%,0,0,0,0,0%,0,0,0,0,0,0,0,88%,23.9,0,0,0,0,0,0,0,0,0,0,1,0,5.3,4.5,0,0,0,0,1,0,0,3,0,0,0,0,5.3,0,No recurring injuries,Above Average,0,0,0,3,-2.59,1,65,8,19,5,17,1,0,1.2,1.3
Ligue 1 McDonald's,Brest,0.51,José Marsà,D (C),,24,"6'1""",Very Strong,Reasonable,6.88,0,1800,0,0,0,0.23,0.23,-0.23,0,0%,0.03833333333,0.3,0.1,0.2,50%,0,0,0,0,0,1.2,0.1,91%,40.9,0.1,0.1,1.9,0,0,0,0,0,0,0.1,2,0,3,12.1,0.3,2.2,2.1,70,10,1,0.5,1.1,0.6,7,0,0,10.2,4.3,No recurring injuries,Average,5.2,78,1.4,0,0,0,0,0,0,0,0,0,0,1.1,1.1
First Division,Vigo,0.52,Ilaix Moriba,"DM, M (C)",AM (C),23,"6'1""",Fairly Strong,Very Strong,6.73,0,1136,0,0,0,0.39,0.39,-0.39,0,0%,0.05571428571,0.6,0.1,0.2,14%,0,0,0,0,0,1.42,0.1,92%,58.5,0.1,0.6,6,0.1,0,0,0.1,0,0,0.4,9,0,8,10.6,0.6,1.8,7.8,47,17,0,0.2,0.2,0,15,3,0,11.6,14.2,No recurring injuries,Average,2.3,76,0.2,0,0,0,0,0,0,0,0,0,0,1.3,1.2
Second Division,Eibar,0.55,Jonmi Magunagoitia,GK,,26,"6'0""",Weak,Very Strong,6.73,2,1440,0,0,0,0,0,0,0,0%,0,0,0,0,0%,0,0,0,0,0,0,0,86%,23.7,0,0,0,0,0,0,0,0,0,0,1,0,5.7,5.7,0.1,0,0,50,2,0,0,4.8,0,0,0,0,5.2,0,No recurring injuries,High,0,0,0,4,5.69,0,75,14,27,9,17,2,50,1.2,1.1
Second Division,Córdoba,0.5,Xavi Sintes,D (C),DM,25,"6'2""",Weak,Very Strong,6.87,0,1467,0,0,0,0,0,0,0,0%,0,0.1,0,0.1,0%,0,0,0,1,0.1,2.55,0.2,91%,47.2,0.1,0.3,3.4,0.2,0.1,66,0.2,0.1,67,0.1,5,3,4.7,13.4,1.2,2.8,4.8,67,30,1,0.4,1,0.4,13,2,0,10.7,6.7,No recurring injuries,Below Average,4.7,69,0.9,0,0,0,0,0,0,0,0,0,0,1.2,1.1
First Division,Vallecano,0.53,Pep Chavarría,D (L),M (L),28,"5'9""",Very Strong,Weak,7.07,1,1326,0,0,0,0,0,0,0,0%,0,0,0,0,0%,0,0,0,2,0.1,1.09,0.1,93%,65.8,0.1,1.2,7.9,2.9,0.5,19,2.9,0.5,19,0.9,9,0,12.8,11.5,2.3,3.7,7.7,85,40,1,0.3,0.5,0.3,14,2,0,10.8,16.7,No recurring injuries,Below Average,2.1,52,0.1,0,0,0,0,0,0,0,0,0,0,1.3,1
Second Division,Zaragoza,0.48,Martín Aguirregabiria,D (R),,30,"5'10""",Weak,Very Strong,6.9,1,1159,0,0,0,1.55,1.55,-1.55,0.1,0%,0.2583333333,0.5,0.1,0.2,17%,1,0,0,2,0.2,0.79,0.1,84%,55.4,0.2,1.2,7.7,1.4,0.4,27,1.4,0.4,28,0.5,10,2,14.4,12.4,1.9,2.8,7.9,76,33,3,0.4,0.9,0.5,16,1,0,11.3,15.7,No recurring injuries,Above Average,2.7,63,0.2,0,0,0,0,0,0,0,0,0,0,1.2,0.8
Second Division,Espanyol,0.57,Jofre Carreras,AM (R),"D (R), WB/M/AM (L)",25,"5'9""",Reasonable,Very Strong,6.86,0,1324,0,0,0,0.37,0.37,-0.37,0,0%,0.0925,0.3,0.1,0.1,25%,0,0,0,2,0.1,1.88,0.1,84%,41.8,0,1.2,4.4,6.7,0.4,6,6.7,0.4,6,3.1,21,2,14.1,11.1,1.9,3,9.7,82,34,1,0.5,1,0.1,18,1,0,12.3,24.2,No recurring injuries,Below Average,3,43,0.2,0,0,0,0,0,0,0,0,0,0,1,1.1
Serie A,Celesti,0.5,Mario Gila,D (C),,26,"6'0""",Reasonable,Very Strong,6.82,0,1735,0,0,0,1.39,1.39,-1.39,0.1,0%,0.1544444444,0.5,0.1,0,11%,0,0,0,1,0.1,0.59,0,94%,48,0.1,0.2,1.9,0,0,0,0,0,0,0,7,0,2.5,15,0.4,2.6,2.1,89,9,1,0.5,0.5,0.4,15,2,0,10.2,3.6,No recurring injuries,Very Low,4.6,72,1,0,0,0,0,0,0,0,0,0,0,1.2,1.1
Second Division,Leonesa,0.48,Peru Rodríguez,D (C),,24,"5'11""",Fairly Strong,Very Strong,6.68,0,1101,0,0,0,0.28,0.28,-0.28,0,0%,0.056,0.4,0,0.2,0%,1,0,0,0,0,0.29,0,90%,40,0,0.2,2,0,0,0,0,0,0,0.1,2,0,3.2,12.3,0.2,3,2.1,67,3,1,0.8,1.1,0.6,3,0,0,9.4,3.8,No recurring injuries,High,3.7,64,0.2,0,0,0,0,0,0,0,0,0,0,0.8,1.1
Premier League,Alverca SAD,0.45,Sabit Abdulai,M (C),,27,"6'2""",Very Weak,Very Weak,6.78,1,1075,0,0,0,0.3,0.3,-0.3,0,0%,0.06,0.4,0.1,0.1,20%,0,0,0,0,0,1.48,0.1,89%,53.1,0.1,0.4,3.3,0.2,0.2,100,0.2,0.2,100,0.1,6,1,7.1,10.8,1.9,3.6,5.6,77,30,3,0.5,0.7,0.1,14,0,0,11.8,11.6,No recurring injuries,Above Average,2.6,52,0.3,0,0,0,0,0,0,0,0,0,0,0.8,1.3
Serie A,Parthenope,0.5,Miguel Gutiérrez,WB (L),,25,"5'11""",Very Strong,Reasonable,6.72,0,1496,0,0,0,0.02,0.02,-0.02,0,0%,0.02,0.1,0,0,0%,0,0,0,0,0,1.52,0.1,84%,54.4,0.2,1.5,6,7.6,1,12,6.9,0.8,12,2.8,19,3,14.7,12,1.7,2.4,9.7,72,39,0,0.9,1,0.2,31,3,0,11.7,23.7,No recurring injuries,Very Low,3.7,42,0.3,0,0,0,0,0,0,0,0,0,0,1.4,1.1
Second Division,Alavés,0.5,Adrián,GK,,25,"6'5""",Weak,Very Strong,6.75,0,1530,0,0,0,0,0,0,0,0%,0,0,0,0,0%,0,0,0,0,0,0,0,79%,24.1,0,0.1,0,0,0,0,0,0,0,0,0,0,9.2,2.6,0,0,0,0,1,0,0,3.6,0,0,0,0,5.5,0,No recurring injuries,Below Average,0,0,0,5,1.12,0,72,18,26,8,20,1,0,1,1.2
Second Division,Tarragona,0.51,Diego Altube,GK,,26,"6'2""",Reasonable,Very Strong,6.51,0,1170,0,0,0,0,0,0,0,0%,0,0,0,0,0%,0,0,0,0,0,0,0,68%,25,0,0,0.2,0,0,0,0,0,0,0,2,0,9.2,5.3,0.1,0.2,0,25,4,0,0,3.9,0,0,0,0,5.2,0,No recurring injuries,Average,0,0,0,2,1.53,0,78,28,31,10,20,4,25,1.2,1.5
Second Division,Coruña,0.5,Diego Barri,DM,,31,"6'2""",Reasonable,Very Strong,6.9,0,1273,0,0,0,0.71,0.71,-0.71,0.1,0%,0.071,0.7,0.1,0.3,10%,0,0,0,2,0.1,1.72,0.1,94%,53.1,0.2,0.8,3.9,0.4,0.2,60,0.4,0.2,60,0.1,6,0,8.2,11.1,1.1,2.3,5.9,59,27,0,0.3,0.7,0.1,12,0,0,12.2,12,Recurring tight groin,Very High,3.2,62,0.8,0,0,0,0,0,0,0,0,0,0,0.8,1.3
Second Division,Huesca,0.53,Toni Abad,D (R),,30,"5'9""",Weak,Very Strong,6.78,0,1522,0,0,0,1.03,1.03,-1.03,0.1,0%,0.07923076923,0.8,0.4,0.3,46%,0,0,0,1,0.1,1.48,0.1,84%,53.5,0.1,1,7.3,2.1,0.4,16,2.1,0.4,17,0.5,10,2,13.6,12.5,2.4,2.5,8.6,80,51,1,0.4,1.1,1.1,17,1,0,11.2,15.8,No recurring injuries,Average,3.5,47,0.4,0,0,0,0,0,0,0,0,0,0,0.8,0.9
First Division,Barcelona,0.61,Joan García,GK,,25,"6'3""",Weak,Very Strong,6.85,1,1440,0,0,0,0,0,0,0,0%,0,0,0,0,0%,0,0,0,0,0,0,0,95%,24.6,0,0,0.1,0,0,0,0,0,0,0,1,0,6.7,5.2,0,0.2,0,0,2,0,0,1.3,0,0,0,0,6.1,0.1,No recurring injuries,Below Average,0,0,0,4,-1.27,1,73,10,22,12,17,2,0,1.7,1.1
First Division,Levante,0.39,Oriol Rey,DM,,28,"5'11""",Very Strong,Weak,6.66,0,1171,0,0,0,0.49,0.49,-0.49,0,0%,0.098,0.4,0.1,0.2,20%,0,0,0,0,0,0.19,0,93%,44.1,0,0.5,5.6,0,0,0,0,0,0,0.1,8,1,9.7,10.4,1.3,1.8,5.5,71,24,1,0.5,0.6,0.3,12,2,0,9.7,10.2,No recurring injuries,Average,2.9,53,0.3,0,0,0,0,0,0,0,0,0,0,0.5,1.5
Second Division,Almería,0.5,Edgar,D (C),,29,"6'4""",Weak,Very Strong,7.14,0,1125,0,0,0,0.31,0.31,-0.31,0,0%,0.0775,0.3,0,0.2,0%,0,0,0,3,0.2,0.84,0.1,93%,43.8,0,0.3,2.1,0.1,0,0,0.1,0,0,0,1,0,3.9,19.2,1.1,3.1,4,82,17,1,0.6,1.2,0.9,8,1,0,9.7,5.9,No recurring injuries,Average,5.2,82,1.4,0,0,0,0,0,0,0,0,0,0,1.4,1.1
First Division,Atlético Pamplona,0.5,Javi Galán,D (L),,32,"5'8""",Very Strong,Weak,6.89,0,1293,0,0,0,0.61,0.61,-0.61,0,0%,0.1016666667,0.4,0.3,0.3,67%,0,0,0,1,0.1,1.76,0.1,92%,60.8,0.1,1,7.3,3.7,0.6,15,1.9,0.3,18,1.3,18,5,13.4,13.2,2,2.2,7.1,74,39,0,0.5,0.3,0.2,17,0,0,11.5,17.3,No recurring injuries,Low,3,37,0,0,0,0,0,0,0,0,0,0,0,1.2,1.1
Second Division,Coruña,0.5,Miguel Loureiro,D (R),WB (R),30,"5'11""",Weak,Very Strong,6.79,0,1315,0,0,0,1.6,1.6,-1.6,0.1,0%,0.1777777778,0.6,0,0,0%,0,0,0,1,0.1,1.53,0.1,89%,44.6,0.3,0.7,3.4,0.9,0.1,7,0.9,0.1,8,0.1,3,1,5.1,12.5,0.6,3,3.2,60,15,2,0.5,1.4,0.6,7,3,0,10.7,6.6,No recurring injuries,Below Average,3.5,55,0.8,0,0,0,0,0,0,0,0,0,0,0.8,1.2
First Division,Granada,0.42,Gerard Gumbau,DM,,31,"6'2""",Very Strong,Reasonable,6.84,1,1208,0,0,0,0.04,0.04,-0.04,0,0%,0.02,0.1,0.1,0.1,50%,0,0,0,5,0.4,1.71,0.1,88%,53.2,0.4,0.8,6,3.1,0.7,23,0.1,0.1,50,0.2,5,1,6.3,15.1,1.5,2.7,5.4,74,27,0,0.4,0.7,0.1,10,0,0,11.2,11.5,No recurring injuries,Below Average,2.5,79,0.3,0,0,0,0,0,0,0,0,0,0,1,1.9
Second Division,Málaga,0.57,Toni Lato,D (L),,29,"5'8""",Very Strong,Weak,6.9,1,1153,0,0,0,0.13,0.13,-0.13,0,0%,0.065,0.2,0.1,0.1,50%,0,0,0,2,0.2,2.06,0.2,87%,57.1,0.2,1.1,7.7,3.4,0.5,16,2.8,0.4,14,1,16,1,12.3,15.1,1.9,3.3,7.3,89,27,0,0.3,1.1,0.5,24,1,0,11.6,17.3,No recurring injuries,Below Average,3.8,53,0.2,0,0,0,0,0,0,0,0,0,0,1.5,0.8
First Division,A. Bilbao,0.61,Unai Simón,GK,,29,"6'3""",Reasonable,Very Strong,6.79,1,1800,0,0,0,0,0,0,0,0%,0,0,0,0,0%,0,0,0,0,0,0,0,92%,23.9,0,0,0.1,0,0,0,0,0,0,0,4,0,3.6,6.2,0.1,0.1,0,100,1,0,0,0.9,0,0,0,0,6.1,0.1,No recurring injuries,Below Average,0,0,0,5,2.11,1,76,18,41,12,25,1,100,1.8,1.2
Second Division,Tenerife,0.44,José León,D (C),,31,"6'1""",Very Strong,Weak,6.78,0,1645,0,0,0,0.78,0.78,-0.78,0,0%,0.195,0.2,0,0.1,0%,1,0,0,0,0,0.98,0.1,92%,40.8,0,0.1,1.5,0,0,0,0,0,0,0.1,3,0,3.5,13.3,0.4,3.3,2.1,89,9,1,0.5,0.6,1.1,11,4,0,10,3.7,No recurring injuries,Average,3.8,77,0.7,0,0,0,0,0,0,0,0,0,0,1,1.4
Second Division,Valladolid,0.54,Miquel Parera,GK,,30,"5'11""",Weak,Very Strong,6.59,0,1599,0,0,0,0,0,0,0,0%,0,0,0,0,0%,0,0,0,0,0,0,0,64%,24.5,0,0,0.2,0,0,0,0,0,0,0,4,0,7.8,5,0,0,0,0,3,0,0,3.4,0,0,0,0,5.3,0,No recurring injuries,Average,0,0,0,4,-8.03,0,62,9,22,6,24,3,0,1.5,1.4
Second Division,F.C. Andorra,0.45,Diego Alende,D (C),DM,29,"6'0""",Fairly Strong,Very Strong,6.74,1,1430,0,0,0,1.21,1.21,-1.21,0.1,0%,0.15125,0.5,0.1,0.1,13%,0,0,0,0,0,0.16,0,92%,43.2,0,0.1,2,0.1,0,0,0.1,0,0,0.1,2,0,4.1,16,0.7,2.6,3.3,85,13,1,0.7,1.4,0.7,10,2,0,9.8,5.5,No recurring injuries,Below Average,3.4,56,0.4,0,0,0,0,0,0,0,0,0,0,0.9,1.3
Second Division,Córdoba,0.5,Christian Carracedo,AM (R),,30,"5'10""",Weak,Very Strong,7.22,4,1440,0,0,0,5.55,5.55,-5.55,0.3,0%,0.1233333333,2.8,1.2,0.7,44%,1,0,0,3,0.2,3.8,0.2,89%,45.2,0.5,2.1,3.5,3.8,0.9,25,3.2,0.9,27,5.2,20,2,16.9,5.8,1.6,1.9,10.3,76,33,1,0.2,0.6,0,18,1,0,11.3,16.6,No recurring injuries,Low,3.6,35,0.1,0,0,0,0,0,0,0,0,0,0,1.2,1.2
First Division,Atlético Pamplona,0.5,Alejandro Catena,D (C),,32,"6'4""",Weak,Very Strong,6.88,1,1063,0,0,0,0.45,0.45,-0.45,0,0%,0.15,0.3,0.2,0.1,67%,0,0,0,0,0,0.11,0,93%,51.7,0.2,0.2,2.1,0,0,0,0,0,0,0,1,0,2.9,14.3,0.6,3.4,2.9,78,9,2,0.4,0.9,0.3,5,2,0,10.2,4.3,No recurring injuries,Below Average,4.9,66,0.8,0,0,0,0,0,0,0,0,0,0,1.4,1.3
Second Division,R. Santander,0.51,Jokin Ezkieta,GK,,30,"6'4""",Weak,Very Strong,6.88,2,1620,0,0,0,0,0,0,0,0%,0,0,0,0,0%,0,0,0,0,0,0,0,85%,23.6,0,0.1,0.1,0,0,0,0,0,0,0,5,0,7.6,3.9,0,0,0,0,1,0,0,2.5,0,1,1,0,5.3,0,No recurring injuries,Average,0,0,0,5,7.44,1,73,13,25,8,17,1,0,1.2,0.9
Second Division,Tenerife,0.44,Nacho Gil,AM (L),M/AM (R),31,"5'7""",Reasonable,Very Strong,6.76,0,1216,0,0,0,1.39,1.39,-1.39,0.1,0%,0.139,0.7,0,0.2,0%,0,0,0,3,0.2,5.27,0.4,88%,44.6,0.5,1.8,5,5.7,1.3,23,2.6,0.7,26,2.7,12,2,15.1,5.2,1.8,1.9,9.3,83,29,0,0.4,0.4,0,24,1,0,11.7,12.2,No recurring injuries,Above Average,2.2,13,0,0,0,0,0,0,0,0,0,0,0,1.2,1.3
Second Division,Leganés,0.5,Juan Soriano,GK,,29,"6'1""",Very Strong,Weak,6.95,5,1530,0,0,0,0,0,0,0,0%,0,0,0,0,0%,0,0,0,0,0,0,0,77%,24.1,0,0,0,0,0,0,0,0,0,0,2,0,7.8,3.5,0,0,0,0,1,0,0,1.9,0,0,0,0,6.7,0,No recurring injuries,Below Average,0,0,0,6,7.53,0,81,23,29,9,14,1,0,1,0.8
Second Division,Albacete,0.41,Jesús Vallejo,D (C),,29,"6'0""",Reasonable,Very Strong,6.99,2,1244,0,0,0,0.29,0.29,-0.29,0,0%,0.0725,0.3,0.1,0.2,25%,1,0,0,1,0.1,0.63,0,94%,40.8,0,0.1,1.9,0,0,0,0,0,0,0,3,0,3,15.8,0.6,2,3.5,67,12,3,0.7,1.5,0.7,9,2,0,9.4,3.3,No recurring injuries,High,4.9,85,0.9,0,0,0,0,0,0,0,0,0,0,1.2,1.2
First Division,Oviedo,0.45,Aarón Escandell,GK,,31,"6'2""",Weak,Very Strong,6.31,0,1350,0,0,0,0,0,0,0,0%,0,0,0,0,0%,0,0,0,0,0,0,0,91%,23.6,0,0,0.1,0,0,0,0,0,0,0,4,0,5.8,4.9,0,0.1,0,0,4,0,0,1.5,0,0,0,0,5.5,0,No recurring injuries,Below Average,0,0,0,2,-10.6,0,63,24,23,6,31,4,0,1.1,2.1
First Division,Oviedo,0.45,David Costas,D (C),,31,"6'0""",Reasonable,Very Strong,6.5,0,1243,0,0,0,0.41,0.41,-0.41,0,0%,0.06833333333,0.4,0.1,0.2,17%,1,0,0,1,0.1,1.05,0.1,92%,50.1,0.1,0.2,2.2,0,0,0,0,0,0,0,2,0,2.7,14.6,0.3,3.3,2.5,80,5,2,0.9,0.7,0.9,4,2,0,9.7,4.1,No recurring injuries,Below Average,3.8,69,0.2,0,0,0,0,0,0,0,0,0,0,1,2.1
Second Division,Córdoba,0.5,Carlos Albarrán,D (R),D (L),32,"6'1""",Weak,Very Strong,7.06,0,1405,0,0,0,0.8,0.8,-0.8,0.1,0%,0.08888888889,0.6,0.1,0.1,11%,0,0,0,2,0.1,3.77,0.2,90%,54.7,0.3,1,8,1.5,0.3,16,1.5,0.3,17,1,8,2,12.1,11.4,1.9,3.5,7.7,75,40,1,0.4,0.8,0.5,30,6,0,12,16.7,No recurring injuries,Low,6,78,0.6,0,0,0,0,0,0,0,0,0,0,1.2,1.1
First Division,Sevilla,0.43,Antonio Sivera,GK,,30,"6'1""",Weak,Very Strong,6.71,0,1350,0,0,0,0,0,0,0,0%,0,0,0,0,0%,0,0,0,0,0,0,0,78%,22.3,0,0,0,0,0,0,0,0,0,0,7,0,6.7,3.3,0,0,0,0,2,0,0,1.7,0,1,1,0,5.4,0,No recurring injuries,Above Average,0,0,0,4,0.24,0,78,20,38,11,19,2,0,1.2,1.3
Second Division,Huesca,0.53,Joaquín,D (C),,30,"6'3""",Very Strong,Reasonable,6.84,1,1423,0,0,0,0.4,0.4,-0.4,0,0%,0.04444444444,0.6,0.2,0.3,33%,1,0,0,0,0,0.68,0,89%,41.8,0.1,0.1,1.8,0.1,0,0,0.1,0,0,0.1,0,0,2.9,17.1,0.6,3.5,3.2,83,12,2,0.6,1,0.7,3,0,1,9.9,3.2,No recurring injuries,Average,5.6,70,0.9,0,0,0,0,0,0,0,0,0,0,0.9,0.8
Serie A,AS Roma,0.5,Mario Hermoso,D (C),D (L),31,"6'0""",Very Strong,Reasonable,6.88,0,1838,0,0,0,0.3,0.3,-0.3,0,0%,0.075,0.2,0,0.1,25%,0,0,0,1,0,0.6,0,95%,55.8,0.1,0.3,3.6,0,0,100,0,0,100,0,4,1,3.5,14.5,0.5,2.6,2.4,67,15,2,0.7,1.2,0.3,17,4,2,10.6,5.8,No recurring injuries,Average,4.5,75,0.9,0,0,0,0,0,0,0,0,0,0,1.3,1.3
First Division,Atlético Pamplona,0.5,Iker Muñoz,DM,,24,"5'10""",Fairly Strong,Very Strong,6.95,0,1094,0,0,0,0.64,0.64,-0.64,0.1,0%,0.1066666667,0.5,0,0.1,0%,0,0,0,2,0.2,3.17,0.3,91%,58.4,0.2,1.1,4.1,0.1,0,0,0.1,0,0,0.3,10,0,7.2,12.3,1.2,2.4,6.1,82,17,1,0.6,0.9,0.2,4,0,0,10.7,9.9,No recurring injuries,Low,1.3,25,0,0,0,0,0,0,0,0,0,0,0,1.4,1.1
Second Division,Espanyol,0.57,Fernando Calero,D (C),,31,"6'0""",Fairly Strong,Very Strong,6.94,0,1505,0,0,0,0.78,0.78,-0.78,0,0%,0.078,0.6,0.1,0.2,20%,0,0,0,1,0.1,0.41,0,95%,45.5,0,0.3,2.8,0.1,0,0,0.1,0,0,0,4,0,3.8,15.2,0.5,2.9,2.6,89,9,3,0.5,0.9,0.5,7,2,0,9.9,3.9,No recurring injuries,Below Average,4.4,66,0.8,0,0,0,0,0,0,0,0,0,0,1.1,1
First Division,Granada,0.42,Luca Zidane,GK,,28,"6'0""",Reasonable,Very Strong,6.26,0,1260,0,0,0,0,0,0,0,0%,0,0,0,0,0%,0,0,0,0,0,0,0,77%,24.6,0,0,0.3,0,0,0,0,0,0,0,7,0,8.4,4.3,0,0,0,0,1,0,0,3.7,0,0,0,0,5.1,0,No recurring injuries,Average,0,0,0,1,2.28,1,70,12,33,18,27,1,0,1,1.9
Second Division,Tarragona,0.51,Sergio Camus,D (R),D (L),29,"5'9""",Fairly Strong,Very Strong,6.75,0,1242,0,0,0,1.5,1.5,-1.5,0.1,0%,0.1666666667,0.7,0.2,0.1,33%,0,0,0,1,0.1,0.62,0,90%,51.8,0,1.4,7,2.3,0.4,15,2.3,0.4,16,0.5,10,3,14.1,8.2,1.7,3,8.1,75,32,0,0.3,1.2,0.9,9,0,0,11.3,15.8,No recurring injuries,Below Average,4.1,55,0.6,0,0,0,0,0,0,0,0,0,0,1.3,1.4
First Division,Getafe,0.38,Juan Iglesias,D (R),D (C),28,"6'1""",Weak,Very Strong,6.66,0,1091,0,0,0,0.2,0.2,-0.2,0,0%,0.2,0.1,0,0,0%,0,0,0,0,0,1.56,0.1,83%,47.7,0,1.5,5.1,5.9,1.2,20,5.9,1.2,21,2.8,8,6,18.6,7.4,1.7,2.6,9.7,78,27,0,0.3,0.3,0.6,22,2,0,11.7,24.1,No recurring injuries,Average,3.5,65,0.6,0,0,0,0,0,0,0,0,0,0,1,1.5
Second Division,Almería,0.5,Iddrisu Baba,DM,M (C),30,"6'0""",Reasonable,Very Strong,7.02,0,1499,0,0,0,0.67,0.67,-0.67,0,0%,0.1116666667,0.4,0,0.2,0%,0,0,0,1,0.1,0.49,0,91%,52.9,0.1,0.5,4,0.2,0,0,0.2,0,0,0.1,8,3,7,16.6,1.4,2.3,5.7,85,27,0,0.4,0.5,0.3,20,2,0,12,12.4,No recurring injuries,Average,2.9,59,0.7,0,0,0,0,0,0,0,0,0,0,1.3,1
First Division,Girona,0.57,Fran Beltrán,DM,,27,"5'5""",Reasonable,Very Strong,6.89,1,1171,0,0,0,0.97,0.97,-0.97,0.1,0%,0.1077777778,0.7,0.2,0.4,33%,0,0,0,1,0.1,0.99,0.1,93%,65,0,0.7,6.5,0.2,0.2,66,0.1,0,0,0.2,8,0,5.8,12.8,1.2,2.6,6.9,88,17,3,0.6,1.1,0,3,0,0,11.2,12.8,No recurring injuries,Below Average,0.9,33,0,0,0,0,0,0,0,0,0,0,0,1.7,1.2
Second Division,Almería,0.5,Alejandro Pozo,D (R),M (R),27,"5'9""",Reasonable,Very Strong,6.81,0,1469,0,0,0,0.54,0.54,-0.54,0,0%,0.135,0.2,0.1,0.1,25%,0,0,0,0,0,0.76,0,88%,61.1,0,0.6,7.5,1.1,0.1,11,1.1,0.1,11,1.5,12,1,14,12.4,1.9,2.8,7.5,91,34,1,0.5,0.7,0.4,16,1,0,11.7,14.5,No recurring injuries,Above Average,2.5,27,0.1,0,0,0,0,0,0,0,0,0,0,1.3,1.1
Ligue 1 McDonald's,Saint-Étienne,0.5,Óscar,AM (C),M (C),28,"5'9""",Reasonable,Very Strong,6.68,0,1111,0,0,0,1.44,1.44,-1.44,0.1,0%,0.06857142857,1.7,0.8,0.9,48%,1,0,0,3,0.2,2.02,0.2,86%,40.3,0.5,2,2.8,8.9,0.8,9,1,0,0,1.3,8,3,20.2,7.9,0.6,1.8,4.9,100,7,0,0.2,0.3,0.1,6,0,0,11.1,9.6,No recurring injuries,High,2.9,14,0,0,0,0,0,0,0,0,0,0,0,0.6,1.3
Second Division,Málaga,0.57,Álex Martín,D (C),,28,"6'0""",Weak,Very Strong,6.91,1,1461,0,0,0,0,0,0,0,0%,0,0,0,0,0%,0,0,0,0,0,0.49,0,92%,41.3,0.1,0,1.7,0,0,0,0,0,0,0,1,2,3.3,15.3,0.4,2.7,2.2,86,7,0,0.4,0.7,0.4,11,3,0,9.5,2.8,No recurring injuries,Below Average,5.2,76,1.9,0,0,1,0,0,0,0,0,0,0,1.5,0.7
First Division,Burgos,0.35,Sergio González,D (C),,29,"6'0""",Weak,Very Strong,6.45,0,1201,0,0,0,0.42,0.42,-0.42,0,0%,0.14,0.2,0,0,0%,0,0,0,0,0,0,0,92%,42.6,0.1,0.1,2.1,0.1,0,0,0.1,0,0,0,2,1,4.5,9.1,0.5,2.8,2.7,64,11,2,0.5,1.4,0.7,6,0,0,10.5,3.8,No recurring injuries,Above Average,4,55,0.5,0,0,0,0,0,0,0,0,0,0,1.1,1.9
Second Division,F.C. Andorra,0.45,Sergio Molina,DM,,30,"5'10""",Fairly Strong,Very Strong,6.96,0,1361,0,0,0,1.45,1.45,-1.45,0.1,0%,0.1611111111,0.6,0.1,0.3,22%,0,0,0,2,0.1,3.3,0.2,91%,52.8,0.4,0.9,6,0.1,0,0,0.1,0,0,0.1,8,0,6.4,13,1,3.1,5.7,71,21,0,0.6,1.1,0.2,11,1,0,11.9,10.8,No recurring injuries,Below Average,2,33,0.1,0,0,0,0,0,0,0,0,0,0,1.1,1.2
First Division,Villarreal,0.53,Santi Comesaña,M (C),,30,"6'0""",Fairly Strong,Very Strong,6.96,1,1315,0,0,0,0.4,0.4,-0.4,0,0%,0.08,0.3,0.1,0.1,40%,0,0,0,1,0.1,1.03,0.1,93%,63.8,0.1,0.6,6.9,0.1,0,0,0.1,0,0,0.1,5,0,6.3,12.7,1,2.3,6.6,83,18,1,0.4,0.9,0.1,12,3,0,11.9,13.2,No recurring injuries,Average,3.1,60,0.7,0,0,0,0,0,0,0,0,0,0,1.4,1.6
Second Division,Córdoba,0.5,Rubén Alves,D (C),,32,"6'0""",Very Strong,Weak,6.87,0,1596,0,0,0,0.21,0.21,-0.21,0,0%,0.07,0.2,0,0.1,0%,0,0,0,0,0,1.38,0.1,92%,43.6,0,0.2,2,0.1,0.1,50,0.1,0.1,50,0.1,5,0,3.6,14.2,0.4,3.2,2.2,78,9,3,1,1.1,0.8,5,1,0,10,5,No recurring injuries,Average,3.2,68,0.2,0,0,0,0,0,0,0,0,0,0,1.2,1.1
Second Division,Huesca,0.53,Jaime Seoane,M (C),AM (C),29,"5'9""",Fairly Strong,Very Strong,7.01,2,1286,0,0,0,0.78,0.78,-0.78,0.1,0%,0.07090909091,0.8,0.1,0.4,9%,2,0,0,2,0.1,1.6,0.1,91%,57.5,0.1,0.9,6.4,0.2,0,0,0.2,0,0,0.2,16,0,4.6,17.2,1.4,1.9,5.2,77,26,1,0.5,0.7,0.1,7,1,0,11.3,11.3,No recurring injuries,Below Average,1.8,19,0.2,0,0,0,0,0,0,0,0,0,0,0.8,0.9
First Division,Oviedo,0.45,Dani Calvo,D (C),,32,"6'3""",Reasonable,Very Strong,6.81,0,1350,0,0,0,0.51,0.51,-0.51,0,0%,0.102,0.3,0.1,0.1,40%,0,0,0,0,0,0.31,0,93%,45.5,0.1,0.1,1.5,0.1,0,0,0.1,0,0,0.1,2,0,3.9,10.2,1.2,1.7,2.7,95,19,2,0.7,1.6,0.3,6,0,0,10.2,3.6,No recurring injuries,Below Average,4.3,81,1,0,0,0,0,0,0,0,0,0,0,1.1,2.1
Premier League,Man City,0.56,Rodri,DM,D (C),30,"6'3""",Fairly Strong,Very Strong,6.94,0,1500,0,0,0,0.73,0.73,-0.73,0,0%,0.0228125,1.9,0.7,1.6,34%,0,0,0,2,0.1,1.03,0.1,92%,51.1,0.2,0.7,7.7,0.1,0.1,100,0.1,0.1,100,0,4,1,4.7,7.6,0.7,2.2,2.8,69,16,0,0.4,0.5,0.3,8,1,0,12.1,11,No recurring injuries,Below Average,4.7,70,1.4,0,0,0,0,0,0,0,0,0,0,3.1,1.1
Premier League,Aston Villa,0.54,Pau Torres,D (C),,29,"6'3""",Very Strong,Reasonable,7,0,1440,0,0,0,0.27,0.27,-0.27,0,0%,0.135,0.1,0,0.1,0%,0,0,0,1,0.1,0.1,0,94%,65.2,0,0.2,4.4,0,0,0,0,0,0,0.2,2,0,4.4,9.9,0.8,3.4,2.9,75,16,0,1,0.9,1,3,0,0,10.8,6.4,No recurring injuries,High,6.7,81,2.5,0,0,2,0,0,0,0,0,0,0,1.4,1.5
Serie A,Blu-neri,0.5,Andrei Raţiu,D (R),,28,"6'0""",Reasonable,Very Strong,7.33,3,1217,0,0,0,0.06,0.06,-0.06,0,0%,0.03,0.1,0,0.1,0%,0,0,0,2,0.1,2.26,0.2,89%,46.8,0.4,2.1,5.9,8.1,1.3,15,8.1,1.3,16,3,11,1,18.3,10.9,3.1,3.4,11.4,91,46,5,0.7,1,0.3,21,3,1,12.9,26.2,No recurring injuries,Low,3.5,55,0.3,0,0,0,0,0,0,0,0,0,0,1.9,0.4
Second Division,Albacete,0.41,Carlos Neva,D (L),M/AM (L),30,"5'9""",Very Strong,Weak,7.14,0,1520,0,0,0,0.23,0.23,-0.23,0,0%,0.115,0.1,0,0.1,0%,0,0,0,2,0.1,2.67,0.2,85%,57.8,0.2,1.5,8.2,4.4,1.1,25,2.7,0.8,28,0.8,18,1,15.4,9.9,2.4,3,7.9,89,45,2,0.5,1.2,0.9,23,3,0,11.8,15.8,No recurring injuries,Average,2.7,57,0.4,0,0,0,0,0,0,0,0,0,0,0.8,1.2
First Division,Real San Sebastián,0.5,Igor Zubeldia,D (C),DM,29,"5'11""",Fairly Strong,Very Strong,6.82,2,1584,0,0,0,0.93,0.93,-0.93,0.1,0%,0.155,0.3,0.1,0.1,33%,1,0,0,1,0.1,1.28,0.1,93%,54.8,0,0.2,2.3,0.1,0,0,0.1,0,0,0.1,4,0,2.8,17.2,0.7,2.7,3.5,59,22,7,0.5,1,0.5,17,5,1,9.8,5.3,No recurring injuries,Below Average,3.4,56,0.2,0,0,0,0,0,0,0,0,0,0,1.3,1.1
First Division,Real Hispalis,0.53,Júnior Firpo,D (L),,30,"6'0""",Very Strong,Reasonable,6.86,0,1297,0,0,0,0,0,0,0,0%,0,0,0,0,0%,0,0,0,1,0.1,2.16,0.1,90%,60,0.3,1.3,8.4,1.5,0.3,18,1.5,0.3,18,0.6,15,2,14.2,13.9,2.1,3.4,8.3,83,36,0,0.2,1,0.2,16,0,0,11.1,15.9,No recurring injuries,High,3.5,60,0.5,0,0,0,0,0,0,0,0,0,0,1.6,0.8
First Division,Real San Sebastián,0.5,Álex Remiro,GK,,31,"6'4""",Reasonable,Very Strong,6.88,2,1440,0,0,0,0,0,0,0,0%,0,0,0,0,0%,0,0,0,0,0,0,0,79%,25.8,0,0,0,0,0,0,0,0,0,0,4,0,4.9,5.1,0,0,0,0,1,0,0,1.6,0,0,0,0,6.2,0.1,No recurring injuries,Low,0,0,0,6,0.44,1,75,12,24,11,16,1,0,1.1,1
First Division,Levante,0.39,Carlos Álvarez,AM (R),M (RC),23,"5'6""",Very Strong,Reasonable,6.49,0,1198,0,0,0,0.71,0.71,-0.71,0.1,0%,0.06454545455,0.8,0.3,0.3,36%,0,0,0,2,0.2,3.33,0.3,92%,12.6,0.5,0.8,1.5,5.1,0.5,8,0.7,0.1,11,0.5,10,1,9.9,9.7,0.7,0.2,1.5,90,10,0,0,0,0,2,0,0,2.7,3.2,No recurring injuries,Average,0.6,13,0,0,0,0,0,0,0,0,0,0,0,0.5,1.7
Second Division,R. Santander,0.51,Aritz Aldasoro,DM,,27,"5'9""",Weak,Very Strong,6.92,0,1251,0,0,0,1.22,1.22,-1.22,0.1,0%,0.1355555556,0.6,0.1,0.2,11%,0,0,0,2,0.1,2.4,0.2,90%,54.2,0.3,0.6,4,0.3,0,0,0.3,0,0,0.2,4,0,6.9,12.9,1.5,2.3,7.1,78,27,0,0.3,0.7,0.1,13,2,0,11.6,11.6,No recurring injuries,Below Average,2.1,55,0.1,0,0,0,0,0,0,0,0,0,0,1.3,0.9
Ligue 2 BKT,Red Star FC,0.39,Pierre Lemonnier,D (C),,33,"6'0""",Weak,Very Strong,6.75,0,1004,0,0,0,0.13,0.13,-0.13,0,0%,0.04333333333,0.3,0,0.1,0%,0,0,0,0,0,0.07,0,89%,41.1,0,0.2,1.6,0,0,0,0,0,0,0,0,0,4.8,11.9,0.3,3.7,2.5,43,7,2,0.9,1.3,1.7,8,1,0,9,3.4,No recurring injuries,Above Average,4.3,60,0.6,0,0,0,0,0,0,0,0,0,0,0.5,0.9
Serie A,Sampdoria,0.5,Jordan Ferri,M (C),,34,"5'8""",Weak,Very Strong,6.33,0,1413,0,0,0,0.02,0.02,-0.02,0,0%,0.02,0.1,0.1,0,100%,0,0,0,0,0,1.17,0.1,93%,25.7,0.1,0.3,2.4,0,0,0,0,0,0,0.1,13,0,14.8,7.2,0.6,1.3,2.9,91,11,2,0.5,0.4,0.2,13,6,0,5.1,4.5,No recurring injuries,Very Low,0.5,38,0,0,0,0,0,0,0,0,0,0,0,0.7,1.6
Bundesliga 2,1. FC Saarbrücken,0.5,Joel Bichsel,D (C),D/WB (L),24,"6'4""",Very Strong,Weak,6.82,0,1350,0,0,0,0,0,0,0,0%,0,0,0,0,0%,0,0,0,0,0,0.29,0,88%,42.6,0.1,0.2,2.5,0.3,0,0,0.3,0,0,0.1,5,0,6.1,12.3,0.8,2.6,2.7,80,15,2,0.6,1.3,1.7,12,3,0,10.6,6.4,No recurring injuries,Below Average,5.4,72,1.2,0,0,0,0,0,0,0,0,0,0,0.6,1.3
Ligue 2 BKT,FC Nantes,0.59,Chidozie Awaziem,D (C),D (R),29,"6'2""",Reasonable,Very Strong,6.91,0,1002,0,0,0,1.11,1.11,-1.11,0.1,0%,0.1009090909,1,0.4,0.4,36%,1,0,0,0,0,0.92,0.1,90%,42.1,0.1,0.1,1.5,0.1,0,0,0.1,0,0,0.1,3,0,2.2,19,0.4,3.1,2.9,80,5,1,0.7,1,0.5,6,3,0,9.4,3.9,No recurring injuries,Below Average,5.6,65,1.3,0,0,0,0,0,0,0,0,0,0,1.8,0.7
Second Division,Zaragoza,0.48,Ricardo Velho,GK,,28,"6'2""",Reasonable,Very Strong,6.71,2,1350,0,0,0,0,0,0,0,0%,0,0,0,0,0%,0,0,0,0,0,0,0,85%,24.8,0,0,0,0,0,0,0,0,0,0,5,0,8.2,3.9,0,0,0,0,1,0,0,1.1,0,1,1,0,6.1,0,No recurring injuries,Below Average,0,0,0,5,7.25,1,79,16,25,10,13,1,0,1,0.9
Premier League,Arouca,0.51,Pedro Santos,DM,,26,"6'0""",Very Weak,Very Weak,6.7,0,1017,0,0,0,1.32,1.32,-1.32,0.1,0%,0.22,0.5,0.1,0.1,17%,0,0,0,4,0.4,2.2,0.2,91%,49.1,0.1,1.1,4.8,0.1,0,0,0.1,0,0,0.1,6,0,5.8,12.7,1.6,2.5,6.5,95,19,0,0.5,0.8,0.3,11,0,0,10.3,8.9,No recurring injuries,Average,2,30,0.1,0,0,0,0,0,0,0,0,0,0,1.3,0.9
First Division,Villarreal,0.53,Renato Veiga,D (L),"D (L), DM",23,"6'3""",Very Strong,Fairly Strong,6.89,0,1454,0,0,0,0.3,0.3,-0.3,0,0%,0.1,0.2,0.1,0.1,33%,0,0,0,0,0,0.25,0,94%,50,0.1,0.1,2.6,0,0,0,0,0,0,0.1,4,0,2.3,17.6,0.4,3,2.4,60,10,3,0.5,0.6,0.6,12,5,0,10.2,5,No recurring injuries,Average,3.4,73,0.5,0,0,0,0,0,0,0,0,0,0,1.4,1.5
Premier League,Moreirense,0.44,Gilberto Batista,D (C),DM,22,"6'2""",Very Weak,Very Weak,6.73,0,1080,0,0,0,0.59,0.59,-0.59,0,0%,0.1475,0.3,0.1,0,25%,0,0,0,0,0,0.06,0,91%,40.9,0,0.1,1.8,0,0,0,0,0,0,0,4,0,5.2,10,0.5,3.6,2.2,86,7,1,0.5,0.8,0.2,9,2,0,10.8,5.3,No recurring injuries,Average,5.6,69,1.2,0,0,0,0,0,0,0,0,0,0,0.8,1
Premier League,Moreirense,0.44,Dinis Pinto,D (R),M (R),26,"5'10""",Very Weak,Very Weak,6.9,0,1073,0,0,0,0.37,0.37,-0.37,0,0%,0.074,0.4,0.1,0.2,20%,0,0,0,1,0.1,2.66,0.2,84%,44.1,0.4,1.2,5,7.6,1.2,15,7.6,1.2,15,1.9,12,4,14.4,12.8,2.9,3.2,9.8,88,40,1,0.7,0.7,1.1,23,1,0,11.7,24.8,No recurring injuries,Average,3.9,78,0.5,0,0,0,0,0,0,0,0,0,0,0.8,1
Premier League,VTSC,0.46,João Mendes,D (L),WB/M (L),26,"5'10""",Very Weak,Very Weak,7.01,1,1186,0,0,0,0,0,0,0,0%,0,0.1,0,0.1,0%,0,0,0,1,0.1,1.27,0.1,89%,56.6,0.2,0.8,7.7,3,0.7,23,3,0.7,23,0.6,10,0,13.3,11.2,2.1,3.8,8,85,33,1,0.8,1.1,0.4,15,1,0,11.5,15.3,No recurring injuries,Average,4,47,0.5,0,0,0,0,0,0,0,0,0,0,1.4,1.3
Premier League,BRG,0.57,Lukáš Horníček,GK,,24,"6'6""",Weak,Very Strong,7.02,0,1980,0,0,0,0,0,0,0,0%,0,0,0,0,0%,0,0,0,0,0,0,0,86%,24.3,0,0,0,0,0,0,0,0,0,0,9,0,7.4,4,0,0,0,0,1,0,0,1.4,0,0,0,0,5.6,0,No recurring injuries,Low,0,0,0,8,7.22,0,76,16,26,12,17,1,0,1.2,0.8
Ligue 1 McDonald's,LOSC,0.57,Tiago Santos,AM (R),M/AM (R),24,"5'9""",Weak,Very Strong,7.11,1,1175,0,0,0,0.26,0.26,-0.26,0,0%,0.065,0.3,0.1,0.2,25%,0,0,0,2,0.2,3.46,0.3,95%,73.1,0.2,1.8,9,3.2,1,30,3.2,1,31,2.4,17,1,11.3,13.2,1.9,2.8,8.1,74,34,2,0.3,0.5,0.2,8,2,1,12.4,18.2,No recurring injuries,Below Average,2.5,48,0,0,0,0,0,0,0,0,0,0,0,1.8,1.2
Sky Bet Championship,Swansea,0.48,Gonçalo Franco,M (C),,26,"5'9""",Reasonable,Very Strong,6.66,0,1212,0,0,0,0.18,0.18,-0.18,0,0%,0.03,0.4,0.1,0.2,33%,0,0,0,1,0.1,2.61,0.2,89%,51.8,0.4,0.4,3.9,0.1,0,0,0.1,0,0,0.1,3,1,5.2,13.4,1.5,2.5,7.6,87,23,1,0.7,0.7,0.3,14,4,0,12.5,12,No recurring injuries,Below Average,1.2,69,0.1,0,0,0,0,0,0,0,0,0,0,1.7,0.8
Ligue 1 McDonald's,LOSC,0.57,Alexsandro Ribeiro,D (C),,27,"6'4""",Very Strong,Fairly Strong,7.03,1,1800,0,0,0,0.6,0.6,-0.6,0,0%,0.1,0.3,0.1,0.1,17%,0,0,0,1,0.1,0.99,0,95%,61.5,0.1,0.1,3.5,0,0,0,0,0,0,0.1,4,0,2.5,14.2,0.5,2.6,2.5,71,14,1,0.5,0.5,0.8,15,3,0,10,4.7,No recurring injuries,Below Average,6.2,69,1.6,0,0,0,0,0,0,0,0,0,0,1.4,1.2
First Division,Elche,0.34,Martim Neto,M (C),AM (C),23,"6'1""",Reasonable,Very Strong,6.47,0,1211,0,0,0,0.72,0.72,-0.72,0.1,0%,0.1028571429,0.5,0,0.1,0%,0,0,0,3,0.2,3.21,0.2,0%,0,0.4,0.2,0,0,0,0,0,0,0,0,10,0,15,9.2,0,0,0,0,0,0,0,0,0,0,0,0,0,0,No recurring injuries,Below Average,0,0,0,0,0,0,0,0,0,0,0,0,0,0.7,2.1
Premier League,BRG,0.57,Leonardo Lelo,M (L),,26,"5'9""",Very Strong,Weak,6.92,0,1542,0,0,0,0.35,0.35,-0.35,0,0%,0.1166666667,0.2,0.1,0.1,33%,0,0,0,3,0.2,2.03,0.1,90%,51.4,0.4,2.2,5.2,10.9,1.9,17,7.4,0.9,12,3.2,13,1,14.8,13.2,1.8,2.7,9.6,69,45,1,0.4,0.6,0.6,16,1,0,11.7,23.5,No recurring injuries,Below Average,3.3,34,0.2,0,0,0,0,0,0,0,0,0,0,1.1,0.8
Premier League,Benfica,0.59,Tomás Araújo,D (C),D (R),24,"6'0""",Reasonable,Very Strong,6.87,1,1576,0,0,0,0.94,0.94,-0.94,0.1,0%,0.1342857143,0.4,0.2,0.1,43%,0,0,0,0,0,1.57,0.1,93%,51.1,0.1,0.6,4.1,0.1,0.1,50,0.1,0.1,50,0.2,5,0,3.4,17.5,1.3,3,3.4,88,25,2,0.9,1.5,0.9,4,0,0,9.8,5.9,No recurring injuries,Above Average,5.2,54,0.6,0,0,0,0,0,0,0,0,0,0,1.5,0.7
Ligue 1 McDonald's,Auxerre,0.51,Donovan Léon,GK,,34,"6'2""",Weak,Very Strong,6.82,0,1350,0,0,0,0,0,0,0,0%,0,0,0,0,0%,0,0,0,0,0,0,0,81%,24.1,0,0,0,0,0,0,0,0,0,0,5,0,7.9,4.6,0,0,0,0,0,0,0,3.7,0,1,1,0,5.5,0,No recurring injuries,Average,0,0,0,4,5.11,0,81,21,36,9,16,0,0,1.3,1.1
Ligue 1 McDonald's,Brest,0.51,Kenny Lala,D (R),,35,"5'10""",Reasonable,Very Strong,6.78,0,1238,0,0,0,0.32,0.32,-0.32,0,0%,0.05333333333,0.4,0.1,0.4,33%,0,0,0,1,0.1,1.26,0.1,87%,54.2,0.1,1.1,7.1,3.3,0.4,11,1.3,0.1,11,0.7,3,0,11,11.4,2.4,3.2,7.3,92,36,2,0.7,1.2,0.4,13,2,0,11.2,15,No recurring injuries,Below Average,3.6,52,0.4,0,0,0,0,0,0,0,0,0,0,0.9,1.2
Ligue 1 McDonald's,Havre AC,0.43,Mory Diaw,GK,,33,"6'6""",Weak,Very Strong,6.78,2,1088,0,0,0,0,0,0,0,0%,0,0,0,0,0%,0,0,0,0,0,0,0,76%,24.9,0,0,0.2,0,0,0,0,0,0,0,8,0,8.9,3.4,0,0.2,0,0,1,0,0,3,0,0,0,0,5.7,0.1,No recurring injuries,Below Average,0,0,0,5,2.31,0,77,12,25,7,13,1,0,0.7,1.1
Ligue 1 McDonald's,FC Lorient,0.42,Laurent Abergel,"DM, M (C)",,33,"5'7""",Weak,Very Strong,6.91,1,1248,0,0,0,0.66,0.66,-0.66,0,0%,0.0825,0.6,0.1,0.3,25%,0,0,0,0,0,1.28,0.1,92%,51.9,0.4,0.7,6.6,0,0,0,0,0,0,0.1,5,0,7.2,11,1.3,2.5,7,86,21,1,1.2,0.8,0.4,11,1,0,11.6,11,No recurring injuries,Below Average,1.5,38,0,0,0,0,0,0,0,0,0,0,0,0.8,1.4
Ligue 2 BKT,Nancy,0.54,Jérémy Gélin,DM,D/M (C),29,"6'0""",Reasonable,Very Strong,6.76,1,1058,0,0,0,0.18,0.18,-0.18,0,0%,0.045,0.3,0,0.1,0%,0,0,0,1,0.1,1.74,0.1,91%,52.1,0.4,1.3,6.3,0.2,0.2,100,0.2,0.2,100,0.1,10,0,6.2,13.8,0.7,2,5.9,80,10,0,0.7,1.3,0.2,7,2,0,11.8,10.2,No recurring injuries,Below Average,1.6,58,0.2,0,0,0,0,0,0,0,0,0,0,0.6,0.8
Ligue 1 McDonald's,Saint-Étienne,0.5,Gautier Larsonneur,GK,,29,"5'11""",Weak,Very Strong,6.59,0,1350,0,0,0,0,0,0,0,0%,0,0,0,0,0%,0,0,0,0,0,0,0,81%,24.3,0,0.1,0.3,0,0,0,0,0,0,0,5,0,8.7,3.1,0,0,0,0,3,0,0,3.1,0,0,0,0,6.1,0,No recurring injuries,Below Average,0,0,0,4,1.51,0,72,13,33,7,21,3,0,0.5,1.4
Ligue 1 McDonald's,RC Lens,0.48,Adrien Thomasson,"DM, M/AM (C)",,32,"5'9""",Reasonable,Very Strong,6.95,0,1133,0,0,0,0.86,0.86,-0.86,0.1,0%,0.09555555556,0.7,0.2,0.3,22%,0,0,0,3,0.2,3.73,0.3,93%,62.5,0.5,1.2,8.3,6,1.5,25,0.4,0.2,40,0.5,5,0,7.1,9.5,1.8,3.6,6,79,29,0,0.3,0.6,0.2,5,1,0,12.6,15.2,No recurring injuries,Below Average,1.4,47,0.1,0,0,0,0,0,0,0,0,0,0,1,0.7
Bundesliga,Eintracht Frankfurt,0.46,Ellyes Skhiri,DM,,31,"6'1""",Reasonable,Very Strong,6.78,0,1101,0,0,0,0.46,0.46,-0.46,0,0%,0.06571428571,0.6,0.2,0.2,29%,1,0,0,0,0,0.85,0.1,92%,58.9,0.1,0.4,3.4,0.2,0,0,0.2,0,0,0.1,6,1,9.5,11,0.9,3,7.2,85,13,1,0.5,0.7,0.2,11,3,0,12.2,12.7,No recurring injuries,Average,2.8,41,0.2,0,0,0,0,0,0,0,0,0,0,1.1,1.2
Ligue 2 BKT,FC Nantes,0.59,Olivier Ntcham,M (C),,30,"5'11""",Fairly Strong,Very Strong,6.98,0,1136,0,0,0,1.74,1.74,-1.74,0.1,0%,0.1338461538,1,0.3,0.1,31%,0,0,0,5,0.4,3.19,0.3,91%,53.5,0.2,2.3,5.1,0.7,0.1,11,0.7,0.1,11,0.6,6,3,11.7,14.3,0.9,1.6,5.1,79,14,2,0.6,0.9,0,4,0,0,12.1,11.8,No recurring injuries,Average,2,32,0,0,0,0,0,0,0,0,0,0,0,1.4,0.9
Ligue 1 McDonald's,Olympique de Marseille,0.54,Benjamin Pavard,D (C),D (R),30,"6'1""",Reasonable,Very Strong,7.05,0,1710,0,0,0,0.68,0.68,-0.68,0,0%,0.136,0.3,0.2,0.1,60%,1,0,0,1,0.1,0.46,0,95%,66.7,0.1,0.1,4.3,0.1,0.1,100,0.1,0.1,100,0.1,4,1,3.7,12.3,0.7,2.5,2.4,100,14,4,0.7,1.1,0.7,5,1,0,10.6,6,No recurring injuries,Below Average,5.7,66,1.4,0,0,0,0,0,0,0,0,0,0,0.9,1.3
Ligue 2 BKT,Clermont Foot,0.57,Théo Guivarch,GK,,31,"6'5""",Weak,Very Strong,7.2,5,1440,0,0,0,0,0,0,0,0%,0,0,0,0,0%,0,0,0,0,0,0,0,81%,23.4,0,0,0,0,0,0,0,0,0,0,4,0,8.4,3.7,0,0,0,0,1,0,0,3.4,0,0,0,0,6.4,0,No recurring injuries,Below Average,0,0,0,11,11.64,0,86,16,29,6,8,1,0,1.2,0.5
Ligue 2 BKT,FC Annecy,0.43,Florian Escales,GK,,30,"6'0""",Very Strong,Weak,6.63,0,1350,0,0,0,0,0,0,0,0%,0,0,0,0,0%,0,0,0,0,0,0,0,75%,24.3,0,0,0,0,0,0,0,0,0,0,5,0,7.8,3.9,0,0,0,0,0,0,0,3.9,0,0,0,0,5.2,0,No recurring injuries,Below Average,0,0,0,3,2.85,0,76,16,35,8,18,0,0,0.7,1.2
Premier League,Famalicão,0.5,Rodrigo Pinheiro,D (R),"D (L), WB (R)",24,"6'0""",Very Weak,Very Weak,6.69,0,1063,0,0,0,0.29,0.29,-0.29,0,0%,0.0725,0.3,0.3,0.1,75%,0,0,0,1,0.1,0.57,0,88%,59.5,0,0.8,8.4,1.6,0.3,15,1.4,0.3,18,0.8,7,0,14.1,9.4,1.4,2.3,7.8,73,22,0,0.8,0.9,1.1,20,1,0,11.6,15.7,No recurring injuries,Below Average,4,68,0.3,0,0,0,0,0,0,0,0,0,0,1.1,1.4
Ligue 2 BKT,SM Caen,0.41,Maxime Etuin,D (L),"WB (L), M (C)",31,"5'9""",Very Strong,Weak,6.97,1,1240,0,0,0,0.26,0.26,-0.26,0,0%,0.065,0.3,0,0,0%,0,0,0,1,0.1,0.92,0.1,87%,54.2,0.1,1.5,7.8,5.7,0.9,15,1,0.1,7,1.1,13,1,18.3,10.4,2.1,3.3,7.3,69,42,3,0.7,1.1,0.2,9,2,0,11.6,15.5,No recurring injuries,Below Average,4,49,0.2,0,0,0,0,0,0,0,0,0,0,1.1,1.1
Ligue 1 McDonald's,Havre AC,0.43,Gautier Lloris,D (C),,31,"6'4""",Very Strong,Weak,6.9,1,1141,0,0,0,0.56,0.56,-0.56,0,0%,0.28,0.2,0.1,0,50%,0,0,0,0,0,0.17,0,94%,43.9,0,0.3,2.7,0,0,0,0,0,0,0,2,0,3.5,14.9,0.6,2,2.6,88,8,1,0.7,1.4,1,3,1,0,9.6,2.1,No recurring injuries,High,4.7,76,0.6,0,0,0,0,0,0,0,0,0,0,0.6,0.8
Serie A,Casciavit,0.5,Mike Maignan,GK,,31,"6'3""",Reasonable,Very Strong,6.85,1,1708,0,0,0,0,0,0,0,0%,0,0,0,0,0%,0,0,0,0,0,0,0,92%,27,0,0,0.3,0,0,0,0,0,0,0,4,0,4.9,6.4,0,0.1,0,0,1,0,0,1.2,0,0,0,0,5.8,0.1,No recurring injuries,Very Low,0,0,0,7,-1.73,1,73,18,28,8,20,1,0,1.8,1.1
Eredivisie,Willem II,0.38,Thomas Didillon-Hödl,GK,,31,"6'4""",Very Strong,Weak,6.66,0,1260,0,0,0,0,0,0,0,0%,0,0,0,0,0%,0,0,0,0,0,0,0,84%,24.1,0,0,0,0,0,0,0,0,0,0,4,0,7.6,3.1,0.1,0,0,100,1,0,0,3.1,0,0,0,0,5,0,No recurring injuries,Average,0,0,0,2,5.34,1,76,7,31,10,16,1,100,0.6,1.1
Serie A,Empoli FC,0.5,Aïssa Mandi,D (C),D (RL),35,"6'0""",Reasonable,Very Strong,7.12,2,1136,0,0,0,0.83,0.83,-0.83,0.1,0%,0.166,0.4,0.1,0.2,20%,0,0,0,1,0.1,1.61,0.1,87%,52.1,0.4,0.7,6.3,1.3,0.1,5,1.3,0.1,6,0.5,12,0,11.5,8.9,2.3,3.4,5.9,94,31,2,0.5,0.9,1.2,22,3,0,9.3,12.9,No recurring injuries,Very Low,4.8,67,0.4,0,0,1,0,0,0,0,0,0,0,0.4,1.3
Ligue 1 McDonald's,Havre AC,0.43,Abdoulaye Touré,"DM, M (C)",,32,"6'2""",Weak,Very Strong,6.93,0,1050,0,0,0,0.82,0.82,-0.82,0.1,0%,0.05466666667,1.3,0.3,0.5,27%,2,0,0,0,0,1.45,0.1,92%,51.1,0.1,0.7,5.4,0.2,0.1,50,0.1,0.1,100,0.1,7,1,5,10,0.9,3.1,6.2,67,15,0,0.8,0.9,0.3,11,2,0,11.8,11.6,No recurring injuries,Above Average,3.4,68,0.3,0,0,0,0,0,0,0,0,0,0,0.5,0.9
Ligue 1 McDonald's,Rennes,0.47,Brice Samba,GK,,32,"6'2""",Very Strong,Reasonable,6.72,0,1080,0,0,0,0,0,0,0,0%,0,0,0,0,0%,0,0,0,0,0,0,0,84%,24.2,0,0,0.2,0,0,0,0,0,0,0,3,0,8,4.8,0,0.1,0,0,1,0,0,2.2,0,0,0,0,5.6,0.1,No recurring injuries,Below Average,0,0,0,2,0.92,0,77,14,26,7,15,1,0,0.8,1.2
Sky Bet Championship,QPR,0.52,Paul Nardi,GK,,32,"6'2""",Reasonable,Very Strong,6.58,0,1881,0,0,0,0,0,0,0,0%,0,0,0,0,0%,0,0,0,0,0,0,0,79%,24.9,0,0,0.2,0,0,0,0,0,0,0,5,0,8.8,4,0,0,0,0,1,0,0,2.7,0,0,0,0,5.5,0,No recurring injuries,Below Average,0,0,0,3,-2.17,1,68,16,43,14,33,1,0,1.2,1.6
First Division,Vallecano,0.53,Florian Lejeune,D (C),,35,"6'3""",Fairly Strong,Very Strong,6.73,0,1218,0,0,0,0.2,0.2,-0.2,0,0%,0.06666666667,0.2,0,0.1,0%,0,0,0,1,0.1,1.34,0.1,94%,51.7,0.3,0.4,2.7,0,0,0,0,0,0,0,6,0,2.5,15.1,0.3,2.7,1.8,67,6,0,0.7,1,1.5,7,2,1,9.9,5.1,No recurring injuries,Below Average,5.5,62,0.7,0,0,0,0,0,0,0,0,0,0,1.3,1
Ligue 2 BKT,Angers SCO,0.60,Haris Belkebla,M (C),,32,"5'10""",Reasonable,Very Strong,6.87,0,1231,0,0,0,1.13,0.32,-1.13,0.1,0%,0.226,0.4,0.1,0.2,40%,0,1,0,3,0.2,3.42,0.3,89%,50.7,0.4,0.6,5.3,0.7,0.2,33,0.1,0,0,0.2,8,0,6,17.1,1.2,2.3,7,85,20,0,0.7,0.7,0.1,24,1,0,11.4,11.4,No recurring injuries,Below Average,2.4,39,0.1,0,0,0,0,0,0,0,0,0,0,1.5,0.7
Second Division,F.C. Andorra,0.45,Guilherme Fernandes,GK,,25,"6'3""",Reasonable,Very Strong,6.74,3,1080,0,0,0,0,0,0,0,0%,0,0,0,0,0%,0,0,0,0,0,0,0,71%,23.5,0,0,0,0,0,0,0,0,0,0,5,0,6.8,4.3,0,0,0,0,1,0,0,3.7,0,0,0,0,4.6,0,No recurring injuries,Above Average,0,0,0,4,2.54,0,76,13,29,7,15,1,0,0.9,1.2
Eredivisie,AZ,0.62,Alexandre Penetra,D (C),D (R),25,"6'0""",Reasonable,Very Strong,6.95,0,1973,0,0,0,0.38,0.38,-0.38,0,0%,0.19,0.1,0,0,0%,1,0,0,1,0,1.17,0.1,94%,49.1,0.1,0.1,2.1,0,0,0,0,0,0,0,6,0,1.7,16,0.5,2.4,2.4,79,14,1,0.9,1,0.8,11,3,0,9.7,4.3,No recurring injuries,Below Average,4.3,57,0.8,0,0,0,0,0,0,0,0,0,0,1.4,0.8
Jupiler Pro League,Beerschot,0.38,Nilton Varela,D/WB (L),,25,"6'0""",Very Strong,Weak,6.79,1,1457,0,0,0,0.01,0.01,-0.01,0,0%,0.01,0.1,0,0,0%,0,0,0,4,0.2,2.84,0.2,85%,49.3,0.2,1.5,5.5,6.3,1.5,24,6,1.5,26,4.6,14,4,20.3,8.3,2.3,2,8.8,77,48,1,0.6,0.9,0.7,50,1,0,12.3,25.3,No recurring injuries,High,3.2,61,0.2,0,0,0,0,0,0,0,0,0,0,0.9,1.4
Premier League,Crystal Palace,0.49,Chris Richards,D (C),D (RL),26,"6'2""",Fairly Strong,Very Strong,6.77,0,1120,0,0,0,0.15,0.15,-0.15,0,0%,0.075,0.2,0,0.1,0%,0,0,0,0,0,0.68,0.1,94%,64.9,0.1,0.4,4.8,0.4,0.2,40,0.4,0.2,40,0.2,1,0,5.1,8.3,0.7,2.2,3.4,90,10,1,0.5,0.7,0.4,3,0,0,10.6,6.1,No recurring injuries,Above Average,4.8,75,1.4,0,0,0,0,0,0,0,0,0,0,1,1.8
Premier League,Benfica,0.59,Anatolii Trubin,GK,,25,"6'6""",Reasonable,Very Strong,6.93,1,1530,0,0,0,0,0,0,0,0%,0,0,0,0,0%,0,0,0,0,0,0,0,85%,23.4,0,0,0.3,0,0,0,0,0,0,0,4,0,5.9,6.2,0,0.1,0,0,0,0,0,2.2,0,0,0,0,5.4,0,No recurring injuries,Below Average,0,0,0,9,1.64,0,77,18,22,2,13,0,0,1.6,0.8
Bundesliga,FC Bayern München,0.5,Andriy Lunin,GK,,27,"6'3""",Reasonable,Very Strong,7.01,1,1440,0,0,0,0,0,0,0,0%,0,0,0,0,0%,0,0,0,0,0,0,0,94%,27.7,0,0,0.2,0,0,0,0,0,0,0,0,0,6.4,5.4,0,0.1,0,0,1,0,0,2.2,0,0,0,0,6.2,0.1,No recurring injuries,Low,0,0,0,7,0.73,0,74,10,28,5,15,1,0,1.9,0.9
Eredivisie,Ajax,0.60,Oleksandr Zinchenko,D (L),"DM, M (C)",29,"5'9""",Very Strong,Reasonable,6.96,1,1358,0,0,0,0.78,0.78,-0.78,0.1,0%,0.156,0.3,0.1,0.1,20%,0,0,0,3,0.2,2.18,0.1,90%,67.5,0.3,1,9.2,3,0.6,19,2.9,0.5,18,1,8,0,8.4,16.1,1.7,3.6,6.6,74,35,1,0.5,1.1,0.5,30,4,0,11.2,15.5,Recurring moderate calf muscle strain,Very High,2.7,63,0.1,0,0,0,0,0,0,0,0,0,0,1.9,1
Ligue 1 McDonald's,OGC Nice,0.49,Youssouf Ndayishimiye,DM,,28,"6'2""",Weak,Very Strong,7.05,1,1327,0,0,0,0.31,0.31,-0.31,0,0%,0.03875,0.5,0,0.4,0%,0,0,0,0,0,3.06,0.2,91%,55.6,0.2,0.7,6.5,0,0,0,0,0,0,0.1,2,0,6.6,10.6,0.9,3.5,3.9,93,14,3,0.7,0.9,0.1,5,3,0,11.9,12.2,Recurring moderate knee ligament sprain and partially torn thigh,Very High,3.8,64,0.3,0,0,1,0,0,0,0,0,0,0,1.3,0.9
Bundesliga,TSG Hoffenheim,0.53,Ozan Kabak,D (C),,26,"6'2""",Reasonable,Very Strong,7,0,1148,0,0,0,0.33,0.33,-0.33,0,0%,0.055,0.5,0.1,0.2,17%,0,0,0,0,0,0.94,0.1,91%,43.8,0,0,2.2,0.1,0,0,0.1,0,0,0,4,0,2.7,19,0.5,2.8,2,88,8,1,0.5,0.5,0.9,16,6,0,9.8,3.6,No recurring injuries,High,5.4,78,1.6,0,0,0,0,0,0,0,0,0,0,1.7,0.7
Serie A,Blu-neri,0.5,Yann Sommer,GK,,37,"6'0""",Weak,Very Strong,7.05,0,1890,0,0,0,0,0,0,0,0%,0,0,0,0,0%,0,0,0,0,0,0,0,86%,24.3,0,0,0.1,0,0,0,0,0,0,0,5,0,6.3,4.6,0,0,0,0,0,0,0,1.6,0,0,0,0,6.3,0,No recurring injuries,Below Average,0,0,0,10,4.28,0,79,11,36,15,16,0,0,1.9,0.8
First Division,Barcelona,0.61,Alejandro Balde,D (L),,23,"5'9""",Very Strong,Reasonable,6.76,0,1470,0,0,0,0.03,0.03,-0.03,0,0%,0.03,0.1,0,0.1,0%,0,0,0,0,0,1.88,0.1,93%,67,0.1,0.8,9.5,1,0.5,47,1,0.5,47,1.6,15,4,15.2,12.9,2.4,3.5,7.1,85,47,2,0.4,0.4,0.3,22,4,0,11.5,15.6,No recurring injuries,Above Average,3.1,52,0,0,0,0,0,0,0,0,0,0,0,1.7,1
Bundesliga 2,Holstein Kiel,0.43,John Tolkin,D (L),,24,"5'7""",Very Strong,Reasonable,6.82,0,1238,0,0,0,0.14,0.14,-0.14,0,0%,0.14,0.1,0,0,0%,0,0,0,1,0.1,2.77,0.2,90%,54.2,0.4,0.7,6.5,9.5,2.1,22,2.9,0.4,15,0.9,16,2,15.1,12,1.7,2.7,7.6,59,39,1,0.6,1,0.4,15,0,0,12.1,18,No recurring injuries,Average,2.9,38,0.3,0,0,0,0,0,0,0,0,0,0,0.8,1.3
Second Division,Espanyol,0.57,Ángel Fortuño,GK,,25,"6'0""",Reasonable,Very Strong,6.75,1,1620,0,0,0,0,0,0,0,0%,0,0,0,0,0%,0,0,0,0,0,0,0,80%,25.2,0,0,0,0,0,0,0,0,0,0,6,0,10.8,3.3,0,0,0,0,4,0,0,2.4,0,0,0,0,5.9,0,No recurring injuries,Below Average,0,0,0,4,2.47,0,73,15,32,5,19,4,0,1.3,1.1
First Division,Burgos,0.35,Iván Morante,DM,,25,"6'0""",Very Strong,Reasonable,6.35,0,1094,0,0,0,1.37,1.37,-1.37,0.1,0%,0.1522222222,0.7,0.2,0.1,33%,0,0,0,2,0.2,0.6,0,0%,0,0.2,0.2,0,0,0,0,0,0,0,0,6,0,17.1,8.2,0,0,0,0,0,0,0,0,0,0,0,1,0,0,No recurring injuries,Above Average,0,0,0,0,0,0,0,0,0,0,0,0,0,0.9,1.6
Second Division,Albacete,0.41,Antonio Pacheco,M (C),DM,24,"6'0""",Fairly Strong,Very Strong,6.39,0,1042,0,0,0,0.82,0.82,-0.82,0.1,0%,0.09111111111,0.8,0.3,0.3,33%,1,0,0,0,0,0.91,0.1,0%,0,0.1,0,0,0,0,0,0,0,0,0,9,0,11.2,9.5,0,0,0,0,0,0,0,0,0,2,2,0,0,0,No recurring injuries,Below Average,0,0,0,0,0,0,0,0,0,0,0,0,0,1,1
Second Division,Córdoba,0.5,Iker Álvarez,GK,,25,"6'3""",Weak,Very Strong,6.85,1,1530,0,0,0,0,0,0,0,0%,0,0,0,0,0%,0,0,0,0,0,0,0,92%,23.1,0,0,0,0,0,0,0,0,0,0,5,0,5.7,4.1,0,0,0,0,1,0,0,2,0,2,2,0,6.3,0,No recurring injuries,Below Average,0,0,0,3,0.64,0,75,12,37,9,19,1,0,1.1,1.1
First Division,Granada,0.42,Loïc Williams,D (C),,24,"6'2""",Very Strong,Weak,6.57,0,1260,0,0,0,0.31,0.31,-0.31,0,0%,0.0775,0.3,0.1,0.1,25%,0,0,0,0,0,0.2,0,86%,40.1,0,0.1,1.8,0,0,0,0,0,0,0,6,0,3.3,16,1.3,1.9,2.9,90,20,6,0.5,1,1.5,15,5,0,10.7,3,No recurring injuries,Average,5.6,69,1.1,0,0,0,0,0,0,0,0,0,0,1,1.9
First Division,Valencia,0.49,César Tárrega,D (C),DM,24,"6'4""",Reasonable,Very Strong,6.91,0,1294,0,0,0,0.79,0.79,-0.79,0.1,0%,0.08777777778,0.6,0,0.3,0%,1,0,0,2,0.1,0.93,0.1,92%,52.1,0.1,0.2,2.4,0,0,0,0,0,0,0.1,2,0,2.9,16.8,0.3,3.1,2.5,100,4,1,0.2,0.3,0.9,4,2,0,9.8,4.1,No recurring injuries,Average,4.9,80,1.3,0,0,0,0,0,0,0,0,0,0,1.2,1.3
Second Division,Eibar,0.55,Marco Moreno,D (C),,25,"6'3""",Reasonable,Very Strong,6.81,0,1080,0,0,0,0.39,0.39,-0.39,0,0%,0.13,0.2,0.1,0.1,33%,0,0,0,0,0,0.2,0,89%,41.7,0.1,0.3,2.1,0,0,0,0,0,0,0,4,0,3,18,0.6,3.2,2.2,100,7,3,0.8,1.2,0.9,6,3,0,9.9,3.9,No recurring injuries,Below Average,5.2,76,0.6,0,0,0,0,0,0,0,0,0,0,1.6,1
Premier League,VIZ,0.39,Lautaro Spatz,D (C),,25,"6'1""",Weak,Very Strong,6.86,0,1251,0,0,0,1.04,1.04,-1.04,0.1,0%,0.1485714286,0.5,0.1,0.1,14%,0,0,0,0,0,0.26,0,90%,43.7,0,0.3,1.7,0,0,0,0,0,0,0.1,4,0,4.3,12.7,0.7,3.2,2.3,77,13,5,0.7,1.2,1.2,10,5,0,10,4.7,No recurring injuries,Below Average,6.3,75,0.8,0,0,0,0,0,0,0,0,0,0,0.9,1.8
Second Division,Huesca,0.53,Alejandro Cantero,AM (L),ST (C),26,"6'0""",Reasonable,Very Strong,7.09,0,1190,0,0,0,2.13,2.13,-2.13,0.2,0%,0.1252941176,1.3,0.2,0.5,12%,0,0,0,0,0,1.16,0.1,86%,41.9,0.1,1.1,2.7,2.2,0.3,13,2.2,0.3,14,5,11,2,17.8,4.8,1.3,2.3,9.1,100,17,1,0.5,0.8,0,10,0,0,11.1,13.5,No recurring injuries,Above Average,3.4,31,0,0,0,0,0,0,0,0,0,0,0,0.8,1.1
Second Division,Coruña,0.5,Adrià Altimira,D (R),AM (R),25,"5'7""",Reasonable,Very Strong,6.79,1,1218,0,0,0,0.25,0.25,-0.25,0,0%,0.125,0.1,0.1,0.1,50%,0,0,0,0,0,0.73,0.1,84%,43.3,0.1,1.2,4.8,5.3,1.2,22,5.3,1.2,22,3.3,11,3,15.2,9.7,2.1,3.4,7.8,88,33,0,0.4,1.1,0.3,19,0,0,13.4,26.9,No recurring injuries,Below Average,4.5,41,0.3,0,0,0,0,0,0,0,0,0,0,0.8,1.3
Second Division,Eibar,0.55,Manu Fernández,D (C),,25,"6'1""",Weak,Very Strong,7.01,0,1070,0,0,0,0.94,0.94,-0.94,0.1,0%,0.1175,0.7,0.1,0.2,13%,0,0,0,1,0.1,2.25,0.2,91%,49.5,0.4,1,4.9,0.2,0,0,0.2,0,0,0,5,0,4.5,15.1,1.8,2.2,4.9,78,27,3,0.6,1.1,0.2,6,3,0,11.2,8.7,No recurring injuries,Low,2.4,79,0.3,0,0,0,0,0,0,0,0,0,0,1.3,1
Serie A,Torino,0.5,Guillermo Maripán,D (C),,32,"6'4""",Reasonable,Very Strong,6.86,1,1382,0,0,0,0.47,0.47,-0.47,0,0%,0.1175,0.3,0.1,0.1,25%,0,0,0,1,0.1,0.72,0,90%,47,0.2,0.2,1.4,0,0,0,0,0,0,0,4,0,3.3,14.8,0.2,2.9,2.5,50,6,1,1,0.9,1,10,5,2,10.2,5.1,No recurring injuries,Very Low,5.6,71,0.9,0,0,0,0,0,0,0,0,0,0,0.9,1
First Division,Sevilla,0.43,Gabriel Suazo,D (L),,29,"5'10""",Very Strong,Reasonable,6.95,1,1219,0,0,0,0.45,0.45,-0.45,0,0%,0.1125,0.3,0.1,0.1,25%,0,0,0,0,0,0.61,0,90%,62.2,0.1,0.9,9.4,1.6,0.4,22,1.6,0.4,23,1.6,10,1,15.4,8.9,2.4,3.2,6.6,83,40,1,0.4,0.5,0.9,22,1,0,11.7,16.8,No recurring injuries,Below Average,3,60,0.2,0,0,0,0,0,0,0,0,0,0,1.3,1.3
Premier League,Gil Vicente,0.48,Zé Carlos,D (R),,28,"5'10""",Very Weak,Very Weak,6.89,0,1199,0,0,0,0.11,0.11,-0.11,0,0%,0.11,0.1,0,0,0%,0,0,0,1,0.1,1.15,0.1,85%,49.2,0,1.4,6.2,5.4,0.9,16,5.4,0.9,17,2.9,16,2,19.6,10.4,1.7,3.2,10.6,70,33,1,0.5,0.9,0.2,15,1,0,12.9,23.7,No recurring injuries,Below Average,4.1,45,0.2,0,0,0,0,0,0,0,0,0,0,0.9,1
Premier League,VIZ,0.39,Jota,D (C),,26,"6'1""",Very Weak,Very Weak,6.81,0,1151,0,0,0,1.06,1.06,-1.06,0.1,0%,0.53,0.2,0.1,0,50%,0,0,0,4,0.3,2.76,0.2,94%,48.2,0.1,0.9,5,0.1,0.1,100,0.1,0.1,100,0.2,9,1,6.3,9.8,0.9,2.1,5.3,73,15,0,0.8,0.9,0.5,10,0,0,11.4,10.6,No recurring injuries,Below Average,2.9,65,0.5,0,0,0,0,0,0,0,0,0,0,0.9,1.8
Jupiler Pro League,KAA Gent,0.45,Tiago Araújo,WB (L),AM (L),25,"6'0""",Very Strong,Weak,6.89,0,1160,0,0,0,0.37,0.37,-0.37,0,0%,0.1233333333,0.2,0.2,0.1,67%,1,0,0,0,0,0.82,0.1,87%,52.4,0.1,1.2,6.8,3.2,0.5,14,1.6,0.3,19,0.5,12,2,14.7,9.9,1.8,3.2,7.1,82,28,1,0.5,1.2,0.2,7,1,0,12.1,16.5,No recurring injuries,Average,3.3,43,0.2,0,0,0,0,0,0,0,0,0,0,1.2,1.3
Premier League,Gil Vicente,0.48,Luís Esteves,M (C),AM (C),28,"5'7""",Very Weak,Very Weak,7.15,0,1008,0,0,0,0.4,0.4,-0.4,0,0%,0.06666666667,0.5,0.3,0.3,50%,0,0,0,2,0.2,2.57,0.2,92%,51.5,0.9,1.1,5.5,3.5,0.5,15,0,0,0,0.3,10,0,8.7,8.9,1.1,3,6.1,63,19,1,0.5,0.7,0.1,8,0,0,11.7,10.4,No recurring injuries,Below Average,1.3,60,0,0,0,0,0,0,0,0,0,0,0,0.8,1.1
Ligue 1 McDonald's,Paris SG,0.61,Vitinha,DM,,26,"5'8""",Reasonable,Very Strong,7.21,1,1475,0,0,0,0.87,0.87,-0.87,0.1,0%,0.06692307692,0.8,0.2,0.5,23%,0,0,0,7,0.4,6.14,0.4,93%,63.6,0.5,1.6,7.6,1.9,0.2,12,0.2,0,0,0.1,6,1,2.8,12.1,0.6,1.9,4.9,40,25,1,0.3,0.9,0.1,7,0,0,12.1,11.8,No recurring injuries,Below Average,1.1,22,0,0,0,0,0,0,0,0,0,0,0,2.3,0.7
Sky Bet Championship,Burnley,0.53,Florentino Luís,DM,,27,"6'0""",Reasonable,Very Strong,7.23,2,1631,0,0,0,1.34,1.34,-1.34,0.1,0%,0.09571428571,0.8,0.2,0.3,29%,0,0,0,4,0.2,3.26,0.2,92%,58.1,0.1,0.8,4.2,0.1,0,0,0.1,0,0,0,6,1,5.3,16.9,1.6,3.3,6.3,76,38,5,0.6,0.7,0.3,6,2,0,12.2,14.1,No recurring injuries,Low,2.6,31,0.2,0,0,0,0,0,0,0,0,0,0,1.5,0.8
Premier League,FC Porto,0.57,Diogo Costa,GK,,27,"6'1""",Fairly Strong,Very Strong,7.02,4,1709,0,0,0,0,0,0,0,0%,0,0,0,0,0%,0,0,0,0,0,0,0,89%,24.3,0,0,0,0,0,0,0,0,0,0,9,0,3.2,6.1,0,0.1,0,0,0,0,0,1.6,0,0,0,0,5.5,0,No recurring injuries,Below Average,0,0,0,9,2.91,0,77,16,22,11,15,0,0,1.8,0.8
Ligue 2 BKT,SM Caen,0.41,Miguel Sousa,AM (C),,28,"5'9""",Reasonable,Very Strong,6.76,0,1280,0,0,0,2.7,2.7,-2.7,0.2,0%,0.09310344828,2,0.5,0.8,24%,0,0,0,2,0.1,1.89,0.1,88%,40.6,0.2,1.8,3.2,0.8,0.1,16,0.8,0.1,17,1.5,9,6,20.7,10,0.4,1.4,3.7,50,10,0,0.2,0.3,0,13,1,0,12.2,12.1,No recurring injuries,Above Average,2.3,12,0.1,0,0,0,0,0,0,0,0,0,0,1.1,1.2
First Division,Burgos,0.35,Pablo Galdames,M (C),,29,"5'9""",Reasonable,Very Strong,6.74,0,1345,0,0,0,0.36,0.36,-0.36,0,0%,0.045,0.5,0.2,0.4,38%,0,0,0,1,0.1,1.79,0.1,93%,51.1,0.3,0.5,6.2,0.4,0.1,16,0.3,0.1,25,0.2,9,0,7.8,7.6,0.7,3.1,5.7,92,12,0,0.9,0.6,0.5,10,0,0,11.4,12.6,No recurring injuries,Below Average,1.6,38,0.1,0,0,0,0,0,0,0,0,0,0,0.8,1.9
First Division,Valencia,0.49,Thierry Rendall Correia,WB (R),WB (R),27,"5'9""",Weak,Very Strong,7.03,2,1339,0,0,0,0.92,0.92,-0.92,0.1,0%,0.115,0.5,0.1,0.2,25%,0,0,0,2,0.1,0.57,0,93%,60.8,0.1,0.7,7.5,0.7,0,0,0.7,0,0,1.3,18,2,16.8,10.4,1.7,3.2,7.9,81,31,1,0.5,0.7,0.3,19,0,0,12.1,17,No recurring injuries,High,3.4,61,0.2,0,0,0,0,0,0,0,0,0,0,0.9,1.3
Premier League,Estoril Praia,0.46,Ferro,D (C),,29,"6'3""",Very Weak,Very Weak,6.72,0,1260,0,0,0,0.22,0.22,-0.22,0,0%,0.11,0.1,0,0,0%,0,0,0,1,0.1,0.33,0,92%,44.3,0,0.2,1.4,0,0,0,0,0,0,0,3,0,2.4,16.7,0.7,3.4,2.1,83,12,0,0.6,0.8,0.1,6,0,0,9.9,3.9,No recurring injuries,Above Average,4.9,76,1.1,0,0,0,0,0,0,0,0,0,0,0.9,1.9
Second Division,Leonesa,0.48,Mamadou Loum,DM,,29,"6'4""",Reasonable,Very Strong,6.74,0,1583,0,0,0,0.42,0.42,-0.42,0,0%,0.105,0.2,0.1,0,25%,0,0,0,0,0,0.96,0.1,91%,52.3,0.1,0.3,3.2,0.1,0,0,0.1,0,0,0.1,13,0,6.5,11,1.2,2.7,5.1,64,33,0,0.5,0.6,0.6,27,4,0,12,12.9,No recurring injuries,Below Average,2.7,50,0.3,0,0,0,0,0,0,0,0,0,0,0.7,1.1
Serie A,Torino,0.5,Franco Israel,GK,,26,"6'3""",Reasonable,Very Strong,6.81,1,1389,0,0,0,0,0,0,0,0%,0,0,0,0,0%,0,0,0,0,0,0,0,73%,23.5,0,0,0,0,0,0,0,0,0,0,6,0,8.3,3,0,0,0,0,1,0,0,3.8,0,0,0,0,5.4,0,No recurring injuries,Very Low,0,0,0,2,2.67,0,77,13,32,11,16,1,0,0.8,1
Premier League,Arouca,0.51,Ignacio de Arruabarrena,GK,,29,"6'1""",Very Weak,Very Weak,6.82,0,1080,0,0,0,0,0,0,0,0%,0,0,0,0,0%,0,0,0,0,0,0,0,87%,24.2,0,0,0,0,0,0,0,0,0,0,5,0,7.8,3.8,0,0,0,0,1,0,0,3.7,0,3,3,0,5.2,0,No recurring injuries,Below Average,0,0,0,4,6.81,0,75,10,15,6,10,1,0,1.2,0.8
Premier League,VTSC,0.46,Rodrigo Abascal,D (C),,32,"6'1""",Very Weak,Very Weak,6.53,0,1011,0,0,0,0,0,0,0,0%,0,0,0,0,0%,0,0,0,0,0,0.14,0,83%,44.2,0.1,0.2,1.5,0,0,0,0,0,0,0,1,0,3,13.7,0.4,2.2,2.5,57,7,1,1,2,1.4,7,2,2,10.3,4.2,No recurring injuries,Below Average,5,86,0.8,0,0,0,0,0,0,0,0,0,0,1.8,1.2
Premier League,VTSC,0.46,Juan Diego Castillo,GK,,23,"6'4""",Very Weak,Very Weak,6.73,0,1731,0,0,0,0,0,0,0,0%,0,0,0,0,0%,0,0,0,0,0,0,0,76%,24.7,0,0,0,0,0,0,0,0,0,0,5,0,7.2,3.3,0.1,0,0,25,4,0,0,3.3,0,0,0,0,5,0,No recurring injuries,High,0,0,0,4,-0.9,0,73,23,30,9,23,4,25,1.5,1.2
Premier League,Bournemouth,0.44,Luis Sinisterra,AM (L),M (RL),27,"5'8""",Reasonable,Very Strong,7.01,0,1181,0,0,0,2.19,2.19,-2.19,0.2,0%,0.05918918919,2.8,1,1.8,35%,0,0,0,9,0.7,5.01,0.4,84%,52.4,0.8,2.3,6.1,7.3,1.3,17,6.1,1.1,18,5.9,24,6,17.5,8.9,2.1,3,13.9,74,38,0,0.5,0.8,0.2,14,2,0,13.6,20.3,No recurring injuries,Below Average,6.4,36,0.2,0,0,1,0,0,0,0,0,0,0,1.5,2.1
Serie A,Parthenope,0.5,Jhon Lucumí,D (C),,28,"6'1""",Very Strong,Fairly Strong,6.97,0,1871,0,0,0,0.59,0.59,-0.59,0,0%,0.118,0.2,0,0,20%,0,0,0,1,0,1.51,0.1,94%,52.9,0.2,0.1,1.5,0,0,0,0,0,0,0,8,0,3.4,16.7,0.6,3.3,3.3,67,18,1,0.7,1.2,0.4,18,9,1,10.6,3.3,No recurring injuries,Very Low,5.5,56,1.1,0,0,0,0,0,0,0,0,0,0,1.3,0.9
Premier League,Estoril Praia,0.46,Pedro Amaral,D (L),WB (L),29,"5'10""",Very Weak,Very Weak,6.81,2,1164,0,0,0,0,0,0,0,0%,0,0,0,0,0%,0,0,0,2,0.2,1.2,0.1,88%,55.3,0.2,1.8,6.9,2.5,0.2,9,1.3,0.2,12,1.1,9,0,14.8,7.7,2,3.9,7,81,32,2,0.5,1.2,0.4,10,2,0,11.7,15.5,No recurring injuries,Average,2.6,67,0.2,0,0,0,0,0,0,0,0,0,0,1,1.9
Second Division,Villarreal B,0.45,Patas,D (C),,20,"6'5""",Fairly Strong,Very Strong,6.73,0,1440,0,0,0,1.97,1.97,-1.97,0.1,0%,0.1515384615,0.8,0.1,0.1,8%,0,0,0,0,0,0.09,0,85%,49.2,0,0.1,2.2,0,0,0,0,0,0,0,2,0,6.1,12.1,0.4,3.6,3.2,60,10,4,0.3,0.8,1,8,1,0,9.5,2.3,No recurring injuries,Below Average,7,65,1.2,0,0,0,0,0,0,0,0,0,0,0.4,1.2
Second Division,Leganés,0.5,Rubén Peña,D (R),"D/WB (L), M/AM (R)",35,"5'7""",Weak,Very Strong,6.81,0,1130,0,0,0,2.05,2.05,-2.05,0.2,0%,0.25625,0.6,0.1,0.3,13%,1,0,0,0,0,1.18,0.1,86%,53.4,0,0.6,8,2.1,0.2,7,2.1,0.2,8,1,12,1,14.9,11.2,1.6,3.2,7.3,69,29,1,0.7,1.2,0.8,18,5,0,12,15.1,No recurring injuries,Below Average,3.6,49,0,0,0,0,0,0,0,0,0,0,0,1.1,1
First Division,Atlético Pamplona,0.5,Lucas Torró,DM,,32,"6'3""",Fairly Strong,Very Strong,6.89,0,1240,0,0,0,1.41,1.41,-1.41,0.1,0%,0.1281818182,0.8,0.2,0.2,27%,0,0,0,0,0,2.69,0.2,94%,57.9,0.1,0.7,5.6,0.1,0.1,100,0.1,0.1,100,0,6,0,5.4,13,0.7,3.5,6.9,56,18,2,0.7,0.7,0.3,6,1,0,11.7,11.3,No recurring injuries,Below Average,3.2,61,0.6,0,0,0,0,0,0,0,0,0,0,1.2,1
Eredivisie,Excelsior,0.50,Arthur Zagré,D (L),M/AM (L),25,"5'6""",Very Strong,Weak,6.95,2,1038,0,0,0,0.22,0.22,-0.22,0,0%,0.07333333333,0.3,0,0,0%,0,0,0,0,0,0.82,0.1,86%,56.9,0.3,0.8,7.5,3.6,0.1,2,2.5,0.1,3,1.1,9,1,11.2,13,1.6,4.1,7.3,63,30,2,0.4,0.7,0.3,20,0,0,11.6,16.5,No recurring injuries,Average,3.2,62,0.3,0,0,0,0,0,0,0,0,0,0,0.5,1.2
Serie A,Juventus,0.5,Pierre Kalulu,D (R),WB (R),26,"6'0""",Reasonable,Very Strong,7.06,0,1375,0,0,0,1.23,1.23,-1.23,0.1,0%,0.1118181818,0.7,0.2,0.2,27%,0,0,0,1,0.1,1.02,0.1,93%,50.2,0.3,0.5,2.9,0.9,0,0,0.9,0,0,0.2,7,0,3.1,15.7,1,2.6,4.1,80,20,4,1,0.8,0.5,7,2,0,10,6.9,No recurring injuries,Very Low,3.7,48,0.5,0,0,0,0,0,0,0,0,0,0,1.4,0.7
Ligue 2 BKT,Amiens SC,0.52,Marc-Olivier Doué,DM,D/M (C),26,"6'1""",Reasonable,Very Strong,6.92,0,1348,0,0,0,0.5,0.5,-0.5,0,0%,0.07142857143,0.5,0,0.2,0%,0,0,0,1,0.1,2.86,0.2,89%,51.7,0.5,0.7,4.5,0.1,0.1,50,0.1,0.1,50,0.1,6,1,5.3,14.8,1.3,3.2,6.4,87,23,2,0.6,1,0.3,7,2,0,11.4,11.5,No recurring injuries,Below Average,1.5,68,0.1,0,0,0,0,0,0,0,0,0,0,0.9,0.9
Ligue 1 McDonald's,OGC Nice,0.49,Melvin Bard,D (L),,26,"5'8""",Very Strong,Weak,7.04,2,1170,0,0,0,0.61,0.61,-0.61,0,0%,0.1016666667,0.5,0.2,0.1,50%,0,0,0,0,0,1.91,0.1,88%,60.2,0.4,2.1,8.2,2.3,0.4,16,2.3,0.4,17,0.8,13,1,11.7,12.5,2.2,3.4,8.6,78,36,2,1.3,1.1,0.8,20,5,0,11.9,17.3,No recurring injuries,Below Average,2.7,57,0.4,0,0,0,0,0,0,0,0,0,0,1.5,0.9
Ligue 1 McDonald's,Brest,0.51,Grégoire Coudert,GK,,27,"6'3""",Very Strong,Weak,6.89,1,1800,0,0,0,0,0,0,0,0%,0,0,0,0,0%,0,0,0,0,0,0,0,83%,23.5,0,0,0.4,0,0,0,0,0,0,0,0,0,6,6,0,0.2,0,0,2,2,0,3.4,0,1,1,0,4.7,0.1,No recurring injuries,Below Average,0,0,0,8,2.13,0,81,27,39,14,22,2,0,1.1,1.1
Ligue 1 McDonald's,Troyes,0.55,Alexandre Phliponeau,M (C),DM,26,"5'11""",Weak,Very Strong,6.54,0,1168,0,0,0,0.1,0.1,-0.1,0,0%,0.05,0.2,0.1,0.1,50%,0,0,0,0,0,2.02,0.2,89%,50.3,0.4,0.5,4.9,0.2,0,0,0.2,0,0,0.2,5,1,5.5,10.6,0.8,2.9,5,73,15,2,0.4,0.9,0.1,9,4,0,11,9.6,No recurring injuries,Average,1.2,56,0,0,0,0,0,0,0,0,0,0,0,1.2,1.5
Jupiler Pro League,Club Brugge,0.54,Illan Meslier,GK,,26,"6'5""",Very Strong,Weak,6.84,4,1530,0,0,0,0,0,0,0,0%,0,0,0,0,0%,0,0,0,0,0,0,0,75%,22.8,0,0.1,0,0,0,0,0,0,0,0,5,0,8.4,3.9,0.1,0,0,50,2,0,0,3.3,0,0,0,0,5,0,No recurring injuries,Below Average,0,0,0,9,5.24,0,76,6,26,8,13,2,50,1.2,0.8
Second Division,Valladolid,0.54,Mathis Lachuer,DM,,26,"6'1""",Very Strong,Fairly Strong,6.9,1,1223,0,0,0,0.01,0.01,-0.01,0,0%,0.01,0.1,0,0.1,0%,0,0,0,4,0.3,4.08,0.3,91%,52,0.3,1,5.8,0.2,0.1,33,0.2,0.1,33,0.1,4,1,5.3,15.2,1.7,2.4,6.3,77,30,1,0.4,0.7,0.1,10,1,0,10.9,9.1,No recurring injuries,Below Average,3.4,46,0.4,0,0,0,0,0,0,0,0,0,0,1.6,1
Ligue 2 BKT,Clermont Foot,0.57,Andy Pelmard,D (C),,26,"5'11""",Strong,Very Strong,6.9,0,1409,0,0,0,0.47,0.47,-0.47,0,0%,0.07833333333,0.4,0.1,0.2,33%,0,0,0,2,0.1,0.85,0.1,93%,41.6,0.3,0.3,2.6,0.2,0,0,0.2,0,0,0.1,9,0,3.2,20.9,0.5,2.3,2.9,53,15,2,0.8,1,0.4,8,1,0,10.2,3.7,No recurring injuries,Above Average,4.8,61,0.4,0,0,0,0,0,0,0,0,0,0,1.3,0.5
Premier League,Arsenal,0.61,William Saliba,D (C),,25,"6'4""",Reasonable,Very Strong,7.01,1,1800,0,0,0,0.68,0.68,-0.68,0,0%,0.085,0.4,0.1,0.1,38%,0,0,0,2,0.1,0.55,0,95%,71.1,0,0.2,5.2,0.1,0,0,0.1,0,0,0.1,2,1,4,8.2,0.5,2.8,1.4,60,15,2,0.8,0.8,0.7,9,3,0,10.6,5.7,No recurring injuries,Above Average,5.3,62,1.3,0,0,0,0,0,0,0,0,0,0,2,1.1
Serie A,Juventus,0.5,Khéphren Thuram,DM,,25,"6'4""",Reasonable,Very Strong,7.09,1,1691,0,0,0,2.83,2.83,-2.83,0.2,0%,0.1286363636,1.2,0.2,0.5,14%,3,0,0,2,0.1,2.51,0.1,95%,64.9,0.2,1.1,7,0.2,0,0,0.2,0,0,0.2,11,0,6.5,12.3,1.5,2.1,5.4,88,32,1,0.3,0.9,0.1,8,1,0,11.4,13.7,No recurring injuries,Very Low,1.9,54,0.1,0,0,0,0,0,0,0,0,0,0,1.5,0.9
Ligue 2 BKT,FC Annecy,0.43,Julien Kouadio,D (C),WB (R),27,"5'9""",Weak,Very Strong,6.51,0,1085,0,0,0,0.14,0.14,-0.14,0,0%,0.04666666667,0.2,0.1,0.2,33%,0,0,0,0,0,0,0,93%,41.6,0,0.2,2.4,2.2,0.2,7,0.2,0,0,0.1,2,0,3.1,15.5,0.6,2.6,5,70,10,1,0.8,1.3,0.9,14,4,2,9.8,4.6,No recurring injuries,Below Average,4.1,67,0.6,0,0,0,0,0,0,0,0,0,0,1.1,0.8
Premier League,Crystal Palace,0.49,Maxence Lacroix,D (C),,26,"6'3""",Reasonable,Very Strong,6.69,0,1530,0,0,0,1,1,-1,0.1,0%,0.1428571429,0.4,0.1,0.1,29%,0,0,0,0,0,0.46,0,93%,53.2,0.1,0.2,1.8,0.1,0.1,50,0.1,0.1,50,0,0,1,3.9,8.5,0.5,2.1,1.8,57,14,3,1.1,0.9,1.1,3,1,0,10.3,3.1,No recurring injuries,Below Average,4.4,68,0.5,0,0,2,0,0,0,0,0,0,0,0.9,1.5
Ligue 2 BKT,Grenoble,0.46,Shaquil Delos,D (R),WB (L),27,"6'0""",Weak,Very Strong,6.95,1,1074,0,0,0,0.32,0.32,-0.32,0,0%,0.32,0.1,0,0,0%,0,0,0,2,0.2,2.04,0.2,90%,48.1,0.5,1.2,3.6,4.6,1.5,32,4.6,1.5,33,2.3,7,1,13.3,10.6,1.8,3,9.5,78,27,1,0.5,1,0.3,16,0,1,12.5,23.5,No recurring injuries,Above Average,1.8,73,0.1,0,0,0,0,0,0,0,0,0,0,1.1,0.8
Premier League,Chelsea,0.56,Wesley Fofana,D (C),,25,"6'1""",Reasonable,Very Strong,7.27,2,1260,0,0,0,0.41,0.41,-0.41,0,0%,0.05125,0.6,0.1,0.1,13%,0,0,0,0,0,0.1,0,96%,64.4,0.1,0.2,2.7,0,0,0,0,0,0,0.1,1,0,2.9,12.7,0.5,3.9,1.9,100,7,1,0.6,1.1,0.6,6,1,0,10.4,4.1,No recurring injuries,High,5.4,84,0.6,0,0,0,0,0,0,0,0,0,0,1.6,0.5
Serie BKT,Palermo,0.5,Claudio Gomes,DM,,26,"5'11""",Reasonable,Very Strong,7.14,0,1121,0,0,0,0.55,0.55,-0.55,0,0%,0.055,0.8,0.1,0.2,10%,0,0,0,4,0.3,1.6,0.1,81%,26.7,0,0.3,1,0,0,0,0,0,0,0.2,18,0,2.2,2.6,2.1,0.7,1.5,93,28,1,0.3,0.2,0,18,0,0,3.1,3,No recurring injuries,Very Low,0.4,40,0,0,0,0,0,0,0,0,0,0,0,0.2,0.3
First Division,Oviedo,0.45,Brandon Domingues,AM (R),,26,"5'8""",Weak,Very Strong,6.64,0,1016,0,0,0,1.73,1.73,-1.73,0.2,0%,0.0865,1.8,0.5,0.5,30%,0,0,0,0,0,0.66,0.1,88%,42.9,0.1,1.4,3.5,3.8,1,25,3.4,0.9,26,5.6,15,4,24.3,3.4,1.8,1.9,10.5,100,20,1,0.4,0.4,0,16,0,0,11.5,17.6,No recurring injuries,Below Average,3.2,25,0,0,0,0,0,0,0,0,0,0,0,0.8,2
Serie BKT,Südtirol,0.5,Karim Zedadka,M (L),WB/AM (L),26,"6'0""",Weak,Very Strong,7.51,0,1170,0,0,0,0.64,0.64,-0.64,0,0%,0.08,0.6,0.1,0,13%,0,0,0,1,0.1,2.11,0.2,66%,20,0,0,0,0,0,0,0,0,0,0,27,0,0,0,0.8,0,0,79,14,0,0,0,0,11,0,0,0,0,No recurring injuries,Very Low,0,0,0,0,0,0,0,0,0,0,0,0,0,0,0
Ligue 1 McDonald's,Rennes,0.47,Anthony Rouault,D (C),D (R),25,"6'1""",Reasonable,Very Strong,6.78,0,1333,0,0,0,0.45,0.45,-0.45,0,0%,0.075,0.4,0.1,0.1,33%,0,0,0,1,0.1,1.19,0.1,94%,47.5,0.1,0.2,2.3,0,0,0,0,0,0,0,3,0,3,13.8,0.5,2.6,3,64,11,4,0.7,0.6,0.8,3,0,0,10.1,3.2,No recurring injuries,Above Average,5.3,63,0.9,0,0,0,0,0,0,0,0,0,0,0.9,1.1
Bundesliga,FC Augsburg,0.54,Han-Noah Massengo,DM,,25,"5'10""",Reasonable,Very Strong,7.27,1,1185,0,0,0,0.38,0.38,-0.38,0,0%,0.095,0.3,0.1,0.2,25%,0,0,0,3,0.2,1.37,0.1,94%,59.5,0,1.1,7.3,0.3,0.2,75,0.3,0.2,75,0.2,16,0,7.6,10.3,1.1,2.1,7.2,63,24,2,0.5,1.1,0,4,1,0,11,12.6,No recurring injuries,Average,1,54,0.2,0,0,0,0,0,0,0,0,0,0,1,0.7
Bundesliga,TSG Hoffenheim,0.53,Valentin Gendrey,D (R),WB (R),26,"5'10""",Reasonable,Very Strong,7.05,1,1267,0,0,0,0.82,0.82,-0.82,0.1,0%,0.1025,0.6,0,0.2,0%,0,0,0,0,0,1.59,0.1,89%,56.9,0.2,1.2,6.6,1.2,0.1,11,1.2,0.1,12,0.4,6,1,12.7,13.4,1.8,3.5,7.3,72,36,3,0.6,1.4,0.3,16,1,0,11.2,16.1,No recurring injuries,High,3,79,0.2,0,0,0,0,0,0,0,0,0,0,1.5,0.8
Ligue 2 BKT,FC Rouen,0.43,Sofyane Bouzamoucha,D (C),D (R),26,"6'0""",Weak,Very Strong,6.89,0,1450,0,0,0,2.97,2.97,-2.97,0.2,0%,0.2475,0.7,0.2,0.1,25%,0,0,0,0,0,1.37,0.1,93%,41.9,0,0.2,2.2,0,0,0,0,0,0,0,6,0,3.7,13.4,0.7,3,2.7,100,12,2,0.7,1,0.8,9,3,0,10.3,3.5,No recurring injuries,Below Average,3.5,71,0.6,0,0,0,0,0,0,0,0,0,0,0.8,1.2
Ligue 2 BKT,Rodez,0.40,Nolan Galves,D (R),,23,"6'0""",Weak,Very Strong,6.77,0,1205,0,0,0,0.01,0.01,-0.01,0,0%,0.01,0.1,0,0,0%,0,0,0,0,0,1.35,0.1,87%,43.8,0.1,1.4,5.1,6.9,0.9,13,6.9,0.9,13,2.4,13,4,15.5,10,1.5,3.1,10.6,48,42,1,0.5,1,1,10,4,0,12.4,23.2,No recurring injuries,Below Average,4,44,0.5,0,0,0,0,0,0,0,0,0,0,0.8,1.1
Ligue 1 McDonald's,Strasbourg,0.45,Junior Mwanga,DM,D (C),23,"6'0""",Fairly Strong,Very Strong,6.76,0,1352,0,0,0,1.82,1.82,-1.82,0.1,0%,0.1070588235,1.1,0.1,0.5,12%,0,0,0,1,0.1,1.65,0.1,92%,59,0.6,1.1,6.7,0.1,0.1,100,0.1,0.1,100,0,3,0,8.7,12.2,1.4,3.4,4.9,68,31,2,0.2,0.7,0.1,9,1,0,11.6,10.7,No recurring injuries,Below Average,3.2,65,0.7,0,0,0,0,0,0,0,0,0,0,1.2,1.2
Ligue 1 McDonald's,FC Lorient,0.42,Théo Le Bris,D (R),M/AM (L),24,"5'7""",Weak,Very Strong,6.61,0,1086,0,0,0,0.33,0.33,-0.33,0,0%,0.165,0.2,0,0.1,0%,0,0,0,0,0,0.38,0,90%,45,0.1,1.1,4.9,3.9,0.6,14,3.8,0.6,15,2.9,13,1,18.1,9.7,2.2,3.3,9.2,68,38,0,0.5,1,0.2,14,0,1,12.1,21.1,No recurring injuries,Average,3.2,41,0.3,0,0,0,0,0,0,0,0,0,0,0.6,1.4
Bundesliga,1. FC Magdeburg,0.41,Jean Hugonet,D (C),"DM, M (C)",27,"6'1""",Weak,Very Strong,6.88,0,1080,0,0,0,0.39,0.39,-0.39,0,0%,0.078,0.4,0.1,0.1,20%,0,0,0,0,0,0.4,0,90%,40.3,0.1,0.2,1.4,0.1,0,0,0.1,0,0,0,3,0,2.5,14.8,0.7,3.4,2.7,80,10,2,0.6,0.8,1.2,7,4,0,10.2,4.1,No recurring injuries,Above Average,5.5,71,1.1,0,0,0,0,0,0,0,0,0,0,0.9,1.5
First Division,R. Madrid,0.59,Eduardo Camavinga,DM,M (C),24,"6'1""",Very Strong,Reasonable,7.31,2,1409,0,0,0,1.12,1.12,-1.12,0.1,0%,0.07466666667,1,0.4,0.3,40%,0,0,0,3,0.2,2.51,0.2,92%,64.5,0.4,1.5,8.6,4,1.3,32,4,1.3,32,2.1,14,0,11.7,13.4,2.2,2.9,6.1,92,38,1,1,0.9,0.5,16,1,0,12,19.7,No recurring injuries,Below Average,4,68,0.1,0,0,0,0,0,0,0,0,0,0,3.1,0.8
Ligue 1 McDonald's,Paris FC,0.48,Moustapha Mbow,D (C),,26,"6'4""",Weak,Very Strong,6.71,0,1080,0,0,0,0.48,0.48,-0.48,0,0%,0.096,0.4,0,0.1,0%,0,0,0,0,0,0.23,0,88%,40,0,0.1,1.8,0,0,0,0,0,0,0,1,0,4.7,13.9,0.2,3.1,2.6,75,4,0,0.6,0.7,1,8,1,0,9.9,4,No recurring injuries,Below Average,6.2,76,1.8,0,0,0,0,0,0,0,0,0,0,0.8,1.3
Ligue 1 McDonald's,Auxerre,0.51,Clément Akpa,D (L),,25,"5'11""",Very Strong,Weak,6.73,0,1244,0,0,0,0.02,0.02,-0.02,0,0%,0.005,0.3,0,0.3,0%,0,0,0,0,0,1.16,0.1,92%,56.7,0,0.6,4.9,1.7,0.4,20,0.7,0.3,44,0.5,8,0,5.7,16.1,1,3,3.8,78,18,2,0.4,0.9,0.7,11,3,0,10.3,7.9,No recurring injuries,Below Average,3.7,51,0.3,0,0,0,0,0,0,0,0,0,0,1.2,1.2
Jupiler Pro League,Standard,0.50,Teddy Teuma,AM (C),DM,33,"5'9""",Very Strong,Weak,6.52,0,1049,0,0,0,0.21,0.21,-0.21,0,0%,0.0525,0.3,0,0.1,0%,0,0,0,4,0.3,2.32,0.2,0%,0,0.4,0.3,0,7.9,1.5,19,0,0,0,0,7,0,13.4,13.1,0,0,0,0,0,0,0,0,0,4,4,0,0,0,No recurring injuries,Above Average,0,0,0,0,0,0,0,0,0,0,0,0,0,1,0.9
Ligue 2 BKT,Red Star FC,0.39,Dylan Durivaux,D (C),WB (R),25,"5'10""",Weak,Very Strong,6.72,0,1094,0,0,0,2.84,2.84,-2.84,0.2,0%,0.1893333333,1.2,0.2,0.4,13%,0,0,0,1,0.1,0.08,0,89%,46,0,0.7,3.5,2.3,0.4,17,2.3,0.4,18,0.4,4,1,8.9,9,1.6,2.6,5.6,83,23,2,0.4,1,0.7,10,2,1,11.2,11.1,No recurring injuries,Below Average,3.5,56,0.6,0,0,0,0,0,0,0,0,0,0,0.5,0.9
Ligue 1 McDonald's,Auxerre,0.51,Marvin Senaya,D (R),"D (C), WB (R)",25,"5'11""",Weak,Very Strong,7.08,1,1198,0,0,0,0.49,0.49,-0.49,0,0%,0.1633333333,0.2,0,0.1,0%,0,0,0,0,0,0.98,0.1,88%,54.3,0.2,1.1,8.2,2.6,0.3,11,2.6,0.3,12,0.8,13,1,14,10.5,2.1,3.2,8,82,34,4,0.5,1.1,0.8,9,0,0,11.4,16.9,No recurring injuries,Below Average,6.1,65,0.9,0,0,0,0,0,0,0,0,0,0,1.4,1.1
Ligue 2 BKT,Grenoble,0.46,Loris Mouyokolo,D (C),,25,"6'4""",Weak,Very Strong,6.78,0,1208,0,0,0,0.57,0.57,-0.57,0,0%,0.095,0.4,0.1,0.1,33%,0,0,0,1,0.1,0.16,0,88%,41.9,0.1,0.1,2.2,0,0,0,0,0,0,0,2,0,4.5,10.7,0.4,3.4,2.1,100,5,0,0.4,0.9,0.5,9,3,0,9.8,3,No recurring injuries,Above Average,5.1,83,1.6,0,0,0,0,0,0,0,0,0,0,1,1
Ligue 1 McDonald's,Brest,0.51,Joris Chotard,M (C),,25,"5'10""",Weak,Very Strong,6.92,0,1605,0,0,0,0.23,0.23,-0.23,0,0%,0.023,0.6,0.2,0.5,40%,0,0,0,2,0.1,0.81,0,93%,58.4,0.1,0.9,7.9,0.3,0,0,0.1,0,0,0.1,11,0,5,11.2,1.2,2.6,7,65,34,2,0.7,0.9,0.3,12,3,0,12.3,15,No recurring injuries,Average,1.6,43,0.2,0,0,0,0,0,0,0,0,0,0,1.2,1.1
Bundesliga,FC Augsburg,0.54,Chrislain Matsima,D (C),D (R),24,"6'4""",Weak,Very Strong,7.05,2,1260,0,0,0,1.04,1.04,-1.04,0.1,0%,0.104,0.7,0.1,0.3,20%,1,0,0,1,0.1,0.93,0.1,95%,42.7,0,0.1,2.3,0,0,0,0,0,0,0.1,5,0,2.4,16.1,0.4,2.8,2.6,60,10,1,0.5,0.8,0.3,7,2,0,10.6,3,No recurring injuries,Below Average,6.6,77,1.3,0,0,0,0,0,0,0,0,0,0,1,0.6
First Division,Sevilla,0.43,Lucien Agoumé,DM,M (C),24,"6'1""",Reasonable,Very Strong,6.78,0,1081,0,0,0,2.36,2.36,-2.36,0.2,0%,0.1966666667,1,0.2,0.1,17%,0,0,0,2,0.2,2.62,0.2,90%,45.1,0.9,0.4,3.3,0.1,0.1,100,0.1,0.1,100,0.2,6,0,8.3,10.8,0.6,1.7,5,47,15,1,0.2,0.4,0.3,2,1,0,8.8,9.7,No recurring injuries,Below Average,0.9,64,0.2,0,0,0,0,0,0,0,0,0,0,1.2,1.4
Ligue 2 BKT,Laval MFC,0.43,Titouan Thomas,DM,AM (C),24,"6'0""",Weak,Very Strong,6.64,0,1035,0,0,0,0.81,0.81,-0.81,0.1,0%,0.135,0.5,0.3,0.1,50%,0,0,0,1,0.1,4.09,0.4,90%,52.8,0.3,0.8,6.8,6.8,1,15,0.2,0.1,50,0.1,7,0,8.8,10.2,1.1,2.3,7.2,76,17,1,0.6,0.8,0,7,2,0,11.6,11.7,No recurring injuries,Below Average,2,74,0.2,0,0,0,0,0,0,0,0,0,0,0.4,1.7
First Division,Sevilla,0.43,Tanguy Nianzou,D (C),DM,24,"6'3""",Reasonable,Very Strong,6.89,1,1029,0,0,0,1.31,1.31,-1.31,0.1,0%,0.16375,0.7,0,0.3,0%,0,0,0,1,0.1,0.72,0.1,91%,47.8,0,0.2,2.1,0,0,0,0,0,0,0,3,0,3.7,12,0.4,2.9,2.2,83,6,2,0.8,1,1.1,7,4,0,9.9,4.3,No recurring injuries,High,4.5,80,0.9,0,0,0,0,0,0,0,0,0,0,1,1.5
Ligue 1 McDonald's,Paris SG,0.61,Lucas Chevalier,GK,,25,"6'2""",Reasonable,Very Strong,7.1,1,1620,0,0,0,0,0,0,0,0%,0,0,0,0,0%,0,0,0,0,0,0,0,89%,25,0,0,0.2,0,0,0,0,0,0,0,7,0,7,5.8,0,0.1,0,0,0,0,0,1.3,0,0,0,0,6.6,0,No recurring injuries,Below Average,0,0,0,10,1.87,1,78,14,14,8,11,0,0,2.2,0.6
Premier League,Estoril Praia,0.46,Jonathan Mutombo,D (R),D (L),24,"6'3""",Very Weak,Very Weak,6.97,2,1170,0,0,0,1.56,1.56,-1.56,0.1,0%,0.13,0.9,0.2,0.5,25%,0,0,0,0,0,0.3,0,88%,53.7,0,1.3,7.2,1.8,0.1,4,1.8,0.1,4,1.2,22,2,16.1,10.5,2.1,2.7,6.5,87,31,1,0.2,0.8,0,14,2,0,11.6,14,No recurring injuries,Low,5.2,82,0.8,0,0,0,0,0,0,0,0,0,0,0.8,1.9
Sky Bet Championship,Millwall,0.53,Tristan Crama,D (RC),WB (R),25,"6'4""",Reasonable,Very Strong,6.92,0,1710,0,0,0,1.57,1.57,-1.57,0.1,0%,0.157,0.5,0.1,0.1,10%,0,0,0,1,0.1,1.56,0.1,90%,44.2,0.4,0.4,3.3,0.6,0.1,16,0.6,0.1,17,0.3,8,0,4.9,17.8,0.8,2.6,4.8,60,25,4,0.7,1.2,1.1,7,1,0,10.6,6.1,No recurring injuries,Below Average,5.5,72,0.7,0,0,0,0,0,0,0,0,0,0,1.1,0.9
Serie A,Como,0.5,Maxence Caqueret,DM,AM (L),26,"5'9""",Reasonable,Very Strong,6.76,2,1350,0,0,0,2.01,2.01,-2.01,0.1,0%,0.125625,1.1,0.5,0.2,50%,1,0,0,2,0.1,1.44,0.1,97%,27.9,0,0.3,3,2.7,0.3,12,0.1,0,0,0.1,12,0,8.7,11.3,0.8,1.1,2.1,80,15,2,0.1,0.3,0.1,9,4,0,4.4,5.3,No recurring injuries,Very Low,0.6,78,0.1,0,0,0,0,0,0,0,0,0,0,0.9,1.5
Ligue 2 BKT,Red Star FC,0.39,Théo Ndicka Matam,WB/AM (L),M (L),26,"5'7""",Very Strong,Weak,6.78,1,1071,0,0,0,0,0,0,0,0%,0,0,0,0,0%,0,0,0,1,0.1,1.16,0.1,86%,48.7,0.1,2,6.1,5.9,0.7,11,5.9,0.7,11,2.1,11,1,20.9,7.5,2.2,3.9,8.2,81,32,1,0.8,1,0.1,30,1,0,11.9,21.4,No recurring injuries,Below Average,3.2,29,0.1,0,0,0,0,0,0,0,0,0,0,0.4,0.9
Ligue 2 BKT,Amiens SC,0.52,Paul Bernardoni,GK,,29,"6'3""",Very Strong,Weak,6.94,4,1350,0,0,0,0,0,0,0,0%,0,0,0,0,0%,0,0,0,0,0,0,0,76%,23.1,0,0,0,0,0,0,0,0,0,0,7,0,5.5,4.2,0,0,0,0,0,0,0,4,0,0,0,0,6.1,0,No recurring injuries,Below Average,0,0,0,6,3.66,1,76,10,18,11,12,0,0,0.9,0.8
Jupiler Pro League,Union SG,0.51,Souleyman Doumbia,D (L),,30,"5'10""",Very Strong,Weak,6.99,1,1198,0,0,0,0.69,0.69,-0.69,0.1,0%,0.23,0.2,0.2,0,67%,0,0,0,0,0,0.92,0.1,86%,52.1,0.4,1,6.7,1.4,0.3,22,1.4,0.3,22,1.1,11,0,14.9,9.7,2,3.2,6.6,77,35,5,0.8,1.4,0.4,6,0,0,11.4,15.5,No recurring injuries,Very Low,2.6,56,0.2,0,0,0,0,0,0,0,0,0,0,1.4,1.2
Serie A,Como,0.5,Jean Butez,GK,,31,"6'2""",Reasonable,Very Strong,6.72,1,1260,0,0,0,0,0,0,0,0%,0,0,0,0,0%,0,0,0,0,0,0,0,87%,22.9,0,0,0,0,0,0,0,0,0,0,4,0,9.6,2.6,0,0,0,0,3,0,0,0.8,0,0,0,0,5.4,0,No recurring injuries,Very Low,0,0,0,3,-5.76,0,64,9,17,9,19,3,0,0.9,1.4
Serie A,Torino,0.5,Gvidas Gineitis,M (C),,22,"6'3""",Very Strong,Weak,6.86,0,1211,0,0,0,0.39,0.39,-0.39,0,0%,0.078,0.4,0.1,0.1,20%,0,0,0,1,0.1,2.76,0.2,94%,59.2,0.6,1,7.4,0,0,0,0,0,0,0.2,5,1,7.5,9.8,1.3,2.1,4.5,85,20,4,0.7,1,0.1,8,4,0,12.4,12.6,No recurring injuries,Very Low,1.6,50,0,0,0,0,0,0,0,0,0,0,0,0.7,1
First Division,Valencia,0.49,Stole Dimitrievski,GK,,32,"6'2""",Reasonable,Very Strong,6.72,3,1350,0,0,0,0,0,0,0,0%,0,0,0,0,0%,0,0,0,0,0,0,0,78%,23.1,0,0,0,0,0,0,0,0,0,0,2,0,6.9,3.7,0,0,0,0,3,0,0,3.3,0,3,3,0,6.2,0,No recurring injuries,High,0,0,0,5,0.88,0,76,8,41,8,18,3,0,1,1.2
Bundesliga,FC St. Pauli,0.45,Joel Chima Fujita,DM,AM (C),24,"5'9""",Weak,Very Strong,6.85,1,1169,0,0,0,0.24,0.24,-0.24,0,0%,0.06,0.3,0.2,0.2,50%,0,0,0,2,0.2,1.95,0.2,91%,56.6,0.2,1.3,6.5,0.2,0,0,0.2,0,0,0,19,0,6,12.7,1,2.5,6.6,72,18,1,0.6,1,0.3,10,0,0,12,14.4,No recurring injuries,Very Low,1.3,35,0.1,0,0,0,0,0,0,0,0,0,0,0.6,1.3
Jupiler Pro League,STVV,0.39,Rihito Yamamoto,M (C),,24,"5'10""",Very Strong,Reasonable,6.4,0,1234,0,0,0,1.24,1.24,-1.24,0.1,0%,0.08857142857,1,0.2,0.4,21%,1,0,0,0,0,2.25,0.2,0%,0,0.3,0,0,0,0,0,0,0,0,0,6,0,14.9,9.9,0,0,0,0,0,0,0,0,0,0,0,0,0,0,No recurring injuries,Average,0,0,0,0,0,0,0,0,0,0,0,0,0,0.5,1.2
Bundesliga,1. FSV Mainz 05,0.41,Kaishu Sano,DM,,25,"5'9""",Reasonable,Very Strong,6.96,0,1034,0,0,0,0.19,0.19,-0.19,0,0%,0.06333333333,0.3,0.1,0.1,33%,0,0,0,0,0,3.91,0.3,95%,57.5,0.6,0.7,4.1,0.2,0,0,0.2,0,0,0.1,11,0,7.1,11.4,1.1,2.5,5.6,65,20,1,0.3,0.6,0.2,9,1,0,11.8,12.3,No recurring injuries,Average,2,43,0.2,0,0,0,0,0,0,0,0,0,0,0.8,1.3
Serie A,Casciavit,0.5,Ismaël Bennacer,M (C),,28,"5'9""",Very Strong,Reasonable,6.53,0,1029,0,0,0,0.16,0.16,-0.16,0,0%,0.032,0.4,0.2,0.3,40%,0,0,0,3,0.3,1.22,0.1,93%,19,0.5,0.6,1.7,1.7,0.3,20,0.1,0.1,100,0.1,7,0,13.1,10.7,0.3,0.7,2,57,7,2,0.2,0.7,0.2,7,2,0,4,6.6,No recurring injuries,Very Low,0.3,67,0,0,0,0,0,0,0,0,0,0,0,2.4,1
Bundesliga 2,SV Darmstadt 98,0.51,Hiroki Akiyama,DM,,25,"5'9""",Fairly Strong,Very Strong,6.99,0,1305,0,0,0,2,2,-2,0.1,0%,0.09523809524,1.4,0,0.3,0%,0,0,0,1,0.1,0.89,0.1,90%,52,0.1,1.2,5.9,0.1,0,0,0.1,0,0,0.3,9,0,5.2,13.7,1.3,2.3,5.4,79,24,1,0.9,1.4,0,1,0,0,12.3,12.3,No recurring injuries,Below Average,1.4,38,0.2,0,0,0,0,0,0,0,0,0,0,1.2,1.4
Eredivisie,Feyenoord,0.65,Tsuyoshi Watanabe,D (C),,29,"6'1""",Reasonable,Very Strong,6.69,1,1530,0,0,0,0.68,0.68,-0.68,0,0%,0.085,0.5,0.1,0,13%,0,0,0,0,0,0.98,0.1,91%,47.9,0.1,0.1,2,0,0,0,0,0,0,0.1,3,0,3.5,16.9,0.5,2.3,2.6,64,14,1,0.6,1.1,0.7,11,3,0,10.5,3.6,No recurring injuries,Below Average,4.4,62,1,0,0,0,0,0,0,0,0,0,0,1.3,0.9
Serie A,Udinese,0.5,Hidemasa Morita,"DM, M (C)",,31,"5'10""",Reasonable,Very Strong,7,2,1079,0,0,0,0.77,0.77,-0.77,0.1,0%,0.1283333333,0.5,0,0.1,0%,0,0,0,5,0.4,2.99,0.2,94%,58.4,0.5,1.4,7.6,0.6,0.3,42,0.3,0.3,75,0.1,9,0,4.7,13.7,1.2,2.6,5.2,70,20,0,0.3,0.9,0.1,9,1,0,11.7,11.5,No recurring injuries,Very Low,1.1,62,0.3,0,0,0,0,0,0,0,0,0,0,1.3,1.5
Premier League,Nott'm Forest,0.58,Hiroki Ito,D (C),WB (L),27,"6'2""",Very Strong,Reasonable,6.92,0,1339,0,0,0,0.25,0.25,-0.25,0,0%,0.05,0.3,0.3,0.3,80%,0,0,0,2,0.1,1.5,0.1,91%,74.5,0.3,0.7,8.9,4,0.5,13,0.9,0.2,23,0.6,4,2,11.1,11,1.8,3.6,5.4,75,36,3,0.5,1.3,0.4,8,1,0,12.4,16.2,No recurring injuries,Above Average,3.9,69,0.5,0,0,0,0,0,0,0,0,0,0,1.7,0.9
Bundesliga,VfL Bochum 1848,0.38,Ayumu Seko,D (C),DM,26,"6'1""",Reasonable,Very Strong,6.84,1,1350,0,0,0,0.86,0.86,-0.86,0.1,0%,0.07166666667,0.8,0.1,0.5,17%,0,0,0,0,0,0.13,0,92%,43.9,0.1,0.1,1.8,0.1,0,0,0.1,0,0,0,4,0,4.2,11.8,0.7,3.1,3.2,91,11,2,0.9,1.3,0.7,3,1,0,10,3.7,No recurring injuries,Average,5.3,74,0.6,0,0,0,0,0,0,0,0,0,0,0.9,1.2
Jupiler Pro League,Club Brugge,0.54,Taiyo Koga,D (C),,28,"6'0""",Strong,Very Strong,6.84,0,1620,0,0,0,1.06,1.06,-1.06,0.1,0%,0.08833333333,0.7,0.1,0.2,17%,0,0,0,0,0,1.3,0.1,94%,53.8,0.2,0.1,2.3,0.1,0.1,100,0.1,0.1,100,0.1,8,0,2.3,20.7,0.4,2.8,2.4,73,11,2,0.7,0.9,0.5,8,1,0,9.7,3.6,No recurring injuries,Below Average,3,67,0.3,0,0,0,0,0,0,0,0,0,0,1.3,0.8
Eredivisie,Ajax,0.60,Takehiro Tomiyasu,D (R),"D (C), WB (RL)",28,"6'2""",Fairly Strong,Very Strong,6.9,2,1190,0,0,0,0.58,0.58,-0.58,0,0%,0.08285714286,0.5,0.1,0.3,14%,0,0,0,1,0.1,0.79,0.1,90%,61.9,0,0.6,8.1,1.1,0.2,21,1.1,0.2,21,0.8,9,1,12.1,14.7,2.6,3.1,7.6,76,45,1,0.7,0.8,0.5,12,1,0,11.7,16,No recurring injuries,High,3.4,78,0.4,0,0,0,0,0,0,0,0,0,0,1.7,0.7
Eredivisie,Ajax,0.60,Ko Itakura,D (C),DM,29,"6'2""",Weak,Very Strong,6.97,0,1055,0,0,0,0.5,0.5,-0.5,0,0%,0.125,0.3,0.2,0.1,50%,0,0,0,1,0.1,1.73,0.1,92%,51.9,0.4,0.2,2.4,0,0,0,0,0,0,0,4,0,2,18.3,0.5,2.5,2.8,100,6,2,0.5,1,0.7,5,1,0,10.6,3.4,No recurring injuries,Average,4.4,67,0.7,0,0,0,0,0,0,0,0,0,0,2.1,0.9
Serie BKT,Hellas Verona,0.5,Yuto Nagatomo,D (RL),"WB (R), M (RL)",40,"5'7""",Very Strong,Very Strong,6.16,0,1260,0,0,0,0.37,0.37,-0.37,0,0%,0.06166666667,0.4,0.1,0,17%,0,0,0,0,0,0.98,0.1,72%,28.2,0.1,0.2,1.5,2,0.5,25,2,0.5,25,0.4,14,1,5.7,2.3,1.9,1,2.6,100,27,0,0.2,0.4,0.2,18,1,0,3.6,6.1,No recurring injuries,Very Low,0.4,100,0,0,0,0,0,0,0,0,0,0,0,0.3,0.6
Serie A,Parma,0.5,Zion Suzuki,GK,,24,"6'3""",Weak,Very Strong,6.85,0,1313,0,0,0,0,0,0,0,0%,0,0,0,0,0%,0,0,0,0,0,0,0,88%,23.8,0,0,0,0,0,0,0,0,0,0,7,0,4.2,5.1,0,0,0,0,1,0,0,1.5,0,0,0,0,4.9,0,No recurring injuries,Very Low,0,0,0,6,7.04,0,80,9,21,7,14,1,0,0.7,0.6
Ligue 2 BKT,Laval MFC,0.43,Florian Bianchini,AM (L),"AM (R), ST (C)",25,"6'0""",Reasonable,Very Strong,6.81,0,1353,0,0,0,1.54,1.54,-1.54,0.1,0%,0.09625,1.1,0.1,0.4,13%,0,0,0,1,0.1,0.8,0.1,88%,42.9,0.3,1.3,3.5,2.7,0.7,25,2.7,0.7,25,3.1,14,7,19.6,3.3,1.1,2.1,8.6,68,25,0,0.4,0.5,0,20,1,0,11.6,13.8,No recurring injuries,Average,3.9,34,0,0,0,0,0,0,0,0,0,0,0,0.5,1.3
Serie BKT,Catanzaro,0.5,Rémi Oudin,AM (C),"DM, AM (L)",30,"6'1""",Very Strong,Weak,6.85,0,1260,0,0,0,2.07,2.07,-2.07,0.1,0%,0.09,1.6,0.5,0,30%,0,0,0,2,0.1,1.21,0.1,63%,20,0,0,0,0,0,0,0,0,0,0,26,0,0,0,0.9,0,0,81,16,0,0,0,0,22,0,1,0,0,No recurring injuries,Very Low,0,0,0,0,0,0,0,0,0,0,0,0,0,0,0
Ligue 2 BKT,Red Star FC,0.39,Gaëtan Poussin,GK,,27,"6'0""",Weak,Very Strong,6.78,2,1170,0,0,0,0,0,0,0,0%,0,0,0,0,0%,0,0,0,0,0,0,0,77%,24.8,0,0,0,0,0,0,0,0,0,0,0,0,7.5,3.4,0,0,0,0,1,0,0,3.5,0,0,0,0,5.5,0,No recurring injuries,Below Average,0,0,0,4,5.39,0,74,7,22,6,12,1,0,0.6,0.9
Jupiler Pro League,Club Brugge,0.54,Mickaël Nadé,D (C),,27,"6'1""",Very Strong,Weak,6.89,0,1350,0,0,0,0.26,0.26,-0.26,0,0%,0.052,0.3,0,0.1,0%,0,0,0,1,0.1,0.25,0,91%,39.6,0.1,0.1,1.5,0.2,0.1,66,0.2,0.1,67,0,2,0,2.9,14.5,0.6,3.2,3.2,69,13,3,0.7,1,0.9,3,1,0,9.9,3.8,No recurring injuries,Below Average,5.5,63,1.1,0,0,0,0,0,0,0,0,0,0,1.3,0.6
Ligue 2 BKT,SC Bastia,0.51,Gustave Akueson,D (C),,30,"6'2""",Weak,Very Strong,6.79,1,1196,0,0,0,0.65,0.65,-0.65,0,0%,0.1083333333,0.5,0.1,0.1,17%,0,0,0,0,0,0.33,0,89%,42.7,0.2,0.2,2.6,0.1,0,0,0.1,0,0,0,7,0,3.5,15,0.8,3.4,3,67,15,3,0.7,1.4,0.8,7,3,1,9.9,3.5,No recurring injuries,Above Average,6,68,0.8,0,0,0,0,0,0,0,0,0,0,1.1,1.3
Sky Bet Championship,Wrexham,0.46,Rafik Guitane,AM (C),M (C),27,"5'7""",Very Strong,Reasonable,6.53,0,1236,0,0,0,0.7,0.7,-0.7,0.1,0%,0.1,0.5,0.1,0.1,29%,1,0,0,2,0.1,2.45,0.2,89%,7.1,0.2,0.2,1.1,0.7,0.2,33,0.3,0.1,50,0.4,12,2,12.8,6.3,0.1,0.3,1.6,100,2,0,0,0,0,4,0,0,2,2.3,No recurring injuries,High,0.7,56,0,0,0,0,0,0,0,0,0,0,0,0.8,1.2
Ligue 2 BKT,EA Guingamp,0.54,Alpha Sissoko,D (R),WB (R),29,"5'10""",Weak,Very Strong,6.84,1,1328,0,0,0,1.55,1.55,-1.55,0.1,0%,0.1409090909,0.7,0.1,0.3,9%,1,0,0,2,0.1,1.77,0.1,88%,52.2,0.1,1.1,6.5,3.3,0.7,20,1.8,0.3,15,1.1,17,1,12.4,12.5,2.1,3.5,6.5,79,39,2,0.6,1.2,0.7,18,3,0,12.6,15.6,No recurring injuries,Below Average,3.1,72,0.1,0,0,0,0,0,0,0,0,0,0,1,0.9
Second Division,F.C. Andorra,0.45,Thomas Carrique,D (R),WB (R),27,"5'8""",Weak,Very Strong,6.73,0,1091,0,0,0,1.04,1.04,-1.04,0.1,0%,0.1485714286,0.6,0.2,0.2,29%,0,0,0,2,0.2,1.36,0.1,91%,49.8,0.2,0.8,6.5,2.1,0.3,15,2.1,0.3,15,1.2,14,0,17.2,12,2.2,3.1,6.5,87,31,0,0.5,1,0.8,16,2,1,11.9,15.9,No recurring injuries,Below Average,4.8,45,0.2,0,0,0,0,0,0,0,0,0,0,1,1.2
Jupiler Pro League,STVV,0.39,Abdoulaye Sissako,DM,M (C),28,"6'2""",Weak,Very Strong,6.87,1,1033,0,0,0,0.59,0.59,-0.59,0.1,0%,0.118,0.4,0,0.2,0%,0,0,0,0,0,0.89,0.1,90%,53.5,0.1,0.8,3.7,0.1,0,0,0.1,0,0,0.1,6,0,7.9,10.4,1,2.1,6.3,75,16,2,0.6,1.1,0.2,13,1,0,11.9,11.3,No recurring injuries,Average,1.8,67,0.3,0,0,0,0,0,0,0,0,0,0,0.4,1
Ligue 1 McDonald's,Paris FC,0.48,Samir Chergui,D (C),DM,27,"6'1""",Reasonable,Very Strong,7.01,0,1256,0,0,0,0.76,0.76,-0.76,0.1,0%,0.08444444444,0.6,0.1,0.1,11%,0,0,0,0,0,0.67,0,89%,52,0,0.6,5.8,1.3,0.1,11,1.3,0.1,11,0.5,10,3,10.6,13.4,2,2.4,5.4,85,33,3,0.4,0.6,0.7,16,3,0,11.5,13.2,No recurring injuries,Below Average,5.9,73,0.9,0,0,0,0,0,0,0,0,0,0,1.1,1.2
Ligue 2 BKT,EA Guingamp,0.54,Akim Abdallah,D (L),M (L),29,"5'7""",Very Strong,Weak,6.89,1,1181,0,0,0,0,0,0,0,0%,0,0,0,0,0%,0,0,0,1,0.1,0.1,0,88%,55.2,0.1,1.3,8,2.7,0.3,11,2.7,0.3,11,0.8,13,3,13.9,12.7,2.4,2.6,7.2,91,34,1,0.4,1.1,0.7,18,2,0,11.5,15.2,No recurring injuries,Above Average,2.7,69,0.2,0,0,0,0,0,0,0,0,0,0,1.2,0.8
Sky Bet Championship,Sunderland,0.53,Nordi Mukiele,D (C),,29,"6'2""",Weak,Very Strong,6.91,0,1484,0,0,0,0.24,0.24,-0.24,0,0%,0.12,0.1,0.1,0,50%,0,0,0,0,0,1.51,0.1,91%,49.5,0.3,1.5,4.1,3.9,0.8,21,3.9,0.8,22,1.9,15,1,9.9,13,1.6,3.5,7.6,84,32,1,0.3,0.5,0.4,16,2,1,11.2,17.7,No recurring injuries,Average,4.1,61,0.4,0,0,0,0,0,0,0,0,0,0,0.5,0.5
Ligue 2 BKT,FC Nantes,0.59,Fabien Centonze,D (R),WB/AM (R),30,"6'0""",Weak,Very Strong,6.77,0,1111,0,0,0,2.08,2.08,-2.08,0.2,0%,0.13,1.3,0.2,0.4,13%,0,0,0,1,0.1,2.19,0.2,83%,53.1,0.3,0.7,7.9,2,0.3,16,2,0.3,16,1,9,1,13.4,13.8,2.1,2.8,7,87,30,1,0.5,0.5,0.7,17,1,0,11.3,15.1,No recurring injuries,Average,4.3,74,0.2,0,0,0,0,0,0,0,0,0,0,1.6,0.7
Ligue 2 BKT,FC Nantes,0.59,Alban Lafont,GK,,27,"6'4""",Weak,Very Strong,6.93,2,1440,0,0,0,0,0,0,0,0%,0,0,0,0,0%,0,0,0,0,0,0,0,88%,23.4,0,0,0,0,0,0,0,0,0,0,4,0,6.6,4.9,0,0,0,0,1,0,0,1.1,0,1,1,0,6.3,0,No recurring injuries,Below Average,0,0,0,8,3.5,0,75,13,22,2,12,1,0,1.5,0.8
Ligue 1 McDonald's,RC Lens,0.48,Malang Sarr,D (C),,27,"6'0""",Very Strong,Reasonable,6.75,0,1830,0,0,0,0.58,0.58,-0.58,0,0%,0.09666666667,0.3,0.1,0,33%,0,0,0,0,0,1.35,0.1,94%,49.6,0.1,0.2,3.1,0,0,100,0,0,100,0.1,2,1,3.8,10.7,0.5,2.2,3.1,69,16,2,0.2,0.8,0.7,10,0,0,10.4,5,Recurring abdominal strain,Very High,3.7,52,0.5,0,0,0,0,0,0,0,0,0,0,0.9,0.8
Ligue 1 McDonald's,LOSC,0.57,Romain Perraud,WB (L),,29,"5'8""",Very Strong,Reasonable,6.96,0,1354,0,0,0,0.25,0.25,-0.25,0,0%,0.04166666667,0.4,0,0.1,0%,0,0,0,2,0.1,2.58,0.2,88%,74.2,0.2,1.3,9.6,2,0.6,30,1.8,0.6,33,1,10,0,15.1,12.3,1.6,3.6,8.1,59,41,2,0.5,1.1,0.3,10,2,0,12.1,18.2,No recurring injuries,Below Average,1.9,41,0.1,0,0,0,0,0,0,0,0,0,0,1.6,1.2
Ligue 2 BKT,Montpellier,0.55,Modibo Sagnan,D (C),,27,"6'2""",Very Strong,Weak,6.76,0,1185,0,0,0,0.27,0.27,-0.27,0,0%,0.054,0.4,0.2,0.4,60%,0,0,0,0,0,0.42,0,89%,39.3,0,0.1,2.1,0,0,0,0,0,0,0.2,0,0,2.7,17,0.6,2.6,2.2,89,9,1,0.6,1.1,0.9,13,4,0,9.5,3.7,No recurring injuries,Above Average,6.6,76,1.3,0,0,0,0,0,0,0,0,0,0,1.4,0.7
Ligue 2 BKT,Rodez,0.40,Quentin Braat,GK,,29,"6'4""",Weak,Very Strong,6.69,3,1350,0,0,0,0,0,0,0,0%,0,0,0,0,0%,0,0,0,0,0,0,0,75%,25.9,0,0,0,0,0,0,0,0,0,0,8,0,10.7,2.8,0,0,0,0,0,0,0,3.5,0,0,0,0,5.8,0,No recurring injuries,Average,0,0,0,4,3.45,0,74,13,29,4,16,0,0,0.7,1.1
Ligue 2 BKT,Rodez,0.40,Evan's Jean-Lambert,D (L),M (L),27,"6'0""",Very Strong,Weak,6.92,2,1271,0,0,0,0,0,0,0,0%,0,0,0,0,0%,0,0,0,4,0.3,2.06,0.1,87%,47.8,0.4,1.3,5.5,5.9,1.7,28,5.8,1.7,29,2.1,17,1,16.7,8.1,1.4,2.7,9.6,74,27,0,0.6,1.3,0.1,11,3,0,12.5,26.6,No recurring injuries,Below Average,4.3,49,0.3,0,0,0,0,0,0,0,0,0,0,0.8,1.1
Ligue 2 BKT,Clermont Foot,0.57,Jérémy Livolant,AM (R),,28,"5'9""",Reasonable,Very Strong,6.82,1,1390,0,0,0,1.45,1.45,-1.45,0.1,0%,0.0725,1.3,0.5,0.4,35%,1,0,0,4,0.3,2.79,0.2,89%,42.7,0.2,2.7,4.3,9.6,1.1,11,3.7,0.3,9,3.2,16,3,16.1,4.5,1.5,1.8,8.4,82,28,1,0.1,0.8,0,18,0,0,11.4,16.3,No recurring injuries,Low,4,44,0.1,0,0,0,0,0,0,0,0,0,0,1.2,0.5
Ligue 2 BKT,Red Star FC,0.39,Bradley Danger,DM,M (C),28,"5'11""",Weak,Very Strong,6.78,0,1020,0,0,0,0.71,0.71,-0.71,0.1,0%,0.08875,0.7,0.1,0.1,13%,1,0,0,0,0,1.21,0.1,93%,46.7,0.4,0.6,4.1,0.3,0,0,0.3,0,0,0.4,4,1,6.4,12.1,0.7,2.2,4.6,80,10,1,0.9,0.8,0.4,6,0,0,10.4,7.1,No recurring injuries,Above Average,2.8,44,0.1,0,0,0,0,0,0,0,0,0,0,0.5,0.8
Ligue 2 BKT,FC Nantes,0.59,Ibrahima Sissoko,DM,,29,"6'4""",Reasonable,Very Strong,6.98,0,1370,0,0,0,3.39,3.39,-3.39,0.2,0%,0.1356,1.6,0.3,0.5,20%,0,0,0,1,0.1,1.43,0.1,93%,52.9,0.1,0.6,3.7,0.1,0,0,0.1,0,0,0,8,0,5.9,15.1,1.3,2.3,6.4,83,24,3,1.1,1.2,0.1,16,4,0,11.5,11.5,No recurring injuries,Average,3.1,74,0.3,0,0,0,0,0,0,0,0,0,0,1.6,0.7
Jupiler Pro League,RAAL La Louvière,0.5,Matthis Riou,D (C),DM,25,"6'2""",Reasonable,Very Strong,6.73,0,1560,0,0,0,2.36,2.36,-2.36,0.1,0%,0.1573333333,0.9,0.2,0.1,27%,0,0,0,2,0.1,1.37,0.1,93%,42.9,0.1,0.1,1.6,0.1,0.1,100,0.1,0.1,100,0.1,2,0,3.6,13.1,0.5,2.9,2.7,82,11,1,0.5,0.9,0.6,10,2,0,9.6,4.4,No recurring injuries,Below Average,3.9,74,0.6,0,0,0,0,0,0,0,0,0,0,0.6,1.3
Eredivisie,Fortuna Sittard,0.56,Edouard Michut,M (C),,23,"5'10""",Weak,Very Strong,6.84,0,1035,0,0,0,0.02,0.02,-0.02,0,0%,0.01,0.2,0.1,0.1,50%,1,0,0,3,0.3,1.95,0.2,91%,51,0.2,0.8,5.7,0.1,0.1,100,0.1,0.1,100,0.2,3,0,5,16.7,1,2.9,6,65,17,0,0.9,1.2,0.3,6,0,0,11.1,10.8,No recurring injuries,Low,2,39,0.1,0,0,0,0,0,0,0,0,0,0,1.2,1
Ligue 1 McDonald's,Auxerre,0.51,Louis Mouton,DM,M (C),24,"5'11""",Reasonable,Very Strong,7.01,1,1200,0,0,0,1.43,1.43,-1.43,0.1,0%,0.143,0.8,0.1,0.2,20%,0,0,0,5,0.4,2.04,0.2,92%,56.7,0.1,0.5,3.5,0.4,0.1,16,0,0,0,0.1,6,1,5.4,12.5,1.1,2.5,5.9,94,16,0,1,0.8,0.5,6,0,0,11.2,12.4,No recurring injuries,Below Average,2.2,60,0,0,0,0,0,0,0,0,0,0,0,1.4,1.1
Premier League,Estoril Praia,0.46,Joel Robles,GK,,36,"6'6""",Very Weak,Very Weak,6.34,2,1170,0,0,0,0,0,0,0,0%,0,0,0,0,0%,0,0,0,0,0,0,0,72%,24.1,0,0,0,0,0,0,0,0,0,0,1,0,7.3,2.8,0.1,0,0,33,3,0,0,4.5,0,0,0,0,5.7,0,No recurring injuries,Very Low,0,0,0,2,-5.65,0,64,8,21,14,25,3,33,0.8,1.9
Serie A,Fiorentina,0.5,David De Gea,GK,,36,"6'4""",Weak,Very Strong,7.23,5,1440,0,0,0,0,0,0,0,0%,0,0,0,0,0%,0,0,0,0,0,0,0,80%,24.4,0,0,0,0,0,0,0,0,0,0,8,0,8.6,3.3,0.1,0,0,100,1,0,0,1.2,0,0,0,0,5.6,0,No recurring injuries,Very Low,0,0,0,10,10.38,0,86,11,28,7,8,1,100,1.3,0.5
First Division,Getafe,0.38,David Soria,GK,,33,"6'4""",Weak,Very Strong,6.64,2,1235,0,0,0,0,0,0,0,0%,0,0,0,0,0%,0,0,0,0,0,0,0,83%,23.3,0,0,0.2,0,0,0,0,0,0,0,4,0,10.8,3.1,0.1,0,0,100,1,0,0,1.9,0,0,0,0,5.7,0.1,No recurring injuries,Average,0,0,0,2,-1.45,0,67,11,22,9,20,1,100,0.9,1.5
First Division,Real Hispalis,0.53,Diego Llorente,D (C),D (R),33,"6'1""",Fairly Strong,Very Strong,6.79,0,1529,0,0,0,0.91,0.91,-0.91,0.1,0%,0.3033333333,0.2,0.1,0,33%,0,0,0,1,0.1,1.58,0.1,93%,52.7,0.1,0.4,3.5,0.1,0,0,0.1,0,0,0,4,0,2.7,18.2,1.2,2.4,2.8,95,21,4,0.6,1.4,0.8,9,0,0,9.7,3.8,No recurring injuries,Above Average,4.1,56,0.8,0,0,0,0,0,0,0,0,0,0,1.6,0.8
First Division,A. Madrid,0.59,Jan Oblak,GK,,33,"6'2""",Weak,Very Strong,7.12,1,1710,0,0,0,0,0,0,0,0%,0,0,0,0,0%,0,0,0,0,0,0,0,89%,24.6,0,0,0,0,0,0,0,0,0,0,6,0,4.5,5.8,0,0.2,0,0,1,0,0,1.3,0,0,0,0,5.4,0.1,No recurring injuries,Below Average,0,0,0,7,0.6,0,80,21,33,11,18,1,0,1.6,0.9
Ligue 1 McDonald's,OL,0.56,Dominik Greif,GK,,29,"6'6""",Weak,Very Strong,6.85,1,1170,0,0,0,0,0,0,0,0%,0,0,0,0,0%,0,0,0,0,0,0,0,89%,24.1,0,0,0,0,0,0,0,0,0,0,2,0,6.2,4.4,0,0,0,0,2,0,0,1.5,0,0,0,0,7.3,0,No recurring injuries,High,0,0,0,5,-1.88,0,64,6,12,6,13,2,0,1.2,1
Serie A,Casciavit,0.5,Strahinja Pavlović,D (C),,25,"6'4""",Very Strong,Reasonable,6.82,0,1608,0,0,0,0.88,0.88,-0.88,0,0%,0.1257142857,0.4,0.1,0.1,29%,1,0,0,0,0,0.2,0,93%,55.2,0.1,0.1,2.9,0,0,0,0,0,0,0,2,0,4.4,12.5,0.6,3.2,2.6,83,12,2,0.4,0.7,0.4,13,3,2,10.4,6,No recurring injuries,Very Low,5.1,76,1.6,0,0,0,0,0,0,0,0,0,0,1.9,1
Premier League,Bournemouth,0.44,Đorđe Petrović,GK,,27,"6'4""",Weak,Very Strong,6.87,0,1350,0,0,0,0,0,0,0,0%,0,0,0,0,0%,0,0,0,0,0,0,0,72%,23.6,0,0,1.7,0,0,0,0,0,0,0,1,0,11.9,9.8,0.1,0.3,0,33,6,0,0,7.3,0,0,0,0,6.5,0.1,No recurring injuries,Below Average,0,0,0,2,-3,3,78,41,46,10,31,6,33,1.6,2.1
Premier League,Fulham,0.45,Sergio Canales,AM (C),DM,35,"5'9""",Very Strong,Weak,6.42,0,1194,0,0,0,1.52,1.52,-1.52,0.1,0%,0.06608695652,1.7,0.7,1.3,39%,0,0,0,1,0.1,1.61,0.1,89%,52.6,0.3,1.2,4,5.9,1.4,24,1.7,0.6,36,0.8,9,6,11.2,2.3,0.2,1.1,3.2,75,4,1,0.4,0.3,0.2,6,0,0,12.4,13.4,No recurring injuries,High,2.5,18,0,0,0,0,0,0,0,0,0,0,0,1.1,2.3
Bundesliga 2,Holstein Kiel,0.43,David Zec,D (C),,26,"6'2""",Weak,Very Strong,6.98,1,1350,0,0,0,0.17,0.17,-0.17,0,0%,0.0425,0.3,0.1,0.1,25%,0,0,0,1,0.1,0.49,0,91%,41.2,0.1,0.4,2.4,0.1,0,0,0.1,0,0,0,0,0,2.9,15.5,0.6,2.7,2.4,69,13,5,0.8,1.2,0.7,8,4,0,10.4,4,No recurring injuries,Below Average,6.1,88,1.1,0,0,0,0,0,0,0,0,0,0,0.9,1.2
Premier League,Famalicão,0.5,Lazar Carević,GK,,27,"6'5""",Weak,Very Strong,6.87,0,1200,0,0,0,0,0,0,0,0%,0,0,0,0,0%,0,0,0,0,0,0,0,89%,23.5,0,0,0,0,0,0,0,0,0,0,5,0,5.6,5.8,0,0.1,0,0,2,0,0,2.5,0,0,0,0,5.5,0,No recurring injuries,Above Average,0,0,0,3,0.99,1,77,15,36,11,18,2,0,1.1,1.3
Bundesliga,VfL Bochum 1848,0.38,Erhan Mašović,D (C),DM,28,"6'2""",Reasonable,Very Strong,6.82,0,1053,0,0,0,0.34,0.34,-0.34,0,0%,0.085,0.3,0,0.2,0%,0,0,0,0,0,0.03,0,89%,43.8,0,0.2,2.1,0.1,0,0,0.1,0,0,0,4,0,4.6,11,0.6,2.9,3,70,10,1,0.5,0.9,0.5,9,1,0,10.3,4.4,No recurring injuries,Above Average,6,71,1,0,0,0,0,0,0,0,0,0,0,0.9,1
Jupiler Pro League,KV Kortrijk,0.57,Marko Ilić,GK,,28,"6'3""",Weak,Very Strong,6.9,3,1530,0,0,0,0,0,0,0,0%,0,0,0,0,0%,0,0,0,0,0,0,0,83%,23.1,0,0,0,0,0,0,0,0,0,0,6,0,6,5.1,0,0,0,0,3,0,0,3.6,0,0,0,0,5.8,0,No recurring injuries,Below Average,0,0,0,6,2.8,0,74,15,25,10,17,3,0,1.4,1
Bundesliga 2,SV Darmstadt 98,0.51,Aleksandar Vukotić,D (C),,31,"6'7""",Very Strong,Weak,6.91,0,1350,0,0,0,0.92,0.92,-0.92,0.1,0%,0.23,0.3,0.1,0,25%,0,0,0,0,0,0.98,0.1,93%,43.3,0.3,0.3,2.2,0.1,0,0,0.1,0,0,0.1,7,0,2.9,16,0.7,3.3,2,92,12,1,0.9,1.4,0.7,10,4,0,10.5,3.6,No recurring injuries,Low,5.4,75,1.1,0,0,0,0,0,0,0,0,0,0,1.2,1.4
Serie A,Celesti,0.5,Adam Marušić,D (R),D/WB (L),34,"6'1""",Fairly Strong,Very Strong,6.87,0,1600,0,0,0,1.07,1.07,-1.07,0.1,0%,0.1188888889,0.5,0,0.2,0%,0,0,0,2,0.1,1.48,0.1,91%,58.4,0.3,1.2,7.8,1.7,0.6,32,1.7,0.6,32,0.7,11,0,16.8,10.4,1.7,3,7.4,91,33,5,0.4,1,0.7,25,3,0,10.6,14.2,No recurring injuries,Very Low,3.5,57,0.6,0,0,0,0,0,0,0,0,0,0,1.1,1.2
Ligue 1 McDonald's,LOSC,0.57,Predrag Rajković,GK,,31,"6'3""",Reasonable,Very Strong,6.85,4,1800,0,0,0,0,0,0,0,0%,0,0,0,0,0%,0,0,0,0,0,0,0,86%,23.6,0,0,0.1,0,0,0,0,0,0,0,6,0,4.7,4.8,0,0.1,0,0,4,0,0,1,0,0,0,0,6.8,0.1,No recurring injuries,Below Average,0,0,0,6,-4.31,0,74,21,36,10,24,4,0,1.4,1.2
Ligue 2 BKT,Angers SCO,0.60,Marko Dmitrović,GK,,34,"6'2""",Very Strong,Fairly Strong,6.88,1,1440,0,0,0,0,0,0,0,0%,0,0,0,0,0%,0,0,0,0,0,0,0,76%,23.2,0,0,0,0,0,0,0,0,0,0,8,0,5.7,6.2,0,0,0,0,1,0,0,2.2,0,2,2,0,6.1,0,No recurring injuries,Below Average,0,0,0,6,0.46,0,74,9,24,5,13,1,0,1.5,0.8
Premier League,Brentford,0.38,Aaron Hickey,D (L),WB (R),24,"6'1""",Very Strong,Strong,7.07,2,1210,0,0,0,0.44,0.44,-0.44,0,0%,0.04888888889,0.7,0.3,0.6,44%,0,0,0,3,0.2,3.38,0.3,88%,55.6,0.6,1.7,7.7,5.5,1,18,3.9,0.7,19,3.3,15,1,14.2,13,2.5,4.9,10.3,73,45,0,0.4,1,0.4,20,4,0,13,19.5,No recurring injuries,High,3.2,49,0.4,0,0,0,0,0,0,0,0,0,0,2,1.6
Premier League,Nott'm Forest,0.58,Nikola Milenković,D (C),,29,"6'5""",Weak,Very Strong,7.11,2,1436,0,0,0,0.71,0.71,-0.71,0,0%,0.1014285714,0.4,0.1,0,29%,0,0,0,1,0.1,0.26,0,92%,63.3,0.1,0.1,2.8,0,0,0,0,0,0,0,1,0,5,13.3,0.6,4.3,2.9,82,11,2,0.6,0.8,0.5,9,3,0,11.1,5.8,No recurring injuries,Below Average,7.1,73,1.3,0,0,0,0,0,0,0,0,0,0,1.6,0.9
Serie A,Parthenope,0.5,Billy Gilmour,DM,,25,"5'7""",Fairly Strong,Very Strong,7.02,1,1467,0,0,0,0.32,0.32,-0.32,0,0%,0.064,0.3,0,0.2,0%,2,0,0,3,0.2,2.45,0.2,90%,64.8,0.3,0.8,7.2,0,0,0,0,0,0,0.1,11,0,5.5,14,1.3,2.5,6.6,70,30,0,0.4,0.5,0,4,0,0,12.6,13.7,No recurring injuries,Very Low,1.8,40,0.1,0,0,0,0,0,0,0,0,0,0,1.3,0.8
Second Division,Leonesa,0.48,Sergi Maestre,DM,,36,"6'2""",Very Strong,Reasonable,6.92,0,1333,0,0,0,0.2,0.2,-0.2,0,0%,0.05,0.3,0,0.1,0%,0,0,0,2,0.1,2.89,0.2,91%,52.1,0.4,1.2,5.8,0,0,0,0,0,0,0.1,6,1,7.2,11.4,0.9,2.2,6.8,65,20,0,0.3,0.6,0.1,12,1,0,11.8,10.7,No recurring injuries,Below Average,3.4,47,0.7,0,0,0,0,0,0,0,0,0,0,0.8,1.3
Premier League,Alverca SAD,0.45,Sergi Gómez,D (C),,34,"6'0""",Very Weak,Very Weak,6.73,0,1045,0,0,0,0.7,0.7,-0.7,0.1,0%,0.06363636364,0.9,0.3,0.3,27%,0,0,0,0,0,1.4,0.1,91%,40,0.1,0.1,1.7,0,0,0,0,0,0,0,2,0,2.9,12.4,0.4,2.9,2.6,50,10,1,0.9,1.5,1.3,2,1,0,9.5,3.5,No recurring injuries,Above Average,4.6,81,1.2,0,0,0,0,0,0,0,0,0,0,0.9,1
Second Division,Tarragona,0.51,Moisés Delgado,D (L),WB (L),32,"5'8""",Very Strong,Weak,6.63,1,1125,0,0,0,0.01,0.01,-0.01,0,0%,0.01,0.1,0.1,0.1,100%,0,0,0,0,0,0.49,0,90%,56.6,0.1,1.2,6,3.2,0.6,17,3.2,0.6,18,0.2,4,0,16.1,12.2,0.9,3.1,6.4,61,18,2,0.7,1.8,1.4,14,0,0,11.7,13.8,No recurring injuries,Average,5,52,0.7,0,0,0,0,0,0,0,0,0,0,1.3,1.3
First Division,Burgos,0.35,Ander Cantero,GK,,31,"6'2""",Very Strong,Weak,6.52,0,1350,0,0,0,0,0,0,0,0%,0,0,0,0,0%,0,0,0,0,0,0,0,82%,24.3,0,0,0,0,0,0,0,0,0,0,6,0,9.2,3.1,0,0,0,0,1,0,0,4,0,0,0,0,5.8,0,No recurring injuries,Below Average,0,0,0,1,1.05,0,70,20,35,15,29,1,0,0.8,1.9
Second Division,S. Gijón,0.5,Rubén Yáñez,GK,,33,"6'3""",Reasonable,Very Strong,6.87,3,1530,0,0,0,0,0,0,0,0%,0,0,0,0,0%,0,0,0,0,0,0,0,83%,24.2,0,0,0,0,0,0,0,0,0,0,8,0,6.1,4.8,0,0,0,0,2,0,0,2.2,0,0,0,0,5,0,No recurring injuries,Below Average,0,0,0,5,2.33,1,75,12,27,10,16,2,0,1.4,0.9
First Division,Girona,0.57,Rubén Blanco,GK,,31,"6'2""",Fairly Strong,Very Strong,6.68,0,1260,0,0,0,0,0,0,0,0%,0,0,0,0,0%,0,0,0,0,0,0,0,82%,24.4,0,0,0,0,0,0,0,0,0,0,1,0,9.5,3.9,0,0.1,0,0,0,0,0,2.5,0,0,0,0,5.7,0,No recurring injuries,High,0,0,0,5,-1.86,0,74,14,23,12,17,0,0,1.9,1.2
First Division,Cádiz,0.5,David Gil,GK,,32,"6'1""",Very Strong,Weak,6.88,1,1350,0,0,0,0,0,0,0,0%,0,0,0,0,0%,0,0,0,0,0,0,0,80%,25.1,0,0,0.3,0,0,0,0,0,0,0,3,0,9.1,4.9,0,0.3,0,0,4,0,0,3.7,0,0,0,0,4.7,0,No recurring injuries,Below Average,0,0,0,3,7.5,0,74,18,25,7,18,4,0,1.1,1.2
Second Division,Tenerife,0.44,Rober Correa,D (R),WB (R),34,"5'11""",Reasonable,Very Strong,6.66,0,1128,0,0,0,0.46,0.46,-0.46,0,0%,0.07666666667,0.5,0,0.1,0%,0,0,0,0,0,0.73,0.1,91%,49.4,0.1,0.6,6.3,2.5,0.9,35,2.5,0.9,35,0.8,12,1,19.8,10.5,2.1,3.3,7.3,96,27,0,0.4,1,0.5,18,1,1,11.4,15.6,No recurring injuries,Average,3.2,70,0.4,0,0,0,0,0,0,0,0,0,0,1,1.2
Jupiler Pro League,Antwerp,0.53,César De la Hoz,DM,D (C),34,"5'10""",Weak,Very Strong,6.84,0,1135,0,0,0,0.76,0.76,-0.76,0.1,0%,0.1085714286,0.6,0.2,0.4,43%,0,0,0,1,0.1,1.99,0.2,91%,59.9,0.4,0.5,5.8,0.2,0.2,66,0.2,0.2,67,0.4,4,0,6.3,11.7,1.6,2.2,7,77,26,0,0.5,0.5,0.5,9,2,0,11.3,10.8,No recurring injuries,Low,2.5,52,0.4,0,0,0,0,0,0,0,0,0,0,1,1.9
First Division,Getafe,0.38,Diego Rico,D/WB (L),D (C),33,"5'11""",Very Strong,Reasonable,6.85,0,1104,0,0,0,0,0,0,0,0%,0,0.1,0,0.1,0%,0,0,0,1,0.1,1.44,0.1,89%,47.9,0.2,1.4,4.4,9.9,1.5,15,7.8,1.1,15,2.2,11,2,24,8.9,2.8,3.3,10.4,77,44,2,0.7,1.1,0.2,24,0,0,12.3,26.8,No recurring injuries,Below Average,3.1,58,0.1,0,0,0,0,0,0,0,0,0,0,1,1.5
Second Division,Almería,0.5,Fernando,GK,,36,"6'1""",Weak,Very Strong,6.91,2,1237,0,0,0,0,0,0,0,0%,0,0,0,0,0%,0,0,0,0,0,0,0,72%,23.8,0,0.1,0,0,0,0,0,0,0,0,2,0,8.8,4.3,0,0,0,0,1,0,0,3.6,0,0,0,0,5.7,0,No recurring injuries,Above Average,0,0,0,4,6.4,0,75,8,25,6,13,1,0,1.5,0.9
Second Division,Mallorca,0.57,Antonio Raíllo,D (C),,35,"6'1""",Weak,Very Strong,6.93,0,1446,0,0,0,0.15,0.15,-0.15,0,0%,0.075,0.1,0,0,0%,0,0,0,0,0,1.58,0.1,94%,53,0.2,0.1,2.7,0.1,0,0,0.1,0,0,0,3,1,2.4,18.5,0.6,1.8,3.9,56,16,3,0.6,1.4,0.5,10,3,2,10,4.3,No recurring injuries,Below Average,4.6,74,0.9,0,0,0,0,0,0,0,0,0,0,1.6,0.9
Second Division,Zaragoza,0.48,Pablo Insua,D (C),,33,"6'2""",Weak,Very Strong,6.79,0,1296,0,0,0,0.04,0.04,-0.04,0,0%,0.02,0.1,0,0.1,0%,0,0,0,2,0.1,1.14,0.1,92%,42,0.3,0.3,1.9,0.1,0,0,0.1,0,0,0.1,4,0,3.1,13.7,0.7,2.8,2.6,71,14,1,0.4,1.1,1.1,4,1,0,10,3.2,No recurring injuries,High,5.6,69,1.3,0,0,0,0,0,0,0,0,0,0,1,1
Second Division,Huesca,0.53,Dani Jiménez,GK,,36,"5'10""",Weak,Very Strong,6.77,1,1371,0,0,0,0,0,0,0,0%,0,0,0,0,0%,0,0,0,0,0,0,0,78%,23.6,0,0,0,0,0,0,0,0,0,0,8,0,8.9,4.3,0,0,0,0,2,0,0,2.5,0,0,0,0,5.8,0,No recurring injuries,Above Average,0,0,0,8,4.84,0,75,8,27,9,14,2,0,0.9,0.9
Second Division,Albacete,0.41,Raúl Lizoáin,GK,,35,"6'2""",Very Strong,Weak,6.74,2,1620,0,0,0,0,0,0,0,0%,0,0,0,0,0%,0,0,0,0,0,0,0,82%,22.3,0,0,0,0,0,0,0,0,0,0,6,0,7.6,2.9,0,0,0,0,2,0,0,3.9,0,0,0,0,5.4,0,No recurring injuries,Above Average,0,0,0,4,-1.88,1,71,11,31,10,21,2,0,0.9,1.2
First Division,Elche,0.34,Pedro Bigas,D (C),D (L),36,"5'11""",Very Strong,Weak,6.66,0,1174,0,0,0,0.16,0.16,-0.16,0,0%,0.05333333333,0.2,0,0.2,0%,0,0,0,0,0,0.28,0,90%,42.4,0,0,1.5,0,0,0,0,0,0,0,4,0,5.8,8.7,0.4,2.6,2.2,63,8,1,0.5,1.3,0.9,4,1,0,9.7,3.7,No recurring injuries,High,5.6,58,1.2,0,0,0,0,0,0,0,0,0,0,0.9,1.8
Sky Bet Championship,Leeds,0.62,Sergi Darder,M (C),,32,"5'11""",Fairly Strong,Very Strong,7.08,0,1557,0,0,0,1.59,1.59,-1.59,0.1,0%,0.09352941176,1,0.3,0.4,35%,1,0,0,8,0.5,7.76,0.4,95%,62.8,0.6,1.3,7.8,1.3,0.4,30,0.1,0.1,100,0.1,10,1,5.3,15.7,1.2,1.7,5.4,81,26,1,0.4,0.5,0.2,10,4,0,11.3,10.8,No recurring injuries,Below Average,1.9,36,0.2,0,0,0,0,0,0,0,0,0,0,1.6,0.9
Second Division,Málaga,0.57,Alfonso Herrero,GK,,32,"6'0""",Weak,Very Strong,7.02,2,1740,0,0,0,0,0,0,0,0%,0,0,0,0,0%,0,0,0,0,0,0,0,81%,23.6,0,0,0,0,0,0,0,0,0,0,5,0,6.2,5,0,0,0,0,1,0,0,2.3,0,0,0,0,5,0,No recurring injuries,Below Average,0,0,0,8,7.02,0,80,10,38,6,13,1,0,1.4,0.7
Second Division,Eibar,0.55,Sergio Álvarez,DM,,34,"6'0""",Fairly Strong,Very Strong,6.74,0,1265,0,0,0,0.74,0.74,-0.74,0.1,0%,0.148,0.4,0.1,0.1,20%,0,0,0,1,0.1,2.28,0.2,88%,50.5,0.1,1,5.9,0.1,0,0,0.1,0,0,0.4,11,0,6.6,15,1.5,1.8,6.4,75,28,0,0.3,0.7,0.2,13,2,0,10.7,10.9,No recurring injuries,Average,2,50,0.1,0,0,0,0,0,0,0,0,0,0,1.4,1
Second Division,Leonesa,0.48,Edgar Badía,GK,,34,"5'11""",Reasonable,Very Strong,6.76,2,1620,0,0,0,0,0,0,0,0%,0,0,0,0,0%,0,0,0,0,0,0,0,74%,24.3,0,0,0,0,0,0,0,0,0,0,9,0,8.3,3.5,0.1,0,0,33,3,0,0,2.7,0,0,0,0,5.8,0,No recurring injuries,Below Average,0,0,0,4,4.22,1,77,15,35,15,20,3,33,0.7,1.1
First Division,Vallecano,0.53,Unai López,"DM, M (C)",,31,"5'7""",Fairly Strong,Very Strong,6.9,1,1168,0,0,0,0.9,0.9,-0.9,0.1,0%,0.09,0.8,0.1,0.2,10%,0,0,0,4,0.3,3.33,0.3,93%,58.4,0.2,0.5,7.5,7.1,1.5,20,0,0,0,0.4,8,0,6.4,11.1,1.5,2.2,5.2,73,26,2,0.7,0.6,0.2,7,0,0,10.9,11.1,No recurring injuries,Below Average,1.3,41,0,0,0,0,0,0,0,0,0,0,0,1.5,1.1
Ligue 2 BKT,SM Caen,0.41,Anthony Mandréa,GK,,29,"6'1""",Weak,Very Strong,6.73,3,1350,0,0,0,0,0,0,0,0%,0,0,0,0,0%,0,0,0,0,0,0,0,76%,24.9,0,0,0,0,0,0,0,0,0,0,5,0,8.1,3.3,0,0,0,0,0,0,0,3.7,0,0,0,0,5.4,0,No recurring injuries,Below Average,0,0,0,4,2.77,0,74,7,35,5,16,0,0,1.1,1.1
Serie A,Bologna,0.5,Lewis Ferguson,DM,AM (C),27,"5'11""",Weak,Very Strong,7.23,1,1271,0,0,0,1.29,1.29,-1.29,0.1,0%,0.129,0.7,0.1,0.1,20%,0,0,0,0,0,1.68,0.1,93%,64.5,0.4,0.8,6.7,0.1,0,0,0.1,0,0,0,5,0,5.2,16.2,1.2,3.5,7.8,77,22,1,0.7,0.8,0.4,12,5,0,12.8,13.2,No recurring injuries,Below Average,2.9,66,0.3,0,0,0,0,0,0,0,0,0,0,1.3,1.3
Premier League,Liverpool,0.59,Andrew Robertson,D (L),,32,"5'10""",Very Strong,Very Weak,6.75,0,1246,0,0,0,0.34,0.34,-0.34,0,0%,0.05666666667,0.4,0.1,0.4,33%,0,0,0,0,0,0.58,0,91%,73.2,0.1,0.7,10,4,0.1,3,1.6,0.1,9,1.3,5,0,11.6,11.2,3.3,3.8,10.5,79,58,1,1.2,1.4,0.6,19,0,1,12.7,19.9,No recurring injuries,Average,4.1,42,0.2,0,0,1,0,0,0,0,0,0,0,2,2
Serie BKT,Cremonese,0.5,Morten Thorsby,M (C),"DM, AM (C)",30,"6'2""",Weak,Very Strong,7.17,0,1193,0,0,0,4.02,4.02,-4.02,0.3,0%,0.1218181818,2.5,1.1,0,45%,0,0,0,3,0.2,1.06,0.1,71%,21.1,0,0,0,0,0,0,0,0,0,0,24,0,0,0,1.1,0,0,93,15,0,0,0,0,20,2,2,0,0,No recurring injuries,Very Low,0,0,0,0,0,0,0,0,0,0,0,0,0,0,0
Sky Bet Championship,Derby,0.56,Sondre Tronstad,DM,,31,"5'9""",Weak,Very Strong,7.04,0,1603,0,0,0,1.58,1.58,-1.58,0.1,0%,0.1316666667,0.7,0.2,0.4,33%,0,0,0,1,0.1,1.65,0.1,91%,50.6,0.3,0.5,4.5,0,0,0,0,0,0,0.2,13,0,6.4,14.2,2.2,2.2,6.8,87,45,4,0.7,0.5,0.1,9,1,0,11.8,12.7,No recurring injuries,Below Average,2.9,35,0.4,0,0,0,0,0,0,0,0,0,0,1.1,0.8
Sky Bet Championship,Stoke,0.44,Bosun Lawal,D/M (C),,23,"5'11""",Reasonable,Very Strong,6.68,0,1260,0,0,0,0.59,0.59,-0.59,0,0%,0.09833333333,0.4,0,0.1,0%,0,0,0,1,0.1,0.95,0.1,92%,47.1,0.1,0.4,2.3,0.1,0,0,0.1,0,0,0.1,5,0,4.9,11.3,0.4,3.1,4,86,7,0,0.8,0.6,0.3,7,2,2,10.7,6.6,Recurring lower back stress fracture,Very High,4.4,75,0.6,0,0,0,0,0,0,0,0,0,0,0.9,1.6
Sky Bet Championship,Stoke,0.44,Ryan Manning,D (L),D (C),30,"5'8""",Very Strong,Weak,6.79,1,1530,0,0,0,0.05,0.05,-0.05,0,0%,0.05,0.1,0,0.1,0%,0,0,0,3,0.2,1.44,0.1,90%,55.8,0.1,0.8,7.2,3.8,0.7,18,3.4,0.6,19,0.9,21,3,16.6,10.8,1.6,3.5,6.2,78,36,1,0.9,1.2,0.8,27,7,0,10.7,16,No recurring injuries,Very Low,3.7,48,0.1,0,0,0,0,0,0,0,0,0,0,0.9,1.5
Serie A,Genoa,0.5,Johan Felipe Vásquez,D (L),D (L),28,"6'0""",Very Strong,Weak,6.87,1,1440,0,0,0,0.35,0.35,-0.35,0,0%,0.04375,0.5,0,0.1,0%,0,0,0,0,0,0.01,0,93%,44.1,0,0.4,2.1,0,0,0,0,0,0,0.1,9,0,3.3,11.7,0.6,2.5,2.8,77,13,4,0.6,0.8,1.1,14,4,1,9.4,4.6,No recurring injuries,Very Low,3.4,69,0.4,0,0,0,0,0,0,0,0,0,0,0.8,0.9
Eredivisie,Sparta Rotterdam,0.46,Gil Alcalá,GK,,34,"5'11""",Reasonable,Very Strong,6.77,2,1260,0,0,0,0,0,0,0,0%,0,0,0,0,0%,0,0,0,0,0,0,0,82%,24.1,0,0,0,0,0,0,0,0,0,0,2,0,8,3.4,0,0,0,0,0,0,0,3.5,0,0,0,0,5.3,0,No recurring injuries,Average,0,0,0,6,6,0,77,19,24,10,15,0,0,1.1,1.1
Ligue 2 BKT,FC Rouen,0.43,Mustapha Benzia,DM,,36,"6'0""",Weak,Very Strong,6.77,0,1335,0,0,0,0.22,0.22,-0.22,0,0%,0.11,0.1,0.1,0,50%,0,0,0,6,0.4,1.99,0.1,89%,49,0.3,1.3,6.1,2.4,0.3,11,0.3,0,0,0.1,6,0,9,10,1,2.6,5.1,75,20,0,0.3,1.1,0.1,9,2,0,11.7,9.5,No recurring injuries,Very Low,3.8,57,0.3,0,0,0,0,0,0,0,0,0,0,0.9,1.4
Ligue 2 BKT,EA Guingamp,0.54,Donatien Gomis,D (C),,32,"6'2""",Weak,Very Strong,6.79,0,1036,0,0,0,0.97,0.97,-0.97,0.1,0%,0.1077777778,0.8,0.1,0,11%,0,0,0,1,0.1,0.15,0,91%,42.4,0.3,0.1,1.7,0,0,0,0,0,0,0.1,4,0,3,15.6,0.5,4.1,3.1,60,10,0,0.5,1,0.7,7,4,1,10.3,5.2,Recurring tight hamstring,Very High,6,83,1.1,0,0,0,0,0,0,0,0,0,0,1,0.8
Bundesliga,1. FSV Mainz 05,0.41,Andreas Hanche-Olsen,D (C),D (R),29,"6'1""",Weak,Very Strong,6.95,0,1136,0,0,0,0.05,0.05,-0.05,0,0%,0.0125,0.3,0,0.2,0%,0,0,0,1,0.1,0.6,0,90%,43.7,0,0.2,2.7,0,0,0,0,0,0,0,5,0,4,12,0.6,3,2.5,88,8,3,0.6,0.6,0.6,10,1,1,10.3,3.4,No recurring injuries,Above Average,6.2,76,1,0,0,0,0,0,0,0,0,0,0,1,1.3
Jupiler Pro League,RAAL La Louvière,0.5,Maxence Maisonneuve,D (C),,27,"6'3""",Weak,Very Strong,6.69,0,1475,0,0,0,0.7,0.7,-0.7,0,0%,0.07777777778,0.5,0.1,0.3,22%,0,0,0,0,0,0.57,0,91%,40.8,0.1,0.1,2.3,0.1,0.1,100,0.1,0.1,100,0,5,0,3.9,11,0.4,3,2.9,78,9,2,0.5,1.1,0.9,4,1,0,9.8,2.6,No recurring injuries,Below Average,4.6,64,1.3,0,0,0,0,0,0,0,0,0,0,0.7,1.3
Ligue 1 McDonald's,Saint-Étienne,0.5,Julien Le Cardinal,D (C),D (R),29,"6'0""",Reasonable,Very Strong,6.71,0,1350,0,0,0,0.33,0.33,-0.33,0,0%,0.165,0.1,0,0,0%,0,0,0,0,0,0.74,0,92%,40.9,0.1,0.1,2.1,0.1,0.1,100,0.1,0.1,100,0,4,0,3.9,11.4,0.9,2.4,3.4,100,13,2,0.6,1,0.9,7,2,0,10.5,3.7,No recurring injuries,Below Average,5.4,48,1.1,0,0,0,0,0,0,0,0,0,0,0.5,1.4
Ligue 2 BKT,Grenoble,0.46,Matthéo Xantippe,D (L),,24,"6'0""",Very Strong,Weak,6.91,1,1329,0,0,0,0,0,0,0,0%,0,0,0,0,0%,0,0,0,3,0.2,2.49,0.2,84%,48.8,0.3,1.4,5.2,6.1,1.1,17,6.1,1.1,18,2.1,6,1,14.9,10.2,2.6,3.8,9.4,72,54,2,0.4,1.1,0.3,19,0,0,12.4,21.7,No recurring injuries,Average,3.9,53,0.3,0,0,0,0,0,0,0,0,0,0,1.1,0.9
Ligue 2 BKT,Red Star FC,0.39,Balthazar Pierret,DM,,26,"6'1""",Very Strong,Reasonable,6.43,0,1076,0,0,0,0.08,0.08,-0.08,0,0%,0.02666666667,0.3,0.1,0.1,33%,0,0,0,1,0.1,3.5,0.3,94%,3.9,0.6,0.2,0.6,0.8,0,0,0,0,0,0.1,7,0,12.7,10.8,0.1,0,0.5,100,1,0,0,0,0,9,7,0,1.1,1.2,No recurring injuries,Average,0.1,100,0.1,0,0,0,0,0,0,0,0,0,0,0.4,1.1
Ligue 1 McDonald's,Havre AC,0.43,Arouna Sanganté,D (R),,24,"6'2""",Weak,Very Strong,6.81,0,1260,0,0,0,0.21,0.21,-0.21,0,0%,0.042,0.4,0,0.1,0%,0,0,0,0,0,0.08,0,93%,45.1,0.1,0,2,0.1,0,0,0.1,0,0,0,3,0,2.5,14,0.5,2.9,2.8,58,12,2,0.2,0.9,1.1,11,5,0,10.2,3.3,No recurring injuries,Low,4,79,0.9,0,0,0,0,0,0,0,0,0,0,0.6,1.1
Ligue 2 BKT,Montpellier,0.55,Enzo Tchato,D (R),D (C),24,"6'0""",Reasonable,Very Strong,6.98,0,1009,0,0,0,0.57,0.57,-0.57,0.1,0%,0.114,0.4,0,0.4,0%,0,0,0,0,0,0.79,0.1,83%,55.3,0.3,1.1,7.6,1.8,0.1,5,1.8,0.1,5,0.4,7,1,13.8,11.7,2,2.6,6.9,88,25,4,1,2.1,1,5,0,0,10.5,12.7,No recurring injuries,Above Average,4.6,56,0.4,0,0,1,0,0,0,0,0,0,0,1.2,0.7
Ligue 2 BKT,Pau FC,0.48,Daylam Meddah,DM,,24,"6'2""",Weak,Very Strong,6.89,1,1430,0,0,0,1.34,1.34,-1.34,0.1,0%,0.134,0.6,0,0.3,0%,1,0,0,2,0.1,1.23,0.1,94%,50.7,0,0.6,3.4,0.1,0.1,100,0.1,0.1,100,0.3,8,0,6.9,13.1,1.4,1.7,6.2,88,25,0,0.1,0.9,0.3,13,2,0,11.3,11.8,No recurring injuries,Below Average,3,55,0.6,0,0,0,0,0,0,0,0,0,0,1,1.2
Eredivisie,FC Groningen,0.56,Ugo Raghouber,DM,,23,"6'2""",Very Strong,Weak,7.01,0,1176,0,0,0,0.86,0.86,-0.86,0.1,0%,0.172,0.4,0.1,0.1,20%,0,0,0,5,0.4,1.8,0.1,91%,52.8,0.5,1.7,6.3,0.2,0,0,0.2,0,0,0.1,4,0,4.6,14.1,1.7,2.2,5.8,92,24,0,0.5,1.3,0,9,5,0,11.6,11.5,No recurring injuries,Average,2.7,69,0.3,0,0,0,0,0,0,0,0,0,0,1.2,0.8
Serie BKT,Venezia,0.5,Ahmed Sidibé,DM,D/M (C),24,"6'2""",Very Strong,Weak,7.01,0,1260,0,0,0,0.53,0.53,-0.53,0,0%,0.106,0.4,0,0,0%,0,0,0,0,0,1.66,0.1,73%,20,0,0,0,0,0,0,0,0,0,0,11,0,0,0,1.6,0,0,92,25,0,0,0,0,20,0,0,0,0,No recurring injuries,Very Low,0,0,0,0,0,0,0,0,0,0,0,0,0,0,0
Ligue 2 BKT,FC Rouen,0.43,Clément Bassin,D (C),D (L),31,"6'0""",Very Strong,Weak,6.69,0,1129,0,0,0,0.16,0.16,-0.16,0,0%,0.16,0.1,0,0,0%,0,0,0,1,0.1,1.49,0.1,86%,45.5,0.2,1.5,3.7,6.4,1,15,6.4,1,15,0.9,7,1,13.2,12,1.4,2.8,7.4,78,23,2,1.3,1.2,0.2,11,2,2,11.7,16.1,No recurring injuries,Low,4.5,70,0.1,0,0,0,0,0,0,0,0,0,0,1,1.1
Sky Bet Championship,Bristol City,0.45,Ross McCrorie,D/WB (R),,28,"6'1""",Weak,Very Strong,6.83,0,1248,0,0,0,0.3,0.3,-0.3,0,0%,0.06,0.4,0.1,0.1,40%,0,0,0,0,0,0.58,0,88%,54.4,0.1,0.8,6.7,1.4,0.2,15,1.4,0.2,15,0.6,9,1,10.8,11.8,1.2,2.7,7.5,71,24,1,0.7,1.4,1,23,3,0,10.3,14.4,No recurring injuries,Average,5.4,64,1.2,0,0,0,0,0,0,0,0,0,0,1.5,0.7
Jupiler Pro League,KV Mechelen,0.51,Simen Juklerød,D (L),,32,"6'2""",Very Strong,Reasonable,6.73,0,1218,0,0,0,0.04,0.04,-0.04,0,0%,0.04,0.1,0,0,0%,0,0,0,1,0.1,0.44,0,90%,55.5,0.1,0.9,6.3,1.8,0.4,25,1.3,0.3,24,0.7,9,3,18.3,11.3,1.8,3.3,8.1,73,33,3,0.4,1,0.4,13,0,0,11.1,14.9,No recurring injuries,Below Average,2.7,47,0.3,0,0,0,0,0,0,0,0,0,0,1,1.3
Sky Bet Championship,Watford,0.43,Egil Selvik,GK,,29,"6'2""",Very Strong,Strong,6.58,0,1432,0,0,0,0,0,0,0,0%,0,0,0,0,0%,0,0,0,0,0,0,0,75%,23.6,0,0,0.1,0,0,0,0,0,0,0,4,0,9.5,3.5,0,0.1,0,0,2,0,0,3.5,0,0,0,0,5.8,0,No recurring injuries,High,0,0,0,2,0.53,0,70,17,34,7,24,2,0,0.9,1.5
Premier League,Bournemouth,0.44,Ryan Christie,DM,"DM, AM (RC)",31,"5'10""",Very Strong,Reasonable,6.7,0,1003,0,0,0,0.15,0.15,-0.15,0,0%,0.01153846154,1.2,0.4,1.2,38%,0,0,0,1,0.1,0.31,0,88%,46.7,0.1,0.1,3,3.2,0,0,0.1,0,0,0,0,1,8.3,8.6,1.8,3.1,7.7,74,27,2,0.8,1.3,0.7,13,2,0,12.7,16.2,No recurring injuries,Below Average,2.2,56,0.1,0,0,0,0,0,0,0,0,0,0,1.4,2.2
Bundesliga,1. FC Nürnberg,0.5,Luka Lochoshvili,D (C),,28,"6'4""",Very Strong,Weak,6.68,0,1010,0,0,0,0.16,0.16,-0.16,0,0%,0.032,0.4,0.1,0.3,20%,0,0,0,1,0.1,0.23,0,87%,41,0.1,0.3,1.8,0,0,0,0,0,0,0.1,2,0,2.5,15.5,0.5,2.7,3.3,55,11,1,0.5,1.5,0.8,7,4,0,10.4,4,No recurring injuries,Above Average,4.8,78,1.5,0,0,0,0,0,0,0,0,0,0,1.6,1.4
Serie A,Blu-neri,0.5,Henrikh Mkhitaryan,M (C),DM,37,"5'10""",Strong,Very Strong,6.56,0,1139,0,0,0,0.33,0.33,-0.33,0,0%,0.020625,1.3,0.6,1.1,44%,0,0,0,1,0.1,1.19,0.1,88%,13.5,0.2,0.6,1,0.1,0.1,100,0.1,0.1,100,0.1,5,0,15,12.5,0.2,0.9,3.7,43,7,0,0,0.2,0,2,2,0,3.2,5.7,No recurring injuries,Above Average,0.8,30,0,0,0,0,0,0,0,0,0,0,0,1.8,0.9
Bundesliga 2,Hannover 96,0.53,Virgil Ghiţă,D (C),,28,"6'1""",Reasonable,Very Strong,7.01,2,1183,0,0,0,0.71,0.71,-0.71,0.1,0%,0.1014285714,0.5,0,0.2,0%,0,0,0,1,0.1,0.1,0,92%,45.7,0,0.1,2.1,0.2,0.2,66,0.2,0.2,67,0,2,0,3.1,17.5,0.8,3.8,3,85,13,4,0.7,1.1,0.6,9,2,1,10.2,3.9,No recurring injuries,Below Average,5.9,67,0.6,0,0,0,0,0,0,0,0,0,0,0.8,0.6
Ligue 2 BKT,EA Guingamp,0.54,Florin Niţă,GK,,39,"6'1""",Weak,Very Strong,7.02,3,1260,0,0,0,0,0,0,0,0%,0,0,0,0,0%,0,0,0,0,0,0,0,81%,24.9,0,0,0,0,0,0,0,0,0,0,2,0,7.3,4.3,0,0,0,0,1,0,0,2.7,0,0,0,0,5.5,0,No recurring injuries,Low,0,0,0,6,0.57,0,76,12,20,6,12,1,0,1.1,0.9
Ligue 2 BKT,Clermont Foot,0.57,Abdu Conté,D (L),,28,"6'0""",Very Strong,Weak,6.92,1,1266,0,0,0,0.42,0.42,-0.42,0,0%,0.14,0.2,0,0.1,0%,0,0,0,2,0.1,1.71,0.1,90%,55,0.3,1.6,6.9,2.8,0.4,15,2.8,0.4,15,0.7,13,2,11,15.1,2.3,2.8,7.1,87,38,1,0.5,1.4,0.1,7,3,0,11.7,15.1,No recurring injuries,High,3.8,74,0.6,0,0,0,0,0,0,0,0,0,0,1.2,0.5
Premier League,AVS SAD,0.48,Kiki Afonso,D (L),WB (L),31,"5'11""",Very Weak,Very Weak,6.85,0,1056,0,0,0,0.09,0.09,-0.09,0,0%,0.045,0.2,0,0.1,0%,0,0,0,1,0.1,0.54,0,87%,59.2,0,0.9,8.9,2,0.3,12,1.4,0.1,6,1,12,0,15.3,13.6,1.6,3.1,7.5,70,27,2,0.5,0.9,1,21,3,0,11.3,14.8,No recurring injuries,Below Average,4.4,71,0.7,0,0,0,0,0,0,0,0,0,0,1.2,1.7
Second Division,Las Palmas,0.49,Yuri Ribeiro,D (L),"D (C), WB (L)",29,"5'11""",Very Strong,Weak,6.83,0,1425,0,0,0,0.17,0.17,-0.17,0,0%,0.05666666667,0.2,0.1,0,33%,0,0,0,0,0,1,0.1,93%,51,0.1,0.4,4.8,0.6,0.2,30,0.6,0.2,30,0.6,8,0,7.6,10.8,0.6,3.1,3.6,56,16,1,1.1,1.3,1.1,7,0,0,10.9,9.5,No recurring injuries,Average,3.7,68,0.3,0,0,0,0,0,0,0,0,0,0,1.1,0.9
Premier League,Brentford,0.38,Kristoffer Ajer,D (C),D (R),28,"6'5""",Weak,Very Strong,6.66,0,1473,0,0,0,0.33,0.33,-0.33,0,0%,0.066,0.3,0.1,0.1,20%,0,0,0,0,0,0.06,0,93%,40.8,0,0.2,3.2,0.1,0,0,0.1,0,0,0,1,0,3.4,7.6,0.7,2.3,2,75,16,7,0.7,1,0.7,5,0,0,10.4,5.6,No recurring injuries,High,3.8,73,0.7,0,0,1,0,0,0,0,0,0,0,2,1.6
Premier League,Man City,0.56,Rúben Dias,D (C),,29,"6'1""",Fairly Strong,Very Strong,7.02,0,1596,0,0,0,0.12,0.12,-0.12,0,0%,0.06,0.1,0,0,0%,0,0,0,0,0,0.16,0,96%,61,0.1,0.1,3.4,0,0,0,0,0,0,0,2,2,3.2,9.8,0.6,3.8,2.9,92,12,1,0.8,0.9,0.6,12,2,0,10.8,8.2,No recurring injuries,Low,5,71,0.5,0,0,1,0,0,0,0,0,0,0,2.7,0.9
Premier League,Sporting CP,0.62,Rui Silva,GK,,32,"6'3""",Very Strong,Reasonable,7.08,1,1378,0,0,0,0,0,0,0,0%,0,0,0,0,0%,0,0,0,0,0,0,0,90%,24.3,0,0,0,0,0,0,0,0,0,0,3,0,5.8,3.2,0,0.1,0,0,1,0,0,1.7,0,0,0,0,6.1,0,No recurring injuries,Above Average,0,0,0,8,8.61,0,78,10,21,6,10,1,0,2.1,0.7
Eredivisie,FC Groningen,0.56,Joel Pereira,D (R),,30,"5'10""",Reasonable,Very Strong,6.71,1,1367,0,0,0,1.07,1.07,-1.07,0.1,0%,0.07642857143,0.9,0.2,0.5,21%,0,0,0,1,0.1,0.42,0,87%,51,0,0.9,6.3,1.7,0.3,15,1.7,0.3,15,1.1,7,0,13.7,11.7,2.1,3.1,7.3,76,42,3,0.6,1.4,0.6,11,3,0,11.2,15.8,No recurring injuries,Below Average,3.7,38,0.1,0,0,0,0,0,0,0,0,0,0,1.3,0.9
Premier League,Santa Clara,0.54,Frederico Venâncio,D (C),,33,"6'1""",Very Weak,Very Weak,6.78,0,1080,0,0,0,0.58,0.58,-0.58,0,0%,0.145,0.3,0,0.2,0%,0,0,0,0,0,0.39,0,91%,42.7,0,0,2.7,0,0,0,0,0,0,0,2,0,3.8,16.6,0.6,2.4,2.9,70,10,2,0.5,0.9,0.9,5,1,0,9.6,2.7,No recurring injuries,Very Low,5.3,59,1.6,0,0,0,0,0,0,0,0,0,0,1.2,1.2
Premier League,Torreense,0.38,Stopira,D (C),D (L),38,"6'0""",Very Weak,Very Weak,6.83,0,1080,0,0,0,0.52,0.52,-0.52,0,0%,0.13,0.3,0,0.1,0%,0,0,0,1,0.1,0.39,0,91%,42.2,0.1,0.2,2.8,0.2,0,0,0.2,0,0,0,1,0,3.4,11.8,0.6,3,3.3,54,13,3,0.6,1.2,1.4,7,2,0,9.9,3.3,No recurring injuries,Below Average,5.4,62,1.8,0,0,0,0,0,0,0,0,0,0,1.2,1.9
Serie A,Bologna,0.5,Łukasz Skorupski,GK,,35,"6'2""",Reasonable,Very Strong,6.59,1,1350,0,0,0,0,0,0,0,0%,0,0,0,0,0%,0,0,0,0,0,0,0,84%,24.2,0,0,0,0,0,0,0,0,0,0,5,0,10,4.3,0,0,0,0,1,0,0,1.6,0,0,0,0,5.4,0,No recurring injuries,Low,0,0,0,3,-4.82,0,67,9,28,3,19,1,0,1.3,1.3
Serie A,Torino,0.5,Marcus Holmgren Pedersen,WB (R),D/WB (L),26,"6'0""",Weak,Very Strong,7,0,1370,0,0,0,0.9,0.9,-0.9,0.1,0%,0.1285714286,0.5,0.1,0.1,14%,0,0,0,2,0.1,0.74,0,91%,61.8,0.1,0.7,7.9,0.9,0.1,14,0.9,0.1,14,1.2,16,0,15.6,10.6,1.3,2.8,8.4,91,22,0,0.7,0.9,0.3,23,3,0,11.5,16.2,No recurring injuries,Very Low,3,43,0.1,0,0,0,0,0,0,0,0,0,0,0.9,1.1
Serie A,Bologna,0.5,Torbjørn Heggem,D (C),,27,"6'4""",Very Strong,Fairly Strong,6.92,0,1519,0,0,0,0.16,0.16,-0.16,0,0%,0.08,0.1,0,0,0%,0,0,0,1,0.1,0.61,0,93%,45,0,0.1,1.9,0.1,0,0,0.1,0,0,0.1,6,0,3.3,15,0.3,3.3,2.6,71,7,2,0.7,1,1.1,7,7,0,10.1,5.5,No recurring injuries,Below Average,5.7,74,1,0,0,0,0,0,0,0,0,0,0,1.2,1.5
Serie A,Genoa,0.5,Leo Østigård,D (C),,27,"6'0""",Weak,Very Strong,6.88,0,1287,0,0,0,1.9,1.9,-1.9,0.1,0%,0.38,0.3,0,0,0%,0,0,0,2,0.1,0.16,0,92%,51.1,0.1,0.2,1.8,0,0,0,0,0,0,0,8,0,3.1,13,0.6,2.1,1.6,100,8,1,0.4,0.5,1,18,7,1,9.5,3.5,No recurring injuries,Very Low,5.7,78,1.2,0,0,0,0,0,0,0,0,0,0,0.8,0.8
Premier League,Moreirense,0.44,André Ferreira,GK,,30,"6'4""",Very Weak,Very Weak,6.91,0,1110,0,0,0,0,0,0,0,0%,0,0,0,0,0%,0,0,0,0,0,0,0,85%,24.5,0,0,0,0,0,0,0,0,0,0,4,0,7.5,3.1,0,0,0,0,1,0,0,3.6,0,0,0,0,5.2,0,No recurring injuries,High,0,0,0,4,5.11,0,82,17,35,4,12,1,0,0.6,1
First Division,Getafe,0.38,Djéné Dakonam,D (C),DM,34,"5'10""",Reasonable,Very Strong,6.78,0,1080,0,0,0,0.22,0.22,-0.22,0,0%,0.11,0.2,0,0,0%,0,0,0,0,0,0.59,0,90%,48.5,0.1,0.1,2.2,0,0,0,0,0,0,0.1,2,0,3.5,11.1,0.7,2.8,1.6,80,10,2,1,0.9,0.8,4,1,0,10.7,4.7,No recurring injuries,Below Average,3.2,50,0.4,0,0,0,0,0,0,0,0,0,0,0.8,1.5