Division;Club;Player;Best Pos;Sec. Position;Position;Age;Height;Wage;Transfer Value;Left Foot;Right Foot;Rating;PoM;Minutes;Goals;Mins/Gl;Goals per 90 minutes;xG;NP-xG;xG-OP;xG/90;Conv %;xG/shot;Shot/90;ShT/90;Shots From Outside The Box Per 90 minutes;Shot %;Goals From Outside The Box;Pens;Pen/R;Assists;Asts/90;xA;xA/90;Pas %;Ps A/90;Ch C/90;OP-KP/90;Pr passes/90;Crs A/90;Cr C/90;Cr C/A;OP-Crs A/90;OP-Crs C/90;OP-Cr %;Drb/90;Fouls Against;Off;Poss Lost/90;Poss Won/90;Tck/90;Int/90;Pres A/90;Tck R;Tck A;K Tck;Blk/90;Clr/90;Shts Blckd/90;Fouls Made;Yel;Red cards;Dist/90;Sprints/90;Recurring Injury;Injury Susceptibility;Aer A/90;Hdr %;K Hdrs/90;Clean Sheets;xGP;MLG;Sv %;Svh;Svp;Svt;Goals Conceded;Pens Faced;Pens Saved Ratio;Tgls/90;Tcon/90
Premier League;Man City;Erling Haaland;ST (C);;ST (C);26;"6'5""";£450K - £500K p/w;£180M - £197M;Very Strong;Reasonable;7.80;6;1871;30;62.3666666666667;1.4;24.82;20.23;5.18;1.2;28%;0.23196261682243;5.1;3.4;1.1;65%;3;6;67;1;0.0;2.59;0.1;85%;28.6;0.2;1.2;0.3;0.8;0.4;50;0.5;0.3;55;1.1;25;49;8.3;1.9;0.1;0.6;1.5;75;4;0;0.0;0.0;0.0;50;0;0;11.3;5.4;No recurring injuries;Above Average;7.7;54;0.2;0;0;1;0;0;0;0;0;0;0;2.8;1.2
First Division;R. Madrid;Kylian Mbappé;AM (L);AM (R);AM (RL), ST (C);27;"5'10""";£450K - £550K p/w;£256M - £307M;Fairly Strong;Very Strong;7.73;5;1545;15;103;0.9;12.64;12.64;2.36;0.7;19%;0.162051282051282;4.5;2.0;1.3;44%;2;1;100;5;0.3;4.88;0.3;90%;52.4;0.5;2.3;4.5;3.7;0.7;18;2.7;0.6;23;4.3;26;11;5.6;7.2;1.6;2.0;10.8;82;33;0;0.2;0.6;0.1;21;1;0;12.2;17.4;No recurring injuries;Below Average;2.7;26;0.0;0;0;0;0;0;0;0;0;0;0;2.7;0.8
Bundesliga;FC Bayern München;Harry Kane;ST (C);AM (C);AM (C), ST (C);33;"6'2""";£325K - £400K p/w;Not for Sale;Strong;Very Strong;7.30;2;1500;9;166.666666666667;0.5;5.39;5.39;3.61;0.3;18%;0.1078;3.0;1.6;1.0;52%;1;0;0;5;0.3;3.71;0.2;88%;35.3;0.6;1.7;1.3;0.4;0.1;16;0.4;0.1;17;0.4;26;12;6.4;3.2;0.4;0.4;1.9;88;8;0;0.1;0.1;0.1;15;1;0;10.7;5.5;No recurring injuries;Above Average;6.1;50;0.1;0;0;0;0;0;0;0;0;0;0;1.7;1.0
Ligue 1 McDonald's;Paris SG;Ousmane Dembélé;ST (C);AM (L);AM (RL), ST (C);29;"5'10""";£300K - £375K p/w;£201M - £254M;Very Strong;Very Strong;7.42;4;1796;15;119.733333333333;0.8;8.49;8.49;6.51;0.4;25%;0.1415;3.0;1.7;1.1;57%;2;1;100;3;0.2;3.44;0.2;90%;32.7;0.3;1.5;1.5;1.5;0.6;40;1.0;0.6;58;1.8;34;19;5.9;2.3;0.2;1.0;1.8;50;6;0;0.1;0.2;0.1;19;1;0;11.2;7.2;No recurring injuries;Average;3.5;14;0.0;0;0;0;0;0;0;0;0;0;0;2.3;0.5
First Division;A. Madrid;Julián Álvarez;ST (C);AM (RLC);AM (RLC), ST (C);26;"5'7""";£175K - £220K p/w;£158M - £174M;Strong;Very Strong;7.10;2;1757;13;135.153846153846;0.7;10.17;8.65;2.83;0.5;16%;0.12873417721519;4.0;2.2;1.3;54%;2;2;100;0;0.0;2.59;0.1;88%;36.1;0.2;0.9;1.5;2.7;0.6;22;0.8;0.3;40;0.9;23;20;8.9;3.4;0.5;0.9;2.6;64;14;0;0.2;0.2;0.1;19;1;0;11.8;10.2;No recurring injuries;Below Average;3.7;17;0.0;0;0;0;0;0;0;0;0;0;0;1.7;0.9
Serie A;Blu-neri;Lautaro Martínez;ST (C);;ST (C);29;"5'9""";£215K - £275K p/w;£84M;Fairly Strong;Very Strong;7.04;1;1424;10;142.4;0.6;8.62;8.62;1.38;0.5;13%;0.113421052631579;4.8;2.7;1.2;57%;1;0;0;0;0.0;0.51;0.0;87%;30.0;0.1;1.1;1.5;0.9;0.4;50;0.9;0.4;50;1.1;31;12;9.9;2.5;0.3;0.7;1.8;67;6;0;0.0;0.0;0.0;18;2;1;11.3;8.5;No recurring injuries;Below Average;6.1;22;0.1;0;0;0;0;0;0;0;0;0;0;1.8;1.1
Premier League;Arsenal;Declan Rice;M (C);;DM, M (C);27;"6'2""";£325K - £350K p/w;£117M - £146M;Reasonable;Very Strong;7.36;0;1180;8;147.5;0.6;3.82;3.82;4.18;0.3;30%;0.141481481481481;2.1;1.3;0.9;63%;1;0;0;5;0.4;3.42;0.3;89%;65.8;0.5;1.8;4.0;6.6;1.3;19;0.9;0.2;17;0.5;12;9;12.9;6.6;1.2;2.9;8.2;73;22;1;0.8;0.8;0.6;15;0;0;13.6;25.6;No recurring injuries;Above Average;1.8;58;0.5;0;0;0;0;0;0;0;0;0;0;2.4;1.0
First Division;R. Madrid;Rodrygo;AM (R);ST (C);AM (RL), ST (C);25;"5'9""";£190K - £240K p/w;£129M - £154M;Reasonable;Very Strong;7.25;2;1114;7;159.142857142857;0.6;5.03;5.03;1.97;0.4;17%;0.119761904761905;3.4;1.6;1.1;48%;1;0;0;2;0.2;3.75;0.3;90%;53.6;0.6;2.5;5.2;3.6;0.8;22;3.6;0.8;22;3.3;19;7;14.9;5.2;1.8;2.4;11.8;85;26;1;0.3;0.9;0.0;14;2;0;12.5;18.8;No recurring injuries;Average;2.9;28;0.0;0;0;0;0;0;0;0;0;0;0;2.7;0.7
Bundesliga;FC Bayern München;Kai Havertz;ST (C);M (C);M/AM (C), ST (C);27;"6'3""";£190K - £235K p/w;£53M - £64M;Very Strong;Reasonable;7.15;2;1130;7;161.428571428571;0.6;8.43;8.43;-1.43;0.7;16%;0.191590909090909;3.5;1.6;1.0;45%;1;1;100;1;0.1;2.41;0.2;87%;35.1;0.2;2.0;1.4;0.6;0.2;37;0.6;0.2;38;1.0;20;15;11.5;2.7;0.5;1.1;3.3;86;7;0;0.0;0.1;0.0;17;0;0;10.9;6.8;No recurring injuries;Above Average;7.4;35;0.2;0;0;0;0;0;0;0;0;0;0;1.7;1.0
Premier League;Spurs;Vangelis Pavlidis;ST (C);;ST (C);28;"6'1""";£115K - £130K p/w;£129M - £190M;Fairly Strong;Very Strong;6.76;1;1808;11;164.363636363636;0.5;10.89;7.81;0.11;0.5;17%;0.17015625;3.2;1.1;0.7;36%;0;4;75;1;0.0;0.82;0.0;87%;26.2;0.0;0.7;1.2;0.2;0.0;25;0.2;0.0;25;0.3;18;7;5.0;1.9;0.4;1.0;3.0;53;15;1;0.0;0.1;0.0;12;1;0;11.4;8.0;No recurring injuries;Below Average;7.2;28;0.0;0;0;0;0;0;0;0;0;0;0;1.5;0.8
Premier League;Man City;Bernardo Silva;M/AM (C);M (R);M/AM (RC);32;"5'8""";£325K - £375K p/w;Not for Sale;Very Strong;Weak;7.32;2;1518;9;168.666666666667;0.5;6.02;5.26;2.98;0.4;20%;0.130869565217391;2.7;1.4;1.3;50%;2;1;100;6;0.4;4.36;0.3;90%;59.6;0.6;2.1;6.3;1.8;0.5;30;0.7;0.2;36;1.9;17;4;8.3;4.8;1.1;2.3;7.6;66;29;0;0.5;0.4;0.4;13;1;0;12.9;24.8;No recurring injuries;Below Average;1.0;6;0.0;0;0;0;0;0;0;0;0;0;0;2.8;0.9
Premier League;Man City;Jérémy Doku;AM (L);AM (R);AM (RL), ST (C);24;"5'7""";£275K - £300K p/w;£74M - £92M;Fairly Strong;Very Strong;7.24;2;1299;7;185.571428571429;0.5;3.92;3.92;3.08;0.3;23%;0.126451612903226;2.1;1.1;0.8;52%;1;0;0;4;0.3;3.74;0.3;86%;58.1;0.9;3.0;7.8;4.8;1.9;38;4.8;1.9;39;9.4;39;7;16.6;8.0;1.8;2.6;14.8;72;36;2;0.3;0.7;0.1;16;0;0;13.2;21.1;No recurring injuries;Average;2.4;14;0.0;0;0;0;0;0;0;0;0;0;0;2.8;0.8
First Division;R. Madrid;Jude Bellingham;M (C);M (L), AM (C);M (LC), AM (C);23;"6'1""";£250K - £350K p/w;£251M - £273M;Fairly Strong;Very Strong;7.02;0;1744;9;193.777777777778;0.5;5.89;5.89;3.11;0.3;15%;0.0965573770491803;3.1;1.4;1.7;46%;2;0;0;7;0.4;8.02;0.4;87%;15.1;0.8;1.2;1.5;0.4;0.3;62;0.4;0.3;63;0.6;11;3;7.5;14.2;0.1;0.5;0.9;50;4;0;0.2;0.0;0.2;8;3;0;3.8;3.6;No recurring injuries;High;1.1;32;0.0;0;0;0;0;0;0;0;0;0;0;2.6;0.8
Premier League;Man Utd;Morgan Rogers;AM (L);M (C), AM (R), ST (C);M (C), AM (RLC), ST (C);24;"6'2""";£105K p/w;£86M - £107M;Fairly Strong;Very Strong;7.22;3;1372;7;196;0.5;4.47;4.47;2.53;0.3;16%;0.103953488372093;2.8;1.3;1.1;47%;2;0;0;4;0.3;4.67;0.3;86%;42.9;0.9;2.9;5.4;2.2;1.0;44;2.2;1.0;45;3.4;27;3;11.7;4.7;1.4;1.6;7.3;96;23;3;0.3;0.5;0.2;5;0;0;13.2;17.8;No recurring injuries;Low;4.7;17;0.2;0;0;0;0;0;0;0;0;0;0;2.5;2.1
Premier League;Chelsea;Johan Manzambi;M (C);ST (C);DM, M/AM (C), ST (C);21;"6'0""";£110K - £130K p/w;£96M - £118M;Reasonable;Very Strong;7.11;3;1186;6;197.666666666667;0.5;5.41;5.41;0.59;0.4;13%;0.115106382978723;3.6;1.7;1.2;47%;0;0;0;3;0.2;3.39;0.3;87%;45.5;0.5;2.2;2.8;3.0;0.8;25;1.6;0.5;33;1.9;16;6;10.5;5.8;0.5;1.8;6.7;64;11;0;0.2;0.5;0.2;8;1;0;11.6;14.5;No recurring injuries;Below Average;3.2;57;0.2;0;0;0;0;0;0;0;0;0;0;2.4;0.7
Premier League;Liverpool;Florian Wirtz;AM (C);M (C), AM (RL);M (C), AM (RLC);23;"5'10""";£300K - £350K p/w;£189M - £226M;Reasonable;Very Strong;7.27;4;1589;8;198.625;0.5;7.2;7.2;0.8;0.4;13%;0.1125;3.6;1.6;2.0;45%;1;0;0;7;0.4;5.91;0.3;86%;49.3;0.7;2.9;4.1;6.3;1.4;21;1.5;0.7;44;1.5;19;12;13.8;3.2;0.3;0.8;1.6;60;10;0;0.1;0.1;0.1;12;0;0;12.5;7.3;No recurring injuries;Below Average;2.4;16;0.0;0;0;1;0;0;0;0;0;0;0;2.1;1.1
First Division;R. Madrid;Vinícius Júnior;AM (L);ST (C);AM (L), ST (C);26;"5'9""";£450K - £550K p/w;£184M - £220M;Fairly Strong;Very Strong;7.55;0;1875;9;208.333333333333;0.4;11.24;11.24;-2.24;0.5;10%;0.126292134831461;4.3;2.2;1.5;51%;3;0;0;7;0.3;4.79;0.2;92%;29.2;0.8;1.3;1.3;0.6;0.4;61;0.6;0.4;62;2.0;33;13;7.6;3.2;0.2;1.1;2.7;63;8;0;0.1;0.2;0.0;16;0;0;10.8;5.9;No recurring injuries;Below Average;4.6;21;0.0;0;0;0;0;0;0;0;0;0;0;2.8;0.9
Serie A;Casciavit;Rafael Leão;AM (L);;AM (L), ST (C);27;"6'2""";£105K - £120K p/w;£65M - £80M;Fairly Strong;Very Strong;6.86;1;1266;6;211;0.4;5.31;5.31;0.69;0.4;15%;0.136153846153846;2.8;1.5;0.6;54%;1;0;0;3;0.2;1.59;0.1;90%;28.1;0.4;1.5;1.1;0.8;0.4;45;0.8;0.4;45;0.9;11;23;14.1;1.4;0.2;0.5;1.8;75;4;0;0.1;0.0;0.1;25;0;0;10.5;5.8;No recurring injuries;Very Low;6.7;43;0.1;0;0;0;0;0;0;0;0;0;0;1.8;1.1
First Division;Barcelona;Raphinha;AM (L);M (RL), AM (C);M (RL), AM (RLC);29;"5'9""";£325K - £400K p/w;£190M - £207M;Very Strong;Fairly Strong;7.36;2;1669;6;278.166666666667;0.3;4.67;4.67;1.33;0.3;14%;0.111190476190476;2.3;1.1;0.6;48%;0;0;0;6;0.3;3.25;0.2;90%;60.4;0.3;2.7;3.8;6.6;1.2;18;3.8;0.8;20;3.0;23;14;11.9;7.3;1.6;2.1;11.4;67;43;1;0.2;0.6;0.0;29;2;0;12.8;18.8;No recurring injuries;Below Average;2.8;29;0.0;0;0;0;0;0;0;0;0;0;0;1.8;1.2
Bundesliga;FC Bayern München;Michael Olise;AM (C);M (RC);M/AM (RC);24;"6'0""";£200K - £250K p/w;£126M - £167M;Very Strong;Reasonable;7.17;2;1126;4;281.5;0.3;2.39;2.39;1.61;0.2;10%;0.05975;3.2;1.4;1.5;45%;6;0;0;5;0.4;2.56;0.2;88%;59.9;0.4;2.0;7.4;8.5;1.4;16;3.9;0.8;20;5.3;20;10;10.6;7.6;1.3;2.6;10.6;62;26;0;0.2;0.4;0.2;15;1;0;12.7;18.5;No recurring injuries;Above Average;2.4;47;0.0;0;0;0;0;0;0;0;0;0;0;1.9;1.0
Premier League;Arsenal;Bukayo Saka;AM (R);;AM (RL);25;"5'10""";£275K - £325K p/w;£138M - £181M;Very Strong;Reasonable;7.58;8;2031;7;290.142857142857;0.3;8.22;5.16;-1.22;0.4;10%;0.115774647887324;3.1;1.5;1.8;48%;1;4;100;11;0.5;10.91;0.5;90%;72.8;1.7;3.1;8.5;9.3;2.6;27;4.6;1.9;41;5.8;49;21;18.9;10.5;3.1;3.6;14.7;78;90;1;0.3;0.7;0.1;41;3;0;13.8;22.8;No recurring injuries;Above Average;2.2;39;0.0;0;0;1;0;0;0;0;0;0;0;2.2;1.1
Premier League;Chelsea;Cole Palmer;AM (RC);M (C), AM (L), ST (C);M (C), AM (RLC), ST (C);24;"6'2""";£130K - £145K p/w;£90M - £136M;Very Strong;Reasonable;7.06;2;1794;6;299;0.3;8.67;6.36;-2.67;0.4;9%;0.13546875;3.2;1.7;1.4;52%;0;4;100;7;0.4;5.27;0.3;90%;55.9;0.6;2.2;5.4;2.7;0.5;18;1.3;0.2;15;1.6;18;11;11.2;4.3;0.7;1.2;6.5;65;20;0;0.2;0.4;0.1;15;1;0;11.4;11.3;No recurring injuries;Above Average;2.1;39;0.1;0;0;0;0;0;0;0;0;0;0;1.7;0.8
Premier League;Man City;Phil Foden;AM (LC);AM (R);M (C), AM (RLC);26;"5'7""";£325K - £350K p/w;£102M - £152M;Very Strong;Reasonable;7.41;2;1652;5;330.4;0.3;7.12;7.12;-2.12;0.4;9%;0.124912280701754;3.1;1.3;1.3;40%;1;0;0;8;0.4;6.34;0.3;88%;50.9;1.1;3.4;4.9;3.2;0.9;29;1.4;0.6;44;2.3;31;7;9.3;5.1;1.3;1.6;9.3;73;33;2;0.3;0.2;0.2;14;0;0;12.9;19.4;No recurring injuries;Below Average;0.9;25;0.0;0;0;0;0;0;0;0;0;0;0;3.0;1.0
First Division;Barcelona;Lamine Yamal;AM (R);;M/AM (R);19;"5'11""";£300K - £350K p/w;Not for Sale;Very Strong;Reasonable;7.34;2;1679;5;335.8;0.3;7.07;6.3;-2.07;0.4;7%;0.0942666666666667;4.0;1.8;1.7;44%;4;1;100;5;0.3;5.41;0.3;86%;58.5;0.6;2.7;6.2;7.1;1.8;25;3.7;1.0;26;4.0;16;13;9.3;8.1;1.3;2.5;10.0;81;31;0;0.4;0.4;0.1;16;1;0;12.6;17.0;No recurring injuries;Below Average;3.4;29;0.1;0;0;0;0;0;0;0;0;0;0;1.8;1.0
Premier League;Liverpool;Mohamed Salah;AM (R);AM (L), ST (C);AM (RL), ST (C);34;"5'9""";£400K - £450K p/w;£19.5M - £25M;Very Strong;Weak;6.77;1;1373;4;343.25;0.3;2.35;2.35;1.65;0.2;14%;0.0839285714285714;1.8;0.7;0.7;39%;1;0;0;1;0.1;3.58;0.2;92%;62.7;0.4;1.9;3.3;6.7;1.8;27;3.3;1.1;34;2.0;24;25;13.2;8.3;1.7;2.6;11.8;68;38;1;0.4;0.3;0.3;31;1;0;13.4;26.7;No recurring injuries;High;2.3;14;0.0;0;0;0;0;0;0;0;0;0;0;1.7;1.6
First Division;R. Madrid;Federico Valverde;DM;DM, M/AM (R);DM, M (RC), AM (R);28;"6'0""";£160K - £185K p/w;£95M - £140M;Fairly Strong;Very Strong;6.80;0;1665;4;416.25;0.2;2.12;2.12;1.88;0.1;14%;0.0757142857142857;1.5;0.8;0.7;50%;0;0;0;1;0.1;3.77;0.2;93%;17.4;0.1;0.5;1.7;0.4;0.1;14;0.3;0.1;17;0.2;8;0;9.1;12.4;0.6;0.9;3.0;69;16;0;0.1;0.4;0.1;4;2;0;4.3;6.8;No recurring injuries;Below Average;0.7;46;0.1;0;0;0;0;0;0;0;0;0;0;2.9;0.6
First Division;Barcelona;Pedri;M (C);AM (C);DM, M/AM (C);24;"5'9""";£325K - £400K p/w;£179M - £197M;Fairly Strong;Very Strong;7.17;2;1323;3;441;0.2;2.23;2.23;0.77;0.2;14%;0.106190476190476;1.4;0.9;0.7;62%;0;0;0;6;0.4;5.16;0.4;91%;59.2;0.4;1.1;6.0;1.1;0.0;0;0.3;0.0;0;0.3;11;1;4.8;13.1;1.9;1.7;6.3;80;35;1;0.4;0.6;0.1;6;0;0;10.2;15.1;No recurring injuries;Above Average;1.2;35;0.0;0;0;0;0;0;0;0;0;0;0;1.9;1.2
First Division;R. Madrid;Aurélien Tchouaméni;DM;D/M (C);D (C), DM, M (C);26;"6'2""";£180K - £240K p/w;£86M - £126M;Reasonable;Very Strong;7.06;1;1614;3;538;0.2;1.82;1.82;1.18;0.1;19%;0.11375;0.9;0.4;0.3;50%;1;0;0;2;0.1;3.33;0.2;92%;59.7;0.0;0.9;6.7;0.2;0.1;33;0.2;0.1;33;0.1;9;0;5.6;13.8;1.2;2.7;6.0;63;35;0;0.4;0.7;0.1;12;3;0;12.0;12.2;No recurring injuries;Average;3.7;60;0.6;0;0;0;0;0;0;0;0;0;0;2.8;0.7
Premier League;Liverpool;Virgil van Dijk;D (C);;D (C);35;"6'5""";£325K - £375K p/w;£4.7M - £8.6M;Reasonable;Very Strong;7.01;0;1890;3;630;0.1;1.5;1.5;1.5;0.1;33%;0.166666666666667;0.4;0.3;0.0;78%;0;0;0;1;0.0;0.38;0.0;95%;60.5;0.0;0.4;5.2;0.0;0.0;0;0.0;0.0;0;0.0;3;0;3.2;9.3;0.6;3.0;2.1;63;19;2;1.2;0.8;1.0;5;0;0;10.8;8.0;No recurring injuries;Above Average;7.0;68;1.7;0;0;0;0;0;0;0;0;0;0;2.0;1.7
Premier League;Chelsea;João Palhinha;DM;D/M (C);D (C), DM, M (C);31;"6'3""";£110K - £125K p/w;£21M - £26M;Weak;Very Strong;6.77;0;1067;1;1067;0.1;0.33;0.33;0.67;0.0;8%;0.0253846153846154;1.1;0.4;0.8;38%;0;0;0;0;0.0;0.43;0.0;92%;54.1;0.0;0.3;6.0;0.1;0.1;100;0.1;0.1;100;0.0;3;0;4.1;8.4;2.4;2.4;7.1;76;37;1;0.4;0.7;0.3;10;1;0;12.5;13.0;No recurring injuries;Above Average;5.0;58;1.1;0;0;0;0;0;0;0;0;0;0;1.6;0.8
Premier League;Spurs;Andreas Christensen;D (C);DM;D (C), DM;30;"6'2""";£97K - £110K p/w;£31M - £39M;Fairly Strong;Very Strong;6.92;0;1592;1;1592;0.1;0.83;0.83;0.17;0.0;6%;0.051875;0.9;0.5;0.6;50%;0;0;0;0;0.0;0.29;0.0;95%;53.5;0.0;0.4;4.6;0.0;0.0;0;0.0;0.0;0;0.0;2;0;3.2;7.7;0.9;3.1;4.0;76;21;0;0.7;0.4;0.5;11;2;0;11.2;8.7;No recurring injuries;High;2.6;50;0.1;0;0;0;0;0;0;0;0;0;0;1.7;0.7
Bundesliga;FC Bayern München;Joshua Kimmich;DM;WB (R);D/WB (R), DM, M (C);31;"5'10""";£275K - £350K p/w;Not for Sale;Fairly Strong;Very Strong;7.22;3;1734;1;1734;0.1;1.09;1.09;-0.09;0.1;7%;0.0726666666666667;0.8;0.4;0.3;53%;1;0;0;7;0.4;5.36;0.3;93%;68.7;0.8;1.5;7.5;5.4;0.8;15;0.2;0.0;0;0.2;11;2;4.7;13.6;0.9;2.1;7.1;77;22;1;0.6;0.6;0.3;24;3;0;11.8;14.4;No recurring injuries;Low;1.8;53;0.1;0;0;0;0;0;0;0;0;0;0;1.7;1.0
Ligue 1 McDonald's;Paris SG;Achraf Hakimi;WB (R);M (R);D/WB/M (R);28;"5'11""";£215K - £275K p/w;£125M - £183M;Reasonable;Very Strong;7.21;1;1748;1;1748;0.1;1.85;1.85;-0.85;0.1;5%;0.0925;1.0;0.2;0.4;20%;0;0;0;3;0.2;2.41;0.1;93%;76.6;0.2;0.7;11.2;0.9;0.2;23;0.8;0.2;25;1.3;15;0;8.4;12.2;2.5;3.7;7.8;84;57;0;0.6;0.7;0.4;23;2;0;12.0;17.1;No recurring injuries;Below Average;3.2;57;0.2;0;0;1;0;0;0;0;0;0;0;2.2;0.6
Ligue 1 McDonald's;Paris SG;Marquinhos;D (C);DM;D (C), DM;32;"6'0""";£225K - £300K p/w;Not for Sale;Reasonable;Very Strong;7.30;1;1933;1;1933;0.0;0.97;0.97;0.03;0.0;9%;0.0881818181818182;0.5;0.1;0.1;18%;1;0;0;0;0.0;1.24;0.1;94%;58.6;0.0;0.0;3.1;0.0;0.0;0;0.0;0.0;0;0.0;3;0;3.1;15.5;0.7;3.6;2.3;84;19;1;0.4;1.0;0.3;8;2;0;10.3;4.8;No recurring injuries;Average;6.4;83;1.4;0;0;0;0;0;0;0;0;0;0;2.2;0.5
First Division;R. Madrid;Thibaut Courtois;GK;;GK;34;"6'7""";£155K - £195K p/w;Not for Sale;Very Strong;Reasonable;7.24;1;1952;0;0;0.0;0;0;0;0.0;0%;0;0.0;0.0;0.0;0%;0;0;0;0;0.0;0;0.0;92%;22.8;0.0;0.0;0.0;0.0;0.0;0;0.0;0.0;0;0.0;4;0;5.0;5.3;0.0;0.0;0.0;100;1;0;0.0;1.3;0.0;0;0;0;4.9;0.0;No recurring injuries;Average;0.0;0;0.0;11;8.19;0;80;21;34;10;18;1;100;2.8;0.8
Premier League;Liverpool;Alisson;GK;;GK;34;"6'3""";£300K - £325K p/w;Not for Sale;Weak;Very Strong;6.83;0;2070;0;0;0.0;0;0;0;0.0;0%;0;0.0;0.0;0.0;0%;0;0;0;0;0.0;0;0.0;96%;24.0;0.0;0.0;0.3;0.0;0.0;0;0.0;0.0;0;0.0;2;0;1.3;7.1;0.0;0.5;0.0;0;1;0;0.0;1.3;0.0;0;0;0;7.1;0.1;No recurring injuries;Average;0.0;0;0.0;4;-8.48;1;73;31;44;13;37;1;0;2.0;1.6
First Division;R. Madrid;Eduardo Camavinga;DM;M (C);D (L), DM, M (C);24;"6'1""";£220K - £275K p/w;£138M - £160M;Very Strong;Reasonable;7.31;2;1562;0;0;0.0;1.12;1.12;-1.12;0.1;0%;0.0746666666666667;0.9;0.3;0.3;40%;0;0;0;4;0.2;2.81;0.2;93%;64.1;0.4;1.4;8.8;4.0;1.2;28;4.0;1.2;29;2.1;15;0;11.6;13.4;2.5;2.9;6.5;88;49;1;0.9;0.9;0.6;19;2;0;12.0;20.0;No recurring injuries;Below Average;3.9;66;0.1;0;0;0;0;0;0;0;0;0;0;2.9;0.7
Bundesliga;FC Bayern München;Dayot Upamecano;D (C);;D (C);28;"6'1""";£250K - £325K p/w;£95M - £142M;Reasonable;Very Strong;7.18;0;1509;0;0;0.0;0.45;0.45;-0.45;0.0;0%;0.1125;0.2;0.1;0.0;50%;0;0;0;1;0.1;0.91;0.1;92%;56.4;0.1;0.2;2.6;0.0;0.0;0;0.0;0.0;0;0.1;5;0;2.9;19.0;0.7;3.2;2.3;100;12;1;0.5;0.7;0.9;14;4;0;10.3;4.4;Recurring tight hamstring;Very High;5.9;79;1.4;0;0;0;0;0;0;0;0;0;0;1.7;0.7
Premier League;Man City;Rodri;DM;D (C);D (C), DM;30;"6'3""";£450K - £500K p/w;£85M - £127M;Fairly Strong;Very Strong;6.98;0;1679;0;0;0.0;0.79;0.79;-0.79;0.0;0%;0.0225714285714286;1.9;0.6;1.6;34%;0;0;0;3;0.2;1.19;0.1;92%;50.5;0.2;0.7;7.7;0.1;0.1;100;0.1;0.1;100;0.0;4;1;4.4;7.5;0.8;2.4;2.5;75;20;3;0.5;0.5;0.4;8;1;0;12.0;11.3;No recurring injuries;Below Average;4.6;69;1.3;0;0;0;0;0;0;0;0;0;0;3.1;1.1
Premier League;Man City;Rúben Dias;D (C);;D (C);29;"6'1""";£180K - £205K p/w;£65M - £81M;Fairly Strong;Very Strong;6.99;0;1748;0;0;0.0;0.12;0.12;-0.12;0.0;0%;0.06;0.1;0.0;0.0;0%;0;0;0;0;0.0;0.16;0.0;96%;62.0;0.1;0.1;3.6;0.0;0.0;0;0.0;0.0;0;0.0;2;2;3.3;9.7;0.6;3.7;2.8;92;13;1;0.8;0.9;0.6;13;2;0;10.8;8.1;No recurring injuries;Low;4.9;71;0.7;0;0;1;0;0;0;0;0;0;0;2.8;0.9
Bundesliga;FC Bayern München;Andriy Lunin;GK;;GK;27;"6'3""";£105K - £135K p/w;£42M - £50M;Reasonable;Very Strong;6.95;1;1710;0;0;0.0;0;0;0;0.0;0%;0;0.0;0.0;0.0;0%;0;0;0;0;0.0;0;0.0;94%;27.0;0.0;0.0;0.2;0.0;0.0;0;0.0;0.0;0;0.0;1;0;6.4;5.2;0.0;0.1;0.0;0;1;0;0.0;2.3;0.0;0;0;0;6.1;0.1;No recurring injuries;Low;0.0;0;0.0;7;0.16;1;71;10;31;5;18;1;0;1.8;0.9
Serie A;Blu-neri;Marcus Thuram;ST (C);AM (L);AM (L), ST (C);29;"6'4""";£110K - £165K p/w;£79M - £102M;Fairly Strong;Very Strong;7.36;4;1457;12;121.416666666667;0.7;5.62;5.62;6.38;0.3;27%;0.127727272727273;2.7;1.9;1.0;68%;2;0;0;3;0.2;3.37;0.2;88%;28.3;0.4;1.0;1.1;1.2;0.2;21;1.2;0.2;21;0.8;42;19;12.0;2.7;0.4;0.9;2.8;67;9;0;0.1;0.1;0.0;23;0;0;11.2;7.9;No recurring injuries;Above Average;5.4;32;0.1;0;0;0;0;0;0;0;0;0;0;1.7;0.9
Premier League;Newcastle;Gonçalo Ramos;ST (C);;ST (C);25;"6'1""";£83K - £120K p/w;£37M - £57M;Fairly Strong;Very Strong;7.10;4;1638;13;126;0.7;9.15;9.15;3.85;0.5;30%;0.207954545454545;2.4;1.5;0.3;61%;0;0;0;6;0.3;2.23;0.1;90%;30.7;0.4;1.2;0.7;0.2;0.1;33;0.2;0.1;33;0.6;12;6;6.1;1.3;0.2;0.3;1.1;80;5;0;0.0;0.0;0.0;6;0;0;11.0;5.5;No recurring injuries;Below Average;4.7;28;0.2;0;0;0;0;0;0;0;0;0;0;2.3;0.9
Premier League;Liverpool;Hugo Ekitiké;ST (C);AM (L);AM (L), ST (C);24;"6'3""";£220K - £300K p/w;£76M - £97M;Fairly Strong;Very Strong;6.96;2;1867;13;143.615384615385;0.6;8.67;8.67;4.33;0.4;25%;0.166730769230769;2.5;1.3;1.0;54%;5;0;0;2;0.1;2.07;0.1;83%;21.7;0.2;1.1;1.2;0.3;0.1;28;0.3;0.1;29;1.2;11;36;6.4;3.1;0.6;1.2;2.8;75;16;0;0.1;0.1;0.0;38;1;0;11.2;6.4;No recurring injuries;Average;6.6;27;0.1;0;0;0;0;0;0;0;0;0;0;2.2;1.6
Serie A;Bergamo;Gianluca Scamacca;ST (C);;ST (C);27;"6'5""";£98K - £115K p/w;£48M - £58M;Fairly Strong;Very Strong;6.87;0;1165;8;145.625;0.6;6.87;6.87;1.13;0.5;21%;0.176153846153846;3.0;1.8;0.8;59%;2;0;0;1;0.1;1.43;0.1;87%;24.0;0.2;1.1;1.0;0.2;0.1;33;0.2;0.1;33;0.5;22;11;10.6;1.3;0.3;0.2;0.7;100;4;0;0.0;0.1;0.0;16;0;0;10.0;6.3;No recurring injuries;Very Low;7.0;43;0.2;0;0;0;0;0;0;0;0;0;0;1.4;1.1
Eredivisie;PSV;Leon Goretzka;DM;AM (C);DM, M/AM (C);31;"6'2""";£48.5K - £63K p/w;Not for Sale;Reasonable;Very Strong;7.04;3;1271;8;158.875;0.6;2.44;2.44;5.56;0.2;36%;0.110909090909091;1.6;1.1;0.6;68%;1;0;0;3;0.2;3.24;0.2;89%;26.4;0.4;0.8;2.5;0.5;0.1;28;0.5;0.1;29;0.3;5;2;9.8;13.2;0.3;1.6;3.1;100;4;1;0.2;0.2;0.1;4;1;0;5.5;8.6;Recurring partially torn hamstring;Very High;1.3;72;0.1;0;0;0;0;0;0;0;0;0;0;1.7;0.8
Serie A;Celesti;Mattia Zaccagni;AM (L);M (L), AM (C);M (L), AM (LC);31;"5'10""";£86K - £100K p/w;Not for Sale;Fairly Strong;Very Strong;7.12;2;1160;7;165.714285714286;0.5;4.58;3.81;2.42;0.4;22%;0.143125;2.5;1.1;0.8;44%;1;2;100;2;0.2;2.64;0.2;89%;51.6;0.4;2.2;4.0;4.0;1.0;25;3.8;1.0;27;4.1;15;7;12.3;5.7;1.6;2.6;10.8;78;27;2;0.2;0.5;0.0;18;2;1;12.5;14.7;No recurring injuries;Very Low;3.3;26;0.0;0;0;0;0;0;0;0;0;0;0;1.5;1.3
Bundesliga;Borussia Dortmund;Serhou Guirassy;ST (C);;ST (C);30;"6'2""";£155K - £235K p/w;£48M - £61M;Fairly Strong;Very Strong;6.97;1;1604;9;178.222222222222;0.5;10.1;10.1;-1.1;0.6;13%;0.150746268656716;3.8;2.0;1.1;54%;0;0;0;0;0.0;0.82;0.0;87%;29.4;0.1;0.8;1.0;0.2;0.1;33;0.2;0.1;33;0.6;32;15;11.0;2.1;0.1;0.7;1.9;40;5;1;0.2;0.2;0.0;17;2;0;10.5;6.0;No recurring injuries;High;6.9;45;0.2;0;0;0;0;0;0;0;0;0;0;1.5;1.0
Serie A;Bologna;Riccardo Orsolini;AM (R);M (R);M/AM (R);29;"6'0""";£85K - £99K p/w;£69M - £81M;Very Strong;Reasonable;7.33;2;1424;7;203.428571428571;0.4;3.2;3.2;3.8;0.2;22%;0.1;2.0;0.9;0.6;44%;2;1;100;2;0.1;1.07;0.1;86%;50.9;0.2;2.1;3.5;7.4;1.4;18;3.9;1.1;27;4.1;23;9;14.7;5.8;1.6;2.3;10.5;72;36;0;0.1;0.4;0.0;28;1;0;12.2;19.1;No recurring injuries;Low;3.3;49;0.1;0;0;0;0;0;0;0;0;0;0;1.4;1.3
Bundesliga;FC Bayern München;Luis Díaz;AM (L);M (L), AM (R);M (L), AM (RL);29;"5'11""";£135K - £245K p/w;£90M - £115M;Fairly Strong;Very Strong;7.17;0;1437;7;205.285714285714;0.4;4.39;4.39;2.61;0.3;16%;0.102093023255814;2.7;1.5;1.2;56%;2;0;0;1;0.1;2.79;0.2;87%;56.9;0.6;1.5;5.3;3.3;1.2;35;3.3;1.2;36;4.4;20;10;12.3;6.3;1.4;2.6;11.5;68;34;0;0.5;0.5;0.0;24;1;0;13.2;19.8;No recurring injuries;Below Average;2.8;51;0.0;0;0;0;0;0;0;0;0;0;0;1.9;0.8
Bundesliga;FC Bayern München;Jamal Musiala;AM (L);M (C), AM (R);M (C), AM (RLC);23;"6'0""";£350K - £550K p/w;£151M;Fairly Strong;Very Strong;7.15;2;1247;6;207.833333333333;0.4;4.9;4.9;1.1;0.4;12%;0.098;3.6;1.4;1.3;38%;0;0;0;6;0.4;3.82;0.3;90%;49.7;0.5;2.2;4.6;1.9;0.6;34;1.9;0.6;35;3.5;14;10;10.9;14.4;0.4;1.7;5.8;35;17;0;0.2;0.4;0.0;8;0;0;12.5;13.6;No recurring injuries;Above Average;2.7;32;0.1;0;0;0;0;0;0;0;0;0;0;1.8;0.9
First Division;Barcelona;Ferran Torres;ST (C);AM (R);AM (RL), ST (C);26;"6'0""";£100K - £175K p/w;£120M - £146M;Fairly Strong;Very Strong;6.81;0;1260;6;210;0.4;7.43;7.43;-1.43;0.5;10%;0.119838709677419;4.4;2.2;1.6;50%;5;0;0;0;0.0;1.6;0.1;89%;28.9;0.4;1.5;1.8;0.8;0.2;27;0.8;0.2;27;1.0;12;13;11.3;2.8;0.3;1.1;3.2;57;7;1;0.1;0.3;0.1;14;1;0;11.0;8.4;No recurring injuries;Above Average;5.1;31;0.1;0;0;0;0;0;0;0;0;0;0;1.6;0.9
Serie A;Fiorentina;Moise Kean;ST (C);;ST (C);26;"6'0""";£120K - £140K p/w;£69M - £82M;Fairly Strong;Very Strong;6.78;1;1280;6;213.333333333333;0.4;6.62;5.81;-0.62;0.5;11%;0.116140350877193;4.0;1.9;1.6;47%;2;1;0;0;0.0;1.5;0.1;90%;27.4;0.2;0.8;0.8;0.6;0.1;25;0.6;0.1;25;0.8;28;7;21.0;1.6;0.1;0.4;1.3;50;2;0;0.0;0.1;0.0;18;2;0;10.9;6.3;No recurring injuries;Very Low;5.7;30;0.0;0;0;0;0;0;0;0;0;0;0;1.1;0.8
Premier League;Arsenal;Martin Ødegaard;M (C);;M/AM (C);27;"5'10""";£275K - £300K p/w;£136M - £166M;Very Strong;Reasonable;7.15;3;1785;8;223.125;0.4;7.07;7.07;0.93;0.4;16%;0.138627450980392;2.6;0.8;0.8;31%;0;0;0;6;0.3;4.91;0.2;88%;63.0;0.8;2.3;5.5;2.3;0.6;26;1.1;0.6;57;1.3;15;5;10.7;5.3;0.8;1.3;3.9;88;17;1;0.2;0.3;0.2;8;0;0;11.9;15.6;No recurring injuries;Average;1.7;33;0.0;0;0;0;0;0;0;0;0;0;0;2.0;1.0
Serie A;Parthenope;Romelu Lukaku;ST (C);;ST (C);33;"6'3""";£115K - £165K p/w;Not for Sale;Very Strong;Fairly Strong;6.93;0;1390;6;231.666666666667;0.4;6.01;6.01;-0.01;0.4;11%;0.109272727272727;3.6;1.7;1.1;47%;3;2;100;1;0.1;1.25;0.1;87%;27.6;0.1;1.0;0.8;0.3;0.1;40;0.3;0.1;40;0.6;44;10;21.1;1.8;0.1;0.8;0.9;67;3;0;0.1;0.3;0.0;15;2;0;10.0;5.2;No recurring injuries;Very Low;7.1;38;0.1;0;0;0;0;0;0;0;0;0;0;1.2;1.0
Ligue 1 McDonald's;Paris SG;Fabián;M (C);AM (C);DM, M/AM (C);30;"6'2""";£170K - £200K p/w;£62M - £89M;Very Strong;Reasonable;6.88;1;1634;7;233.428571428571;0.4;5.13;5.13;1.87;0.3;17%;0.122142857142857;2.3;1.3;0.6;57%;1;0;0;5;0.3;4.42;0.2;89%;18.1;0.6;0.6;1.2;0.4;0.3;75;0.4;0.3;75;0.4;13;1;12.0;10.0;0.2;0.3;2.0;57;7;0;0.0;0.2;0.0;4;0;0;4.3;6.8;No recurring injuries;Below Average;1.0;56;0.0;0;0;0;0;0;0;0;0;0;0;2.4;0.5
Premier League;Benfica;Lucas Ocampos;AM (R);M (RL), ST (C);M/AM (RL), ST (C);32;"5'10""";£60K - £80K p/w;Not for Sale;Reasonable;Very Strong;6.99;1;1199;5;239.8;0.4;3.21;3.21;1.79;0.2;15%;0.0944117647058823;2.6;1.1;0.8;41%;0;1;100;2;0.2;2.12;0.2;86%;47.6;0.5;1.1;3.2;3.2;0.8;26;2.9;0.8;29;2.6;12;7;15.3;7.1;1.9;2.3;9.8;61;41;0;0.5;0.6;0.2;13;0;0;12.3;18.8;No recurring injuries;High;3.8;40;0.3;0;0;0;0;0;0;0;0;0;0;2.0;0.8
Premier League;Benfica;Loïs Openda;ST (C);AM (LC);AM (LC), ST (C);26;"5'10""";£95K - £115K p/w;£76M - £91M;Fairly Strong;Very Strong;6.89;3;1459;6;243.166666666667;0.4;7.69;7.69;-1.69;0.5;11%;0.137321428571429;3.5;1.5;1.0;45%;0;0;0;1;0.1;1.65;0.1;92%;28.4;0.1;0.9;0.6;0.6;0.1;22;0.6;0.1;22;0.9;30;17;12.0;2.2;0.1;0.6;1.7;100;2;0;0.1;0.3;0.0;22;3;0;10.7;6.1;No recurring injuries;Low;6.5;36;0.1;0;0;0;0;0;0;0;0;0;0;1.4;0.9
Premier League;Newcastle;Anthony Gordon;AM (L);M (L);M (L), AM (RL);25;"6'0""";£195K - £225K p/w;£86M;Weak;Very Strong;7.55;4;1238;5;247.6;0.4;2.66;2.66;2.34;0.2;19%;0.0985185185185185;2.0;1.2;0.7;59%;0;0;0;7;0.5;5.24;0.4;90%;63.2;1.0;3.2;8.3;8.9;2.7;30;8.0;2.5;32;10.4;46;5;18.8;7.3;1.5;2.1;12.4;78;27;1;0.2;0.6;0.1;11;0;0;13.6;20.3;No recurring injuries;Average;3.4;47;0.0;0;0;0;0;0;0;0;0;0;0;1.9;0.9
Premier League;Liverpool;Alexander Isak;ST (C);;AM (L), ST (C);27;"6'3""";£250K - £350K p/w;£87M - £137M;Reasonable;Very Strong;6.97;1;1259;5;251.8;0.4;4.33;3.56;0.67;0.3;13%;0.10825;2.9;1.1;1.4;40%;2;1;100;5;0.4;3.85;0.3;90%;57.2;0.8;2.4;5.9;3.8;0.7;18;3.8;0.7;19;2.4;28;9;11.6;7.6;1.5;2.0;9.6;72;29;0;0.0;0.2;0.0;16;0;0;13.0;20.7;No recurring injuries;Average;4.6;40;0.0;0;0;0;0;0;0;0;0;0;0;1.9;1.4
Serie A;Casciavit;Adrien Rabiot;M (C);DM, M (L);DM, M (LC);31;"6'3""";£155K - £220K p/w;Not for Sale;Very Strong;Reasonable;6.77;2;1895;7;270.714285714286;0.3;2.11;2.11;4.89;0.1;25%;0.0753571428571429;1.3;0.7;0.5;54%;2;0;0;2;0.1;3.53;0.2;92%;15.5;0.4;0.2;1.5;0.2;0.1;50;0.1;0.1;67;0.0;13;0;10.5;11.9;0.4;0.8;3.0;82;11;2;0.1;0.1;0.0;12;8;0;3.0;3.8;No recurring injuries;Very Low;0.8;59;0.0;0;0;0;0;0;0;0;0;0;0;1.9;1.0
Premier League;Benfica;Dodi Lukébakio;AM (R);M (R), AM (L), ST (C);M (R), AM (RL), ST (C);29;"6'2""";£29K - £51K p/w;£43M;Very Strong;Reasonable;6.96;2;1358;5;271.6;0.3;3.83;3.83;1.17;0.3;13%;0.100789473684211;2.5;1.3;1.2;53%;0;1;100;3;0.2;4.17;0.3;89%;45.4;0.3;2.6;4.3;4.8;1.2;25;2.7;0.7;27;4.0;24;7;12.5;6.2;1.6;2.3;9.4;80;30;0;0.3;0.4;0.1;18;0;0;11.3;12.7;No recurring injuries;Below Average;3.0;42;0.0;0;0;0;0;0;0;0;0;0;0;1.7;1.0
First Division;A. Bilbao;Nico Williams;AM (L);M (R), ST (C);M/AM (RL), ST (C);24;"5'11""";£220K - £325K p/w;£194M - £232M;Strong;Very Strong;7.44;4;1650;6;275;0.3;6.51;5.74;-0.51;0.4;12%;0.127647058823529;2.8;1.4;1.3;49%;0;2;100;7;0.4;5.97;0.3;90%;53.2;0.6;2.3;2.8;5.6;1.0;18;3.1;0.5;18;3.9;39;13;11.1;6.2;1.4;1.4;9.5;76;33;1;0.2;0.5;0.0;21;0;0;11.8;16.0;No recurring injuries;Below Average;3.5;38;0.0;0;0;0;0;0;0;0;0;0;0;1.7;1.4
First Division;Real San Sebastián;Mikel Oyarzábal;AM (L);AM (RC);AM (RLC), ST (C);29;"5'11""";£87K - £125K p/w;£113M - £145M;Very Strong;Reasonable;6.98;0;1111;4;277.75;0.3;5.09;5.09;-1.09;0.4;9%;0.118372093023256;3.5;1.5;1.1;44%;0;1;100;3;0.2;1.47;0.1;85%;34.6;0.2;1.1;1.4;1.5;0.2;10;1.1;0.2;15;0.7;20;9;10.6;4.2;0.5;0.8;3.2;86;7;1;0.2;0.2;0.0;9;0;0;10.0;7.0;No recurring injuries;Below Average;6.8;38;0.2;0;0;0;0;0;0;0;0;0;0;1.1;1.2
Premier League;Aston Villa;Youri Tielemans;M (C);;DM, M/AM (C);29;"5'9""";£175K - £200K p/w;£62M;Fairly Strong;Very Strong;6.93;1;1150;4;287.5;0.3;1.65;1.65;2.35;0.1;11%;0.0471428571428571;2.7;1.0;2.3;37%;3;0;0;2;0.2;1.88;0.1;90%;68.5;0.4;1.1;6.2;0.2;0.1;33;0.2;0.1;50;0.2;6;3;8.3;5.6;0.8;2.4;6.6;56;18;3;0.9;0.6;0.7;9;0;0;12.7;20.1;No recurring injuries;Below Average;1.5;21;0.2;0;0;0;0;0;0;0;0;0;0;1.5;1.5
Premier League;Birmingham;Julian Brandt;AM (C);M (L), AM (RL);M (LC), AM (RLC);30;"6'1""";£105K - £120K p/w;£31M - £37M;Fairly Strong;Very Strong;7.06;3;1440;5;288;0.3;3.03;3.03;1.97;0.2;14%;0.0818918918918919;2.3;0.8;1.4;35%;2;0;0;7;0.4;4.79;0.3;88%;46.8;0.8;1.9;2.3;5.1;1.1;22;1.6;0.6;36;0.5;8;6;10.1;4.9;0.8;1.8;7.3;81;16;0;0.2;0.4;0.2;10;0;0;12.3;8.9;No recurring injuries;Above Average;2.0;19;0.0;0;0;0;0;0;0;0;0;0;0;1.5;2.3
Premier League;Arsenal;Gabriel Jesus;ST (C);AM (RL);AM (RL), ST (C);29;"5'9""";£175K - £200K p/w;£41M - £65M;Fairly Strong;Very Strong;6.88;1;1259;4;314.75;0.3;4.94;4.94;-0.94;0.4;18%;0.224545454545455;1.6;0.7;0.6;45%;0;0;0;4;0.3;2.31;0.2;91%;38.2;0.4;1.4;2.5;0.6;0.2;33;0.6;0.2;33;0.6;21;6;6.1;2.4;0.4;0.9;4.2;67;9;1;0.0;0.1;0.0;14;1;0;12.0;9.2;No recurring injuries;High;2.8;31;0.0;0;0;0;0;0;0;0;0;0;0;2.0;0.9
Premier League;Liverpool;Alexis Mac Allister;M (C);;DM, M/AM (C);27;"5'9""";£165K - £245K p/w;£70M - £110M;Reasonable;Very Strong;7.19;1;1693;5;338.6;0.3;4.93;4.17;0.07;0.3;7%;0.0725;3.6;1.2;2.8;32%;3;1;100;7;0.4;4.62;0.2;90%;68.7;0.6;2.3;5.5;2.0;0.4;18;0.5;0.2;44;0.6;10;1;8.2;7.2;1.5;2.5;6.1;68;41;5;0.5;0.5;0.5;10;1;0;12.5;17.0;No recurring injuries;Below Average;1.4;30;0.1;0;0;0;0;0;0;0;0;0;0;2.2;1.5
Premier League;FC Porto;Isco;AM (C);M (RL);M (RLC), AM (C);34;"5'9""";£61K - £90K p/w;£13M - £16M;Fairly Strong;Very Strong;6.77;0;1072;3;357.333333333333;0.3;4.56;3.79;-1.56;0.4;9%;0.134117647058824;2.9;1.3;1.1;44%;0;1;100;3;0.3;3.21;0.3;86%;39.9;0.5;1.1;3.8;10.6;2.4;22;0.8;0.3;30;0.7;9;2;11.0;7.5;0.3;1.8;4.4;67;6;0;0.3;0.3;0.2;6;1;0;8.7;10.3;No recurring injuries;Above Average;1.0;25;0.0;0;0;0;0;0;0;0;0;0;0;2.1;1.2
Serie A;Juventus;Rodrigo Zalazar;AM (C);AM (L);M (C), AM (RLC);27;"5'10""";£52K - £90K p/w;£50M - £64M;Reasonable;Very Strong;6.91;0;1080;3;360;0.2;4.89;4.89;-1.89;0.4;7%;0.119268292682927;3.4;1.6;1.0;46%;0;1;100;1;0.1;1.92;0.2;89%;46.1;0.4;2.4;3.8;7.1;0.9;12;1.0;0.1;8;1.8;5;5;18.8;12.1;0.5;1.2;4.4;60;10;0;0.2;0.2;0.0;11;1;0;12.6;12.7;No recurring injuries;Very Low;2.8;35;0.1;0;0;0;0;0;0;0;0;0;0;1.3;0.5
Premier League;Aston Villa;Donyell Malen;AM (R);;AM (RL), ST (C);27;"5'9""";£120K - £140K p/w;£46M - £67M;Reasonable;Very Strong;6.92;1;1451;4;362.75;0.2;5.43;5.43;-1.43;0.3;13%;0.181;1.9;0.9;0.5;47%;0;0;0;7;0.4;4.22;0.3;87%;35.5;0.6;1.9;2.0;1.9;0.4;23;1.4;0.4;26;1.4;21;14;9.1;2.9;0.6;0.6;4.8;67;15;1;0.2;0.4;0.1;16;0;0;11.9;8.7;No recurring injuries;Above Average;4.2;25;0.0;0;0;0;0;0;0;0;0;0;0;1.3;1.2
First Division;A. Madrid;Álex Baena;AM (C);M (C), AM (R);M (C), AM (RLC);25;"5'9""";£64K - £110K p/w;£145M - £177M;Strong;Very Strong;6.97;2;1500;4;375;0.2;4.84;4.84;-0.84;0.3;12%;0.146666666666667;2.0;0.8;0.7;42%;0;0;0;7;0.4;3.92;0.2;88%;51.6;0.5;1.3;3.8;2.0;0.5;27;1.4;0.5;35;1.7;11;7;10.8;6.3;1.0;1.9;8.8;70;23;0;0.1;0.2;0.1;20;1;0;12.6;15.0;No recurring injuries;Above Average;2.5;27;0.1;0;0;0;0;0;0;0;0;0;0;1.7;1.0
Premier League;Newcastle;Bruno Guimarães;M (C);;DM, M (C);29;"6'0""";£150K - £210K p/w;£69M - £88M;Weak;Very Strong;7.02;1;1559;4;389.75;0.2;1.74;1.74;2.26;0.1;13%;0.0561290322580645;1.8;0.9;1.4;48%;1;0;0;4;0.2;2.19;0.1;91%;82.8;0.3;1.2;7.0;1.2;0.3;23;0.5;0.1;25;0.3;5;4;8.4;8.6;1.6;3.5;7.9;73;37;0;0.6;1.0;0.5;10;2;0;13.2;17.9;No recurring injuries;Below Average;1.3;45;0.2;0;0;0;0;0;0;0;0;0;0;2.0;1.1
Ligue 1 McDonald's;Paris SG;Désiré Doué;AM (R);M (C), AM (L);M (C), AM (RLC);21;"5'11""";£150K - £215K p/w;Not for Sale;Fairly Strong;Very Strong;7.32;5;1648;4;412;0.2;6.6;6.6;-2.6;0.4;9%;0.143478260869565;2.5;1.5;0.7;59%;0;0;0;8;0.4;6.36;0.3;89%;56.7;0.5;2.7;6.0;8.7;1.9;22;4.9;1.4;28;5.2;44;10;12.6;6.7;1.1;2.0;9.0;54;37;0;0.4;0.8;0.1;14;0;0;12.1;17.6;No recurring injuries;Low;3.3;28;0.0;0;0;0;0;0;0;0;0;0;0;2.3;0.6
First Division;Barcelona;Frenkie de Jong;M (C);;DM, M (C);29;"5'11""";£190K - £275K p/w;£99M - £121M;Fairly Strong;Very Strong;7.18;1;1481;3;493.666666666667;0.2;1.65;1.65;1.35;0.1;15%;0.0825;1.2;0.5;0.8;45%;2;0;0;3;0.2;3.62;0.2;94%;64.9;0.5;1.3;8.6;1.8;0.4;20;0.3;0.1;20;0.1;8;1;6.1;14.0;1.2;2.3;6.4;69;29;1;0.7;0.6;0.2;3;0;0;11.7;14.2;No recurring injuries;Above Average;1.3;14;0.1;0;0;1;0;0;0;0;0;0;0;1.8;1.0
Premier League;Sporting CP;Gonçalo Inácio;D (C);;D (C);25;"6'1""";£39.5K - £65K p/w;£61M - £78M;Very Strong;Weak;7.21;1;1722;3;574;0.2;0.83;0.83;2.17;0.0;30%;0.083;0.5;0.3;0.1;60%;0;0;0;0;0.0;0.5;0.0;94%;53.3;0.1;0.3;1.8;0.0;0.0;0;0.0;0.0;0;0.1;4;0;1.3;19.3;0.7;2.9;2.9;82;17;4;0.8;1.3;0.6;10;2;0;10.4;4.5;No recurring injuries;Average;5.8;79;1.2;0;0;0;0;0;0;0;0;0;0;1.9;0.6
Premier League;Chelsea;Enzo Fernández;M (C);AM (C);DM, M/AM (C);25;"5'10""";£120K - £180K p/w;£84M - £103M;Fairly Strong;Very Strong;6.67;1;1794;3;598;0.2;2.53;2.53;0.47;0.1;9%;0.0790625;1.6;0.6;0.8;38%;2;0;0;1;0.1;3.13;0.2;88%;47.0;0.1;1.5;3.1;1.2;0.4;29;0.9;0.3;29;0.1;14;2;8.4;6.9;1.0;1.6;6.4;80;25;0;0.2;0.7;0.2;6;1;0;10.4;14.9;No recurring injuries;Low;1.2;33;0.1;0;0;1;0;0;0;0;0;0;0;1.5;0.8
Serie A;AS Roma;Paulo Dybala;AM (C);AM (R), ST (C);AM (RC), ST (C);33;"5'10""";£125K - £165K p/w;Not for Sale;Very Strong;Reasonable;6.91;0;1197;2;598.5;0.2;4.66;4.66;-2.66;0.4;6%;0.133142857142857;2.6;1.1;1.1;40%;0;0;0;4;0.3;2.49;0.2;88%;47.6;0.4;2.5;3.8;6.2;0.9;14;1.1;0.4;36;1.9;15;3;13.8;10.0;0.6;1.3;5.6;73;11;0;0.1;0.2;0.0;6;0;0;12.2;12.7;Recurring moderate calf muscle strain;Very High;2.2;10;0.0;0;0;0;0;0;0;0;0;0;0;1.3;1.1
Premier League;Spurs;Cristian Romero;D (C);;D (C);28;"6'1""";£175K - £200K p/w;£81M - £99M;Reasonable;Very Strong;6.97;0;1374;2;687;0.1;1.65;1.65;0.35;0.1;29%;0.235714285714286;0.5;0.3;0.0;57%;0;0;0;0;0.0;0.01;0.0;96%;45.9;0.0;0.1;2.9;0.0;0.0;0;0.0;0.0;0;0.0;1;0;2.7;8.1;1.3;3.5;4.3;69;29;1;0.2;0.5;0.2;17;1;1;10.4;3.8;No recurring injuries;Average;4.0;56;0.6;0;0;0;0;0;0;0;0;0;0;1.8;0.8
Premier League;Newcastle;Joelinton;M (C);AM (C);M (C), AM (LC);30;"6'1""";£105K - £120K p/w;£47M - £67M;Reasonable;Very Strong;7.17;0;1376;2;688;0.1;4.97;4.97;-2.97;0.3;5%;0.127435897435897;2.6;1.0;0.8;38%;0;0;0;5;0.3;4.23;0.3;90%;57.4;0.7;1.6;3.9;4.3;1.4;32;4.3;1.4;32;7.3;28;2;17.0;9.3;2.5;2.7;12.6;83;46;1;0.5;0.5;0.4;11;0;0;13.7;23.4;No recurring injuries;Average;5.6;51;0.2;0;0;0;0;0;0;0;0;0;0;1.6;1.1
First Division;R. Madrid;Éder Militão;D (C);D (R);D (RC);28;"6'1""";£95K - £160K p/w;£57M - £89M;Weak;Very Strong;7.03;3;1440;2;720;0.1;1.07;1.07;0.93;0.1;18%;0.0972727272727273;0.7;0.2;0.2;27%;1;0;0;1;0.1;0.42;0.0;92%;50.7;0.1;0.4;2.8;0.0;0.0;0;0.0;0.0;0;0.1;1;0;3.3;13.7;0.4;2.1;2.0;88;8;0;0.9;0.7;1.0;6;1;0;10.1;4.8;No recurring injuries;High;5.8;70;0.9;0;0;0;0;0;0;0;0;0;0;2.8;0.8
First Division;A. Madrid;Pablo Barrios;M (C);;DM, M (C);23;"5'11""";£125K - £155K p/w;£125M - £196M;Fairly Strong;Very Strong;7.18;3;1446;2;723;0.1;1.76;1.76;0.24;0.1;6%;0.0502857142857143;2.2;0.9;1.8;43%;2;0;0;6;0.4;3.8;0.2;92%;74.9;0.5;0.8;9.8;0.4;0.2;42;0.4;0.2;43;0.2;5;0;6.6;13.3;1.4;4.1;9.5;73;30;0;0.6;0.7;0.1;22;6;0;12.5;15.4;No recurring injuries;Average;1.2;42;0.0;0;0;0;0;0;0;0;0;0;0;1.5;0.9
Premier League;Fulham;Casemiro;DM;D (C);D (C), DM, M (C);34;"6'1""";£61K - £70K p/w;£750K - £7.6M;Fairly Strong;Very Strong;6.91;1;1469;2;734.5;0.1;0.75;0.75;1.25;0.0;10%;0.0375;1.2;0.6;1.0;50%;1;0;0;1;0.1;0.55;0.0;91%;58.1;0.1;0.6;6.1;0.0;0.0;0;0.0;0.0;0;0.0;1;0;5.0;8.9;1.3;3.6;5.6;65;34;6;0.8;1.5;0.6;15;2;0;12.7;15.2;No recurring injuries;Below Average;3.2;58;0.8;0;0;0;0;0;0;0;0;0;0;1.0;2.1
Serie A;Bergamo;Éderson;M (C);DM, AM (C);DM, M/AM (C);27;"6'0""";£42.5K - £54K p/w;£57M - £81M;Fairly Strong;Very Strong;7.15;3;1579;2;789.5;0.1;2.01;2.01;-0.01;0.1;8%;0.0804;1.4;0.5;0.7;36%;1;0;0;2;0.1;3.49;0.2;92%;64.6;0.1;1.0;7.4;0.1;0.1;100;0.1;0.1;100;0.2;13;1;4.7;13.4;1.7;3.0;7.1;73;41;1;0.5;1.0;0.3;14;0;1;11.4;13.2;No recurring injuries;Very Low;2.3;63;0.3;0;0;0;0;0;0;0;0;0;0;1.4;1.1
Serie A;Juventus;Bremer;D (C);;D (C);29;"6'2""";£150K - £170K p/w;£52M;Weak;Very Strong;7.13;1;1762;2;881;0.1;2.27;2.27;-0.27;0.1;18%;0.206363636363636;0.6;0.2;0.2;27%;0;0;0;2;0.1;1.06;0.1;93%;51.9;0.1;0.2;2.3;0.0;0.0;0;0.0;0.0;0;0.0;6;1;2.3;17.1;0.4;2.8;1.9;80;10;1;0.7;1.1;0.5;15;3;1;9.8;4.3;No recurring injuries;Very Low;5.9;77;1.3;0;0;0;0;0;0;0;0;0;0;1.3;0.9
Premier League;Man City;Matheus Nunes;D (R), M (C);WB (R), AM (RC);D/WB (R), M (C), AM (RC);28;"6'0""";£180K - £205K p/w;£40M - £63M;Fairly Strong;Very Strong;6.89;0;1113;1;1113;0.1;0.69;0.69;0.31;0.1;8%;0.0530769230769231;1.1;0.5;0.9;46%;0;0;0;2;0.2;1.2;0.1;93%;73.5;0.3;0.9;9.6;2.2;0.5;22;0.6;0.4;63;0.9;9;0;8.1;11.7;2.6;2.7;7.7;74;43;3;1.0;0.6;0.7;16;1;1;12.4;22.4;No recurring injuries;Very Low;4.9;56;0.0;0;0;1;0;0;0;0;0;0;0;2.7;1.0
Serie A;Blu-neri;Nicolò Barella;M (C);;M (C);29;"5'8""";£190K - £275K p/w;£66M - £85M;Fairly Strong;Very Strong;6.80;0;1235;1;1235;0.1;1.68;1.68;-0.68;0.1;4%;0.0730434782608696;1.7;0.7;1.1;39%;0;0;0;5;0.4;2.32;0.2;90%;22.8;0.3;1.0;2.9;0.7;0.1;11;0.6;0.1;13;0.3;4;0;8.8;11.7;0.6;1.5;4.4;80;10;0;0.1;0.4;0.1;12;3;0;5.4;10.1;No recurring injuries;Average;0.4;40;0.0;0;0;0;0;0;0;0;0;0;0;1.8;0.9
Serie A;Blu-neri;Federico Dimarco;D (L);;D/WB (L);29;"5'9""";£110K - £130K p/w;£145M - £175M;Very Strong;Weak;6.92;0;1318;1;1318;0.1;0.33;0.33;0.67;0.0;17%;0.055;0.4;0.1;0.3;33%;1;0;0;3;0.2;4.69;0.3;86%;55.4;0.9;1.9;6.0;9.1;1.5;16;7.4;1.2;16;2.3;17;1;14.0;11.9;1.9;3.6;10.4;85;33;0;0.4;1.1;0.6;19;2;0;12.4;25.5;No recurring injuries;Below Average;2.7;50;0.3;0;0;0;0;0;0;0;0;0;0;1.4;0.8
First Division;Barcelona;Jules Koundé;D (R);D (C), WB (R);D (RC), WB (R);28;"5'10""";£200K - £300K p/w;£64M - £100M;Fairly Strong;Very Strong;7.11;2;1350;1;1350;0.1;0.73;0.73;0.27;0.0;20%;0.146;0.3;0.1;0.1;40%;0;0;0;0;0.0;0.87;0.1;96%;75.2;0.1;1.3;11.5;1.7;0.3;19;1.7;0.3;19;0.7;13;2;10.1;14.8;2.3;2.7;7.8;81;43;0;0.3;0.7;0.3;21;4;0;12.2;17.3;No recurring injuries;Average;3.7;49;0.4;0;0;0;0;0;0;0;0;0;0;1.5;0.9
Serie A;Blu-neri;Hakan Çalhanoğlu;DM, M (C);;DM, M (C);32;"5'10""";£125K - £195K p/w;Not for Sale;Fairly Strong;Very Strong;6.84;0;1353;1;1353;0.1;1.14;0.37;-0.14;0.1;14%;0.162857142857143;0.5;0.1;0.2;29%;0;1;100;3;0.2;3.21;0.2;88%;44.8;0.5;0.9;5.4;6.9;1.8;25;0.1;0.1;100;0.1;5;0;8.7;14.2;1.2;2.3;4.9;78;23;2;0.4;0.5;0.1;4;0;0;9.4;12.2;No recurring injuries;Above Average;1.4;10;0.1;0;0;1;0;0;0;0;0;0;0;1.8;0.8
Premier League;Chelsea;Marc Cucurella;D (L);D (C), M (L);D (LC), WB/M (L);28;"5'8""";£170K - £195K p/w;£50M - £71M;Very Strong;Weak;6.90;2;1362;1;1362;0.1;0.9;0.9;0.1;0.1;13%;0.1125;0.5;0.3;0.3;50%;0;0;0;1;0.1;1.44;0.1;92%;78.0;0.2;0.5;10.2;0.6;0.1;22;0.5;0.1;14;0.3;0;2;9.7;11.6;2.8;3.5;7.5;79;53;1;0.4;0.9;0.1;22;2;0;12.7;20.9;No recurring injuries;Below Average;3.0;33;0.3;0;0;0;0;0;0;0;0;0;0;1.6;0.7
First Division;A. Madrid;Marcos Llorente;D (R);DM, M (C), AM (R);D/WB (R), DM, M (RC), AM (R);31;"6'0""";£100K - £165K p/w;Not for Sale;Reasonable;Very Strong;7.03;0;1364;1;1364;0.1;0.37;0.37;0.63;0.0;13%;0.04625;0.5;0.4;0.3;75%;0;0;0;2;0.1;3.92;0.3;90%;67.7;0.4;1.5;7.1;2.7;0.7;26;2.7;0.7;27;1.3;13;3;12.3;14.5;1.7;3.7;8.0;81;32;0;0.2;0.6;0.5;29;2;1;12.0;19.1;No recurring injuries;Below Average;2.8;69;0.1;0;0;0;0;0;0;0;0;0;0;1.5;0.8
Premier League;Man Utd;Angelo Stiller;DM;D (C);D (C), DM, M (C);25;"6'0""";£125K p/w;£41M - £50M;Very Strong;Weak;6.83;0;1426;1;1426;0.1;0.98;0.98;0.02;0.1;4%;0.0426086956521739;1.5;0.7;1.3;48%;0;0;0;2;0.1;1.67;0.1;88%;60.0;0.1;0.8;8.1;3.1;0.5;16;0.1;0.0;0;0.1;3;0;8.6;8.4;0.9;2.8;6.8;61;23;2;0.4;0.8;0.3;7;1;0;12.8;20.9;No recurring injuries;Average;2.0;47;0.2;0;0;0;0;0;0;0;0;0;0;2.6;2.2
Premier League;Newcastle;Sandro Tonali;DM, M (C);;DM, M (C);26;"5'11""";£175K - £230K p/w;£74M - £91M;Fairly Strong;Very Strong;6.79;0;1433;1;1433;0.1;2.12;1.35;-1.12;0.1;8%;0.163076923076923;0.8;0.4;0.7;46%;0;1;100;0;0.0;0.8;0.1;93%;59.0;0.0;0.7;6.3;3.0;0.3;10;0.1;0.0;0;0.2;3;0;6.0;7.5;1.3;2.4;7.0;78;27;2;0.1;0.8;0.1;12;3;0;12.9;14.8;No recurring injuries;Below Average;1.4;43;0.1;0;0;0;0;0;0;0;0;0;0;2.1;1.2
Ligue 1 McDonald's;Paris SG;Nuno Mendes;D/WB (L);;D/WB (L);24;"5'9""";£165K - £240K p/w;£111M - £174M;Very Strong;Fairly Strong;7.27;3;1439;1;1439;0.1;1.16;1.16;-0.16;0.1;13%;0.145;0.5;0.2;0.1;38%;0;0;0;1;0.1;1.32;0.1;91%;76.8;0.3;1.6;9.7;1.8;0.3;17;1.1;0.1;11;1.1;10;0;10.2;12.8;2.4;3.3;8.8;81;48;3;0.5;1.2;0.0;8;2;0;12.4;17.2;No recurring injuries;Above Average;2.6;57;0.3;0;0;0;0;0;0;0;0;0;0;2.4;0.5
Premier League;Crystal Palace;Adam Wharton;DM;;DM, M (C);22;"6'0""";£67K - £79K p/w;£70M;Very Strong;Strong;7.19;0;1440;1;1440;0.1;1.1;1.1;-0.1;0.1;5%;0.05;1.4;0.4;1.1;32%;1;0;0;4;0.2;2.58;0.2;91%;96.1;0.3;1.6;10.7;3.3;0.8;22;0.4;0.2;57;0.3;4;1;10.9;8.8;2.2;3.8;10.8;75;48;4;0.6;1.7;0.4;7;1;0;13.4;13.8;Recurring tight thigh;Very High;1.5;71;0.1;0;0;1;0;0;0;0;0;0;0;0.9;1.2
Premier League;Arsenal;Riccardo Calafiori;D (L);;D (LC);24;"6'2""";£150K - £165K p/w;£82M - £128M;Very Strong;Reasonable;6.95;0;1492;1;1492;0.1;0.84;0.84;0.16;0.1;9%;0.0763636363636364;0.7;0.2;0.4;36%;0;0;0;0;0.0;1.2;0.1;93%;81.8;0.1;0.8;10.9;0.7;0.1;18;0.7;0.1;18;1.6;4;1;8.4;11.6;2.3;4.1;7.5;79;48;2;0.3;0.4;0.3;16;2;1;12.3;17.0;No recurring injuries;Above Average;3.9;65;0.7;0;0;1;0;0;0;0;0;0;0;2.1;0.9
Serie A;AS Roma;Manu Koné;DM;;DM, M (C);25;"6'1""";£82K - £95K p/w;£62M - £91M;Reasonable;Very Strong;7.08;2;1492;1;1492;0.1;0.84;0.84;0.16;0.1;6%;0.0525;1.0;0.1;0.7;13%;0;0;0;2;0.1;2.57;0.2;93%;71.3;0.4;1.6;8.4;0.2;0.1;66;0.2;0.1;67;0.7;9;1;5.4;12.7;1.2;2.5;8.8;53;38;2;0.3;0.5;0.0;19;4;0;12.7;15.7;No recurring injuries;Above Average;2.7;50;0.2;0;0;1;0;0;0;0;0;0;0;1.3;1.2
First Division;Barcelona;Eric García;D (C);;D (RC), DM;25;"6'0""";£100K - £160K p/w;£79M - £101M;Fairly Strong;Very Strong;7.18;2;1596;1;1596;0.1;0.21;0.21;0.79;0.0;25%;0.0525;0.2;0.1;0.1;25%;0;0;0;3;0.2;1.11;0.1;95%;59.2;0.2;0.5;4.7;0.1;0.1;100;0.1;0.1;100;0.1;6;0;3.4;14.8;0.7;2.6;2.9;86;14;4;0.6;0.8;0.6;11;3;0;10.2;6.5;No recurring injuries;Average;5.5;53;1.0;0;0;0;0;0;0;0;0;0;0;1.8;1.0
Premier League;Arsenal;Jurriën Timber;D (R);D (C);D (RLC);25;"5'10""";£175K - £195K p/w;£61M - £96M;Fairly Strong;Very Strong;6.89;0;1602;1;1602;0.1;0.22;0.22;0.78;0.0;33%;0.0733333333333333;0.2;0.1;0.1;67%;1;0;0;1;0.1;0.75;0.0;94%;82.6;0.1;0.6;11.6;0.6;0.2;36;0.6;0.2;36;0.7;4;0;7.5;9.8;1.1;3.7;4.7;68;28;4;0.7;1.1;0.2;14;1;1;11.8;15.8;No recurring injuries;Above Average;3.6;59;0.3;0;0;0;0;0;0;0;0;0;0;1.9;0.9
First Division;R. Madrid;Trent Alexander-Arnold;D (R);DM, M (C);D/WB (R), DM, M (C);28;"5'11""";£195K - £300K p/w;£58M - £91M;Fairly Strong;Very Strong;7.03;0;1613;1;1613;0.1;1.03;1.03;-0.03;0.1;10%;0.103;0.6;0.2;0.3;40%;1;0;0;3;0.2;4.3;0.2;89%;68.4;0.4;1.2;8.9;5.4;0.9;16;1.3;0.1;9;1.1;10;3;16.1;12.8;2.5;3.5;7.2;83;54;4;0.3;0.5;0.2;20;4;0;11.7;18.4;No recurring injuries;High;2.6;59;0.2;0;0;0;0;0;0;0;0;0;0;2.8;0.6
Bundesliga;Bayer 04 Leverkusen;Alejandro Grimaldo;D (L);M/AM (L);D/WB/M/AM (L);31;"5'7""";£85K - £110K p/w;£41M - £64M;Very Strong;Weak;7.14;3;1620;1;1620;0.1;0.4;0.4;0.6;0.0;25%;0.1;0.2;0.1;0.1;25%;0;0;0;1;0.1;3.51;0.2;92%;72.3;0.3;1.0;9.6;6.1;1.1;18;0.9;0.1;12;1.3;19;0;9.6;13.3;1.3;4.6;6.9;74;31;2;0.8;0.8;0.2;14;1;0;11.8;15.9;No recurring injuries;Average;2.4;35;0.0;0;0;0;0;0;0;0;0;0;0;1.5;0.9
Ligue 1 McDonald's;Paris SG;Vitinha;DM;;DM, M (C);26;"5'8""";£165K - £250K p/w;£183M - £239M;Reasonable;Very Strong;7.24;1;1648;1;1648;0.1;1.06;1.06;-0.06;0.1;7%;0.0706666666666667;0.8;0.2;0.5;27%;1;0;0;7;0.4;7.17;0.4;93%;63.1;0.5;1.4;7.7;1.8;0.2;12;0.2;0.0;0;0.1;6;1;3.1;12.3;0.6;2.3;4.8;42;26;1;0.4;0.8;0.2;7;0;0;12.2;12.3;No recurring injuries;Below Average;1.1;25;0.0;0;0;0;0;0;0;0;0;0;0;2.3;0.7
Serie A;Juventus;Manuel Locatelli;DM;;DM, M (C);28;"6'0""";£100K - £120K p/w;£58M - £84M;Reasonable;Very Strong;7.28;3;1723;1;1723;0.1;0.45;0.45;0.55;0.0;20%;0.09;0.3;0.1;0.1;40%;0;0;0;7;0.4;2.44;0.1;92%;64.4;0.1;0.9;6.9;0.2;0.0;0;0.2;0.0;0;0.3;9;0;6.8;14.5;1.3;3.0;5.4;66;38;2;0.6;0.6;0.2;17;4;0;11.9;13.9;No recurring injuries;Very Low;2.2;65;0.2;0;0;0;0;0;0;0;0;0;0;1.5;0.9
Premier League;Chelsea;Reece James;D (R);D (C), DM;D (RC), WB (R), DM;27;"5'10""";£175K - £250K p/w;£76M - £97M;Reasonable;Very Strong;7.12;3;1735;1;1735;0.1;0.48;0.48;0.52;0.0;17%;0.08;0.3;0.1;0.2;17%;0;0;0;3;0.2;2.12;0.1;92%;85.7;0.3;1.0;11.9;4.8;0.8;17;1.2;0.4;35;0.6;6;1;10.7;11.9;2.2;4.1;8.5;72;60;5;0.7;0.8;0.4;20;4;0;12.5;16.1;Recurring partially torn hamstring;Very High;3.3;40;0.1;0;0;0;0;0;0;0;0;0;0;1.8;0.8
Bundesliga;FC Bayern München;Jonathan Tah;D (C);;D (C);30;"6'5""";£165K - £275K p/w;£37M - £58M;Reasonable;Very Strong;7.11;2;1797;1;1797;0.1;0.38;0.38;0.62;0.0;17%;0.0633333333333333;0.3;0.3;0.1;83%;0;0;0;0;0.0;0.07;0.0;94%;56.1;0.1;0.1;2.9;0.1;0.0;0;0.1;0.0;0;0.0;2;1;2.8;16.3;0.6;3.4;2.7;80;15;4;0.7;0.8;0.6;16;4;0;10.0;5.4;No recurring injuries;Average;6.4;66;1.5;0;0;1;0;0;0;0;0;0;0;1.9;0.8
Premier League;Benfica;Nicolás Otamendi;D (C);;D (C);38;"6'0""";£42.5K - £66K p/w;Not for Sale;Fairly Strong;Very Strong;6.92;1;1800;1;1800;0.1;0.87;0.87;0.13;0.0;11%;0.0966666666666667;0.5;0.1;0.2;33%;0;0;0;1;0.1;0.82;0.0;92%;47.4;0.0;0.2;2.4;0.1;0.1;100;0.1;0.1;100;0.0;0;0;3.0;15.9;0.6;2.2;2.7;92;13;6;0.8;1.3;0.7;12;2;0;9.5;4.8;No recurring injuries;Low;3.5;62;0.6;0;0;1;0;0;0;0;0;0;0;1.9;0.8
Premier League;Man City;Marc Guéhi;D (C);;D (C);26;"6'0""";£275K - £300K p/w;£68M - £83M;Strong;Very Strong;7.02;0;1834;1;1834;0.0;0.41;0.41;0.59;0.0;25%;0.1025;0.2;0.1;0.0;50%;0;0;0;0;0.0;1.33;0.1;95%;66.3;0.2;0.2;5.0;0.0;0.0;0;0.0;0.0;0;0.1;0;0;3.4;9.6;0.4;3.4;1.8;69;13;1;0.7;0.5;0.7;6;0;0;11.0;7.9;No recurring injuries;Below Average;5.3;58;0.2;0;0;1;0;0;0;0;0;0;0;2.7;1.1
Premier League;Arsenal;Gabriel;D (C);;D (C);28;"6'3""";£300K - £350K p/w;£81M - £127M;Very Strong;Reasonable;7.11;1;1838;1;1838;0.0;1.19;1.19;-0.19;0.1;9%;0.108181818181818;0.5;0.2;0.1;45%;0;0;0;0;0.0;0.96;0.0;96%;66.4;0.1;0.2;4.9;0.0;0.0;100;0.0;0.0;100;0.0;3;0;3.2;9.8;0.6;3.3;2.1;100;12;5;0.7;0.7;0.7;11;2;1;10.5;6.3;No recurring injuries;Average;6.4;73;1.4;0;0;1;0;0;0;0;0;0;0;2.1;1.0
Premier League;Arsenal;William Saliba;D (C);;D (C);25;"6'4""";£210K - £240K p/w;£72M - £113M;Reasonable;Very Strong;7.06;2;1890;1;1890;0.0;1.1;1.1;-0.1;0.1;10%;0.11;0.5;0.2;0.0;50%;0;0;0;2;0.1;0.55;0.0;95%;70.8;0.0;0.2;5.0;0.1;0.0;0;0.1;0.0;0;0.1;2;1;3.8;8.3;0.6;2.9;1.4;67;18;2;0.7;0.8;0.6;11;3;0;10.6;5.6;No recurring injuries;Below Average;5.3;63;1.3;0;0;0;0;0;0;0;0;0;0;2.1;1.1
First Division;A. Madrid;Robin Le Normand;D (C);;D (C);30;"6'2""";£70K - £100K p/w;£63M - £98M;Reasonable;Very Strong;7.00;1;1976;1;1976;0.0;0.44;0.44;0.56;0.0;25%;0.11;0.2;0.1;0.0;50%;0;0;0;0;0.0;0.62;0.0;95%;51.7;0.0;0.1;2.0;0.0;0.0;0;0.0;0.0;0;0.1;4;0;2.7;14.3;0.9;2.8;2.6;83;24;5;0.6;1.2;0.6;10;1;0;9.9;3.8;No recurring injuries;Above Average;5.3;76;0.9;0;0;1;0;0;0;0;0;0;0;1.7;0.9
Premier League;FC Porto;Jakub Kiwior;D (C);DM;D (LC), DM;26;"6'2""";£37.5K - £60K p/w;£29M - £45M;Very Strong;Reasonable;6.98;0;2070;1;2070;0.0;1.17;1.17;-0.17;0.1;11%;0.13;0.4;0.3;0.1;67%;0;0;0;1;0.0;0.65;0.0;93%;58.9;0.0;0.2;3.9;0.1;0.0;0;0.0;0.0;0;0.1;2;0;2.7;17.6;0.8;1.9;2.3;82;22;0;0.5;0.9;0.3;10;2;0;10.3;6.6;No recurring injuries;Below Average;4.8;68;0.7;0;0;0;0;0;0;0;0;0;0;1.8;0.9
Premier League;Liverpool;Ibrahima Konaté;D (C);;D (C);27;"6'4""";£195K - £275K p/w;£49M - £77M;Reasonable;Very Strong;7.00;0;2150;1;2150;0.0;0.77;0.77;0.23;0.0;8%;0.0641666666666667;0.5;0.2;0.2;33%;0;0;0;1;0.0;0.55;0.0;95%;59.3;0.0;0.2;3.8;0.0;0.0;0;0.0;0.0;0;0.2;7;0;3.5;10.5;0.6;3.6;2.5;68;22;4;0.9;0.9;0.9;18;2;0;10.8;5.3;No recurring injuries;Above Average;5.6;71;1.0;0;0;1;0;0;0;0;0;0;0;2.1;1.4
Premier League;Everton;Jordan Pickford;GK;;GK;32;"6'2""";£180K - £240K p/w;Not for Sale;Very Strong;Reasonable;6.76;1;1440;0;0;0.0;0;0;0;0.0;0%;0;0.0;0.0;0.0;0%;0;0;0;0;0.0;0;0.0;70%;25.1;0.0;0.0;2.1;0.0;0.0;0;0.0;0.0;0;0.0;0;0;10.8;8.7;0.0;0.4;0.0;0;1;0;0.0;4.6;0.0;0;0;0;6.6;0.1;No recurring injuries;Below Average;0.0;0;0.0;3;-3.59;2;72;27;28;6;24;1;0;2.1;1.5
Premier League;Arsenal;Martín Zubimendi;DM;;DM, M (C);27;"5'11""";£140K - £160K p/w;£82M - £100M;Fairly Strong;Very Strong;6.86;0;1830;0;0;0.0;0.44;0.44;-0.44;0.0;0%;0.0733333333333333;0.3;0.1;0.1;33%;0;0;0;0;0.0;0.79;0.0;94%;62.4;0.0;0.7;8.0;0.1;0.1;66;0.1;0.1;67;0.0;3;0;4.1;6.2;1.4;2.9;5.0;78;36;3;0.7;0.8;0.4;9;2;0;12.0;14.2;No recurring injuries;Average;1.3;50;0.1;0;0;0;0;0;0;0;0;0;0;1.9;0.9
Premier League;Liverpool;Joe Gomez;D (C);D (L);D (RLC);29;"6'2""";£150K - £200K p/w;£40M - £62M;Weak;Very Strong;6.80;0;1237;0;0;0.0;0.01;0.01;-0.01;0.0;0%;0.005;0.1;0.0;0.1;0%;0;0;0;2;0.1;1.1;0.1;92%;77.3;0.3;0.6;11.2;3.0;0.5;17;3.0;0.5;17;0.4;2;0;10.7;11.8;1.7;3.0;4.7;79;29;3;0.7;0.7;0.3;3;2;0;12.4;15.1;No recurring injuries;Above Average;5.1;70;0.5;0;0;0;0;0;0;0;0;0;0;2.2;1.5
Premier League;Arsenal;David Raya;GK;;GK;31;"6'0""";£300K - £350K p/w;Not for Sale;Reasonable;Very Strong;7.16;0;1980;0;0;0.0;0;0;0;0.0;0%;0;0.0;0.0;0.0;0%;0;0;0;1;0.0;0.27;0.0;97%;26.9;0.0;0.1;0.3;0.0;0.0;0;0.0;0.0;0;0.0;0;0;1.7;8.4;0.0;0.6;0.0;100;1;0;0.0;0.6;0.0;0;0;0;6.9;0.1;No recurring injuries;Low;0.0;0;0.0;10;0.07;1;79;29;42;6;21;1;100;2.1;1.0
Serie A;Blu-neri;Jaka Bijol;D (C);;D (C);27;"6'3""";£44K - £52K p/w;£27M - £39M;Weak;Very Strong;6.93;0;1020;0;0;0.0;0.41;0.41;-0.41;0.0;0%;0.136666666666667;0.3;0.0;0.0;0%;0;0;0;0;0.0;0.19;0.0;94%;44.4;0.0;0.0;1.8;0.0;0.0;0;0.0;0.0;0;0.0;2;0;3.5;11.8;0.9;2.6;3.0;71;14;0;0.9;1.1;0.7;6;1;0;10.3;4.6;No recurring injuries;Average;4.6;75;1.2;0;0;0;0;0;0;0;0;0;0;1.6;0.7
Premier League;Man Utd;Matthijs de Ligt;D (C);;D (C);27;"6'2""";£220K p/w;£64M - £70M;Reasonable;Very Strong;6.87;0;1504;0;0;0.0;0.34;0.34;-0.34;0.0;0%;0.085;0.2;0.2;0.0;75%;0;0;0;0;0.0;0.26;0.0;93%;47.9;0.0;0.1;3.1;0.0;0.0;0;0.0;0.0;0;0.0;2;0;4.1;10.4;0.7;3.8;2.3;71;17;3;1.4;1.0;1.3;8;1;0;10.4;4.5;No recurring injuries;Above Average;5.9;73;1.4;0;0;2;0;0;0;0;0;0;0;2.8;2.2
First Division;A. Bilbao;Unai Simón;GK;;GK;29;"6'3""";£96K - £155K p/w;£98M - £126M;Reasonable;Very Strong;6.76;1;1980;0;0;0.0;0;0;0;0.0;0%;0;0.0;0.0;0.0;0%;0;0;0;0;0.0;0;0.0;93%;24.0;0.0;0.0;0.1;0.0;0.0;0;0.0;0.0;0;0.0;4;0;3.5;6.0;0.0;0.1;0.0;100;1;0;0.0;0.9;0.0;0;0;0;6.1;0.1;No recurring injuries;Below Average;0.0;0;0.0;5;0.63;1;75;20;44;13;28;1;100;1.7;1.3
Bundesliga;FC Bayern München;Josip Stanišić;D (C);D (L), WB (R);D (RLC), WB (R);26;"6'2""";£81K - £125K p/w;£30M - £36M;Fairly Strong;Very Strong;6.99;0;1063;0;0;0.0;0.26;0.26;-0.26;0.0;0%;0.065;0.3;0.1;0.2;25%;0;0;0;0;0.0;0.42;0.0;91%;64.7;0.3;0.9;9.6;0.9;0.1;9;0.9;0.1;9;0.5;9;0;14.4;11.5;1.4;3.1;6.7;85;20;1;0.6;0.7;0.4;13;2;0;11.8;16.0;Recurring hamstring strain;Very High;4.2;74;0.4;0;0;0;0;0;0;0;0;0;0;1.4;1.0
First Division;R. Madrid;Antonio Rüdiger;D (C);;D (C);33;"6'3""";£94K - £135K p/w;£6.4M - £10M;Reasonable;Very Strong;7.03;0;1299;0;0;0.0;0.61;0.61;-0.61;0.0;0%;0.07625;0.6;0.1;0.2;25%;0;0;0;1;0.1;1.43;0.1;95%;47.9;0.0;0.3;2.2;0.0;0.0;0;0.0;0.0;0;0.0;2;0;4.4;13.8;0.6;3.5;1.9;89;9;1;0.6;0.8;0.3;10;5;0;10.0;4.4;No recurring injuries;High;4.8;67;1.0;0;0;0;0;0;0;0;0;0;0;3.2;0.9
First Division;A. Madrid;Jan Oblak;GK;;GK;33;"6'2""";£275K - £400K p/w;Not for Sale;Weak;Very Strong;7.14;1;1980;0;0;0.0;0;0;0;0.0;0%;0;0.0;0.0;0.0;0%;0;0;0;0;0.0;0;0.0;90%;24.8;0.0;0.0;0.0;0.0;0.0;0;0.0;0.0;0;0.0;6;0;4.9;5.9;0.0;0.2;0.0;0;1;0;0.0;1.3;0.0;1;1;0;5.5;0.0;No recurring injuries;Below Average;0.0;0;0.0;9;1.72;0;80;23;36;11;19;1;0;1.7;0.9
Serie A;Fiorentina;David De Gea;GK;;GK;36;"6'4""";£73K - £110K p/w;Not for Sale;Weak;Very Strong;7.26;5;1530;0;0;0.0;0;0;0;0.0;0%;0;0.0;0.0;0.0;0%;0;0;0;0;0.0;0;0.0;81%;24.3;0.0;0.0;0.0;0.0;0.0;0;0.0;0.0;0;0.0;8;0;8.6;3.4;0.1;0.0;0.0;100;1;0;0.0;1.2;0.0;0;0;0;5.5;0.0;No recurring injuries;Very Low;0.0;0;0.0;11;10.66;0;87;12;30;7;8;1;100;1.3;0.5
Serie A;Blu-neri;Andrei Raţiu;D (R);;D/WB (R);28;"6'0""";£36K - £42K p/w;£37M - £46M;Reasonable;Very Strong;7.27;3;1290;0;0;0.0;0.06;0.06;-0.06;0.0;0%;0.03;0.1;0.0;0.1;0%;0;0;0;2;0.1;2.27;0.2;89%;47.4;0.4;2.1;6.0;7.9;1.2;15;7.9;1.2;15;3.2;11;1;18.3;10.5;3.1;3.3;11.2;90;50;6;0.8;1.0;0.3;22;3;1;12.9;26.7;No recurring injuries;Low;3.5;56;0.4;0;0;0;0;0;0;0;0;0;0;1.9;0.6
Bundesliga;FC Bayern München;Alphonso Davies;WB (L);M/AM (L);D/WB/M/AM (L);26;"6'1""";£145K - £250K p/w;£49M - £77M;Very Strong;Reasonable;6.99;2;1103;0;0;0.0;0.95;0.95;-0.95;0.1;0%;0.11875;0.7;0.1;0.1;13%;0;0;0;0;0.0;0.56;0.0;90%;66.7;0.1;1.0;8.5;0.8;0.2;30;0.7;0.2;33;1.8;6;1;11.1;11.7;2.9;4.0;9.0;78;45;2;0.7;0.4;0.6;15;3;0;12.8;16.6;No recurring injuries;Very High;3.5;63;0.2;0;0;0;0;0;0;0;0;0;0;2.0;0.9
Premier League;Liverpool;Ryan Gravenberch;M (C);AM (C);DM, M/AM (C);24;"6'3""";£175K - £240K p/w;£94M - £114M;Reasonable;Very Strong;6.90;0;1540;0;0;0.0;1.25;1.25;-1.25;0.1;0%;0.0892857142857143;0.8;0.3;0.6;36%;0;0;0;1;0.1;2.67;0.2;92%;71.7;0.4;2.3;8.6;0.1;0.1;50;0.1;0.1;50;1.1;7;1;6.7;8.2;1.2;3.3;8.7;77;26;5;0.9;0.9;0.6;5;0;0;13.1;22.0;No recurring injuries;Below Average;2.6;34;0.1;0;0;1;0;0;0;0;0;0;0;1.9;1.8
Serie A;AS Roma;Bryan Cristante;DM, M (C);;DM, M (C);31;"6'1""";£94K - £115K p/w;Not for Sale;Fairly Strong;Very Strong;6.93;2;1592;0;0;0.0;1.19;1.19;-1.19;0.1;0%;0.0793333333333333;0.8;0.2;0.5;27%;0;0;0;2;0.1;2.7;0.2;92%;62.9;0.3;0.8;6.6;0.2;0.2;100;0.2;0.2;100;0.1;8;0;4.6;13.5;1.2;2.7;7.4;63;35;0;0.9;0.7;0.2;12;4;0;12.7;17.2;No recurring injuries;Low;3.6;59;0.6;0;0;0;0;0;0;0;0;0;0;1.3;1.1
Serie A;Juventus;Khéphren Thuram;DM;;DM, M (C);25;"6'4""";£87K - £100K p/w;£54M;Reasonable;Very Strong;7.12;2;1781;0;0;0.0;2.84;2.84;-2.84;0.1;0%;0.123478260869565;1.2;0.2;0.6;13%;3;0;0;3;0.2;2.76;0.1;95%;64.6;0.3;1.1;6.9;0.2;0.0;0;0.2;0.0;0;0.2;11;0;6.4;12.5;1.4;2.3;5.5;85;33;1;0.3;0.8;0.1;9;1;0;11.4;13.8;No recurring injuries;Very Low;1.8;53;0.1;0;0;0;0;0;0;0;0;0;0;1.6;0.9
Serie A;Blu-neri;Alessandro Bastoni;D (C);;D (C);27;"6'3""";£98K - £160K p/w;£67M - £104M;Very Strong;Reasonable;6.98;1;1535;0;0;0.0;0.79;0.79;-0.79;0.0;0%;0.263333333333333;0.2;0.0;0.0;0%;0;0;0;0;0.0;0.63;0.0;93%;52.1;0.1;0.4;2.3;0.1;0.0;0;0.1;0.0;0;0.1;3;0;1.9;17.3;0.4;2.6;2.6;64;11;4;0.9;0.9;0.6;14;4;0;10.3;5.9;No recurring injuries;Below Average;4.8;78;0.4;0;0;0;0;0;0;0;0;0;0;1.8;0.8
Serie A;Blu-neri;Yann Sommer;GK;;GK;37;"6'0""";£58K - £88K p/w;Not for Sale;Weak;Very Strong;7.02;0;1980;0;0;0.0;0;0;0;0.0;0%;0;0.0;0.0;0.0;0%;0;0;0;0;0.0;0;0.0;86%;24.4;0.0;0.0;0.1;0.0;0.0;0;0.0;0.0;0;0.0;5;0;6.3;4.7;0.0;0.1;0.0;0;0;0;0.0;1.6;0.0;0;0;0;6.3;0.0;No recurring injuries;Below Average;0.0;0;0.0;10;2.96;0;77;13;38;16;19;0;0;1.8;0.9
Ligue 1 McDonald's;Paris SG;Lucas Chevalier;GK;;GK;25;"6'2""";£70K - £80K p/w;£52M - £62M;Reasonable;Very Strong;7.16;1;1800;0;0;0.0;0;0;0;0.0;0%;0;0.0;0.0;0.0;0%;0;0;0;0;0.0;0;0.0;90%;25.1;0.0;0.0;0.1;0.0;0.0;0;0.0;0.0;0;0.0;7;0;7.0;5.7;0.0;0.1;0.0;0;0;0;0.0;1.4;0.0;0;0;0;6.4;0.0;No recurring injuries;Below Average;0.0;0;0.0;11;3.7;1;80;16;21;9;12;0;0;2.3;0.6
Serie A;Parthenope;Giovanni Di Lorenzo;D (R);D (C), WB (R);D (RC), WB (R);33;"6'0""";£61K - £100K p/w;Not for Sale;Reasonable;Very Strong;7.21;1;1616;0;0;0.0;2.68;2.68;-2.68;0.1;0%;0.446666666666667;0.3;0.0;0.0;0%;0;0;0;5;0.3;2.93;0.2;90%;50.2;0.2;1.4;4.1;5.0;0.8;15;5.0;0.8;16;1.9;11;3;11.7;13.5;1.7;3.2;9.1;81;37;2;0.5;0.8;0.3;31;3;0;12.0;21.7;No recurring injuries;Very Low;3.8;67;0.4;0;0;1;0;0;0;0;0;0;0;1.3;0.8
Premier League;Spurs;Micky van de Ven;D (C);D/WB (L);D (LC), WB (L);25;"6'4""";£155K - £175K p/w;£59M - £72M;Very Strong;Weak;7.20;1;1890;0;0;0.0;0.64;0.64;-0.64;0.0;0%;0.0492307692307692;0.6;0.2;0.0;31%;0;0;0;2;0.1;1.96;0.1;95%;68.8;0.1;0.4;6.5;0.7;0.2;33;0.7;0.2;29;0.1;4;2;5.0;7.9;0.9;3.4;2.1;90;20;2;1.0;0.9;0.8;2;0;0;11.4;8.1;Recurring moderate hamstring strain;Very High;4.8;59;0.4;0;0;0;0;0;0;0;0;0;0;1.7;0.8
Premier League;Man City;Gianluigi Donnarumma;GK;;GK;27;"6'5""";£220K - £250K p/w;£86M - £105M;Weak;Very Strong;6.85;0;1980;0;0;0.0;0;0;0;0.0;0%;0;0.0;0.0;0.0;0%;0;0;0;0;0.0;0;0.0;95%;23.9;0.0;0.0;0.4;0.0;0.0;0;0.0;0.0;0;0.0;1;0;1.7;6.5;0.0;0.3;0.0;0;2;0;0.0;1.6;0.0;0;0;0;7.0;0.0;No recurring injuries;Low;0.0;0;0.0;7;1.86;0;74;31;28;8;24;2;0;2.8;1.1
Premier League;Man City;Joško Gvardiol;D (LC);WB (L);D (LC), WB (L);24;"6'1""";£240K - £275K p/w;£97M - £118M;Very Strong;Fairly Strong;7.05;0;1643;0;0;0.0;0.7;0.7;-0.7;0.0;0%;0.116666666666667;0.3;0.1;0.1;33%;0;0;0;1;0.1;2.71;0.1;92%;76.1;0.4;1.4;10.4;0.7;0.2;33;0.7;0.2;33;0.3;4;0;8.7;13.1;3.0;4.3;9.6;76;72;2;0.8;0.8;0.4;21;3;0;12.8;19.1;No recurring injuries;Below Average;3.9;63;0.2;0;0;1;0;0;0;0;0;0;0;2.5;0.9
Serie A;Casciavit;Mike Maignan;GK;;GK;31;"6'3""";£81K - £125K p/w;Not for Sale;Reasonable;Very Strong;6.84;1;1798;0;0;0.0;0;0;0;0.0;0%;0;0.0;0.0;0.0;0%;0;0;0;0;0.0;0;0.0;92%;27.1;0.0;0.0;0.3;0.0;0.0;0;0.0;0.0;0;0.0;4;0;5.0;6.5;0.0;0.1;0.0;0;1;0;0.0;1.3;0.0;0;0;0;5.7;0.1;No recurring injuries;Very Low;0.0;0;0.0;7;-2.33;1;73;18;29;8;21;1;0;1.8;1.1
First Division;Barcelona;Joan García;GK;;GK;25;"6'3""";£99K - £140K p/w;£60M - £78M;Weak;Very Strong;6.78;1;1620;0;0;0.0;0;0;0;0.0;0%;0;0.0;0.0;0.0;0%;0;0;0;0;0.0;0;0.0;95%;24.7;0.0;0.0;0.1;0.0;0.0;0;0.0;0.0;0;0.0;1;0;6.4;5.2;0.0;0.2;0.0;0;2;0;0.0;1.3;0.0;0;0;0;6.1;0.1;No recurring injuries;Below Average;0.0;0;0.0;4;-2.15;1;72;10;27;13;20;2;0;1.8;1.1
Bundesliga;Bayer 04 Leverkusen;Exequiel Palacios;M (C);;DM, M (C);28;"5'9""";£84K - £140K p/w;£55M - £86M;Reasonable;Very Strong;7.03;0;1419;0;0;0.0;0.9;0.9;-0.9;0.1;0%;0.09;0.6;0.1;0.4;20%;0;0;0;4;0.3;2.73;0.2;93%;70.8;0.3;1.0;7.5;0.1;0.1;100;0.1;0.1;100;0.4;16;1;5.3;12.5;1.1;2.5;6.6;68;25;0;0.1;0.3;0.1;23;7;0;12.3;14.7;No recurring injuries;High;1.4;32;0.1;0;0;0;0;0;0;0;0;0;0;1.6;0.9
Ligue 1 McDonald's;Olympique de Marseille;Benjamin Pavard;D (C);D (R);D (RC);30;"6'1""";£135K - £170K p/w;£24M - £37M;Reasonable;Very Strong;7.03;0;1890;0;0;0.0;0.7;0.7;-0.7;0.0;0%;0.1;0.3;0.1;0.1;43%;1;0;0;1;0.0;0.54;0.0;96%;66.3;0.1;0.1;4.1;0.0;0.0;100;0.0;0.0;100;0.0;4;1;3.7;12.0;0.7;2.3;2.4;94;16;5;0.7;1.0;0.8;6;1;0;10.6;5.8;No recurring injuries;Below Average;5.6;67;1.4;0;0;0;0;0;0;0;0;0;0;1.0;1.3
First Division;Barcelona;Pau Cubarsí;D (C);;D (C);19;"6'0""";£77K - £125K p/w;Not for Sale;Fairly Strong;Very Strong;7.01;0;1863;0;0;0.0;0.49;0.49;-0.49;0.0;0%;0.1225;0.2;0.0;0.0;0%;0;0;0;0;0.0;1.43;0.1;95%;58.1;0.0;0.1;2.8;0.0;0.0;0;0.0;0.0;0;0.0;2;0;2.0;18.2;0.6;3.1;2.5;100;13;1;0.8;1.0;0.8;13;3;0;9.7;4.9;No recurring injuries;Below Average;5.3;54;1.3;0;0;0;0;0;0;0;0;0;0;1.8;1.1
Premier League;Aston Villa;Emiliano Martínez;GK;;GK;34;"6'4""";£125K - £180K p/w;Not for Sale;Reasonable;Very Strong;7.19;2;1260;0;0;0.0;0;0;0;0.0;0%;0;0.0;0.0;0.0;0%;0;0;0;0;0.0;0;0.0;94%;31.4;0.0;0.0;0.5;0.0;0.0;0;0.0;0.0;0;0.0;0;0;2.1;8.8;0.1;0.4;0.0;33;3;0;0.0;1.8;0.0;0;0;0;6.8;0.0;Recurring hamstring strain;Very High;0.0;0;0.0;6;2.21;0;82;22;39;8;19;3;33;1.5;1.4
Premier League;FC Porto;Diogo Costa;GK;;GK;27;"6'1""";£68K - £105K p/w;£64M - £101M;Fairly Strong;Very Strong;7.03;4;1889;0;0;0.0;0;0;0;0.0;0%;0;0.0;0.0;0.0;0%;0;0;0;0;0.0;0;0.0;90%;24.8;0.0;0.0;0.0;0.0;0.0;0;0.0;0.0;0;0.0;9;0;3.1;6.0;0.0;0.1;0.0;0;0;0;0.0;1.5;0.0;0;0;0;5.6;0.0;No recurring injuries;Below Average;0.0;0;0.0;10;3.15;0;76;18;25;11;18;0;0;1.8;0.9
Premier League;Man Utd;Benjamin Šeško;ST (C);;ST (C);23;"6'5""";£230K p/w;£67M - £84M;Fairly Strong;Very Strong;7.23;1;1700;16;106.25;0.8;14.09;12.56;1.91;0.7;21%;0.182987012987013;4.1;2.1;1.2;52%;0;2;50;3;0.2;3.55;0.2;86%;27.3;0.8;1.6;1.2;0.3;0.2;50;0.3;0.2;50;0.8;12;21;6.0;3.5;0.3;1.3;2.0;60;10;0;0.2;0.1;0.0;23;0;0;12.0;11.1;No recurring injuries;Low;9.2;46;0.2;0;0;0;0;0;0;0;0;0;0;2.5;2.4
First Division;Real Hispalis;Cucho Hernández;ST (C);AM (RL);AM (RL), ST (C);27;"5'9""";£42K - £48K p/w;£32M - £41M;Reasonable;Very Strong;7.03;1;1537;13;118.230769230769;0.8;6.72;6.72;6.28;0.4;21%;0.108387096774194;3.6;2.0;1.1;55%;1;2;100;0;0.0;1.48;0.1;92%;27.9;0.4;0.4;0.3;0.2;0.2;100;0.2;0.2;100;1.2;21;25;17.6;2.4;0.1;1.0;1.6;100;1;0;0.2;0.3;0.0;25;0;0;10.4;5.9;No recurring injuries;Below Average;5.0;41;0.0;0;0;0;0;0;0;0;0;0;0;1.9;0.9
Bundesliga;VfB Stuttgart;Deniz Undav;ST (C);;AM (C), ST (C);30;"5'10""";£78K - £115K p/w;£26M - £34M;Fairly Strong;Very Strong;7.06;2;1067;9;118.555555555556;0.8;7.05;5.48;1.95;0.6;19%;0.15;4.0;1.9;1.1;49%;2;3;67;1;0.1;0.73;0.1;86%;33.2;0.2;1.3;1.9;0.6;0.1;14;0.6;0.1;14;0.7;18;12;11.4;3.3;0.1;0.4;3.0;50;2;0;0.2;0.2;0.1;11;0;0;10.6;7.0;No recurring injuries;Above Average;5.2;24;0.0;0;0;0;0;0;0;0;0;0;0;1.9;1.3
Premier League;Brighton;Ivan Toney;ST (C);;ST (C);30;"6'1""";£89K - £130K p/w;£32M - £41M;Reasonable;Very Strong;6.84;2;1467;11;133.363636363636;0.7;11.51;8.43;-0.51;0.7;22%;0.225686274509804;3.1;1.7;0.9;53%;0;4;50;2;0.1;1.28;0.1;88%;31.0;0.2;0.7;1.5;0.2;0.1;25;0.2;0.1;25;0.6;14;9;5.4;2.9;0.3;1.2;3.9;42;12;1;0.1;0.3;0.1;15;3;0;11.8;8.5;No recurring injuries;Below Average;6.1;35;0.1;0;0;1;0;0;0;0;0;0;0;1.5;2.6
Bundesliga;Bayer 04 Leverkusen;Christian Kofane;ST (C);AM (RC);AM (RC), ST (C);20;"6'2""";£47.5K - £73K p/w;£65M - £81M;Reasonable;Very Strong;7.13;2;1530;11;139.090909090909;0.6;7.34;7.34;3.66;0.4;19%;0.124406779661017;3.5;1.7;0.9;49%;1;0;0;1;0.1;2.9;0.2;85%;35.2;0.2;0.8;1.6;1.2;0.4;35;1.2;0.4;35;1.9;29;19;14.4;2.5;0.5;1.4;3.9;89;9;0;0.4;0.2;0.1;22;0;0;11.6;10.2;No recurring injuries;Below Average;5.6;53;0.1;0;0;0;0;0;0;0;0;0;0;1.7;0.8
Serie A;Parthenope;Scott McTominay;M (C);DM, AM (L);DM, M (C), AM (LC);30;"6'4""";£93K - £160K p/w;£62M - £79M;Reasonable;Very Strong;7.13;1;1403;10;140.3;0.6;5.7;5.7;4.3;0.4;19%;0.109615384615385;3.3;1.4;1.0;42%;2;0;0;1;0.1;3.75;0.2;91%;53.4;0.4;1.3;3.9;2.8;0.4;13;2.8;0.4;14;2.7;29;8;11.2;6.7;1.3;2.0;9.8;71;28;0;0.3;0.4;0.0;30;1;1;11.8;17.1;No recurring injuries;Very Low;4.0;45;0.1;0;0;0;0;0;0;0;0;0;0;1.5;0.8
Serie A;Casciavit;Christian Pulisic;AM (R);AM (L);AM (RLC), ST (C);28;"5'10""";£120K - £140K p/w;£88M - £132M;Fairly Strong;Very Strong;7.25;3;1451;10;145.1;0.6;7.38;7.38;2.62;0.5;15%;0.110149253731343;4.2;2.3;1.7;55%;1;2;100;3;0.2;3.03;0.2;90%;34.5;0.2;1.4;2.0;4.8;1.2;24;0.4;0.2;43;0.9;24;9;13.5;3.0;0.5;1.1;1.9;89;9;0;0.1;0.4;0.1;7;0;0;10.7;8.1;No recurring injuries;Very Low;3.8;27;0.1;0;0;0;0;0;0;0;0;0;0;1.8;1.1
Ligue 1 McDonald's;LOSC;Akor Adams;ST (C);;ST (C);26;"6'3""";£28.5K - £32.5K p/w;£14.5M;Reasonable;Very Strong;7.08;2;1363;9;151.444444444444;0.6;6.44;6.44;2.56;0.4;20%;0.143111111111111;3.0;1.5;1.0;49%;1;0;0;1;0.1;1.26;0.1;91%;28.3;0.2;1.4;1.2;0.4;0.1;16;0.4;0.1;17;0.1;19;8;10.1;1.5;0.1;0.1;1.3;17;6;0;0.0;0.0;0.0;11;1;0;10.3;5.3;No recurring injuries;Below Average;7.3;47;0.1;0;0;0;0;0;0;0;0;0;0;1.8;1.1
Bundesliga;RB Leipzig;Johan Bakayoko;AM (R);M (R), AM (L);M (R), AM (RL);23;"5'10""";£57K - £92K p/w;£25M - £40M;Very Strong;Reasonable;7.13;1;1224;8;153;0.6;4.58;4.58;3.42;0.3;18%;0.104090909090909;3.2;1.7;1.2;52%;3;0;0;0;0.0;2.39;0.2;88%;50.0;0.4;2.0;4.9;4.0;0.8;20;2.1;0.5;24;4.2;9;3;16.0;5.9;1.6;2.6;11.5;81;27;0;0.3;0.6;0.1;5;0;0;12.5;17.4;No recurring injuries;Above Average;2.5;38;0.0;0;0;0;0;0;0;0;0;0;0;1.7;1.0
First Division;Villarreal;Gerard Moreno;ST (C);AM (R);AM (R), ST (C);34;"5'11""";£38.5K - £62K p/w;£150K - £1.5M;Very Strong;Fairly Strong;7.07;0;1251;8;156.375;0.6;4.43;4.43;3.57;0.3;17%;0.0963043478260869;3.3;1.2;1.5;35%;3;1;100;2;0.1;1.01;0.1;90%;30.3;0.4;1.8;1.7;0.7;0.3;40;0.7;0.3;40;0.0;9;3;16.5;1.9;0.1;0.4;1.3;40;5;0;0.0;0.1;0.0;7;0;0;10.8;7.3;No recurring injuries;Very High;6.1;27;0.4;0;0;0;0;0;0;0;0;0;0;1.5;1.6
Ligue 1 McDonald's;Strasbourg;Wout Weghorst;ST (C);;ST (C);34;"6'6""";£20K - £23K p/w;Not for Sale;Reasonable;Very Strong;6.96;0;1150;7;164.285714285714;0.5;4.76;4.76;2.24;0.4;19%;0.132222222222222;2.8;1.1;0.5;39%;0;0;0;2;0.2;1.75;0.1;90%;33.3;0.3;1.1;0.6;0.3;0.2;50;0.3;0.2;50;0.7;15;7;18.5;2.3;0.3;0.9;2.3;50;8;0;0.3;0.3;0.0;12;1;0;10.6;7.6;No recurring injuries;Average;8.8;47;0.0;0;0;0;0;0;0;0;0;0;0;1.5;0.9
Premier League;Sporting CP;Luis Suárez;ST (C);;ST (C);29;"5'11""";£36K - £54K p/w;£69M - £84M;Fairly Strong;Very Strong;7.34;2;1493;9;165.888888888889;0.5;8.15;8.15;0.85;0.5;12%;0.107236842105263;4.6;2.1;1.6;46%;1;0;0;4;0.2;2.61;0.2;88%;29.5;0.5;1.0;0.7;0.4;0.1;33;0.4;0.1;33;0.9;35;16;12.5;2.8;0.3;0.8;1.7;100;5;0;0.4;0.1;0.0;15;1;0;10.4;6.8;No recurring injuries;Below Average;6.1;31;0.0;0;0;0;0;0;0;0;0;0;0;2.0;0.7
Serie A;AS Roma;Artem Dovbyk;ST (C);;ST (C);29;"6'2""";£79K - £93K p/w;£15M - £22M;Very Strong;Reasonable;6.94;2;1516;9;168.444444444444;0.5;8.4;8.4;0.6;0.5;14%;0.133333333333333;3.7;1.8;1.1;48%;3;0;0;0;0.0;0.68;0.0;91%;26.1;0.2;0.8;0.9;0.4;0.1;14;0.4;0.1;14;0.7;17;19;17.7;1.5;0.2;0.5;2.0;80;5;1;0.2;0.1;0.0;21;0;0;11.2;6.9;No recurring injuries;Average;8.0;48;0.1;0;0;0;0;0;0;0;0;0;0;1.2;1.4
Serie BKT;Salernitana;Boulaye Dia;AM (C);;AM (C), ST (C);30;"5'11""";£26K - £45.5K p/w;£900K - £9.2M;Reasonable;Very Strong;7.70;0;1350;8;168.75;0.5;6.36;5.56;1.64;0.4;15%;0.122307692307692;3.5;2.0;0.0;58%;0;1;100;4;0.3;2.06;0.1;62%;20.0;0.0;0.0;0.0;0.0;0.0;0;0.0;0.0;0;0.0;22;0;0.0;0.0;1.1;0.0;0.0;62;26;0;0.0;0.0;0.0;18;0;0;0.0;0.0;No recurring injuries;Very Low;0.0;0;0.0;0;0;0;0;0;0;0;0;0;0;0.0;0.0
Second Division;Mallorca;Vedat Muriqi;ST (C);;ST (C);32;"6'4""";£35K - £56K p/w;£15.5M - £19M;Very Strong;Reasonable;7.18;1;1195;7;170.714285714286;0.5;4.49;4.49;2.51;0.3;17%;0.106904761904762;3.2;1.6;1.1;50%;0;0;0;2;0.2;1.36;0.1;87%;29.6;0.3;1.5;1.5;0.3;0.0;0;0.3;0.0;0;0.4;26;9;14.6;2.9;0.4;0.7;1.4;71;7;0;0.1;0.2;0.0;8;1;0;10.9;7.5;No recurring injuries;Above Average;7.5;45;0.2;0;0;0;0;0;0;0;0;0;0;1.4;0.8
Ligue 1 McDonald's;AS Monaco;Folarin Balogun;ST (C);;ST (C);25;"5'10""";£90K - £105K p/w;£31M - £37M;Fairly Strong;Very Strong;7.02;3;1402;8;175.25;0.5;5.38;4.57;2.62;0.3;16%;0.105490196078431;3.3;1.4;1.3;43%;2;1;0;3;0.2;2.31;0.1;89%;27.2;0.2;1.3;1.0;0.5;0.1;25;0.5;0.1;25;0.9;23;12;16.2;1.5;0.1;0.3;1.3;100;2;0;0.1;0.1;0.0;18;0;0;10.5;5.6;No recurring injuries;Below Average;6.0;44;0.1;0;0;0;0;0;0;0;0;0;0;1.3;1.3
Premier League;FC Porto;Samu Aghehowa;ST (C);;ST (C);22;"6'4""";£42.5K - £70K p/w;£78M - £102M;Fairly Strong;Very Strong;7.09;3;1769;10;176.9;0.5;7.39;7.39;2.61;0.4;12%;0.0912345679012346;4.1;2.1;1.4;52%;2;3;100;1;0.1;1.29;0.1;89%;37.3;0.2;1.2;1.8;0.7;0.3;46;0.7;0.3;46;0.6;22;11;12.1;2.8;0.3;0.9;1.9;86;7;0;0.1;0.2;0.0;10;1;0;11.3;8.0;No recurring injuries;Below Average;5.7;45;0.2;0;0;0;0;0;0;0;0;0;0;1.9;0.9
Bundesliga;VfB Stuttgart;Abel Ruiz;ST (C);AM (C);AM (C), ST (C);26;"6'0""";£55K - £69K p/w;£110M - £159M;Fairly Strong;Very Strong;7.00;2;1451;8;181.375;0.5;6.01;6.01;1.99;0.4;15%;0.113396226415094;3.3;1.5;1.1;45%;0;1;100;3;0.2;2.13;0.1;90%;30.5;0.3;0.9;1.0;0.7;0.1;8;0.7;0.1;8;0.6;19;12;13.1;2.5;0.4;0.7;1.9;75;8;0;0.0;0.1;0.0;11;0;0;11.1;7.4;No recurring injuries;Above Average;5.3;24;0.2;0;0;0;0;0;0;0;0;0;0;1.7;1.1
Premier League;Fulham;Tammy Abraham;ST (C);;ST (C);29;"6'4""";£110K - £150K p/w;£13M;Fairly Strong;Very Strong;6.88;1;1093;6;182.166666666667;0.5;4.64;4.64;1.36;0.4;24%;0.1856;2.1;1.3;0.6;64%;0;0;0;1;0.1;2.43;0.2;91%;32.5;0.5;1.2;0.7;0.3;0.0;0;0.3;0.0;0;0.7;11;5;4.7;3.5;0.7;1.7;4.4;100;9;0;0.2;0.2;0.2;6;0;0;11.7;7.3;No recurring injuries;Above Average;8.6;35;0.0;0;0;0;0;0;0;0;0;0;0;1.1;2.1
First Division;A. Madrid;Ademola Lookman;ST (C);AM (R);AM (RLC), ST (C);29;"5'9""";£66K - £110K p/w;£73M - £114M;Fairly Strong;Very Strong;7.06;1;1167;6;194.5;0.5;4.97;4.97;1.03;0.4;16%;0.130789473684211;2.9;1.4;0.8;47%;1;1;100;4;0.3;2.57;0.2;88%;39.1;0.5;1.9;1.7;1.0;0.4;38;1.0;0.4;38;1.0;29;10;13.3;3.9;0.5;1.1;5.2;78;9;0;0.2;0.2;0.0;12;0;0;11.4;9.3;No recurring injuries;Above Average;4.5;14;0.1;0;0;0;0;0;0;0;0;0;0;1.8;0.9
Ligue 1 McDonald's;OGC Nice;Taiwo Awoniyi;ST (C);;ST (C);29;"6'0""";£36K - £41.5K p/w;£29M - £35M;Reasonable;Very Strong;6.97;1;1209;6;201.5;0.4;3.05;3.05;2.95;0.2;21%;0.105172413793103;2.2;0.9;0.7;41%;0;1;100;1;0.1;1;0.1;88%;24.5;0.3;1.0;1.0;0.4;0.1;20;0.4;0.1;20;1.0;23;9;14.1;1.3;0.1;0.7;1.9;67;3;0;0.0;0.2;0.0;9;0;0;10.5;4.8;No recurring injuries;Above Average;5.8;24;0.0;0;0;0;0;0;0;0;0;0;0;1.4;1.0
Premier League;Chelsea;Alejandro Garnacho;AM (L);AM (RC);AM (RLC);22;"5'11""";£80K - £110K p/w;£87M - £136M;Strong;Very Strong;7.02;2;1447;7;206.714285714286;0.4;5.06;5.06;1.94;0.3;15%;0.107659574468085;2.9;1.2;1.3;40%;2;0;0;5;0.3;3.36;0.2;89%;67.3;0.5;2.4;7.8;3.4;1.0;29;3.4;1.0;30;2.1;18;12;12.1;5.5;1.6;1.7;13.1;68;37;0;0.4;0.4;0.1;21;1;0;13.1;19.5;No recurring injuries;Low;2.6;37;0.0;0;0;0;0;0;0;0;0;0;0;2.1;0.8
Eredivisie;PSV;Ricardo Pepi;ST (C);;ST (C);23;"6'1""";£33.5K - £49K p/w;£26M - £43M;Fairly Strong;Very Strong;7.01;1;1262;6;210.333333333333;0.4;7.24;7.24;-1.24;0.5;10%;0.124827586206897;4.1;2.3;1.3;55%;3;0;0;3;0.2;1.49;0.1;93%;32.9;0.1;1.0;1.1;0.5;0.2;42;0.5;0.2;43;0.6;16;7;12.3;2.0;0.0;0.4;1.4;0;6;0;0.0;0.2;0.0;11;2;0;10.9;5.9;No recurring injuries;Above Average;5.3;31;0.0;0;0;0;0;0;0;0;0;0;0;1.6;0.9
Bundesliga;VfB Stuttgart;Gift Orban;ST (C);;ST (C);24;"5'10""";£26K - £40K p/w;£35M - £54M;Reasonable;Very Strong;6.85;0;1104;5;220.8;0.4;3.87;3.87;1.13;0.3;11%;0.086;3.7;1.6;1.2;44%;0;0;0;1;0.1;0.95;0.1;92%;28.2;0.2;1.5;1.4;0.6;0.1;14;0.6;0.1;14;0.7;11;10;16.0;2.4;0.5;0.3;2.3;75;8;0;0.0;0.2;0.0;13;1;0;10.8;6.8;No recurring injuries;Above Average;4.6;33;0.0;0;0;0;0;0;0;0;0;0;0;2.0;1.0
Premier League;West Ham;Takumi Minamino;AM (C);M (C), AM (R);M (C), AM (RLC);31;"5'8""";£43K - £60K p/w;£9.6M - £12.5M;Fairly Strong;Very Strong;6.95;3;1117;5;223.4;0.4;3.38;3.38;1.62;0.3;25%;0.169;1.6;0.8;0.6;50%;1;0;0;1;0.1;2.27;0.2;87%;43.6;0.2;1.8;2.3;1.5;0.4;26;0.9;0.3;36;2.3;14;4;9.5;5.2;0.5;2.1;6.4;86;7;0;0.1;0.2;0.0;7;0;0;12.8;9.1;No recurring injuries;Below Average;3.0;14;0.0;0;0;0;0;0;0;0;0;0;0;1.1;1.0
First Division;Vigo;Williot Swedberg;AM (C);M/AM (R), ST (C);M (R), AM (RLC), ST (C);22;"6'1""";£53K - £60K p/w;£54M - £78M;Fairly Strong;Very Strong;6.92;0;1138;5;227.6;0.4;3.03;3.03;1.97;0.2;18%;0.108214285714286;2.2;1.3;0.8;61%;2;0;0;1;0.1;1.5;0.1;90%;42.9;0.3;1.0;1.7;0.9;0.3;33;0.9;0.3;33;0.5;9;5;15.7;9.3;0.9;0.8;5.3;86;14;0;0.0;0.2;0.0;9;1;0;12.9;11.5;Recurring tight thigh;Very High;2.9;41;0.2;0;0;0;0;0;0;0;0;0;0;1.3;1.3
First Division;Girona;Bryan Gil;AM (L);M/AM (R);M/AM (RL);25;"5'9""";£58K - £66K p/w;£21M - £31M;Very Strong;Fairly Strong;7.30;2;1142;5;228.4;0.4;3.71;3.71;1.29;0.3;19%;0.137407407407407;2.1;1.2;0.6;56%;1;0;0;5;0.4;3.57;0.3;93%;54.9;0.6;2.0;3.9;2.8;0.6;19;2.8;0.6;20;4.3;12;8;13.9;6.0;1.3;3.2;9.9;74;23;1;0.3;0.6;0.0;10;0;0;12.5;16.2;No recurring injuries;Above Average;2.6;0;0.0;0;0;0;0;0;0;0;0;0;0;1.7;1.4
First Division;Villarreal;Ayoze Pérez;ST (C);AM (RL);AM (RLC), ST (C);33;"5'10""";£60K - £92K p/w;Not for Sale;Fairly Strong;Very Strong;6.87;1;1382;6;230.333333333333;0.4;4.72;4.72;1.28;0.3;15%;0.121025641025641;2.5;1.2;0.6;46%;1;0;0;2;0.1;1.64;0.1;86%;28.3;0.1;1.0;0.9;0.6;0.1;22;0.6;0.1;22;0.3;21;10;18.8;2.1;0.3;0.3;1.8;40;10;0;0.1;0.1;0.0;10;1;0;10.3;6.6;No recurring injuries;Above Average;5.0;35;0.1;0;0;0;0;0;0;0;0;0;0;1.4;1.8
Premier League;Crystal Palace;Yeremy Pino;AM (C);M (RL);M (RL), AM (RLC);24;"5'8""";£120K - £135K p/w;£31M - £50M;Fairly Strong;Very Strong;6.86;2;1175;5;235;0.4;1.66;1.66;3.34;0.1;26%;0.0873684210526316;1.5;0.7;0.9;47%;2;0;0;2;0.2;2.3;0.2;90%;63.1;0.2;1.1;3.8;4.1;0.8;20;0.9;0.2;17;2.8;14;3;12.9;7.4;2.3;2.4;13.7;71;42;1;0.3;0.8;0.1;10;2;0;13.0;13.5;No recurring injuries;Above Average;3.2;17;0.0;0;0;1;0;0;0;0;0;0;0;1.0;1.3
First Division;A. Bilbao;Oihan Sancet;M (C);;M/AM (C);26;"6'2""";£81K - £93K p/w;£69M;Fairly Strong;Very Strong;7.13;1;1484;6;247.333333333333;0.4;3.26;3.26;2.74;0.2;25%;0.135833333333333;1.5;0.7;0.5;46%;2;1;100;4;0.2;3.85;0.2;91%;53.9;0.3;2.5;4.1;0.8;0.2;30;0.8;0.2;31;1.8;14;9;10.7;11.0;1.0;1.7;5.3;81;21;2;0.1;0.2;0.0;10;0;0;12.9;16.1;No recurring injuries;Above Average;3.5;42;0.2;0;0;0;0;0;0;0;0;0;0;1.9;1.3
Serie A;Juventus;Dušan Vlahović;ST (C);;ST (C);26;"6'3""";£300K - £350K p/w;£42M;Very Strong;Reasonable;6.99;1;1792;7;256;0.4;7.81;7.81;-0.81;0.4;12%;0.134655172413793;2.9;1.6;0.6;55%;2;1;100;4;0.2;3.38;0.2;89%;29.9;0.5;0.9;0.7;0.4;0.1;12;0.4;0.1;13;0.5;36;17;18.9;2.6;0.3;0.6;1.6;75;8;0;0.2;0.1;0.0;19;1;0;11.0;6.7;No recurring injuries;Very Low;6.5;46;0.2;0;0;0;0;0;0;0;0;0;0;1.4;0.8
Premier League;Spurs;Dejan Kulusevski;AM (RC);M (C), ST (C);M/AM (RC), ST (C);26;"6'1""";£275K - £300K p/w;£83M - £130M;Very Strong;Fairly Strong;6.99;0;1321;5;264.2;0.3;4.94;4.94;0.06;0.3;13%;0.13;2.6;1.4;1.0;53%;1;0;0;4;0.3;2.45;0.2;90%;48.9;0.3;1.9;3.3;2.4;0.2;8;1.4;0.1;5;1.6;15;4;9.0;3.3;0.2;1.1;3.5;27;11;0;0.0;0.3;0.0;8;0;0;11.7;12.3;No recurring injuries;Below Average;5.1;33;0.0;0;0;0;0;0;0;0;0;0;0;1.8;0.7
Serie A;Torino;Che Adams;ST (C);;AM (C), ST (C);30;"5'9""";£59K - £69K p/w;£15M - £22M;Reasonable;Very Strong;6.87;0;1336;5;267.2;0.3;6.59;6.59;-1.59;0.4;8%;0.10296875;4.3;1.4;1.1;33%;3;0;0;0;0.0;1.7;0.1;90%;29.2;0.2;1.0;1.0;0.5;0.3;57;0.5;0.3;57;0.5;40;7;17.4;2.1;0.1;0.5;1.8;67;3;1;0.1;0.1;0.0;9;0;0;11.0;6.6;No recurring injuries;Very Low;6.8;44;0.1;0;0;0;0;0;0;0;0;0;0;0.8;1.1
Premier League;Fulham;Oscar Bobb;AM (RC);M (R), AM (L), ST (C);M (RC), AM (RLC), ST (C);23;"5'9""";£42.5K - £62K p/w;£55M - £69M;Very Strong;Fairly Strong;6.86;2;1336;5;267.2;0.3;2.94;2.94;2.06;0.2;14%;0.084;2.4;1.3;1.4;54%;2;0;0;2;0.1;3.2;0.2;86%;41.6;0.5;1.5;2.6;2.7;0.5;20;2.3;0.5;24;3.2;20;4;12.3;8.1;1.6;3.2;12.0;75;32;1;0.2;0.6;0.1;6;0;0;13.4;16.9;No recurring injuries;Above Average;3.8;16;0.0;0;0;0;0;0;0;0;0;0;0;1.1;2.0
First Division;Atlético Pamplona;Ante Budimir;ST (C);;ST (C);35;"6'3""";£43K - £65K p/w;£325K - £3.2M;Very Strong;Fairly Strong;6.79;0;1098;4;274.5;0.3;6.75;5.98;-2.75;0.6;8%;0.129807692307692;4.3;2.0;1.6;46%;0;1;100;0;0.0;0.81;0.1;88%;29.2;0.1;1.0;0.9;0.6;0.3;57;0.6;0.3;57;0.2;18;8;18.8;2.8;0.1;1.0;1.2;100;1;0;0.1;0.4;0.0;12;0;0;10.2;6.5;No recurring injuries;Below Average;8.6;38;0.1;0;0;0;0;0;0;0;0;0;0;1.1;1.3
Sky Bet Championship;Leeds;Datro Fofana;AM (R);AM (L);AM (RL), ST (C);23;"5'11""";£61K - £69K p/w;Not for Sale;Reasonable;Very Strong;7.23;3;1409;5;281.8;0.3;5.58;5.58;-0.58;0.4;12%;0.13609756097561;2.6;1.0;0.8;37%;0;0;0;5;0.3;3.54;0.2;90%;48.5;0.2;1.8;3.3;3.8;1.1;30;3.8;1.1;30;3.3;13;9;15.9;4.6;1.5;2.4;9.3;71;34;0;0.1;0.3;0.0;28;2;0;11.9;14.8;No recurring injuries;Below Average;3.1;41;0.0;0;0;0;0;0;0;0;0;0;0;1.3;1.0
Premier League;Brentford;Mikkel Damsgaard;AM (C);M (C), AM (RL);M (C), AM (RLC);26;"5'11""";£68K - £77K p/w;£40M - £47M;Strong;Very Strong;7.08;0;1134;4;283.5;0.3;3.2;3.2;0.8;0.3;19%;0.152380952380952;1.7;1.2;0.6;71%;0;0;0;5;0.4;2.76;0.2;89%;56.0;0.5;1.8;4.1;2.1;0.4;18;1.0;0.0;0;1.2;14;0;10.3;6.6;0.7;3.1;7.0;53;17;1;0.3;0.5;0.2;3;0;0;13.0;13.3;No recurring injuries;High;2.5;16;0.0;0;0;0;0;0;0;0;0;0;0;2.0;2.0
First Division;Girona;Yaser Asprilla;AM (L);;AM (RLC);23;"5'9""";£17K - £21.5K p/w;£65M - £79M;Very Strong;Fairly Strong;7.00;1;1437;5;287.4;0.3;3.52;3.52;1.48;0.2;15%;0.103529411764706;2.1;0.8;0.9;38%;1;1;100;3;0.2;2.42;0.2;89%;51.4;0.4;2.1;4.0;2.3;0.4;18;0.8;0.2;25;1.4;8;5;9.9;11.0;0.4;1.6;5.3;86;7;0;0.0;0.4;0.0;10;0;0;12.1;10.3;No recurring injuries;Below Average;3.0;13;0.0;0;0;0;0;0;0;0;0;0;0;1.8;1.2
Bundesliga;Borussia Dortmund;Romano Schmid;AM (C);AM (RL);M (C), AM (RLC);26;"5'6""";£30.5K - £47K p/w;£10M - £12M;Reasonable;Very Strong;7.00;1;1170;4;292.5;0.3;3.17;3.17;0.83;0.2;12%;0.0960606060606061;2.5;0.9;0.9;36%;0;0;0;4;0.3;5.29;0.4;88%;47.7;0.5;1.7;2.9;1.8;0.2;13;1.3;0.2;12;1.4;13;4;15.8;8.1;1.2;1.2;5.4;68;22;0;0.0;0.4;0.0;7;0;0;12.2;12.8;No recurring injuries;Below Average;2.4;32;0.0;0;0;0;0;0;0;0;0;0;0;2.0;0.9
Serie A;AS Roma;Matías Soulé;AM (C);M (R);M (R), AM (RC);23;"6'0""";£115K - £130K p/w;£53M - £77M;Very Strong;Reasonable;6.89;0;1470;5;294;0.3;4.81;4.81;0.19;0.3;10%;0.100208333333333;2.9;1.5;1.5;50%;3;0;0;2;0.1;1.39;0.1;88%;46.2;0.2;1.8;3.2;1.9;0.3;16;0.8;0.2;23;1.7;14;3;12.0;9.6;0.5;2.0;5.7;67;12;0;0.3;0.2;0.1;16;2;0;12.7;14.1;No recurring injuries;Low;3.0;10;0.1;0;0;0;0;0;0;0;0;0;0;1.5;1.1
First Division;A. Bilbao;Iñaki Williams;ST (C);M (RL), AM (C);M (RL), AM (RLC), ST (C);32;"6'1""";£145K - £210K p/w;Not for Sale;Reasonable;Very Strong;6.78;0;1239;4;309.75;0.3;4.78;4.78;-0.78;0.3;12%;0.140588235294118;2.5;0.9;0.8;38%;1;0;0;0;0.0;2.06;0.1;87%;35.2;0.6;1.5;1.6;1.2;0.3;25;1.2;0.3;25;1.2;22;6;12.8;3.1;0.3;0.9;3.8;100;4;0;0.1;0.1;0.1;12;1;0;10.9;8.3;No recurring injuries;Below Average;5.8;25;0.1;0;0;0;0;0;0;0;0;0;0;1.4;1.3
Serie A;Bergamo;Charles De Ketelaere;AM (C);AM (R);AM (RC), ST (C);25;"6'4""";£89K - £105K p/w;£52M;Very Strong;Reasonable;6.78;2;1264;4;316;0.3;2.39;2.39;1.61;0.2;15%;0.0919230769230769;1.9;0.6;0.4;35%;0;0;0;3;0.2;2.2;0.2;87%;46.4;0.1;2.0;4.0;1.1;0.3;25;0.7;0.2;30;1.2;17;1;14.2;9.0;0.6;2.1;6.6;64;14;0;0.0;0.4;0.0;5;0;0;11.3;12.1;No recurring injuries;Very Low;3.3;43;0.2;0;0;0;0;0;0;0;0;0;0;1.3;1.2
Premier League;Chelsea;Geovany Quenda;M (R);;M/AM (RL);19;"5'10""";£57K - £77K p/w;£133M - £161M;Very Strong;Weak;7.07;1;1278;4;319.5;0.3;2.77;2.77;1.23;0.2;14%;0.0989285714285714;2.0;1.1;0.8;57%;1;0;0;4;0.3;4.15;0.3;91%;67.1;1.1;3.1;7.6;8.5;2.3;27;4.8;1.6;34;4.1;21;12;16.2;8.3;2.0;2.2;13.6;90;31;0;0.4;1.1;0.1;16;0;0;12.7;18.2;No recurring injuries;Low;3.1;23;0.0;0;0;0;0;0;0;0;0;0;0;1.8;0.5
Ligue 1 McDonald's;RC Lens;Florian Thauvin;AM (RC);M (R);M (R), AM (RC), ST (C);33;"5'11""";£35K - £54K p/w;Not for Sale;Very Strong;Reasonable;6.91;1;1607;5;321.4;0.3;3.79;3.79;1.21;0.2;11%;0.0861363636363636;2.5;1.1;1.2;43%;1;0;0;2;0.1;3.4;0.2;87%;52.6;0.3;2.2;4.8;4.2;0.8;18;2.6;0.6;22;3.1;25;14;17.4;3.8;1.5;2.0;8.2;76;34;1;0.2;0.6;0.0;20;0;0;11.9;14.9;No recurring injuries;Below Average;2.9;35;0.1;0;0;1;0;0;0;0;0;0;0;0.9;0.8
Eredivisie;PSV;Ismael Saibari;AM (C);ST (C);M (C), AM (RLC), ST (C);25;"6'1""";£32K - £48K p/w;£29M - £39M;Fairly Strong;Very Strong;7.21;0;1303;4;325.75;0.3;2.32;2.32;1.68;0.2;18%;0.105454545454545;1.5;0.9;0.4;59%;1;0;0;5;0.3;3.59;0.2;90%;49.6;0.5;2.5;5.3;3.9;0.8;19;3.8;0.8;20;3.0;28;1;16.0;5.3;1.7;2.2;9.9;68;37;0;0.2;0.4;0.1;6;0;0;12.1;14.7;No recurring injuries;High;3.4;41;0.2;0;0;0;0;0;0;0;0;0;0;1.5;1.0
Serie A;Como;Assane Diao;AM (R);ST (C);AM (RL), ST (C);21;"6'1""";£13.75K - £17.25K p/w;£84M - £103M;Reasonable;Very Strong;6.94;0;1003;3;334.333333333333;0.3;2.58;2.58;0.42;0.2;12%;0.0992307692307692;2.3;0.9;0.6;38%;0;0;0;2;0.2;1.14;0.1;88%;42.2;0.2;1.7;2.6;2.7;0.2;6;2.7;0.2;7;2.6;14;8;14.9;3.1;1.4;1.0;7.8;100;16;0;0.2;0.4;0.0;12;2;0;10.5;13.6;No recurring injuries;Very Low;2.8;32;0.0;0;0;0;0;0;0;0;0;0;0;1.0;1.3
First Division;Real Hispalis;Ez Abde;AM (L);M (RL), ST (C);M/AM (RL), ST (C);24;"5'10""";£56K - £63K p/w;£40M - £57M;Fairly Strong;Very Strong;7.05;1;1338;4;334.5;0.3;3.49;3.49;0.51;0.2;14%;0.124642857142857;1.9;0.9;0.5;50%;0;0;0;4;0.3;1.82;0.1;90%;48.8;0.3;1.9;4.0;3.4;0.6;18;3.4;0.6;18;4.3;11;6;13.1;5.5;1.3;2.5;9.3;95;21;0;0.5;0.4;0.0;20;1;0;12.1;13.9;No recurring injuries;Below Average;2.5;24;0.0;0;0;0;0;0;0;0;0;0;0;2.0;1.1
First Division;Girona;Viktor Tsygankov;AM (R);M (L), AM (LC);M (RL), AM (RLC);29;"5'10""";£41K - £46.5K p/w;£51M - £73M;Very Strong;Fairly Strong;6.90;1;1004;3;334.666666666667;0.3;2.44;2.44;0.56;0.2;18%;0.143529411764706;1.5;0.6;0.4;41%;0;0;0;0;0.0;2.55;0.2;89%;49.7;0.3;2.3;4.9;7.5;1.1;14;3.1;0.7;23;3.8;8;1;16.3;4.8;1.2;2.6;10.7;72;18;0;0.5;0.3;0.1;15;0;0;12.5;16.0;No recurring injuries;High;2.8;45;0.1;0;0;0;0;0;0;0;0;0;0;1.9;1.3
First Division;Villarreal;Ilias Akhomach;AM (R);M (R), AM (LC), ST (C);M (R), AM (RLC), ST (C);22;"5'9""";£35.5K - £52K p/w;£59M - £77M;Very Strong;Reasonable;7.12;1;1042;3;347.333333333333;0.3;2.5;2.5;0.5;0.2;13%;0.104166666666667;2.1;0.8;0.8;38%;1;0;0;4;0.3;2.08;0.2;90%;46.4;0.3;2.7;5.4;3.1;0.5;16;2.5;0.5;21;4.3;9;7;16.7;4.1;1.5;2.1;9.5;77;22;1;0.3;0.3;0.1;16;1;0;11.3;13.2;No recurring injuries;Below Average;2.2;27;0.0;0;0;0;0;0;0;0;0;0;0;1.6;1.3
Premier League;Man Utd;Amad;AM (R);;WB/M (R), AM (RC);24;"5'8""";£125K p/w;£51M - £69M;Very Strong;Weak;6.83;0;1045;3;348.333333333333;0.3;2.87;2.87;0.13;0.2;14%;0.136666666666667;1.8;1.0;0.8;57%;1;0;0;3;0.3;3.03;0.3;87%;47.5;0.8;2.0;4.2;6.9;1.4;20;2.7;0.6;23;2.6;12;8;12.7;6.7;1.3;2.9;11.0;54;28;0;0.3;0.2;0.1;16;1;0;13.6;28.1;No recurring injuries;Below Average;3.1;17;0.2;0;0;1;0;0;0;0;0;0;0;2.4;2.3
Premier League;Chelsea;João Pedro;AM (C);;AM (RLC), ST (C);25;"6'0""";£65K - £90K p/w;£25M - £42M;Weak;Very Strong;6.79;1;1055;3;351.666666666667;0.3;2.96;2.96;0.04;0.3;12%;0.113846153846154;2.2;0.7;0.9;31%;0;0;0;1;0.1;1.54;0.1;87%;34.3;0.5;1.7;2.2;0.5;0.3;66;0.5;0.3;67;1.9;10;6;11.3;1.5;0.2;0.4;2.4;67;3;0;0.0;0.1;0.0;7;1;0;11.3;6.8;No recurring injuries;Below Average;3.8;11;0.1;0;0;0;0;0;0;0;0;0;0;2.0;0.9
Ligue 1 McDonald's;OL;Pavel Šulc;AM (C);AM (L), ST (C);AM (LC), ST (C);25;"5'9""";£22.5K - £25.5K p/w;£8.2M - £12.5M;Fairly Strong;Very Strong;6.92;1;1069;3;356.333333333333;0.3;4.47;4.47;-1.47;0.4;8%;0.124166666666667;3.0;0.6;1.3;19%;1;1;100;3;0.3;2.16;0.2;88%;45.1;0.1;1.3;2.0;0.8;0.4;50;0.8;0.4;50;1.6;4;3;17.6;9.7;0.8;1.9;4.0;69;13;0;0.3;0.2;0.0;5;1;0;13.2;10.8;No recurring injuries;Below Average;2.3;30;0.0;0;0;0;0;0;0;0;0;0;0;1.3;1.0
Premier League;Sporting CP;Pote;AM (LC);M (C), AM (R), ST (C);M (C), AM (RLC), ST (C);28;"5'8""";£62K - £88K p/w;£69M - £84M;Fairly Strong;Very Strong;7.01;1;1076;3;358.666666666667;0.3;5.66;5.66;-2.66;0.5;7%;0.12304347826087;3.8;1.5;1.3;39%;1;0;0;6;0.5;3.24;0.3;88%;44.9;0.4;2.0;3.4;6.6;1.3;18;1.1;0.3;31;1.0;9;2;11.7;13.6;1.0;1.4;4.8;75;16;0;0.2;0.3;0.0;6;1;0;11.9;10.9;No recurring injuries;Above Average;2.7;22;0.1;0;0;0;0;0;0;0;0;0;0;2.0;0.6
Sky Bet Championship;Leeds;Noah Okafor;AM (L);AM (R);AM (RL), ST (C);26;"6'1""";£55K - £81K p/w;£22M - £36M;Fairly Strong;Very Strong;7.01;2;1093;3;364.333333333333;0.2;3.88;3.88;-0.88;0.3;7%;0.0946341463414634;3.4;1.4;1.2;41%;1;0;0;2;0.2;2.61;0.2;87%;53.0;0.5;2.2;5.5;3.1;1.4;44;3.1;1.4;45;2.7;14;4;13.2;5.6;1.6;1.7;9.9;83;24;0;0.0;0.7;0.0;3;0;0;12.3;14.7;Recurring moderate thigh strain and partially torn hamstring;Very High;3.2;44;0.1;0;0;0;0;0;0;0;0;0;0;2.1;0.8
First Division;A. Bilbao;Álex Berenguer;AM (L);D/WB (L), M/AM (R);D/WB (L), M/AM (RL);31;"5'9""";£43.5K - £68K p/w;Not for Sale;Fairly Strong;Very Strong;7.03;1;1507;4;376.75;0.2;3.88;3.88;0.12;0.2;12%;0.114117647058824;2.0;0.7;0.8;35%;0;0;0;2;0.1;3.33;0.2;90%;51.8;0.6;2.3;5.9;6.5;1.5;22;2.2;0.7;32;3.4;20;9;13.6;6.7;1.7;2.6;9.9;76;38;1;0.3;0.8;0.1;17;4;0;11.7;16.1;No recurring injuries;Below Average;2.6;18;0.0;0;0;0;0;0;0;0;0;0;0;2.0;1.0
First Division;Real San Sebastián;Brais Méndez;AM (C);M (C);M (C), AM (RC);29;"6'2""";£53K - £60K p/w;£52M;Very Strong;Reasonable;7.00;1;1510;4;377.5;0.2;4.03;4.03;-0.03;0.2;9%;0.0937209302325581;2.6;1.1;1.1;44%;4;0;0;4;0.2;3.09;0.2;89%;50.9;0.6;1.7;3.1;7.0;1.1;16;2.0;0.4;18;2.0;9;9;14.1;11.7;0.9;1.4;8.5;56;27;1;0.2;0.2;0.0;12;0;0;12.2;14.3;No recurring injuries;Below Average;3.9;27;0.1;0;0;0;0;0;0;0;0;0;0;1.5;0.8
Premier League;West Ham;Jarrod Bowen;ST (C);M (RL);M/AM (RL), ST (C);29;"5'9""";£120K - £135K p/w;£41M - £60M;Very Strong;Reasonable;6.89;0;1522;4;380.5;0.2;2.9;2.9;1.1;0.2;13%;0.090625;1.9;1.1;1.0;56%;0;0;0;3;0.2;3.07;0.2;87%;43.7;0.4;1.7;3.7;5.1;0.7;13;2.7;0.5;20;4.4;39;7;15.4;7.7;2.1;2.3;14.3;69;51;0;0.3;0.8;0.2;17;1;0;13.9;19.0;No recurring injuries;Low;3.7;19;0.0;0;0;0;0;0;0;0;0;0;0;1.3;0.9
Bundesliga;TSG Hoffenheim;Andrej Kramarić;AM (C);AM (RL);M (C), AM (RLC), ST (C);35;"5'10""";£52K - £76K p/w;£30K - £325K;Fairly Strong;Very Strong;6.57;0;1174;3;391.333333333333;0.2;0.93;0.93;2.07;0.1;19%;0.058125;1.2;0.4;0.7;31%;1;1;100;1;0.1;2.64;0.2;83%;1.8;0.2;0.1;0.1;0.7;0.0;0;0.0;0.0;0;0.0;6;0;12.5;10.1;0.0;0.1;0.4;0;1;0;0.0;0.1;0.0;2;2;1;0.5;0.3;No recurring injuries;Above Average;0.0;0;0.0;0;0;0;0;0;0;0;0;0;0;1.6;0.9
Premier League;BRG;Ricardo Horta;AM (C);ST (C);AM (RLC), ST (C);32;"5'8""";£24.5K - £42K p/w;Not for Sale;Fairly Strong;Very Strong;7.21;4;1582;4;395.5;0.2;4.82;4.82;-0.82;0.3;9%;0.112093023255814;2.4;0.9;0.6;37%;2;1;100;1;0.1;1.29;0.1;89%;49.2;0.1;2.4;4.2;3.4;1.0;28;3.0;1.0;33;3.0;23;7;15.4;6.7;1.8;1.9;10.1;79;39;2;0.2;0.6;0.0;19;0;0;12.4;16.1;No recurring injuries;Below Average;2.6;20;0.1;0;0;0;0;0;0;0;0;0;0;1.1;0.7
Premier League;Man Utd;Noussair Mazraoui;D (R);D (LC), WB (R);D (RLC), WB (R);29;"6'0""";£120K p/w;£36M - £43M;Reasonable;Very Strong;6.94;0;1304;3;434.666666666667;0.2;0.82;0.82;2.18;0.1;17%;0.0455555555555556;1.2;0.6;1.0;44%;3;0;0;5;0.3;2.25;0.2;88%;54.7;0.3;2.1;8.7;5.7;0.8;14;5.7;0.8;15;1.7;10;1;13.5;10.1;1.9;2.9;9.0;93;29;0;0.6;0.9;0.3;6;1;0;13.6;30.5;No recurring injuries;High;4.0;43;0.2;0;0;1;0;0;0;0;0;0;0;2.8;2.4
Premier League;Man Utd;Kobbie Mainoo;M (C);AM (C);DM, M/AM (C);21;"6'0""";£61K p/w;£59M - £79M;Fairly Strong;Very Strong;6.98;0;1317;3;439;0.2;2.13;2.13;0.87;0.1;9%;0.0665625;2.2;0.8;1.5;34%;2;0;0;0;0.0;1.95;0.1;89%;70.6;0.2;2.5;8.7;0.8;0.4;54;0.8;0.4;55;0.3;3;1;8.5;8.1;1.5;3.1;8.4;79;28;0;0.5;0.9;0.5;5;0;0;12.7;22.6;No recurring injuries;Low;2.5;49;0.0;0;0;0;0;0;0;0;0;0;0;2.6;2.5
Premier League;Crystal Palace;Christantus Uche;AM (C);;M/AM (C), ST (C);23;"6'3""";£44K - £60K p/w;£29M - £39M;Reasonable;Very Strong;6.73;1;1342;3;447.333333333333;0.2;2.81;2.81;0.19;0.2;15%;0.1405;1.3;0.7;0.5;50%;0;0;0;1;0.1;1.95;0.1;91%;52.0;0.2;1.5;2.3;0.9;0.2;23;0.9;0.2;23;1.5;11;3;8.9;3.9;1.0;2.0;6.0;75;20;0;0.3;0.6;0.2;10;0;1;12.9;9.5;No recurring injuries;Below Average;3.6;30;0.1;0;0;0;0;0;0;0;0;0;0;0.9;1.3
Premier League;Spurs;Lucas Bergvall;M (C);DM;DM, M/AM (C);20;"6'1""";£56K - £64K p/w;£67M - £82M;Weak;Very Strong;7.16;3;1403;3;467.666666666667;0.2;1.72;1.72;1.28;0.1;11%;0.0614285714285714;1.8;0.9;1.2;50%;2;0;0;4;0.3;3.82;0.2;91%;74.8;0.4;2.2;7.2;7.9;1.5;19;0.9;0.3;36;1.2;6;1;12.1;9.2;1.6;2.9;10.0;61;41;1;0.6;0.2;0.4;20;6;0;13.2;21.8;No recurring injuries;Below Average;2.7;48;0.1;0;0;0;0;0;0;0;0;0;0;1.9;0.6
Premier League;Ipswich;Tomáš Souček;DM, M (C);;DM, M (C);31;"6'4""";£62K - £82K p/w;Not for Sale;Reasonable;Very Strong;6.85;0;1477;3;492.333333333333;0.2;1.25;1.25;1.75;0.1;10%;0.0416666666666667;1.8;0.9;1.4;47%;1;0;0;0;0.0;1.06;0.1;88%;47.0;0.0;0.9;4.4;0.1;0.0;0;0.1;0.0;0;0.2;3;2;6.0;6.8;1.3;2.2;3.6;72;29;7;0.9;1.4;0.7;7;0;0;12.3;16.3;No recurring injuries;Above Average;3.9;64;0.9;0;0;1;0;0;0;0;0;0;0;0.8;1.8
Premier League;Nott'm Forest;Elliot Anderson;DM;AM (LC);DM, M (C), AM (LC);24;"5'10""";£165K - £185K p/w;£113M;Fairly Strong;Very Strong;6.95;0;1522;3;507.333333333333;0.2;2;2;1;0.1;8%;0.0526315789473684;2.2;0.8;1.8;37%;1;0;0;1;0.1;1.26;0.1;92%;70.6;0.1;1.1;6.4;1.4;0.1;4;0.5;0.1;11;0.6;4;0;8.1;7.5;1.4;2.8;8.4;73;33;1;0.4;1.3;0.2;11;1;0;13.6;20.0;No recurring injuries;Below Average;1.6;26;0.1;0;0;0;0;0;0;0;0;0;0;1.2;1.1
First Division;Villarreal;Nicolas Pépé;AM (R);AM (L);AM (RL);31;"6'0""";£43K - £64K p/w;£16M - £25M;Very Strong;Weak;6.91;0;1018;2;509;0.2;1.33;1.33;0.67;0.1;13%;0.0886666666666667;1.3;0.5;0.5;40%;1;0;0;1;0.1;0.95;0.1;87%;48.6;0.1;2.1;3.7;4.2;1.2;29;3.1;1.1;37;4.5;19;4;22.8;5.6;1.5;3.0;9.5;85;20;0;0.4;1.0;0.0;13;1;0;12.0;13.8;No recurring injuries;Above Average;2.3;38;0.0;0;0;0;0;0;0;0;0;0;0;1.3;1.7
Serie A;Celesti;Gustav Isaksen;AM (R);;M/AM (R);25;"5'10""";£57K - £65K p/w;£26M - £38M;Very Strong;Reasonable;7.01;2;1533;3;511;0.2;3.61;3.61;-0.61;0.2;9%;0.106176470588235;2.0;0.6;0.8;32%;3;0;0;1;0.1;1.75;0.1;90%;45.7;0.1;1.9;4.1;2.8;0.4;14;2.7;0.4;15;3.8;26;10;15.9;5.3;2.1;2.5;11.1;83;42;1;0.1;0.6;0.0;34;4;0;12.1;14.7;No recurring injuries;Very Low;3.6;34;0.1;0;0;0;0;0;0;0;0;0;0;1.4;1.2
Bundesliga;RB Leipzig;Christoph Baumgartner;AM (C);AM (RL);M (C), AM (RLC);27;"5'11""";£57K - £89K p/w;£11M - £14.5M;Reasonable;Very Strong;6.62;0;1539;3;513;0.2;4.71;3.94;-1.71;0.3;9%;0.1471875;1.9;0.9;0.6;47%;1;1;100;4;0.2;3.37;0.2;92%;15.1;0.5;0.4;1.1;0.4;0.0;0;0.1;0.0;0;0.1;14;2;12.0;10.3;0.1;0.1;0.8;50;2;0;0.0;0.0;0.0;5;3;0;2.6;1.8;No recurring injuries;Below Average;0.4;43;0.0;0;0;0;0;0;0;0;0;0;0;1.6;1.0
First Division;A. Madrid;Giuliano Simeone;AM (R);WB (R), ST (C);WB/M (R), AM (RL), ST (C);23;"5'11""";£45K - £61K p/w;£76M - £92M;Reasonable;Very Strong;6.90;0;1558;3;519.333333333333;0.2;3.04;3.04;-0.04;0.2;13%;0.126666666666667;1.4;0.8;0.6;58%;0;0;0;2;0.1;1.36;0.1;84%;50.8;0.1;1.6;4.9;4.3;0.8;18;4.3;0.8;19;3.4;17;10;15.8;7.0;2.1;2.1;10.3;76;49;1;0.5;0.5;0.1;27;3;0;12.5;18.9;No recurring injuries;Below Average;3.5;50;0.1;0;0;0;0;0;0;0;0;0;0;1.8;0.9
Premier League;Benfica;Fredrik Aursnes;M (RC);;M (RC), AM (R);30;"5'10""";£46.5K - £67K p/w;£22M - £35M;Reasonable;Very Strong;6.67;0;1572;3;524;0.2;1.9;1.9;1.1;0.1;11%;0.0678571428571429;1.6;0.7;1.1;43%;0;0;0;1;0.1;3.57;0.2;89%;23.0;0.5;0.7;2.0;1.3;0.2;18;0.1;0.1;50;0.2;7;0;8.9;10.8;0.2;0.7;1.3;40;10;0;0.2;0.2;0.2;5;2;0;4.8;5.0;No recurring injuries;Very Low;0.5;67;0.1;0;0;0;0;0;0;0;0;0;0;1.7;0.9
Premier League;Nott'm Forest;Dan Ndoye;AM (R);WB/M (R), AM (L);WB/M (R), AM (RL);26;"6'0""";£87K - £98K p/w;£17.5M - £28M;Weak;Very Strong;6.64;0;1596;3;532;0.2;2.95;2.95;0.05;0.2;9%;0.0921875;1.8;1.0;0.8;56%;0;0;0;2;0.1;2.95;0.2;89%;53.5;0.4;1.6;2.9;4.8;0.6;11;4.8;0.6;12;6.3;50;16;17.0;3.6;0.3;0.8;4.1;67;9;0;0.2;0.2;0.1;22;0;0;12.9;11.5;No recurring injuries;Below Average;4.8;37;0.1;0;0;0;0;0;0;0;0;0;0;1.4;1.1
First Division;Real Hispalis;Antony;AM (R);;M/AM (R);26;"5'8""";£58K - £84K p/w;£40M - £63M;Very Strong;Weak;7.08;0;1600;3;533.333333333333;0.2;4.54;4.54;-1.54;0.3;8%;0.116410256410256;2.2;0.7;0.4;33%;0;1;100;2;0.1;3.34;0.2;88%;56.8;0.2;1.9;3.9;4.1;1.1;27;4.1;1.1;27;3.6;18;10;12.8;7.1;1.7;2.1;10.3;75;40;0;0.3;0.5;0.0;19;1;0;13.0;19.2;No recurring injuries;Below Average;2.9;43;0.1;0;0;0;0;0;0;0;0;0;0;1.9;0.8
Serie A;Casciavit;Pervis Estupiñán;D (L);M (L);D/WB/M (L);28;"5'9""";£77K - £89K p/w;£15.5M - £23M;Very Strong;Weak;7.08;2;1092;2;546;0.2;0.51;0.51;1.49;0.0;100%;0.255;0.2;0.2;0.0;100%;0;0;0;4;0.3;1.74;0.1;87%;57.9;0.3;2.5;5.8;7.5;1.2;16;7.5;1.2;16;3.4;10;0;20.7;9.3;2.2;4.1;11.5;73;37;2;0.6;0.9;0.2;19;2;0;12.3;27.4;No recurring injuries;Very Low;2.5;57;0.0;0;0;1;0;0;0;0;0;0;0;2.0;1.1
Ligue 1 McDonald's;Paris SG;Warren Zaïre-Emery;M (C);D/WB (R);D/WB (R), DM, M (C);20;"5'10""";£145K - £185K p/w;£213M - £255M;Fairly Strong;Very Strong;6.78;0;1665;3;555;0.2;4.15;4.15;-1.15;0.2;9%;0.125757575757576;1.8;0.5;0.8;27%;2;0;0;5;0.3;4.67;0.3;90%;26.3;0.4;1.0;2.5;0.5;0.2;44;0.5;0.2;44;0.3;13;2;9.9;11.8;0.6;0.6;2.9;75;16;0;0.1;0.2;0.1;4;0;0;4.9;7.1;No recurring injuries;Low;0.8;64;0.0;0;0;0;0;0;0;0;0;0;0;2.2;0.4
Premier League;Fulham;Alex Iwobi;M (C);AM (R);M (C), AM (RLC);30;"5'11""";£90K - £100K p/w;£34M;Weak;Very Strong;6.88;0;1134;2;567;0.2;3.53;3.53;-1.53;0.3;6%;0.100857142857143;2.8;1.4;1.0;51%;1;0;0;3;0.2;3.3;0.3;88%;59.8;0.8;2.1;7.0;5.2;1.0;19;5.0;1.0;21;3.6;14;4;14.0;8.2;2.4;3.0;11.9;77;39;3;0.5;0.6;0.3;11;1;0;13.5;20.4;No recurring injuries;Below Average;3.7;52;0.1;0;0;0;0;0;0;0;0;0;0;1.3;1.8
Serie A;Sassuolo;Domenico Berardi;AM (R);;AM (R);32;"6'0""";£59K - £98K p/w;Not for Sale;Very Strong;Reasonable;7.09;3;1163;2;581.5;0.2;3.09;3.09;-1.09;0.2;7%;0.103;2.3;1.1;0.6;47%;0;1;100;3;0.2;1.94;0.2;90%;48.3;0.3;2.0;4.4;2.6;0.6;23;2.6;0.6;24;3.5;13;5;11.9;5.0;1.2;2.3;8.4;71;21;1;0.2;0.5;0.0;17;2;0;9.9;13.7;No recurring injuries;Very Low;1.7;18;0.1;0;0;0;0;0;0;0;0;0;0;0.8;1.2
Bundesliga;VfL Wolfsburg;Christian Eriksen;AM (C);DM, AM (RL);DM, M (C), AM (RLC);34;"5'10""";£30.5K - £47.5K p/w;Not for Sale;Strong;Very Strong;6.92;0;1185;2;592.5;0.2;2.15;2.15;-0.15;0.2;7%;0.0796296296296296;2.1;0.8;0.8;37%;2;0;0;0;0.0;1.88;0.1;88%;48.0;0.6;2.2;4.6;4.9;0.9;18;1.1;0.3;27;0.9;9;4;16.7;12.2;0.8;1.4;5.2;83;12;1;0.1;0.4;0.0;5;0;0;11.5;10.1;No recurring injuries;Low;1.8;21;0.0;0;0;0;0;0;0;0;0;0;0;0.8;1.7
Ligue 1 McDonald's;AS Monaco;Lamine Camara;DM;;DM, M (C);22;"5'8""";£13.5K - £15.75K p/w;£16.5M - £21M;Reasonable;Very Strong;6.61;0;1195;2;597.5;0.2;0.47;0.47;1.53;0.0;29%;0.0671428571428571;0.5;0.2;0.4;43%;0;0;0;2;0.2;1.9;0.1;89%;7.8;0.5;0.4;0.8;0.5;0.2;28;0.4;0.2;40;0.3;8;1;14.2;11.1;0.2;0.5;1.4;40;5;0;0.0;0.0;0.0;6;3;0;2.3;3.1;No recurring injuries;Below Average;0.4;20;0.0;0;0;0;0;0;0;0;0;0;0;1.5;0.8
Premier League;Everton;Iliman N'Diaye;AM (L);M (RL), AM (R), ST (C);M (RL), AM (RLC), ST (C);26;"5'9""";£105K - £140K p/w;£37M - £49M;Fairly Strong;Very Strong;6.61;0;1322;2;661;0.1;1.64;1.64;0.36;0.1;8%;0.0656;1.7;0.9;1.1;52%;1;0;0;0;0.0;1.82;0.1;85%;38.1;0.3;1.4;5.7;3.2;1.0;31;3.2;1.0;32;4.2;25;1;12.9;8.8;2.0;3.1;15.7;63;46;0;0.3;1.2;0.1;10;1;0;13.7;20.5;No recurring injuries;Below Average;3.7;22;0.0;0;0;1;0;0;0;0;0;0;0;1.8;1.6
Premier League;Sporting CP;Morten Hjulmand;DM;;DM, M (C);27;"6'1""";£57K - £76K p/w;£60M;Reasonable;Very Strong;7.29;2;1335;2;667.5;0.1;1.05;1.05;0.95;0.1;20%;0.105;0.7;0.3;0.1;40%;0;0;0;3;0.2;2.61;0.2;92%;69.1;0.2;0.7;8.4;0.1;0.0;0;0.1;0.0;0;0.2;8;0;3.7;15.2;0.9;2.8;6.4;74;19;0;0.5;0.7;0.4;16;6;0;12.2;12.5;No recurring injuries;Below Average;2.7;55;0.2;0;0;0;0;0;0;0;0;0;0;2.0;0.7
Premier League;Spurs;Pape Matar Sarr;M (C);AM (C);DM, M/AM (C);24;"6'0""";£91K - £105K p/w;£60M - £77M;Reasonable;Very Strong;6.90;0;1343;2;671.5;0.1;1.05;1.05;0.95;0.1;7%;0.035;2.0;0.9;1.8;43%;1;0;0;0;0.0;0.66;0.0;90%;66.7;0.1;1.3;7.9;0.1;0.1;50;0.1;0.1;50;0.3;1;0;6.8;9.2;1.6;3.0;7.7;65;37;0;0.4;0.6;0.2;6;2;0;12.6;15.2;No recurring injuries;Above Average;2.8;64;0.3;0;0;1;0;0;0;0;0;0;0;1.7;0.7
Premier League;Aston Villa;Ian Maatsen;WB (L);;D/WB (L);24;"5'10""";£79K - £92K p/w;£48M - £69M;Very Strong;Reasonable;6.61;0;1383;2;691.5;0.1;1.27;1.27;0.73;0.1;15%;0.0976923076923077;0.8;0.3;0.7;31%;1;0;0;0;0.0;0.55;0.0;92%;65.1;0.1;0.7;7.0;1.6;0.2;12;0.8;0.1;15;0.8;3;1;7.7;9.2;1.2;3.3;7.2;72;25;0;0.3;0.6;0.1;24;2;0;12.7;18.4;No recurring injuries;Below Average;2.5;37;0.1;0;0;0;0;0;0;0;0;0;0;1.6;1.4
Serie A;Parthenope;Matteo Politano;AM (R);M (R), AM (LC);M (R), AM (RLC);33;"5'7""";£93K - £110K p/w;£4.9M - £7.2M;Very Strong;Reasonable;6.90;0;1411;2;705.5;0.1;3.16;3.16;-1.16;0.2;6%;0.09875;2.0;0.6;0.8;28%;1;0;0;1;0.1;2.52;0.2;90%;53.7;0.3;2.5;4.7;11.2;2.4;21;3.7;0.8;21;2.7;14;12;24.7;4.7;1.7;2.4;11.8;79;33;0;0.4;0.3;0.0;14;0;0;11.4;17.0;No recurring injuries;Very Low;3.1;13;0.0;0;0;0;0;0;0;0;0;0;0;1.2;1.0
Premier League;Wolves;Ladislav Krejčí;D (C);DM;D (C), DM;27;"6'3""";£95K - £130K p/w;£23M - £30M;Very Strong;Reasonable;6.71;0;1419;2;709.5;0.1;1.91;0.37;0.09;0.1;29%;0.272857142857143;0.4;0.3;0.2;71%;0;2;0;0;0.0;0.07;0.0;90%;52.3;0.0;0.1;4.4;0.1;0.1;50;0.0;0.0;0;0.1;1;0;5.8;9.3;0.6;2.5;1.7;53;17;0;0.8;1.3;0.7;5;1;0;10.6;7.7;No recurring injuries;Average;5.8;76;1.3;0;0;0;0;0;0;0;0;0;0;1.0;1.8
Serie A;Parthenope;André-Franck Zambo Anguissa;M (C);DM;DM, M (C);31;"6'0""";£87K - £140K p/w;Not for Sale;Reasonable;Very Strong;7.07;2;1479;2;739.5;0.1;1.54;1.54;0.46;0.1;14%;0.11;0.9;0.2;0.3;21%;1;0;0;2;0.1;1.13;0.1;92%;68.3;0.0;1.3;8.3;0.4;0.1;28;0.4;0.1;29;0.1;6;0;5.6;14.5;0.9;2.3;5.9;68;22;0;0.3;0.9;0.1;12;2;1;11.8;12.0;No recurring injuries;Very Low;1.5;58;0.1;0;0;0;0;0;0;0;0;0;0;1.3;0.9
Premier League;Chelsea;Moisés Caicedo;DM;;DM, M (C);25;"5'10""";£135K - £155K p/w;£71M - £106M;Weak;Very Strong;6.87;0;1528;2;764;0.1;1.96;1.96;0.04;0.1;6%;0.06125;1.9;0.7;1.2;38%;1;0;0;0;0.0;1.52;0.1;91%;54.2;0.2;1.3;3.5;0.5;0.2;37;0.5;0.2;38;0.5;5;1;5.9;7.4;1.7;2.9;7.7;74;39;0;0.2;0.6;0.2;10;1;0;12.5;14.5;No recurring injuries;Below Average;1.6;29;0.1;0;0;0;0;0;0;0;0;0;0;1.8;0.8
Premier League;West Ham;Franck Kessié;M (C);;DM, M (C);29;"6'0""";£135K - £185K p/w;£26M - £41M;Reasonable;Very Strong;6.92;1;1530;2;765;0.1;2.41;1.64;-0.41;0.1;6%;0.0753125;1.9;0.5;1.5;28%;1;1;100;1;0.1;1.27;0.1;92%;55.5;0.2;1.0;4.2;0.8;0.3;35;0.8;0.3;36;0.3;6;0;6.6;9.7;1.6;3.6;9.2;74;38;5;0.7;0.9;0.4;17;2;0;13.1;15.5;No recurring injuries;Below Average;2.2;47;0.1;0;0;0;0;0;0;0;0;0;0;1.3;0.9
Serie A;Casciavit;Alexis Saelemaekers;M (R);AM (L);WB/M (R), AM (RL);27;"5'11""";£70K - £82K p/w;£38M - £47M;Fairly Strong;Very Strong;7.21;1;1708;2;854;0.1;1.32;1.32;0.68;0.1;15%;0.101538461538462;0.7;0.3;0.3;46%;0;0;0;5;0.3;4.05;0.2;89%;53.5;0.1;2.8;6.6;9.6;1.6;16;6.8;1.1;16;2.7;21;3;17.5;11.1;2.7;3.2;9.2;78;65;4;0.5;0.8;0.3;31;2;0;11.9;24.3;No recurring injuries;Very Low;2.2;32;0.1;0;0;0;0;0;0;0;0;0;0;1.8;0.9
Ligue 1 McDonald's;AS Monaco;Eric Dier;D (C);DM;D (C), DM;32;"6'3""";£51K - £86K p/w;Not for Sale;Reasonable;Very Strong;7.21;2;1780;2;890;0.1;1.63;0.86;0.37;0.1;25%;0.20375;0.4;0.3;0.1;63%;0;1;100;0;0.0;1.34;0.1;93%;50.1;0.1;0.3;2.6;0.1;0.1;100;0.1;0.1;100;0.1;7;0;3.6;13.7;0.8;3.1;2.4;71;21;6;0.9;1.2;0.8;9;3;0;9.9;4.0;No recurring injuries;Below Average;7.0;79;1.4;0;0;0;0;0;0;0;0;0;0;1.3;0.9
First Division;A. Bilbao;Mikel Jauregizar;M (C);AM (C);DM, M/AM (C);23;"5'10""";£65K - £98K p/w;£140M;Fairly Strong;Very Strong;7.19;3;1818;2;909;0.1;1.53;1.53;0.47;0.1;5%;0.0392307692307692;1.9;0.7;1.5;36%;2;0;0;5;0.2;2.4;0.1;93%;75.7;0.3;1.1;9.5;0.4;0.2;62;0.4;0.2;63;0.2;12;0;4.8;14.0;0.8;2.8;6.3;74;23;1;0.2;0.6;0.1;10;2;0;12.3;16.5;No recurring injuries;Below Average;1.2;44;0.0;0;0;0;0;0;0;0;0;0;0;1.8;1.3
First Division;A. Bilbao;Dani Vivian;D (C);DM;D (C), DM;27;"6'0""";£40.5K - £67K p/w;£71M - £111M;Reasonable;Very Strong;6.91;1;1868;2;934;0.1;0.73;0.73;1.27;0.0;25%;0.09125;0.4;0.2;0.1;63%;0;0;0;1;0.0;0.89;0.0;93%;53.5;0.1;0.2;2.7;0.0;0.0;0;0.0;0.0;0;0.0;2;1;2.6;16.2;0.3;2.9;2.6;64;11;4;0.8;1.0;0.4;7;2;0;9.7;4.6;No recurring injuries;Below Average;4.2;71;0.4;0;0;1;0;0;0;0;0;0;0;1.8;1.3
Premier League;Crystal Palace;Daniel Muñoz;D/WB (R);;D/WB/M (R);30;"5'11""";£51K - £73K p/w;£16M - £21M;Weak;Very Strong;6.72;0;1073;1;1073;0.1;1.16;1.16;-0.16;0.1;14%;0.165714285714286;0.6;0.4;0.3;71%;0;0;0;2;0.2;0.63;0.1;91%;72.4;0.2;0.5;9.9;1.3;0.3;18;1.3;0.3;20;1.0;6;2;8.6;8.8;1.4;2.8;6.5;89;19;0;0.7;1.4;0.5;18;0;0;12.9;19.4;No recurring injuries;Below Average;3.4;63;0.3;0;0;1;0;0;0;0;0;0;0;0.7;1.2
Premier League;Aston Villa;Amadou Onana;DM;;DM, M (C);25;"6'5""";£145K - £165K p/w;£88M - £125M;Fairly Strong;Very Strong;6.91;1;1094;1;1094;0.1;0.79;0.79;0.21;0.1;8%;0.0607692307692308;1.1;0.6;0.5;54%;0;0;0;1;0.1;1.24;0.1;92%;74.9;0.2;1.4;7.2;0.1;0.0;0;0.1;0.0;0;0.2;3;2;7.4;8.1;2.1;3.0;9.0;78;32;1;0.7;1.2;0.4;14;2;0;13.3;16.9;No recurring injuries;High;3.3;58;0.3;0;0;0;0;0;0;0;0;0;0;1.5;1.6
Bundesliga;Sport-Club Freiburg;Wilfried Gnonto;AM (L);;AM (RLC), ST (C);23;"5'7""";£61K - £69K p/w;£28M - £42M;Reasonable;Very Strong;6.84;1;1099;1;1099;0.1;2.37;2.37;-1.37;0.2;4%;0.09875;2.0;0.7;0.9;33%;0;0;0;1;0.1;1.62;0.1;86%;40.3;0.3;1.8;3.0;3.3;0.7;20;3.3;0.7;20;3.1;17;11;18.0;3.2;1.1;1.3;6.8;67;21;1;0.2;0.4;0.0;18;2;0;12.0;12.4;No recurring injuries;Below Average;3.4;27;0.1;0;0;0;0;0;0;0;0;0;0;1.5;1.1
Serie A;Juventus;Federico Gatti;D (C);;D (C);28;"6'4""";£86K - £100K p/w;£30M - £43M;Reasonable;Very Strong;6.84;0;1130;1;1130;0.1;0.84;0.84;0.16;0.1;8%;0.07;1.0;0.4;0.4;42%;1;0;0;0;0.0;0.35;0.0;95%;52.8;0.2;0.0;2.3;0.0;0.0;0;0.0;0.0;0;0.2;7;0;3.4;17.2;0.6;2.1;3.1;70;10;1;0.3;0.4;0.3;12;5;0;10.0;3.8;No recurring injuries;Very Low;5.9;73;1.4;0;0;0;0;0;0;0;0;0;0;1.5;1.0
Serie A;Bergamo;Raoul Bellanova;WB (R);;D/WB/M (R);26;"6'2""";£53K - £61K p/w;£44M - £63M;Reasonable;Very Strong;7.31;3;1136;1;1136;0.1;1.58;1.58;-0.58;0.1;9%;0.143636363636364;0.9;0.3;0.1;36%;0;0;0;4;0.3;1.98;0.2;86%;46.2;0.5;2.5;4.8;5.5;0.9;15;5.5;0.9;16;2.4;15;0;10.4;10.5;2.7;2.5;10.7;92;37;2;0.4;1.0;0.6;10;0;0;11.6;22.3;No recurring injuries;Very Low;2.4;57;0.2;0;0;0;0;0;0;0;0;0;0;1.3;1.0
First Division;Vallecano;Pathé Ciss;DM;;DM, M (C);32;"6'0""";£25.5K - £43.5K p/w;Not for Sale;Reasonable;Very Strong;6.89;1;1140;1;1140;0.1;0.76;0.76;0.24;0.1;11%;0.0844444444444444;0.7;0.2;0.2;33%;1;0;0;1;0.1;1.81;0.1;88%;60.8;0.2;0.9;8.1;0.1;0.1;100;0.1;0.1;100;0.2;6;0;6.2;13.2;1.0;2.5;5.5;87;15;0;0.5;0.7;0.3;12;4;0;11.8;12.6;No recurring injuries;Low;3.6;47;0.3;0;0;0;0;0;0;0;0;0;0;1.2;1.1
Bundesliga;FC Augsburg;Kristijan Jakić;DM;D (RC);D (RC), DM, M (C);29;"5'11""";£31.5K - £46K p/w;£11M - £14.5M;Weak;Very Strong;7.09;0;1146;1;1146;0.1;1.33;1.33;-0.33;0.1;13%;0.16625;0.6;0.2;0.1;25%;0;0;0;0;0.0;1.61;0.1;93%;58.4;0.0;0.5;4.2;0.4;0.2;40;0.4;0.2;40;0.1;11;0;7.2;10.7;0.9;3.2;6.5;80;15;0;0.4;0.6;0.2;9;3;0;11.9;12.3;No recurring injuries;Above Average;2.8;64;0.2;0;0;0;0;0;0;0;0;0;0;0.9;0.7
Premier League;Benfica;Richard Ríos;M (C);DM;DM, M (C);26;"6'1""";£31K - £52K p/w;£12M - £16M;Fairly Strong;Very Strong;6.61;0;1152;1;1152;0.1;3.07;3.07;-2.07;0.2;3%;0.0959375;2.5;0.9;1.2;34%;0;0;0;3;0.2;2.24;0.2;89%;13.8;0.2;0.3;1.4;0.2;0.0;0;0.1;0.0;0;0.6;6;0;11.2;10.5;0.5;0.9;2.1;78;9;1;0.4;0.2;0.4;5;2;0;3.9;6.7;No recurring injuries;Average;1.5;58;0.2;0;0;0;0;0;0;0;0;0;0;1.5;1.0
Bundesliga;SV Werder Bremen;Marco Grüll;AM (L);AM (RC), ST (C);AM (RLC), ST (C);28;"6'0""";£30.5K - £48K p/w;£6.6M - £8.6M;Reasonable;Very Strong;6.94;1;1153;1;1153;0.1;3.84;3.84;-2.84;0.3;4%;0.16695652173913;1.8;0.8;0.5;43%;0;0;0;2;0.2;2.26;0.2;89%;54.6;0.2;1.5;4.0;6.2;1.5;23;3.9;0.9;22;1.9;18;10;17.0;4.8;2.2;2.0;11.1;80;35;0;0.2;0.2;0.0;26;0;0;12.1;18.4;No recurring injuries;Below Average;3.4;35;0.0;0;0;0;0;0;0;0;0;0;0;0.7;0.9
Bundesliga;FC Bayern München;Aleksandar Pavlović;DM;;DM, M (C);22;"6'2""";£145K - £185K p/w;£96M - £150M;Fairly Strong;Very Strong;7.08;2;1224;1;1224;0.1;0.94;0.94;0.06;0.1;6%;0.0552941176470588;1.2;0.5;0.8;41%;0;0;0;1;0.1;1.79;0.1;91%;64.7;0.3;1.1;8.0;0.3;0.0;0;0.3;0.0;0;0.1;6;1;6.8;12.2;1.5;2.9;6.0;83;24;1;0.5;0.9;0.3;4;0;0;11.9;16.4;No recurring injuries;High;1.6;50;0.1;0;0;0;0;0;0;0;0;0;0;1.8;1.1
Ligue 1 McDonald's;Olympique de Marseille;Timothy Weah;M (R);AM (L);D/WB/M (R), AM (RL);26;"6'0""";£36.5K - £42.5K p/w;£19.5M - £29M;Reasonable;Very Strong;6.81;0;1226;1;1226;0.1;1.45;1.45;-0.45;0.1;7%;0.0966666666666667;1.1;0.8;0.4;73%;0;0;0;1;0.1;1.85;0.1;89%;54.5;0.1;1.0;4.9;4.3;0.8;18;4.3;0.8;19;4.1;22;2;17.7;8.7;2.1;3.5;11.5;85;33;1;0.5;0.7;0.1;13;2;1;12.6;22.4;No recurring injuries;Average;3.2;51;0.1;0;0;1;0;0;0;0;0;0;0;1.1;1.2
Bundesliga;Borussia Dortmund;Marcel Sabitzer;M (C);AM (C);DM, M/AM (C);32;"5'10""";£115K - £170K p/w;£2.6M - £5.4M;Fairly Strong;Very Strong;6.86;0;1254;1;1254;0.1;0.61;0.61;0.39;0.0;8%;0.0508333333333333;0.9;0.4;0.7;42%;1;0;0;2;0.1;1.07;0.1;92%;71.3;0.1;0.7;8.0;1.2;0.2;17;0.3;0.1;25;0.1;6;0;8.5;8.1;1.9;2.3;7.5;82;33;0;0.3;0.5;0.2;18;1;1;12.4;17.2;No recurring injuries;Above Average;1.1;27;0.0;0;0;0;0;0;0;0;0;0;0;1.7;1.1
First Division;A. Madrid;Johnny Cardoso;M (C);AM (C);DM, M/AM (C);25;"6'1""";£50K - £81K p/w;£85M - £106M;Reasonable;Very Strong;6.93;0;1284;1;1284;0.1;0.54;0.54;0.46;0.0;9%;0.0490909090909091;0.8;0.2;0.4;27%;1;0;0;1;0.1;2.34;0.2;93%;66.1;0.1;0.8;6.9;0.2;0.0;0;0.2;0.0;0;0.2;7;0;5.9;12.3;0.5;2.6;6.5;58;12;0;0.3;0.7;0.3;6;0;0;12.3;14.1;No recurring injuries;Average;2.2;59;0.4;0;0;0;0;0;0;0;0;0;0;2.2;0.8
Bundesliga;RB Leipzig;Willi Orbán;D (C);;D (C);34;"6'1""";£56K - £86K p/w;Not for Sale;Fairly Strong;Very Strong;7.13;1;1346;1;1346;0.1;0.4;0.4;0.6;0.0;14%;0.0571428571428571;0.5;0.1;0.2;29%;0;0;0;2;0.1;1.02;0.1;94%;53.6;0.3;0.3;2.5;0.1;0.0;0;0.1;0.0;0;0.0;0;0;3.1;14.2;0.3;2.3;1.9;57;7;1;1.1;1.0;0.9;12;6;0;10.1;5.8;No recurring injuries;Average;7.0;80;1.2;0;0;0;0;0;0;0;0;0;0;1.5;1.1
Serie BKT;Cremonese;Jamie Vardy;ST (C);;ST (C);39;"5'10""";£29.5K - £34K p/w;£120K - £1.2M;Reasonable;Very Strong;5.75;0;1350;1;1350;0.1;4.46;4.46;-3.46;0.3;2%;0.0929166666666667;3.2;1.7;0.0;52%;0;0;0;2;0.1;1.29;0.1;56%;20.0;0.0;0.0;0.0;0.0;0.0;0;0.0;0.0;0;0.0;15;0;0.0;0.0;0.7;0.0;0.0;63;16;0;0.0;0.0;0.0;28;2;1;0.0;0.0;No recurring injuries;Very Low;0.0;0;0.0;0;0;0;0;0;0;0;0;0;0;0.0;0.0
Ligue 1 McDonald's;OL;Moussa Niakhaté;D (C);;D (C);30;"6'3""";£56K - £76K p/w;£8.4M - £13M;Very Strong;Reasonable;7.09;1;1350;1;1350;0.1;0.53;0.53;0.47;0.0;17%;0.0883333333333333;0.4;0.1;0.1;33%;0;0;0;0;0.0;0.81;0.1;93%;54.5;0.3;0.3;2.0;0.1;0.1;100;0.1;0.1;100;0.0;0;0;2.9;18.1;0.7;3.2;2.6;83;12;4;0.8;1.1;1.1;8;5;0;9.8;4.9;No recurring injuries;Low;4.5;79;0.7;0;0;0;0;0;0;0;0;0;0;1.1;1.0
Premier League;Brighton;Pascal Groß;DM;AM (C);DM, M/AM (C);35;"5'11""";£115K - £130K p/w;£500K - £5M;Reasonable;Very Strong;6.78;0;1370;1;1370;0.1;1.72;1.72;-0.72;0.1;5%;0.086;1.3;0.7;0.9;55%;0;0;0;4;0.3;3.72;0.2;88%;68.2;0.8;1.7;6.0;7.6;1.3;17;0.5;0.2;43;0.2;2;3;11.6;6.4;1.6;2.9;5.7;64;39;2;0.7;0.7;0.6;4;0;0;13.2;25.2;No recurring injuries;Below Average;0.9;38;0.0;0;0;0;0;0;0;0;0;0;0;1.4;2.8
Bundesliga;Eintracht Frankfurt;Arthur Theate;D (C);;D (LC);26;"6'1""";£55K - £87K p/w;£42M;Very Strong;Reasonable;7.20;1;1391;1;1391;0.1;1.18;1.18;-0.18;0.1;20%;0.236;0.3;0.1;0.1;20%;0;0;0;0;0.0;1.49;0.1;94%;54.7;0.2;0.3;3.8;0.2;0.0;0;0.2;0.0;0;0.0;3;0;3.0;15.9;1.1;2.3;3.6;100;17;4;0.3;0.9;0.6;20;5;1;10.1;4.3;No recurring injuries;Average;4.5;76;1.0;0;0;0;0;0;0;0;0;0;0;1.1;1.0
Premier League;Spurs;Pedro Porro;WB (R);M (R);D/WB/M (R);27;"5'9""";£130K - £150K p/w;£39M - £46M;Weak;Very Strong;7.27;3;1411;1;1411;0.1;0.88;0.88;0.12;0.1;5%;0.044;1.3;0.7;1.0;55%;0;0;0;6;0.4;6.79;0.4;90%;59.8;1.1;3.1;6.3;11.7;2.3;19;9.8;1.9;20;3.8;17;3;16.6;9.7;2.4;4.3;8.5;80;46;0;0.6;1.0;0.3;39;7;1;13.6;31.4;No recurring injuries;Below Average;3.1;29;0.0;0;0;1;0;0;0;0;0;0;0;1.5;0.6
First Division;Valencia;Mouctar Diakhaby;D (C);DM;D (C), DM;29;"6'2""";£52K - £80K p/w;£15.5M - £20M;Weak;Very Strong;6.85;1;1440;1;1440;0.1;0.37;0.37;0.63;0.0;25%;0.0925;0.2;0.1;0.1;50%;0;0;0;0;0.0;0.62;0.0;93%;52.2;0.2;0.1;1.9;0.0;0.0;0;0.0;0.0;0;0.0;2;0;2.7;13.7;0.4;3.2;2.4;100;7;1;0.8;0.6;1.1;5;2;0;10.1;4.8;No recurring injuries;High;5.2;70;0.8;0;0;0;0;0;0;0;0;0;0;1.0;1.3
Ligue 1 McDonald's;Olympique de Marseille;Pierre-Emile Højbjerg;DM;WB (R);WB (R), DM, M (C);31;"6'1""";£39.5K - £45.5K p/w;Not for Sale;Reasonable;Very Strong;6.89;0;1452;1;1452;0.1;1.41;0.64;-0.41;0.1;6%;0.088125;1.0;0.4;0.6;44%;0;1;100;0;0.0;1.58;0.1;91%;68.7;0.2;0.7;7.1;2.9;1.1;36;1.4;0.5;36;0.7;6;2;10.2;10.5;1.2;3.3;7.7;77;26;4;0.6;1.1;0.4;19;5;0;11.9;16.9;No recurring injuries;Below Average;2.0;63;0.0;0;0;0;0;0;0;0;0;0;0;1.1;1.1
Bundesliga;Bayer 04 Leverkusen;Edmond Tapsoba;D (C);;D (C);27;"6'4""";£82K - £120K p/w;£29M;Reasonable;Very Strong;7.05;0;1488;1;1488;0.1;1.19;0.42;-0.19;0.1;33%;0.396666666666667;0.2;0.1;0.0;67%;0;1;100;3;0.2;0.74;0.0;93%;58.3;0.1;0.2;2.8;0.1;0.0;0;0.1;0.0;0;0.0;5;1;2.8;19.0;0.5;2.3;3.1;73;11;1;0.3;0.8;0.7;11;3;0;10.0;3.5;No recurring injuries;Below Average;5.6;77;1.1;0;0;0;0;0;0;0;0;0;0;1.6;0.9
First Division;A. Bilbao;Yuri;D (L);;D/WB (L);36;"5'11""";£37K - £58K p/w;£120K - £1.2M;Very Strong;Reasonable;6.88;0;1494;1;1494;0.1;0.07;0.07;0.93;0.0;25%;0.0175;0.2;0.1;0.2;50%;1;0;0;0;0.0;0.86;0.1;89%;65.0;0.1;1.1;10.2;3.9;0.8;21;2.1;0.6;29;0.9;11;1;15.7;11.9;1.7;3.4;6.7;76;38;0;0.7;0.8;0.5;25;5;0;11.8;16.3;No recurring injuries;Below Average;4.5;76;0.5;0;0;0;0;0;0;0;0;0;0;1.7;1.3
Serie A;AS Roma;Gianluca Mancini;D (C);;D (C);30;"6'3""";£100K - £120K p/w;£32M - £46M;Reasonable;Very Strong;6.77;1;1502;1;1502;0.1;0.34;0.34;0.66;0.0;11%;0.0377777777777778;0.5;0.2;0.2;33%;0;0;0;0;0.0;0.29;0.0;92%;52.5;0.1;0.3;3.1;0.1;0.0;0;0.1;0.0;0;0.0;2;0;3.2;14.6;0.1;3.1;2.4;33;6;1;0.8;1.0;0.4;17;8;2;10.4;5.3;No recurring injuries;Low;5.1;72;1.0;0;0;0;0;0;0;0;0;0;0;1.3;1.2
Premier League;Brentford;Yehor Yarmoliuk;DM;AM (C);DM, M/AM (C);22;"5'11""";£43.5K - £49K p/w;£63M - £74M;Fairly Strong;Very Strong;6.84;0;1533;1;1533;0.1;1.11;1.11;-0.11;0.1;5%;0.0584210526315789;1.1;0.3;0.9;26%;1;0;0;0;0.0;0.84;0.0;89%;68.3;0.0;1.1;8.5;0.4;0.1;16;0.3;0.1;20;0.5;10;1;8.2;9.2;2.1;2.9;8.5;73;48;3;0.6;1.1;0.4;8;0;0;13.0;15.4;No recurring injuries;Below Average;2.0;41;0.1;0;0;0;0;0;0;0;0;0;0;1.7;1.6
Bundesliga;RB Leipzig;Nicolas Seiwald;DM, M (C);;DM, M (C);25;"5'11""";£51K - £81K p/w;£16.5M - £26M;Reasonable;Very Strong;6.82;1;1585;1;1585;0.1;0.55;0.55;0.45;0.0;11%;0.0611111111111111;0.5;0.2;0.3;33%;2;0;0;3;0.2;2.09;0.1;93%;57.5;0.3;0.4;4.4;0.9;0.3;33;0.1;0.1;100;0.2;8;0;7.0;12.3;0.7;2.2;7.0;55;22;0;0.7;0.5;0.3;16;4;0;11.7;12.7;No recurring injuries;Low;1.6;59;0.1;0;0;0;0;0;0;0;0;0;0;1.7;0.8
Bundesliga;Bayer 04 Leverkusen;Loïc Badé;D (C);;D (C);26;"6'3""";£83K - £130K p/w;£77M - £94M;Weak;Very Strong;7.26;1;1620;1;1620;0.1;0.29;0.29;0.71;0.0;25%;0.0725;0.2;0.2;0.0;100%;0;0;0;2;0.1;0.33;0.0;95%;56.9;0.0;0.2;3.1;0.1;0.1;50;0.1;0.1;50;0.0;5;0;1.5;15.8;0.8;2.4;3.3;83;18;2;0.6;1.0;0.7;8;2;0;10.7;4.0;No recurring injuries;Below Average;6.8;72;1.1;0;0;0;0;0;0;0;0;0;0;1.7;0.8
Serie A;Celesti;Alessio Romagnoli;D (C);;D (C);31;"6'2""";£62K - £100K p/w;Not for Sale;Very Strong;Reasonable;6.92;1;1657;1;1657;0.1;0.56;0.56;0.44;0.0;20%;0.112;0.3;0.1;0.1;40%;0;0;0;1;0.1;1.07;0.1;92%;53.6;0.1;0.2;2.6;0.0;0.0;0;0.0;0.0;0;0.1;2;1;2.7;13.9;0.5;3.0;2.4;63;16;2;0.5;1.0;0.5;11;3;1;10.2;3.2;No recurring injuries;Very Low;6.2;74;1.1;0;0;0;0;0;0;0;0;0;0;1.1;1.4
First Division;A. Madrid;José Giménez;D (C);;D (C);31;"6'1""";£76K - £110K p/w;£13.5M - £21M;Reasonable;Very Strong;6.95;1;1657;1;1657;0.1;0.4;0.4;0.6;0.0;25%;0.1;0.2;0.1;0.1;50%;0;0;0;1;0.1;1.14;0.1;97%;63.1;0.1;0.3;3.6;0.0;0.0;0;0.0;0.0;0;0.1;2;0;3.4;12.6;0.9;2.4;2.6;65;26;2;0.8;1.2;0.6;13;1;0;10.1;6.7;No recurring injuries;High;3.3;67;0.6;0;0;1;0;0;0;0;0;0;0;1.7;1.0
Premier League;Spurs;Destiny Udogie;WB (L);;D/WB (L);24;"6'2""";£100K - £115K p/w;£72M - £87M;Very Strong;Weak;7.09;3;1696;1;1696;0.1;1.82;1.82;-0.82;0.1;5%;0.0827272727272727;1.2;0.4;0.5;32%;0;0;0;3;0.2;4.23;0.2;89%;58.3;0.6;2.4;5.3;10.1;2.0;20;10.1;2.0;20;3.0;19;2;16.2;9.7;2.1;3.5;6.3;74;53;0;0.3;1.2;0.3;11;0;0;13.5;29.4;No recurring injuries;Below Average;3.4;55;0.1;0;0;0;0;0;0;0;0;0;0;1.6;0.7
Serie A;Udinese;Kingsley Ehizibue;D/WB (R);M (R);D/WB/M (R);31;"6'2""";£13.75K - £22.5K p/w;Not for Sale;Weak;Very Strong;6.96;0;1710;1;1710;0.1;0.61;0.61;0.39;0.0;17%;0.101666666666667;0.3;0.1;0.1;17%;0;0;0;0;0.0;1.57;0.1;89%;57.0;0.3;0.8;6.6;2.9;0.3;9;2.9;0.3;9;1.1;13;0;14.8;10.4;2.1;3.1;8.0;80;50;1;0.4;0.6;0.7;20;4;0;11.6;18.2;No recurring injuries;Very Low;3.8;68;0.4;0;0;0;0;0;0;0;0;0;0;1.4;1.2
Serie A;Juventus;Weston McKennie;DM;WB (R), DM, AM (RC);WB (R), DM, M/AM (RC);28;"5'11""";£68K - £125K p/w;£35M - £44M;Reasonable;Very Strong;7.09;3;1777;1;1777;0.1;1.28;1.28;-0.28;0.1;9%;0.116363636363636;0.6;0.1;0.2;18%;0;0;0;4;0.2;3.33;0.2;89%;49.7;0.2;2.0;5.4;5.7;0.7;11;5.7;0.7;12;2.2;25;3;15.0;12.4;2.0;2.9;9.4;87;45;0;0.4;0.7;0.5;31;0;0;12.0;23.9;No recurring injuries;Very Low;2.8;64;0.4;0;0;0;0;0;0;0;0;0;0;1.5;0.9
Premier League;FC Porto;Alan Varela;DM;;DM, M (C);25;"5'10""";£43K - £66K p/w;£38M - £62M;Fairly Strong;Very Strong;6.98;1;1790;1;1790;0.1;2.24;2.24;-1.24;0.1;7%;0.149333333333333;0.8;0.3;0.3;33%;0;0;0;2;0.1;3.16;0.2;92%;59.1;0.3;0.7;7.1;0.0;0.0;0;0.0;0.0;0;0.1;8;0;5.7;13.2;1.2;3.9;6.7;77;31;3;0.7;0.6;0.3;20;1;0;12.5;14.6;No recurring injuries;Below Average;1.2;21;0.1;0;0;0;0;0;0;0;0;0;0;1.9;1.0
First Division;A. Bilbao;Aymeric Laporte;D (C);D (L);D (LC);32;"6'2""";£41.5K - £62K p/w;£44M - £73M;Very Strong;Weak;6.99;1;1935;1;1935;0.0;0.3;0.3;0.7;0.0;17%;0.05;0.3;0.0;0.0;17%;0;0;0;2;0.1;1.34;0.1;94%;56.0;0.1;0.3;3.5;0.4;0.1;33;0.4;0.1;38;0.2;6;0;3.9;14.4;1.2;2.7;3.9;83;30;1;0.6;1.0;0.6;17;2;0;10.2;5.6;Recurring moderate groin strain;Very High;5.5;68;2.0;0;0;2;0;0;0;0;0;0;0;1.9;1.3
Bundesliga;RB Leipzig;Castello Lukeba;D (C);D (L);D (LC);23;"6'0""";£78K - £120K p/w;£63M - £78M;Very Strong;Weak;7.07;0;1980;1;1980;0.0;0.8;0.8;0.2;0.0;11%;0.0888888888888889;0.4;0.1;0.2;22%;0;0;0;3;0.1;1.43;0.1;94%;55.8;0.1;0.2;2.8;0.1;0.1;66;0.1;0.1;67;0.0;8;0;2.2;17.6;0.5;3.2;3.2;69;16;3;0.7;1.1;0.8;11;4;0;10.3;5.6;No recurring injuries;Average;4.8;60;0.9;0;0;0;0;0;0;0;0;0;0;1.7;0.9
Ligue 1 McDonald's;RC Lens;Samson Baidoo;D (C);DM;D (C), DM;22;"6'3""";£19K - £24.5K p/w;£64M - £76M;Fairly Strong;Very Strong;7.00;0;2010;1;2010;0.0;1.55;1.55;-0.55;0.1;6%;0.0911764705882353;0.8;0.3;0.2;35%;0;0;0;2;0.1;0.95;0.0;91%;45.5;0.0;0.3;2.6;0.0;0.0;0;0.0;0.0;0;0.0;3;0;3.2;15.4;0.6;3.2;2.3;74;19;2;0.6;1.0;0.7;5;2;0;9.7;3.6;No recurring injuries;High;6.8;77;1.9;0;0;0;0;0;0;0;0;0;0;1.1;0.8
Serie A;Blu-neri;Henrikh Mkhitaryan;M (C);DM;DM, M (C);37;"5'10""";£41K - £65K p/w;£1.3M - £2.8M;Strong;Very Strong;6.58;0;1203;0;0;0.0;0.34;0.34;-0.34;0.0;0%;0.02;1.3;0.5;1.1;41%;0;0;0;1;0.1;1.43;0.1;88%;15.2;0.2;0.7;1.1;0.1;0.1;100;0.1;0.1;100;0.1;6;0;14.5;12.3;0.3;1.1;4.3;50;8;0;0.1;0.2;0.1;4;2;0;3.7;6.1;No recurring injuries;Above Average;1.0;29;0.0;0;0;0;0;0;0;0;0;0;0;1.7;0.8
Premier League;Chelsea;Robert Sánchez;GK;;GK;29;"6'6""";£62K - £85K p/w;£38M - £62M;Fairly Strong;Very Strong;6.96;1;1800;0;0;0.0;0;0;0;0.0;0%;0;0.0;0.0;0.0;0%;0;0;0;0;0.0;0.05;0.0;92%;27.2;0.0;0.1;0.5;0.0;0.0;0;0.0;0.0;0;0.0;1;0;3.0;7.5;0.0;0.3;0.0;0;1;1;0.0;0.7;0.0;0;0;0;6.9;0.1;No recurring injuries;Below Average;0.0;0;0.0;9;3.08;1;81;29;27;7;15;1;0;1.6;0.8
Serie A;Bologna;Lewis Ferguson;DM;AM (C);DM, M/AM (C);27;"5'11""";£42K - £49.5K p/w;£18.5M;Weak;Very Strong;7.22;1;1324;0;0;0.0;1.29;1.29;-1.29;0.1;0%;0.129;0.7;0.1;0.1;20%;0;0;0;0;0.0;1.68;0.1;93%;64.5;0.3;0.8;6.7;0.1;0.0;0;0.1;0.0;0;0.0;5;0;5.1;16.2;1.2;3.5;7.7;78;23;1;0.7;0.7;0.4;13;5;0;12.6;13.1;No recurring injuries;Below Average;2.9;67;0.3;0;0;0;0;0;0;0;0;0;0;1.4;1.3
Premier League;Aston Villa;Ezri Konsa;D (C);;D (C);29;"6'0""";£110K - £125K p/w;£37M - £45M;Reasonable;Very Strong;6.91;0;1080;0;0;0.0;0.04;0.04;-0.04;0.0;0%;0.04;0.1;0.1;0.0;100%;0;0;0;0;0.0;0.33;0.0;97%;58.2;0.1;0.2;3.1;0.0;0.0;0;0.0;0.0;0;0.2;0;0;2.4;7.2;0.5;3.5;2.3;75;8;1;0.6;0.4;0.6;6;3;0;10.6;4.8;No recurring injuries;Average;2.7;59;0.4;0;0;1;0;0;0;0;0;0;0;1.7;1.1
First Division;Getafe;Abdelkabir Abqar;D (C);;D (C);27;"6'2""";£28K - £32K p/w;£5.8M - £9.4M;Fairly Strong;Very Strong;6.77;0;1419;0;0;0.0;1.07;1.07;-1.07;0.1;0%;0.0972727272727273;0.7;0.2;0.3;27%;0;0;0;0;0.0;0.18;0.0;91%;47.4;0.1;0.1;2.6;0.0;0.0;0;0.0;0.0;0;0.0;5;0;3.5;11.7;0.7;3.3;2.3;100;11;1;0.3;0.6;0.4;17;6;0;10.0;3.9;Recurring moderate calf muscle strain;Very High;6.1;56;1.3;0;0;0;0;0;0;0;0;0;0;1.1;1.3
Sky Bet Championship;Southampton;Aaron Ramsdale;GK;;GK;28;"6'3""";£66K - £89K p/w;£12.5M - £21M;Weak;Very Strong;6.94;2;1890;0;0;0.0;0;0;0;0.0;0%;0;0.0;0.0;0.0;0%;0;0;0;0;0.0;0;0.0;81%;22.8;0.0;0.0;0.1;0.0;0.0;0;0.0;0.0;0;0.0;3;0;7.0;5.1;0.0;0.0;0.0;50;2;0;0.0;1.6;0.0;0;0;0;5.5;0.0;No recurring injuries;Low;0.0;0;0.0;8;4.09;0;74;12;34;9;20;2;50;1.5;1.0
Serie A;Parthenope;Billy Gilmour;DM;;DM, M (C);25;"5'7""";£105K - £125K p/w;£52M - £62M;Fairly Strong;Very Strong;6.99;1;1552;0;0;0.0;0.32;0.32;-0.32;0.0;0%;0.064;0.3;0.0;0.2;0%;2;0;0;3;0.2;2.45;0.1;90%;65.2;0.3;0.8;7.3;0.1;0.0;0;0.1;0.0;0;0.1;12;0;5.6;14.0;1.2;2.4;6.7;68;31;0;0.4;0.5;0.0;4;0;0;12.6;13.7;No recurring injuries;Very Low;1.9;42;0.1;0;0;0;0;0;0;0;0;0;0;1.3;0.8
Premier League;Nott'm Forest;Stefan Ortega;GK;;GK;34;"6'1""";£39.5K - £44.5K p/w;Not for Sale;Weak;Very Strong;6.94;1;1170;0;0;0.0;0;0;0;0.0;0%;0;0.0;0.0;0.0;0%;0;0;0;0;0.0;0;0.0;92%;31.0;0.0;0.0;0.3;0.0;0.0;0;0.0;0.0;0;0.0;0;0;2.8;8.8;0.0;0.3;0.0;0;0;0;0.0;1.5;0.0;0;0;0;7.0;0.1;No recurring injuries;Above Average;0.0;0;0.0;6;1.67;0;79;20;22;5;14;0;0;1.2;1.1
Serie A;Genoa;Leo Østigård;D (C);;D (C);27;"6'0""";£18.75K - £26.5K p/w;£8.4M - £11M;Weak;Very Strong;6.91;0;1377;0;0;0.0;1.9;1.9;-1.9;0.1;0%;0.38;0.3;0.0;0.0;0%;0;0;0;2;0.1;0.16;0.0;92%;51.6;0.1;0.2;1.8;0.0;0.0;0;0.0;0.0;0;0.0;8;0;3.1;13.4;0.7;2.2;1.8;100;11;1;0.4;0.6;1.1;19;8;1;9.4;3.4;No recurring injuries;Very Low;5.8;76;1.2;0;0;0;0;0;0;0;0;0;0;0.8;0.8
Premier League;Sporting CP;Ousmane Diomande;D (C);;D (C);23;"6'3""";£25.5K - £39.5K p/w;£69M;Reasonable;Very Strong;6.89;0;1646;0;0;0.0;0.57;0.57;-0.57;0.0;0%;0.07125;0.4;0.1;0.2;13%;0;0;0;0;0.0;0.99;0.1;91%;46.0;0.1;0.1;2.0;0.0;0.0;0;0.0;0.0;0;0.0;4;0;2.1;18.1;0.4;2.6;2.5;88;8;1;0.4;1.0;0.0;16;5;1;9.8;3.2;No recurring injuries;Below Average;6.0;73;1.5;0;0;0;0;0;0;0;0;0;0;1.9;0.7
Ligue 1 McDonald's;Strasbourg;Ben Chilwell;D (L);D (C);D (LC), WB (L);29;"5'11""";£33.5K - £47K p/w;£10.5M - £16M;Very Strong;Fairly Strong;7.06;1;1692;0;0;0.0;0.29;0.29;-0.29;0.0;0%;0.0966666666666667;0.2;0.1;0.1;33%;0;0;0;3;0.2;2.64;0.1;86%;57.9;0.4;2.1;5.3;6.2;1.5;24;6.1;1.5;25;1.6;10;3;14.0;11.2;2.2;3.4;9.4;76;55;7;0.6;1.1;0.3;15;0;0;11.9;21.3;No recurring injuries;High;3.1;76;0.2;0;0;0;0;0;0;0;0;0;0;1.2;1.2
Premier League;Brentford;Kristoffer Ajer;D (C);D (R);D (RC);28;"6'5""";£47K - £55K p/w;£7M - £8.8M;Weak;Very Strong;6.63;0;1653;0;0;0.0;0.33;0.33;-0.33;0.0;0%;0.066;0.3;0.1;0.1;20%;0;0;0;0;0.0;0.06;0.0;93%;39.6;0.0;0.2;3.3;0.1;0.0;0;0.1;0.0;0;0.0;1;0;3.4;7.6;0.7;2.3;2.1;76;17;8;0.7;0.9;0.6;5;0;0;10.5;5.7;No recurring injuries;High;3.6;73;0.8;0;0;1;0;0;0;0;0;0;0;1.9;1.8
Premier League;Brentford;Aaron Hickey;D (L);WB (R);D/WB (RL);24;"6'1""";£56K - £63K p/w;£52M - £62M;Very Strong;Strong;7.00;2;1300;0;0;0.0;0.44;0.44;-0.44;0.0;0%;0.0488888888888889;0.6;0.3;0.6;44%;0;0;0;3;0.2;3.39;0.2;88%;55.0;0.6;1.7;7.6;5.2;1.0;18;3.7;0.7;19;3.2;15;1;13.8;12.8;2.4;4.8;10.5;74;47;0;0.4;1.0;0.3;24;5;0;13.1;19.0;No recurring injuries;High;3.2;48;0.4;0;0;0;0;0;0;0;0;0;0;1.9;1.7
Bundesliga;Borussia Dortmund;Waldemar Anton;D (C);D (R), DM;D (RC), DM;30;"6'2""";£96K - £145K p/w;£33M - £41M;Reasonable;Very Strong;7.06;1;1711;0;0;0.0;1.25;1.25;-1.25;0.1;0%;0.0833333333333333;0.8;0.0;0.4;0%;0;0;0;0;0.0;0.85;0.0;93%;60.8;0.1;0.2;3.9;0.0;0.0;0;0.0;0.0;0;0.1;4;0;3.7;14.7;0.7;3.2;3.6;67;21;2;0.6;0.7;0.5;17;5;0;9.9;6.9;No recurring injuries;Below Average;6.0;68;1.3;0;0;2;0;0;0;0;0;0;0;1.6;1.0
Premier League;Liverpool;Andrew Robertson;D (L);;D/WB (L);32;"5'10""";£145K - £195K p/w;Not for Sale;Very Strong;Very Weak;6.76;0;1494;0;0;0.0;0.73;0.73;-0.73;0.0;0%;0.0663636363636364;0.7;0.2;0.5;27%;0;0;0;1;0.1;0.71;0.0;92%;71.3;0.1;0.8;10.2;4.1;0.2;5;1.7;0.2;10;1.7;7;0;11.0;10.9;3.0;3.6;9.9;81;62;1;1.0;1.4;0.5;21;0;1;12.6;20.5;No recurring injuries;Average;3.6;43;0.2;0;0;1;0;0;0;0;0;0;0;1.9;1.9
Bundesliga;Eintracht Frankfurt;Hugo Larsson;M (C);;DM, M (C);22;"6'2""";£39K - £56K p/w;£43M - £70M;Weak;Very Strong;6.44;0;1417;0;0;0.0;2.39;2.39;-2.39;0.2;0%;0.1195;1.3;0.1;0.5;10%;0;0;0;2;0.1;1.47;0.1;95%;19.6;0.2;0.1;2.0;0.1;0.0;0;0.1;0.0;0;0.2;11;0;11.4;11.8;0.6;0.6;2.0;91;11;0;0.1;0.2;0.0;4;2;1;3.9;4.1;No recurring injuries;Above Average;0.8;46;0.0;0;0;0;0;0;0;0;0;0;0;1.1;1.1
Sky Bet Championship;Sunderland;Salih Özcan;DM, M (C);;DM, M (C);28;"6'0""";£32.5K - £47K p/w;£22M - £27M;Reasonable;Very Strong;6.94;1;1308;0;0;0.0;0.48;0.48;-0.48;0.0;0%;0.06;0.6;0.1;0.1;13%;1;0;0;2;0.1;1.3;0.1;92%;58.6;0.2;0.5;4.6;0.2;0.1;33;0.2;0.1;33;0.1;16;1;7.6;12.5;1.5;1.9;5.8;71;31;1;0.5;0.6;0.0;15;5;0;12.0;13.5;No recurring injuries;Average;2.3;58;0.1;0;0;0;0;0;0;0;0;0;0;0.7;0.8
Premier League;Fulham;Antonee Robinson;D (L);;D/WB (L);29;"6'0""";£79K - £89K p/w;£41M - £48M;Very Strong;Weak;6.75;0;1457;0;0;0.0;0.57;0.57;-0.57;0.0;0%;0.057;0.6;0.2;0.5;40%;0;0;0;0;0.0;1.1;0.1;88%;57.4;0.1;0.9;6.8;4.4;0.6;13;4.4;0.6;14;1.9;10;3;14.0;13.3;2.6;5.5;9.5;78;54;2;0.5;1.4;0.3;15;0;0;13.8;21.4;No recurring injuries;Above Average;3.6;79;0.4;0;0;0;0;0;0;0;0;0;0;0.9;2.0
Premier League;Fulham;Bernd Leno;GK;;GK;34;"6'3""";£90K - £105K p/w;£8M - £9.8M;Weak;Very Strong;6.69;0;1530;0;0;0.0;0;0;0;0.0;0%;0;0.0;0.0;0.0;0%;0;0;0;0;0.0;0;0.0;85%;25.0;0.0;0.0;1.1;0.0;0.0;0;0.0;0.0;0;0.0;0;0;6.0;7.8;0.0;0.2;0.0;0;0;0;0.0;4.0;0.0;0;0;0;6.8;0.2;No recurring injuries;Average;0.0;0;0.0;1;-10.91;1;70;39;34;11;36;0;0;1.2;2.1
Premier League;Fulham;Calvin Bassey;D (C);;D (LC);26;"6'1""";£78K - £90K p/w;£51M;Very Strong;Weak;6.78;0;1530;0;0;0.0;0.39;0.39;-0.39;0.0;0%;0.13;0.2;0.1;0.0;67%;0;0;0;0;0.0;0.08;0.0;90%;45.6;0.1;0.2;3.1;0.1;0.1;100;0.1;0.1;100;0.0;0;1;4.8;10.4;0.1;3.3;1.1;67;3;0;0.8;0.9;0.7;5;1;0;10.2;4.5;No recurring injuries;Below Average;5.2;78;0.8;0;0;0;0;0;0;0;0;0;0;1.2;1.8
Premier League;Crystal Palace;Tyrick Mitchell;WB (L);D (C);D (LC), WB (L);27;"5'9""";£56K - £64K p/w;£33M - £39M;Very Strong;Reasonable;6.94;0;1435;0;0;0.0;0.11;0.11;-0.11;0.0;0%;0.022;0.3;0.1;0.3;40%;0;0;0;1;0.1;0.99;0.1;90%;76.5;0.1;0.8;9.2;2.8;0.3;9;2.8;0.3;9;2.3;7;3;11.5;10.7;2.6;4.0;9.0;73;56;1;0.6;1.3;0.5;10;1;0;12.8;15.8;No recurring injuries;Low;2.4;54;0.2;0;0;0;0;0;0;0;0;0;0;0.9;1.3
Second Division;Eibar;Juan Bernat;WB (L);M/AM (L);D/WB/M/AM (L);33;"5'7""";£23.5K - £35K p/w;£250K - £2.5M;Very Strong;Weak;7.02;1;1057;0;0;0.0;0;0;0;0.0;0%;0;0.0;0.0;0.0;0%;0;0;0;2;0.2;1.94;0.2;89%;57.1;0.2;1.4;8.1;9.3;1.7;18;2.9;0.7;24;0.8;13;1;12.0;14.9;1.5;3.3;7.7;64;28;1;0.7;1.0;0.9;17;2;0;11.5;15.5;Recurring partially torn calf muscle;Very High;3.0;60;0.2;0;0;0;0;0;0;0;0;0;0;1.3;1.0
Bundesliga;Bayer 04 Leverkusen;Mark Flekken;GK;;GK;33;"6'5""";£55K - £90K p/w;Not for Sale;Fairly Strong;Very Strong;6.80;1;1440;0;0;0.0;0;0;0;0.0;0%;0;0.0;0.0;0.0;0%;0;0;0;0;0.0;0;0.0;90%;25.0;0.0;0.0;0.0;0.0;0.0;0;0.0;0.0;0;0.0;1;0;6.8;4.4;0.1;0.0;0.0;100;1;0;0.0;1.5;0.0;0;0;0;6.2;0.0;Recurring torn anterior cruciate ligament;Very High;0.0;0;0.0;7;2.96;0;76;9;24;7;13;1;100;1.9;0.8
Premier League;Fulham;Sergio Canales;AM (C);DM;DM, M/AM (C);35;"5'9""";£80K - £110K p/w;£650K - £6.4M;Very Strong;Weak;6.44;0;1360;0;0;0.0;2.05;2.05;-2.05;0.1;0%;0.0788461538461538;1.7;0.7;1.3;42%;0;0;0;1;0.1;2.33;0.2;89%;52.3;0.4;1.4;3.9;6.1;1.5;23;1.7;0.6;36;0.8;12;7;11.0;2.3;0.2;1.0;3.4;75;4;1;0.3;0.3;0.2;7;0;0;12.4;13.4;No recurring injuries;High;2.6;15;0.0;0;0;0;0;0;0;0;0;0;0;1.1;2.2
Serie A;Udinese;Maduka Okoye;GK;;GK;27;"6'6""";£28K - £32.5K p/w;£7M - £10.5M;Weak;Very Strong;6.95;1;1207;0;0;0.0;0;0;0;0.0;0%;0;0.0;0.0;0.0;0%;0;0;0;0;0.0;0;0.0;74%;24.3;0.0;0.0;0.0;0.0;0.0;0;0.0;0.0;0;0.0;1;0;10.3;3.2;0.1;0.0;0.0;50;2;0;0.0;1.9;0.0;2;2;0;4.5;0.0;No recurring injuries;Very Low;0.0;0;0.0;4;4.5;0;77;10;27;7;14;2;50;1.6;1.0
Serie A;Blu-neri;Yann Aurel Bisseck;D (C);;D (C);26;"6'5""";£54K - £89K p/w;£27M - £44M;Weak;Very Strong;7.02;1;1929;0;0;0.0;2;2;-2;0.1;0%;0.111111111111111;0.8;0.2;0.2;28%;0;0;0;0;0.0;1.14;0.1;94%;55.7;0.2;0.5;3.1;0.0;0.0;0;0.0;0.0;0;0.0;6;0;3.6;13.3;1.0;3.3;3.0;92;24;6;0.4;0.9;0.5;4;1;0;10.8;6.2;No recurring injuries;Below Average;6.2;77;1.4;0;0;0;0;0;0;0;0;0;0;1.8;0.9
First Division;Villarreal;Dani Parejo;M (C);AM (C);DM, M/AM (C);37;"6'0""";£31K - £45.5K p/w;£120K - £1.2M;Fairly Strong;Very Strong;6.88;1;1018;0;0;0.0;0.85;0.08;-0.85;0.1;0%;0.2125;0.4;0.4;0.2;100%;0;1;0;2;0.2;1.59;0.1;93%;66.5;0.5;1.4;7.6;1.6;0.3;16;0.4;0.2;50;0.1;0;0;6.7;14.2;1.0;2.4;6.0;85;13;0;0.4;0.9;0.0;6;0;0;11.0;11.0;No recurring injuries;High;1.9;38;0.1;0;0;0;0;0;0;0;0;0;0;2.0;1.2
Bundesliga;Borussia Dortmund;Nico Schlotterbeck;D (C);D (L);D (LC);27;"6'3""";£69K - £93K p/w;£59M;Very Strong;Weak;7.19;1;2070;0;0;0.0;0.95;0.95;-0.95;0.0;0%;0.105555555555556;0.4;0.1;0.1;22%;0;0;0;2;0.1;1.12;0.0;95%;58.2;0.0;0.3;3.5;3.3;0.5;15;0.0;0.0;100;0.0;5;0;3.3;17.8;0.5;2.7;3.2;75;16;3;1.1;1.1;0.9;13;1;0;9.8;4.8;No recurring injuries;Average;5.7;80;1.3;0;0;0;0;0;0;0;0;0;0;1.6;1.0
Premier League;Newcastle;Tino Livramento;D (R);D (LC), WB/AM (R);D (RLC), WB/AM (R);24;"6'1""";£125K - £140K p/w;£68M - £79M;Fairly Strong;Very Strong;6.84;0;1424;0;0;0.0;0.28;0.28;-0.28;0.0;0%;0.0933333333333333;0.2;0.1;0.1;33%;0;0;0;2;0.1;1.5;0.1;92%;83.7;0.3;0.8;10.7;1.1;0.4;35;1.1;0.4;35;0.6;2;1;8.9;13.1;2.0;3.5;8.7;74;42;3;0.4;0.8;0.4;11;2;0;12.8;15.3;No recurring injuries;Below Average;3.5;58;0.3;0;0;0;0;0;0;0;0;0;0;2.1;1.0
Premier League;Chelsea;Levi Colwill;D (C);D (L);D (LC);23;"6'2""";£150K - £170K p/w;£119M - £140M;Very Strong;Reasonable;6.96;1;1600;0;0;0.0;0.45;0.45;-0.45;0.0;0%;0.0642857142857143;0.4;0.2;0.1;57%;0;0;0;1;0.1;0.42;0.0;95%;66.8;0.1;0.3;4.8;0.0;0.0;0;0.0;0.0;0;0.1;1;0;3.2;10.7;0.5;2.6;1.9;69;13;1;0.6;0.3;0.6;1;0;0;10.8;5.6;No recurring injuries;Below Average;5.2;75;1.2;0;0;2;0;0;0;0;0;0;0;1.5;0.6
Bundesliga;SV Werder Bremen;Marco Friedl;D (C);WB (L);D (LC), WB (L);28;"6'2""";£32K - £49.5K p/w;£7.4M - £9.6M;Very Strong;Reasonable;7.06;2;1470;0;0;0.0;0.25;0.25;-0.25;0.0;0%;0.0833333333333333;0.2;0.0;0.1;0%;0;0;0;1;0.1;0.9;0.1;87%;58.9;0.2;0.5;5.0;0.9;0.2;26;0.7;0.1;18;0.3;17;3;6.0;15.7;1.6;3.7;6.8;81;32;1;0.4;1.0;1.4;24;3;0;10.3;9.8;No recurring injuries;Above Average;3.6;78;0.3;0;0;0;0;0;0;0;0;0;0;0.9;1.0
Premier League;Birmingham;Paik Seung-Ho;M (C);;DM, M (C);29;"5'11""";£38.5K - £43K p/w;£8M - £13M;Strong;Very Strong;6.66;0;1097;0;0;0.0;0.29;0.29;-0.29;0.0;0%;0.0207142857142857;1.1;0.3;1.1;29%;0;0;0;1;0.1;0.6;0.0;90%;69.1;0.1;0.6;6.5;0.3;0.2;50;0.2;0.2;100;0.2;2;0;8.0;6.5;1.2;2.2;10.1;65;23;0;0.5;1.3;0.5;8;0;0;12.4;13.8;No recurring injuries;Below Average;2.5;60;0.4;0;0;1;0;0;0;0;0;0;0;1.6;2.5
First Division;Real Hispalis;Diego Llorente;D (C);D (R);D (RC);33;"6'1""";£35K - £54K p/w;£6.4M - £7.8M;Fairly Strong;Very Strong;6.77;0;1619;0;0;0.0;0.91;0.91;-0.91;0.1;0%;0.303333333333333;0.2;0.1;0.0;33%;0;0;0;1;0.1;1.65;0.1;93%;52.9;0.1;0.4;3.4;0.1;0.0;0;0.1;0.0;0;0.0;4;0;2.7;18.6;1.2;2.3;2.7;95;22;4;0.6;1.3;0.7;11;0;0;9.7;3.7;No recurring injuries;Above Average;4.1;57;0.8;0;0;0;0;0;0;0;0;0;0;1.7;0.8
Serie A;AS Roma;Mario Hermoso;D (C);D (L);D (LC);31;"6'0""";£83K - £105K p/w;Not for Sale;Very Strong;Reasonable;6.86;0;1923;0;0;0.0;0.3;0.3;-0.3;0.0;0%;0.075;0.2;0.0;0.1;25%;0;0;0;1;0.0;0.62;0.0;95%;56.3;0.1;0.3;3.7;0.0;0.0;100;0.0;0.0;100;0.0;4;1;3.6;14.5;0.5;2.8;2.3;67;15;2;0.7;1.1;0.3;20;4;3;10.6;5.9;No recurring injuries;Average;4.8;72;0.9;0;0;0;0;0;0;0;0;0;0;1.3;1.3
Serie A;Casciavit;Strahinja Pavlović;D (C);;D (C);25;"6'4""";£68K - £80K p/w;£25M - £37M;Very Strong;Reasonable;6.82;0;1608;0;0;0.0;0.88;0.88;-0.88;0.0;0%;0.125714285714286;0.4;0.1;0.1;29%;1;0;0;0;0.0;0.2;0.0;93%;55.2;0.1;0.1;2.9;0.0;0.0;0;0.0;0.0;0;0.0;2;0;4.4;12.5;0.6;3.2;2.6;83;12;2;0.4;0.7;0.4;13;3;2;10.4;6.0;No recurring injuries;Very Low;5.1;76;1.6;0;0;0;0;0;0;0;0;0;0;1.9;1.0
Premier League;Nott'm Forest;Nikola Milenković;D (C);;D (C);29;"6'5""";£67K - £75K p/w;£24M - £30M;Weak;Very Strong;7.06;2;1526;0;0;0.0;0.73;0.73;-0.73;0.0;0%;0.09125;0.5;0.1;0.0;25%;0;0;0;1;0.1;0.26;0.0;93%;62.8;0.1;0.1;2.9;0.0;0.0;0;0.0;0.0;0;0.1;1;0;4.9;12.9;0.6;4.2;2.9;83;12;3;0.6;0.8;0.5;12;4;0;11.0;5.7;No recurring injuries;Below Average;7.0;74;1.4;0;0;0;0;0;0;0;0;0;0;1.5;1.0
Premier League;Aston Villa;Pau Torres;D (C);;D (C);29;"6'3""";£140K - £155K p/w;£33M - £47M;Very Strong;Reasonable;7.04;0;1620;0;0;0.0;0.47;0.47;-0.47;0.0;0%;0.156666666666667;0.2;0.0;0.1;0%;0;0;0;1;0.1;0.11;0.0;94%;65.1;0.0;0.2;4.7;0.0;0.0;0;0.0;0.0;0;0.2;2;0;4.7;9.9;0.7;3.4;2.9;72;18;0;1.1;0.9;1.1;3;0;0;10.8;6.7;No recurring injuries;High;6.8;80;2.5;0;0;2;0;0;0;0;0;0;0;1.5;1.3
Premier League;Everton;Jarrad Branthwaite;D (C);D (RL);D (RLC);24;"6'5""";£115K - £135K p/w;£68M - £102M;Very Strong;Strong;6.81;0;1530;0;0;0.0;0.32;0.32;-0.32;0.0;0%;0.08;0.2;0.1;0.0;25%;0;0;0;0;0.0;0.1;0.0;91%;34.6;0.1;0.1;2.1;0.0;0.0;0;0.0;0.0;0;0.1;1;0;3.5;10.3;0.5;3.4;2.5;73;11;3;0.7;0.9;0.5;1;0;0;10.2;4.2;No recurring injuries;Below Average;5.9;73;2.0;0;0;1;0;0;0;0;0;0;0;2.0;1.5
Ligue 1 McDonald's;LOSC;Predrag Rajković;GK;;GK;31;"6'3""";£40.5K - £61K p/w;Not for Sale;Reasonable;Very Strong;6.89;4;1890;0;0;0.0;0;0;0;0.0;0%;0;0.0;0.0;0.0;0%;0;0;0;0;0.0;0;0.0;87%;23.7;0.0;0.0;0.1;0.0;0.0;0;0.0;0.0;0;0.0;6;0;4.7;4.7;0.0;0.1;0.0;0;4;0;0.0;1.0;0.0;0;0;0;7.0;0.0;No recurring injuries;Below Average;0.0;0;0.0;7;-2.94;0;74;22;36;10;24;4;0;1.5;1.1
Premier League;Crystal Palace;Dean Henderson;GK;;GK;29;"6'2""";£97K - £130K p/w;£28M - £43M;Fairly Strong;Very Strong;7.03;3;1440;0;0;0.0;0;0;0;0.0;0%;0;0.0;0.0;0.0;0%;0;0;0;0;0.0;0;0.0;92%;28.4;0.0;0.0;0.4;0.0;0.0;0;0.0;0.0;0;0.0;0;0;2.5;7.1;0.1;0.7;0.0;33;3;0;0.0;2.2;0.0;0;0;0;6.7;0.1;No recurring injuries;Above Average;0.0;0;0.0;4;1.22;2;82;26;40;15;20;3;33;0.9;1.2
Serie A;Bergamo;Nicola Zalewski;M (L);D (L), AM (LC);D/WB/M (L), AM (LC);24;"5'9""";£46K - £54K p/w;£22M - £32M;Fairly Strong;Very Strong;7.01;2;1285;0;0;0.0;0.58;0.58;-0.58;0.0;0%;0.058;0.7;0.2;0.4;30%;0;0;0;2;0.1;2.87;0.2;89%;51.3;0.3;2.2;5.7;6.0;1.6;27;5.5;1.5;27;3.4;20;1;16.0;8.5;2.2;3.2;9.5;63;51;3;0.3;1.3;0.4;13;0;1;11.4;24.2;No recurring injuries;Very Low;1.8;42;0.0;0;0;0;0;0;0;0;0;0;0;1.2;1.2
First Division;Villarreal;Rafa Marín;D (C);;D (C);24;"6'3""";£87K - £99K p/w;£55M - £86M;Weak;Very Strong;6.99;1;1336;0;0;0.0;0.89;0.89;-0.89;0.1;0%;0.0988888888888889;0.6;0.1;0.2;22%;0;0;0;1;0.1;1.31;0.1;92%;51.3;0.1;0.1;2.7;0.1;0.0;0;0.1;0.0;0;0.1;1;0;2.9;17.3;0.9;2.3;2.4;68;19;3;1.3;1.7;1.2;5;0;0;9.8;3.6;No recurring injuries;Average;7.2;78;1.6;0;0;0;0;0;0;0;0;0;0;1.4;1.5
First Division;Girona;Daley Blind;D (C);;D (LC);36;"5'11""";£17K - £27K p/w;£250K - £2.6M;Very Strong;Weak;7.21;2;1347;0;0;0.0;0.4;0.4;-0.4;0.0;0%;0.2;0.1;0.0;0.0;0%;0;0;0;3;0.2;2.15;0.1;93%;66.1;0.3;1.2;8.7;2.2;0.5;21;1.1;0.4;35;0.2;3;0;11.4;14.4;1.8;2.5;5.8;84;32;3;0.7;1.1;0.7;10;3;0;10.9;14.0;No recurring injuries;Below Average;4.1;63;0.7;0;0;0;0;0;0;0;0;0;0;1.9;1.3
Serie A;Parthenope;Alex Meret;GK;;GK;29;"6'4""";£90K - £105K p/w;£20M - £29M;Very Strong;Weak;6.98;2;1800;0;0;0.0;0;0;0;0.0;0%;0;0.0;0.0;0.0;0%;0;0;0;0;0.0;0;0.0;86%;24.5;0.0;0.0;0.0;0.0;0.0;0;0.0;0.0;0;0.0;5;0;8.8;2.9;0.0;0.0;0.0;0;0;0;0.0;1.3;0.0;0;0;0;6.4;0.0;No recurring injuries;Very Low;0.0;0;0.0;8;4.17;0;75;10;30;9;16;0;0;1.4;0.8
Ligue 1 McDonald's;LOSC;Alexsandro Ribeiro;D (C);;D (C);27;"6'4""";£42.5K - £48.5K p/w;£32M - £40M;Very Strong;Fairly Strong;6.99;1;1890;0;0;0.0;0.6;0.6;-0.6;0.0;0%;0.1;0.3;0.0;0.0;17%;0;0;0;1;0.0;1.14;0.1;95%;61.1;0.1;0.1;3.5;0.0;0.0;0;0.0;0.0;0;0.0;4;0;2.5;14.5;0.5;2.7;2.4;71;14;1;0.5;0.5;0.9;15;3;0;10.0;4.8;No recurring injuries;Below Average;6.1;69;1.5;0;0;0;0;0;0;0;0;0;0;1.5;1.1
Premier League;Spurs;Guglielmo Vicario;GK;;GK;30;"6'4""";£130K - £145K p/w;£37M - £46M;Weak;Very Strong;7.10;2;1890;0;0;0.0;0;0;0;0.0;0%;0;0.0;0.0;0.0;0%;0;0;0;0;0.0;0;0.0;95%;24.4;0.0;0.0;0.3;0.0;0.0;0;0.0;0.0;0;0.0;0;0;1.6;7.3;0.0;0.4;0.0;0;1;0;0.0;1.4;0.0;0;0;0;4.2;0.0;No recurring injuries;Below Average;0.0;0;0.0;12;4.92;1;84;39;40;5;15;1;0;1.7;0.7
Premier League;Chelsea;Wesley Fofana;D (C);;D (C);25;"6'1""";£195K - £250K p/w;£67M - £105M;Reasonable;Very Strong;7.28;2;1440;0;0;0.0;0.41;0.41;-0.41;0.0;0%;0.05125;0.5;0.1;0.1;13%;0;0;0;0;0.0;0.12;0.0;96%;64.8;0.1;0.2;2.7;0.0;0.0;0;0.0;0.0;0;0.1;1;0;3.2;12.9;0.4;3.9;1.9;100;7;1;1.0;1.0;0.8;6;1;0;10.4;4.1;No recurring injuries;High;5.9;86;0.9;0;0;0;0;0;0;0;0;0;0;1.6;0.6
Bundesliga;1. FSV Mainz 05;Mario Tudose;D (C);;D (C);21;"6'4""";£9.5K - £15.75K p/w;£8.4M - £13.5M;Reasonable;Very Strong;6.85;0;1158;0;0;0.0;1.03;1.03;-1.03;0.1;0%;0.147142857142857;0.5;0.2;0.2;29%;0;0;0;0;0.0;0.28;0.0;95%;45.5;0.1;0.1;2.5;0.1;0.1;100;0.1;0.1;100;0.1;9;0;5.1;12.1;0.9;2.7;3.3;92;12;1;0.3;0.8;0.3;7;1;0;10.1;3.8;No recurring injuries;Low;5.4;76;1.2;0;0;0;0;0;0;0;0;0;0;1.3;1.4
Bundesliga;VfL Wolfsburg;Kamil Grabara;GK;;GK;27;"6'5""";£46K - £69K p/w;£4.1M - £6.6M;Weak;Very Strong;6.40;0;1154;0;0;0.0;0;0;0;0.0;0%;0;0.0;0.0;0.0;0%;0;0;0;0;0.0;0;0.0;92%;24.7;0.0;0.0;0.0;0.0;0.0;0;0.0;0.0;0;0.0;3;0;9.2;3.4;0.2;0.0;0.0;40;5;0;0.0;1.6;0.0;2;2;1;5.9;0.0;No recurring injuries;Average;0.0;0;0.0;1;0.39;1;65;10;21;7;22;5;40;0.7;1.7
Premier League;Benfica;Tomás Araújo;D (C);D (R);D (RC);24;"6'0""";£56K - £83K p/w;£56M - £88M;Reasonable;Very Strong;6.83;1;1756;0;0;0.0;0.94;0.94;-0.94;0.0;0%;0.134285714285714;0.4;0.2;0.1;43%;0;0;0;0;0.0;1.57;0.1;93%;50.1;0.1;0.6;4.0;0.1;0.1;50;0.1;0.1;50;0.2;5;0;3.3;16.9;1.2;3.1;3.1;88;26;2;0.9;1.6;0.8;4;0;0;9.9;5.6;No recurring injuries;Above Average;5.2;50;0.6;0;0;0;0;0;0;0;0;0;0;1.5;0.8
Serie A;AS Roma;Wesley;WB (R);WB (L), M (R);D (R), WB (RL), M (R);23;"5'10""";£54K - £63K p/w;£48M - £58M;Weak;Very Strong;7.03;1;1696;0;0;0.0;0.83;0.83;-0.83;0.0;0%;0.083;0.5;0.3;0.3;50%;0;0;0;2;0.1;3.66;0.2;87%;50.8;0.4;2.1;4.8;8.5;1.4;16;8.5;1.4;16;3.0;16;3;13.9;11.6;1.9;3.1;10.8;75;48;1;0.3;0.8;0.1;28;4;0;12.6;24.7;No recurring injuries;Below Average;2.2;56;0.1;0;0;0;0;0;0;0;0;0;0;1.3;1.1
Premier League;FC Porto;Jan Bednarek;D (C);D (R);D (RC);30;"6'2""";£25.5K - £43K p/w;£17M - £27M;Reasonable;Very Strong;6.99;2;2229;0;0;0.0;0.36;0.36;-0.36;0.0;0%;0.09;0.2;0.0;0.0;25%;0;0;0;1;0.0;0.69;0.0;94%;60.1;0.1;0.3;3.8;0.0;0.0;0;0.0;0.0;0;0.1;8;0;3.2;12.8;0.6;2.8;3.6;67;21;4;0.8;0.9;0.8;6;0;0;10.4;4.9;No recurring injuries;Average;5.7;65;1.0;0;0;0;0;0;0;0;0;0;0;1.9;0.9
Ligue 1 McDonald's;AS Monaco;Denis Zakaria;DM;;DM, M (C);30;"6'3""";£100K - £115K p/w;£29M - £34M;Weak;Very Strong;6.94;1;1530;0;0;0.0;1.24;1.24;-1.24;0.1;0%;0.0885714285714286;0.8;0.1;0.4;14%;0;0;0;1;0.1;1.77;0.1;92%;52.4;0.1;0.5;4.4;0.1;0.1;100;0.1;0.1;100;0.4;3;0;5.5;11.6;0.8;1.8;7.1;65;20;1;0.6;0.8;0.5;21;7;0;12.7;15.5;No recurring injuries;Average;2.8;67;0.5;0;0;0;0;0;0;0;0;0;0;1.5;0.9
Bundesliga 2;Karlsruher SC;Obed Vargas;M (C);;DM, M (C);21;"5'9""";£6.75K - £7.75K p/w;Not for Sale;Fairly Strong;Very Strong;6.78;0;1238;0;0;0.0;1.57;1.57;-1.57;0.1;0%;0.174444444444444;0.7;0.1;0.1;22%;0;0;0;1;0.1;2.03;0.1;91%;52.4;0.2;1.1;6.2;0.1;0.1;100;0.1;0.1;100;0.3;7;0;5.8;11.3;0.9;2.6;6.2;81;16;1;0.4;0.9;0.1;10;0;0;11.7;12.3;No recurring injuries;Average;2.1;31;0.1;0;0;0;0;0;0;0;0;0;0;0.9;0.8
Serie A;Blu-neri;Gerard Martín;D (L);WB (L);D (LC), WB (L);24;"6'1""";£49.5K - £57K p/w;£51M - £60M;Very Strong;Weak;6.78;0;1033;0;0;0.0;1.08;1.08;-1.08;0.1;0%;0.154285714285714;0.6;0.2;0.2;29%;0;0;0;2;0.2;1.19;0.1;93%;52.9;0.1;0.2;3.7;0.1;0.0;0;0.1;0.0;0;0.1;0;0;3.1;10.0;0.8;2.4;2.6;60;15;1;0.5;0.5;0.3;7;6;0;10.6;4.8;No recurring injuries;Below Average;3.0;49;0.4;0;0;0;0;0;0;0;0;0;0;2.0;0.8
Serie A;Bergamo;Marco Carnesecchi;GK;;GK;26;"6'3""";£24K - £28K p/w;£23M - £34M;Weak;Very Strong;6.58;0;1440;0;0;0.0;0;0;0;0.0;0%;0;0.0;0.0;0.0;0%;0;0;0;0;0.0;0;0.0;88%;24.1;0.0;0.0;0.0;0.0;0.0;0;0.0;0.0;0;0.0;3;0;4.7;5.2;0.0;0.2;0.0;0;2;0;0.0;1.7;0.0;0;0;0;5.2;0.0;No recurring injuries;Very Low;0.0;0;0.0;1;0.28;1;67;19;19;5;23;2;0;1.2;1.3
Bundesliga;Borussia M'gladbach;Nico Elvedi;D (C);D (R);D (RC);30;"6'2""";£42.5K - £63K p/w;£5.8M - £7.2M;Fairly Strong;Very Strong;6.73;0;1297;0;0;0.0;1.35;1.35;-1.35;0.1;0%;0.192857142857143;0.5;0.1;0.1;29%;0;0;0;0;0.0;0.89;0.1;91%;51.1;0.0;0.2;2.1;0.1;0.1;100;0.1;0.1;100;0.1;5;0;3.1;12.4;0.7;3.0;3.1;83;12;4;0.7;1.0;1.0;8;2;0;10.2;4.1;No recurring injuries;Above Average;5.2;75;0.7;0;0;0;0;0;0;0;0;0;0;0.8;1.4
Serie A;Casciavit;Ismaël Bennacer;M (C);;DM, M (C);29;"5'9""";£110K - £130K p/w;£18.5M - £27M;Very Strong;Reasonable;6.53;0;1119;0;0;0.0;0.2;0.2;-0.2;0.0;0%;0.0333333333333333;0.5;0.2;0.4;50%;0;0;0;3;0.2;1.55;0.1;93%;17.5;0.6;0.6;1.5;1.6;0.3;20;0.1;0.1;100;0.1;7;0;13.4;11.2;0.3;0.6;1.8;57;7;2;0.2;0.6;0.2;7;2;0;3.7;6.0;No recurring injuries;Very Low;0.2;67;0.0;0;0;0;0;0;0;0;0;0;0;2.3;1.0
Serie A;Juventus;Andrea Cambiaso;D (L);D/WB/M (R);D/WB/M (RL);26;"5'11""";£78K - £92K p/w;£36M;Very Strong;Strong;7.04;0;1650;0;0;0.0;0;0;0;0.0;0%;0;0.1;0.0;0.0;0%;0;0;0;2;0.1;5.41;0.3;86%;51.6;0.4;2.4;5.3;6.3;1.5;23;6.3;1.5;23;2.2;13;4;9.7;11.8;1.6;3.2;9.2;67;43;0;0.7;0.7;0.3;29;0;0;13.0;25.3;No recurring injuries;Very Low;3.9;44;0.3;0;0;0;0;0;0;0;0;0;0;1.5;0.9
First Division;Getafe;Mauro Arambarri;M (C);;DM, M (C);31;"5'9""";£37K - £59K p/w;Not for Sale;Fairly Strong;Very Strong;6.72;0;1071;0;0;0.0;0.33;0.33;-0.33;0.0;0%;0.0471428571428571;0.6;0.2;0.4;29%;0;0;0;0;0.0;0.67;0.1;92%;67.5;0.3;0.6;7.5;0.2;0.0;0;0.2;0.0;0;0.1;9;1;5.4;11.2;0.9;3.0;7.4;61;18;0;0.4;0.8;0.2;9;1;1;11.1;12.3;No recurring injuries;High;0.9;36;0.2;0;0;0;0;0;0;0;0;0;0;1.1;1.4
Premier League;Sporting CP;Maximiliano Araújo;WB (L);;D/WB/M (L);26;"5'10""";£46.5K - £61K p/w;£45M - £58M;Very Strong;Weak;7.19;2;1067;0;0;0.0;1.11;1.11;-1.11;0.1;0%;0.13875;0.7;0.1;0.2;13%;0;0;0;3;0.3;1.08;0.1;91%;68.5;0.2;1.3;9.7;1.0;0.0;0;1.0;0.0;0;1.7;10;0;9.0;13.7;1.9;3.0;7.5;74;31;1;0.9;1.0;0.6;11;5;1;12.0;18.2;No recurring injuries;Average;1.7;30;0.2;0;0;0;0;0;0;0;0;0;0;1.9;0.7
Serie A;Parthenope;Alessandro Buongiorno;D (C);;D (C);27;"6'4""";£120K - £140K p/w;£42M - £61M;Very Strong;Weak;6.94;1;1352;0;0;0.0;0.53;0.53;-0.53;0.0;0%;0.1325;0.3;0.1;0.1;50%;0;0;0;0;0.0;0.84;0.1;92%;50.2;0.0;0.0;1.7;0.1;0.0;0;0.1;0.0;0;0.0;4;0;3.0;16.2;0.5;3.1;3.1;64;11;5;0.5;0.7;0.4;4;0;0;9.8;4.3;No recurring injuries;Very Low;5.5;74;1.4;0;0;0;0;0;0;0;0;0;0;1.2;1.0
First Division;Villarreal;Renato Veiga;D (L);D (L), DM;D (LC), DM;23;"6'3""";£45K - £70K p/w;£66M - £84M;Very Strong;Fairly Strong;6.88;0;1544;0;0;0.0;0.3;0.3;-0.3;0.0;0%;0.1;0.2;0.1;0.1;33%;0;0;0;0;0.0;0.25;0.0;94%;49.7;0.1;0.1;2.6;0.1;0.1;100;0.1;0.1;100;0.1;6;0;2.4;17.6;0.3;3.0;2.3;55;11;4;0.5;0.6;0.6;12;5;0;10.1;5.1;No recurring injuries;Average;3.3;74;0.5;0;0;1;0;0;0;0;0;0;0;1.4;1.5
Premier League;Crystal Palace;Maxence Lacroix;D (C);;D (C);26;"6'3""";£65K - £90K p/w;£26M - £34M;Reasonable;Very Strong;6.75;0;1710;0;0;0.0;1.15;1.15;-1.15;0.1;0%;0.127777777777778;0.5;0.2;0.1;33%;0;0;0;0;0.0;0.46;0.0;94%;53.9;0.1;0.2;1.8;0.1;0.1;50;0.1;0.1;50;0.0;1;1;3.9;8.7;0.5;2.3;1.6;63;16;4;1.1;0.9;1.1;5;1;0;10.3;2.9;No recurring injuries;Below Average;4.6;70;0.5;0;0;2;0;0;0;0;0;0;0;1.1;1.4
Premier League;Bournemouth;Luis Sinisterra;AM (L);M (RL);M/AM (RL);27;"5'8""";£64K - £72K p/w;£32M;Reasonable;Very Strong;6.99;0;1335;0;0;0.0;3.1;3.1;-3.1;0.2;0%;0.0645833333333333;3.2;1.2;2.0;38%;0;0;0;9;0.6;5.66;0.4;84%;52.2;0.8;2.5;6.1;7.0;1.2;17;5.9;1.0;17;5.9;25;6;17.2;9.2;2.3;3.2;13.8;74;46;0;0.4;0.9;0.1;16;2;0;13.7;20.2;No recurring injuries;Below Average;6.0;38;0.2;0;0;1;0;0;0;0;0;0;0;1.5;2.3
Premier League;West Ham;Edson Álvarez;DM;D/M (C);D (C), DM, M (C);29;"6'3""";£90K - £125K p/w;£19.5M - £26M;Reasonable;Very Strong;6.80;0;1082;0;0;0.0;0.27;0.27;-0.27;0.0;0%;0.0245454545454545;0.9;0.4;0.8;45%;0;0;0;0;0.0;0.26;0.0;90%;58.8;0.0;0.8;8.1;0.0;0.0;0;0.0;0.0;0;0.2;2;0;6.7;8.7;0.7;3.4;4.2;53;17;1;0.4;1.3;0.3;7;0;0;12.4;10.1;No recurring injuries;Above Average;3.8;59;0.5;0;0;0;0;0;0;0;0;0;0;1.0;0.9
Ligue 1 McDonald's;RC Lens;Saud Abdulhamid;WB (R);;D/WB (R);27;"5'9""";£29K - £33.5K p/w;£3.4M - £5M;Reasonable;Very Strong;6.90;0;2048;0;0;0.0;0.68;0.68;-0.68;0.0;0%;0.0523076923076923;0.6;0.0;0.4;8%;1;0;0;1;0.0;3.8;0.2;87%;44.5;0.4;2.2;5.8;6.2;1.0;16;6.2;1.0;16;3.3;20;3;16.9;9.5;1.4;3.4;10.8;76;42;2;0.9;1.3;0.4;30;2;0;11.9;22.9;No recurring injuries;Average;2.0;39;0.0;0;0;0;0;0;0;0;0;0;0;0.8;0.7
Bundesliga;Borussia Dortmund;Gregor Kobel;GK;;GK;29;"6'5""";£115K - £155K p/w;£50M;Weak;Very Strong;6.94;3;1890;0;0;0.0;0;0;0;0.0;0%;0;0.0;0.0;0.0;0%;0;0;0;0;0.0;0;0.0;85%;24.2;0.0;0.0;0.2;0.0;0.0;0;0.0;0.0;0;0.0;7;0;4.8;6.1;0.1;0.0;0.0;100;2;0;0.0;1.3;0.0;2;2;0;5.8;0.0;No recurring injuries;Above Average;0.0;0;0.0;7;5.88;0;80;22;40;13;21;2;100;1.5;1.0
Eredivisie;Feyenoord;Oussama Targhalline;DM;;DM, M (C);24;"6'1""";£19.5K - £27.5K p/w;£20M - £33M;Reasonable;Very Strong;7.03;1;1401;0;0;0.0;1.27;1.27;-1.27;0.1;0%;0.141111111111111;0.6;0.0;0.1;0%;0;0;0;5;0.3;6.58;0.4;92%;59.7;0.4;1.2;7.3;0.1;0.1;100;0.1;0.1;100;0.1;4;1;5.5;15.4;1.4;3.1;5.8;73;30;3;0.6;0.6;0.4;13;2;0;11.6;13.6;No recurring injuries;High;1.3;60;0.1;0;0;0;0;0;0;0;0;0;0;1.4;1.0
First Division;Barcelona;Alejandro Balde;D (L);;D/WB (L);23;"5'9""";£54K - £89K p/w;£56M - £87M;Very Strong;Reasonable;6.77;0;1606;0;0;0.0;0.04;0.04;-0.04;0.0;0%;0.02;0.1;0.0;0.1;0%;0;0;0;0;0.0;1.88;0.1;93%;68.0;0.1;0.8;9.8;1.0;0.4;47;1.0;0.4;47;1.6;15;4;15.1;12.7;2.4;3.4;7.3;84;51;2;0.4;0.4;0.3;22;4;0;11.7;16.0;No recurring injuries;Above Average;2.9;53;0.0;0;0;0;0;0;0;0;0;0;0;1.8;1.1
Eredivisie;Ajax;Oleksandr Zinchenko;D (L);DM, M (C);D/WB (L), DM, M (C);29;"5'9""";£42K - £62K p/w;£11M - £14M;Very Strong;Reasonable;6.96;1;1358;0;0;0.0;0.78;0.78;-0.78;0.1;0%;0.156;0.3;0.1;0.1;20%;0;0;0;3;0.2;2.18;0.1;90%;67.5;0.3;1.0;9.2;3.0;0.6;19;2.9;0.5;18;1.0;8;0;8.4;16.1;1.7;3.6;6.6;74;35;1;0.5;1.1;0.5;30;4;0;11.2;15.5;Recurring moderate calf muscle strain;Very High;2.7;63;0.1;0;0;0;0;0;0;0;0;0;0;1.9;1.0
Premier League;Benfica;Anatolii Trubin;GK;;GK;25;"6'6""";£47K - £77K p/w;£56M - £92M;Reasonable;Very Strong;6.92;1;1710;0;0;0.0;0;0;0;0.0;0%;0;0.0;0.0;0.0;0%;0;0;0;0;0.0;0;0.0;84%;22.8;0.0;0.0;0.3;0.0;0.0;0;0.0;0.0;0;0.0;4;0;5.7;5.8;0.0;0.1;0.0;0;1;0;0.0;2.4;0.0;0;0;0;5.3;0.0;No recurring injuries;Below Average;0.0;0;0.0;10;0.5;0;74;18;26;2;17;1;0;1.6;0.9
Ligue 1 McDonald's;Olympique de Marseille;Quinten Timber;DM;D/AM (C);D (C), DM, M/AM (C);25;"5'10""";£48.5K - £61K p/w;£25M - £39M;Reasonable;Very Strong;6.92;1;1268;0;0;0.0;0.63;0.63;-0.63;0.0;0%;0.063;0.7;0.1;0.4;20%;1;0;0;3;0.2;2.61;0.2;92%;69.0;0.4;0.6;8.4;0.3;0.1;50;0.3;0.1;50;0.4;4;0;8.6;10.1;0.8;2.7;7.2;46;24;1;0.6;0.9;0.1;5;1;0;11.5;12.3;No recurring injuries;Above Average;1.2;59;0.1;0;0;0;0;0;0;0;0;0;0;0.9;1.2
Premier League;Crystal Palace;Chris Richards;D (C);D (RL);D (RLC);26;"6'2""";£73K - £82K p/w;£15M;Fairly Strong;Very Strong;6.79;0;1300;0;0;0.0;0.39;0.39;-0.39;0.0;0%;0.0975;0.3;0.1;0.1;25%;0;0;0;0;0.0;0.73;0.1;94%;65.4;0.1;0.3;4.4;0.4;0.1;33;0.4;0.1;33;0.1;1;0;5.1;8.2;0.6;2.2;3.2;82;11;1;0.4;0.8;0.3;3;0;0;10.6;6.3;No recurring injuries;Above Average;5.1;75;1.4;0;0;0;0;0;0;0;0;0;0;1.2;1.7
Premier League;Newcastle;Sven Botman;D (C);;D (C);26;"6'4""";£110K - £125K p/w;£64M - £75M;Very Strong;Reasonable;7.02;0;1840;0;0;0.0;0.52;0.52;-0.52;0.0;0%;0.0577777777777778;0.4;0.2;0.0;44%;0;0;0;0;0.0;0.15;0.0;95%;64.9;0.0;0.1;4.1;0.0;0.0;100;0.0;0.0;100;0.0;0;0;3.4;11.8;1.0;3.9;2.2;91;23;8;0.6;0.8;0.6;11;4;0;10.7;5.1;No recurring injuries;Above Average;5.5;69;1.1;0;0;2;0;0;0;0;0;0;0;2.2;0.9
Eredivisie;PSV;Sergiño Dest;WB (R);;D/WB (RL);26;"5'7""";£35K - £50K p/w;£15.5M - £20M;Reasonable;Very Strong;6.81;1;1274;0;0;0.0;0.63;0.63;-0.63;0.0;0%;0.063;0.7;0.1;0.4;20%;0;0;0;1;0.1;1.69;0.1;88%;67.0;0.2;0.6;9.3;1.1;0.2;18;1.1;0.2;19;1.4;5;1;13.3;11.4;2.2;3.7;7.1;79;39;2;0.4;0.4;0.4;19;4;0;11.2;14.1;Recurring back strain and calf strain;Very High;2.6;35;0.0;0;0;0;0;0;0;0;0;0;0;1.6;1.0
Eredivisie;AZ;Seiya Maikuma;D (R);;D/WB (R);29;"5'10""";£7K - £10.25K p/w;£11M - £14.5M;Fairly Strong;Very Strong;7.12;1;1917;0;0;0.0;0.51;0.51;-0.51;0.0;0%;0.0425;0.6;0.1;0.3;17%;0;0;0;7;0.3;2.68;0.1;92%;60.5;0.1;0.9;8.8;1.5;0.3;18;1.5;0.3;18;0.7;9;0;12.4;12.9;2.1;3.3;7.8;80;56;3;0.4;0.8;0.4;18;4;0;11.5;16.7;No recurring injuries;Below Average;2.9;41;0.1;0;0;0;0;0;0;0;0;0;0;1.4;0.7
Ligue 1 McDonald's;Paris SG;Willian Pacho;D (C);D (L);D (LC);25;"6'2""";£97K - £145K p/w;£74M - £95M;Very Strong;Reasonable;7.11;0;1980;0;0;0.0;1.22;1.22;-1.22;0.1;0%;0.110909090909091;0.5;0.3;0.1;55%;0;0;0;0;0.0;0.78;0.0;93%;59.1;0.0;0.2;3.7;0.0;0.0;0;0.0;0.0;0;0.0;3;1;3.3;14.7;0.7;3.1;2.5;76;21;3;0.6;0.9;0.5;9;1;0;10.5;4.9;No recurring injuries;Below Average;5.7;72;0.9;0;0;0;0;0;0;0;0;0;0;2.2;0.5
Bundesliga;Bayer 04 Leverkusen;Julián Araujo;D (R);M (R);D/WB/M (R);25;"5'9""";£36.5K - £54K p/w;£22M - £36M;Fairly Strong;Very Strong;6.95;0;1121;0;0;0.0;0.6;0.6;-0.6;0.0;0%;0.075;0.6;0.0;0.4;0%;0;0;0;1;0.1;0.42;0.0;87%;62.3;0.1;0.6;7.1;1.0;0.2;15;1.0;0.2;15;0.3;8;0;13.5;10.1;1.9;3.1;7.8;80;30;3;0.2;0.9;0.8;14;3;0;12.0;16.7;No recurring injuries;Below Average;2.6;56;0.2;0;0;0;0;0;0;0;0;0;0;1.4;0.8
Serie A;Parthenope;Jhon Lucumí;D (C);;D (C);28;"6'1""";£55K - £65K p/w;£14M - £20M;Very Strong;Fairly Strong;7.02;1;1961;0;0;0.0;0.59;0.59;-0.59;0.0;0%;0.118;0.2;0.0;0.0;20%;0;0;0;3;0.1;2.26;0.1;94%;53.0;0.2;0.2;1.7;0.0;0.0;0;0.0;0.0;0;0.0;9;0;3.4;16.9;0.6;3.2;3.3;63;19;1;0.7;1.1;0.4;19;9;1;10.5;3.2;No recurring injuries;Very Low;5.5;58;1.1;0;0;0;0;0;0;0;0;0;0;1.3;0.8
Premier League;Brighton;Jan Paul van Hecke;D (C);;D (C);26;"6'2""";£93K - £105K p/w;£49M - £59M;Reasonable;Very Strong;6.73;0;1620;0;0;0.0;0.26;0.26;-0.26;0.0;0%;0.0433333333333333;0.3;0.1;0.1;17%;0;0;0;0;0.0;1.38;0.1;94%;60.9;0.1;0.2;3.7;0.0;0.0;0;0.0;0.0;0;0.1;0;0;4.6;10.0;0.2;3.7;2.2;29;14;0;0.5;1.6;0.4;6;2;0;11.0;6.9;No recurring injuries;Low;5.6;59;1.4;0;0;1;0;0;0;0;0;0;0;1.4;2.4
Premier League;Brighton;Bart Verbruggen;GK;;GK;24;"6'4""";£51K - £75K p/w;£62M - £76M;Reasonable;Very Strong;6.66;0;1260;0;0;0.0;0;0;0;0.0;0%;0;0.0;0.0;0.0;0%;0;0;0;0;0.0;0;0.0;94%;28.9;0.0;0.0;0.2;0.0;0.0;0;0.0;0.0;0;0.0;0;0;2.6;9.4;0.0;0.5;0.0;0;1;0;0.0;1.6;0.0;0;0;0;7.0;0.4;No recurring injuries;Average;0.0;0;0.0;0;-19.56;0;61;25;29;9;40;1;0;1.3;2.9
Premier League;Newcastle;Lewis Hall;D (L);;D/WB (L);22;"5'10""";£81K - £110K p/w;£44M - £58M;Very Strong;Reasonable;6.93;0;1394;0;0;0.0;0.03;0.03;-0.03;0.0;0%;0.01;0.2;0.1;0.2;67%;0;0;0;2;0.1;1.09;0.1;91%;80.7;0.1;0.6;8.1;3.8;0.7;18;1.0;0.2;20;0.6;3;0;10.8;12.1;2.0;3.7;7.2;66;47;1;0.6;0.8;0.2;10;0;0;12.8;17.1;No recurring injuries;Average;3.1;42;0.1;0;0;0;0;0;0;0;0;0;0;2.2;0.8
Serie A;Empoli FC;Aïssa Mandi;D (C);D (RL);D (RLC);35;"6'0""";£9.5K - £15.25K p/w;Not for Sale;Reasonable;Very Strong;7.09;2;1226;0;0;0.0;1.24;1.24;-1.24;0.1;0%;0.155;0.6;0.1;0.2;13%;0;0;0;1;0.1;1.61;0.1;88%;52.5;0.4;0.7;6.5;1.4;0.1;5;1.4;0.1;5;0.6;13;0;11.1;9.2;2.2;3.3;5.9;91;33;2;0.4;0.8;1.1;23;3;0;9.4;13.2;No recurring injuries;Very Low;4.9;66;0.4;0;0;1;0;0;0;0;0;0;0;0.4;1.2
Serie A;Bergamo;Marten de Roon;DM, M (C);D (C);D (C), DM, M (C);35;"6'1""";£44K - £73K p/w;Not for Sale;Reasonable;Very Strong;6.98;0;1327;0;0;0.0;0.22;0.22;-0.22;0.0;0%;0.0275;0.5;0.1;0.5;25%;0;0;0;0;0.0;1.01;0.1;93%;61.1;0.3;0.7;6.6;0.2;0.0;0;0.2;0.0;0;0.1;11;0;5.5;10.0;1.3;2.4;5.7;83;23;0;0.4;0.7;0.2;15;2;0;11.8;13.7;No recurring injuries;Very Low;2.1;55;0.3;0;0;0;0;0;0;0;0;0;0;1.3;1.2
Serie A;Celesti;Nicolò Rovella;DM;;DM;25;"5'10""";£100K - £120K p/w;£51M;Reasonable;Very Strong;6.99;0;1684;0;0;0.0;0.61;0.61;-0.61;0.0;0%;0.0871428571428571;0.4;0.2;0.3;43%;0;0;0;4;0.2;2.43;0.1;94%;54.8;0.4;0.6;6.5;2.2;0.2;7;0.4;0.1;29;0.1;8;0;5.4;12.9;1.1;3.3;7.7;84;25;4;0.6;0.9;0.3;18;7;0;12.1;11.8;No recurring injuries;Very Low;1.3;71;0.2;0;0;0;0;0;0;0;0;0;0;1.2;1.1
First Division;Getafe;Djéné Dakonam;D (C);DM;D (C), DM;34;"5'10""";£15.5K - £26K p/w;£150K - £1.5M;Reasonable;Very Strong;6.74;0;1260;0;0;0.0;0.25;0.25;-0.25;0.0;0%;0.0833333333333333;0.2;0.0;0.0;0%;0;0;0;0;0.0;0.59;0.0;90%;48.6;0.1;0.1;2.4;0.0;0.0;0;0.0;0.0;0;0.1;3;0;3.6;10.4;0.6;2.6;1.9;82;11;2;1.0;0.9;0.9;4;1;0;10.6;4.6;No recurring injuries;Below Average;3.3;46;0.4;0;0;0;0;0;0;0;0;0;0;0.8;1.6
Premier League;BRG;Florian Grillitsch;DM;D/M (C);D (C), DM, M (C);31;"6'2""";£16.25K - £23.5K p/w;Not for Sale;Reasonable;Very Strong;6.92;0;1584;0;0;0.0;0.15;0.15;-0.15;0.0;0%;0.0375;0.2;0.1;0.0;25%;0;0;0;0;0.0;1.79;0.1;93%;59.7;0.2;1.1;7.6;0.0;0.0;0;0.0;0.0;0;0.2;7;0;6.8;15.3;1.1;2.4;5.1;59;34;1;0.6;0.7;0.1;7;0;0;11.6;11.4;No recurring injuries;High;1.9;58;0.2;0;0;0;0;0;0;0;0;0;0;1.2;0.7
Premier League;Coventry;David Jurásek;D (L);;D/WB (L);26;"6'0""";£21K - £29.5K p/w;£2.9M - £6.2M;Very Strong;Reasonable;6.70;0;1092;0;0;0.0;0.29;0.29;-0.29;0.0;0%;0.0414285714285714;0.6;0.1;0.3;14%;0;0;0;1;0.1;0.86;0.1;89%;56.3;0.2;1.2;8.2;5.3;0.3;6;4.8;0.3;7;1.6;8;2;14.2;11.0;2.6;4.8;9.1;82;39;2;0.4;2.1;0.2;25;5;0;13.0;20.6;No recurring injuries;Above Average;3.5;52;0.5;0;0;1;0;0;0;0;0;0;0;0.8;1.7
Serie A;Fiorentina;Dodo;WB (R);M (R);D/WB/M (R);28;"5'5""";£55K - £64K p/w;£22M;Reasonable;Very Strong;6.90;1;1972;0;0;0.0;0.88;0.88;-0.88;0.0;0%;0.146666666666667;0.3;0.1;0.1;50%;1;0;0;3;0.1;2.67;0.1;88%;48.7;0.4;2.1;4.9;6.0;1.1;18;6.0;1.1;19;2.3;32;7;13.7;11.2;2.0;2.2;10.9;73;60;0;0.5;0.9;0.2;40;6;1;11.5;22.2;No recurring injuries;Very Low;3.1;41;0.1;0;0;0;0;0;0;0;0;0;0;1.3;0.7
First Division;Real Hispalis;Natan;D (C);;D (C);25;"6'2""";£40.5K - £59K p/w;£47M - £58M;Very Strong;Weak;6.95;0;1286;0;0;0.0;0.49;0.49;-0.49;0.0;0%;0.0816666666666667;0.4;0.1;0.1;33%;0;0;0;2;0.1;2.33;0.2;94%;45.3;0.0;0.2;2.2;0.0;0.0;0;0.0;0.0;0;0.1;2;1;2.0;21.4;0.5;2.9;2.3;88;8;0;0.5;1.0;0.6;7;1;0;10.4;4.5;No recurring injuries;Below Average;5.0;75;1.0;0;0;0;0;0;0;0;0;0;0;2.1;0.8
Serie A;Casciavit;Koni De Winter;D (R);;D (C);24;"6'3""";£45K - £53K p/w;£40M - £58M;Reasonable;Very Strong;6.96;0;1553;0;0;0.0;0.9;0.9;-0.9;0.1;0%;0.128571428571429;0.4;0.1;0.1;29%;1;0;0;0;0.0;0.52;0.0;94%;47.9;0.2;0.2;2.3;0.0;0.0;0;0.0;0.0;0;0.1;4;1;3.4;12.6;0.6;2.1;3.6;61;18;1;0.6;0.6;0.3;7;2;0;10.4;4.2;No recurring injuries;Very Low;5.2;70;1.2;0;0;0;0;0;0;0;0;0;0;1.7;1.0
Bundesliga;VfB Stuttgart;Xaver Schlager;DM;;DM, M (C);29;"5'9""";£64K - £82K p/w;£18M - £28M;Very Strong;Fairly Strong;7.13;3;1546;0;0;0.0;0.76;0.76;-0.76;0.0;0%;0.095;0.5;0.2;0.3;38%;0;0;0;4;0.2;2.76;0.2;93%;67.5;0.3;1.2;8.2;1.7;0.3;20;0.2;0.1;33;0.3;10;0;5.9;15.2;1.6;3.6;7.1;77;35;1;0.5;0.4;0.2;14;2;0;11.5;13.0;No recurring injuries;High;1.4;50;0.1;0;0;0;0;0;0;0;0;0;0;2.0;1.2
Bundesliga;1. FC Union Berlin;Alex Král;DM;D (C);D (C), DM, M (C);28;"6'1""";£15.75K - £27K p/w;£550K - £5.6M;Reasonable;Very Strong;7.01;0;1087;0;0;0.0;0.7;0.7;-0.7;0.1;0%;0.175;0.3;0.0;0.0;0%;0;0;0;2;0.2;1.05;0.1;92%;51.1;0.2;0.6;6.0;0.2;0.0;0;0.2;0.0;0;0.3;5;0;7.5;10.1;1.2;2.6;6.8;74;19;0;0.4;0.7;0.1;10;2;0;11.3;11.1;No recurring injuries;Below Average;2.6;65;0.4;0;0;0;0;0;0;0;0;0;0;0.8;1.2
Premier League;Spurs;Luka Vušković;D (C);;D (C);19;"6'4""";£53K - £60K p/w;£53M - £64M;Reasonable;Very Strong;7.01;1;1436;0;0;0.0;0.93;0.93;-0.93;0.1;0%;0.0845454545454545;0.7;0.3;0.1;36%;0;0;0;0;0.0;1.15;0.1;92%;65.0;0.1;0.3;4.8;0.2;0.1;33;0.1;0.1;50;0.1;0;0;5.6;10.5;0.5;2.4;2.3;73;11;0;0.7;1.2;0.5;6;0;0;10.6;9.8;No recurring injuries;Below Average;7.6;79;1.8;0;0;1;0;0;0;0;0;0;0;1.5;0.9
Serie A;Parthenope;Amir Rrahmani;D (C);;D (C);32;"6'4""";£77K - £120K p/w;Not for Sale;Reasonable;Very Strong;7.03;1;1758;0;0;0.0;0.41;0.41;-0.41;0.0;0%;0.0372727272727273;0.6;0.1;0.2;9%;1;0;0;0;0.0;0.53;0.0;92%;54.5;0.1;0.3;2.5;0.0;0.0;0;0.0;0.0;0;0.0;5;0;2.5;16.5;0.3;3.2;2.1;86;7;3;0.6;0.9;0.5;11;5;0;9.6;3.9;No recurring injuries;Very Low;6.6;75;1.0;0;0;0;0;0;0;0;0;0;0;1.4;0.9
Premier League;Coventry;Harry Maguire;D (C);;D (C);33;"6'4""";£59K - £67K p/w;Not for Sale;Fairly Strong;Very Strong;6.65;0;1170;0;0;0.0;0.48;0.48;-0.48;0.0;0%;0.08;0.5;0.1;0.1;17%;0;0;0;0;0.0;0.06;0.0;92%;38.5;0.0;0.2;2.1;0.0;0.0;0;0.0;0.0;0;0.0;0;0;3.9;8.2;0.6;2.6;1.8;89;9;3;0.7;1.3;0.6;5;1;0;10.0;4.5;No recurring injuries;Below Average;5.2;69;1.8;0;0;1;0;0;0;0;0;0;0;1.0;1.8
Premier League;Fulham;Joachim Andersen;D (C);;D (C);30;"6'4""";£125K - £145K p/w;£26M - £32M;Fairly Strong;Very Strong;6.76;0;1530;0;0;0.0;0.82;0.82;-0.82;0.0;0%;0.1025;0.5;0.2;0.0;38%;0;0;0;0;0.0;0;0.0;92%;46.9;0.0;0.0;2.2;0.0;0.0;0;0.0;0.0;0;0.1;0;0;3.7;11.2;0.9;3.5;2.8;84;19;3;0.9;0.9;0.8;7;3;0;10.4;4.5;No recurring injuries;Below Average;6.9;64;1.7;0;0;0;0;0;0;0;0;0;0;1.3;1.9
Premier League;West Ham;Aaron Wan-Bissaka;D (R);;D (R);29;"6'0""";£105K - £140K p/w;£14.5M - £18.5M;Weak;Very Strong;6.84;0;1392;0;0;0.0;0.65;0.65;-0.65;0.0;0%;0.0722222222222222;0.6;0.1;0.5;22%;0;0;0;1;0.1;1.27;0.1;88%;57.0;0.1;1.1;9.9;3.5;0.5;14;3.5;0.5;15;1.3;3;3;11.7;11.4;2.6;3.8;9.3;71;56;0;0.8;1.4;0.5;22;3;0;12.4;15.8;No recurring injuries;Below Average;3.5;56;0.2;0;0;0;0;0;0;0;0;0;0;1.2;0.9
First Division;Levante;Mathew Ryan;GK;;GK;34;"6'0""";£17K - £25.5K p/w;Not for Sale;Weak;Very Strong;6.58;2;1277;0;0;0.0;0;0;0;0.0;0%;0;0.0;0.0;0.0;0%;0;0;0;0;0.0;0;0.0;78%;22.6;0.0;0.0;0.0;0.0;0.0;0;0.0;0.0;0;0.0;5;0;8.7;3.4;0.0;0.1;0.0;0;1;0;0.0;2.8;0.0;0;0;0;4.8;0.0;No recurring injuries;Below Average;0.0;0;0.0;4;4.93;3;77;17;44;16;22;1;0;0.5;1.6
First Division;Real Hispalis;Héctor Bellerín;WB (R);;D/WB (R);31;"5'10""";£24K - £42.5K p/w;£7.4M - £12M;Reasonable;Very Strong;6.76;0;1328;0;0;0.0;0.92;0.92;-0.92;0.1;0%;0.102222222222222;0.6;0.3;0.2;44%;1;0;0;0;0.0;0.37;0.0;93%;61.4;0.0;0.8;8.3;0.8;0.2;25;0.8;0.2;25;1.2;8;2;12.2;12.9;0.9;3.3;6.4;59;22;0;0.6;1.0;0.6;16;1;1;11.8;15.0;No recurring injuries;High;3.2;64;0.1;0;0;0;0;0;0;0;0;0;0;1.8;0.8
Sky Bet Championship;Sunderland;Reinildo;D (L);WB (L);D (LC), WB (L);32;"5'11""";£27K - £38.5K p/w;£400K - £3.9M;Very Strong;Weak;6.84;0;1763;0;0;0.0;0.25;0.25;-0.25;0.0;0%;0.0833333333333333;0.2;0.0;0.0;0%;0;0;0;1;0.1;3.22;0.2;94%;54.7;0.3;0.3;3.2;0.8;0.2;25;0.8;0.2;25;0.3;8;3;4.5;14.9;0.4;2.3;3.7;57;14;1;0.4;0.6;0.8;20;4;0;10.0;5.9;No recurring injuries;Above Average;4.6;51;0.9;0;0;0;0;0;0;0;0;0;0;0.7;0.7
Premier League;Man Utd;Lisandro Martínez;D (C);D (L);D (LC);28;"5'9""";£120K p/w;£11M - £12M;Very Strong;Reasonable;6.73;0;1271;0;0;0.0;0.68;0.68;-0.68;0.0;0%;0.085;0.6;0.4;0.2;75%;0;0;0;1;0.1;0.79;0.1;93%;52.9;0.2;0.4;6.7;0.1;0.0;0;0.1;0.0;0;0.2;4;1;4.7;9.5;0.8;3.6;3.5;67;18;0;0.6;1.3;0.6;11;1;1;11.1;12.7;No recurring injuries;Below Average;4.7;58;0.4;0;0;0;0;0;0;0;0;0;0;2.8;2.8
Bundesliga;VfL Wolfsburg;Joakim Mæhle;WB (R);;D/WB (RL);29;"6'1""";£37.5K - £55K p/w;£6.4M - £10.5M;Reasonable;Very Strong;6.85;0;1155;0;0;0.0;0.31;0.31;-0.31;0.0;0%;0.062;0.4;0.0;0.2;0%;1;0;0;0;0.0;0.55;0.0;87%;61.2;0.0;0.8;8.0;1.6;0.2;15;1.6;0.2;15;0.8;12;3;16.1;11.5;2.3;2.6;8.0;74;39;0;0.3;1.0;0.2;25;1;0;11.9;17.1;No recurring injuries;Above Average;4.2;65;0.5;0;0;0;0;0;0;0;0;0;0;0.8;1.7
Premier League;Brentford;Jordan Henderson;M (C);;DM, M (C);36;"6'0""";£46K - £67K p/w;£250K - £2.6M;Weak;Very Strong;6.88;0;1764;0;0;0.0;0.76;0.76;-0.76;0.0;0%;0.0361904761904762;1.1;0.5;0.8;43%;0;0;0;3;0.2;1.92;0.1;92%;55.1;0.2;0.5;6.8;3.8;0.7;18;0.1;0.1;50;0.1;3;0;7.1;8.9;1.2;2.7;5.1;72;32;4;1.0;1.3;0.7;8;1;0;12.5;14.4;No recurring injuries;Above Average;2.6;44;0.2;0;0;0;0;0;0;0;0;0;0;1.7;1.9
Premier League;Newcastle;Mile Svilar;GK;;GK;27;"6'2""";£83K - £99K p/w;£71M;Weak;Very Strong;7.04;1;1800;0;0;0.0;0;0;0;0.0;0%;0;0.0;0.0;0.0;0%;0;0;0;0;0.0;0.01;0.0;98%;26.6;0.0;0.0;0.2;0.0;0.0;0;0.0;0.0;0;0.0;2;0;1.4;8.1;0.0;0.2;0.0;0;1;0;0.0;1.2;0.0;0;0;0;7.1;0.1;No recurring injuries;Below Average;0.0;0;0.0;4;2.84;1;78;28;34;8;20;1;0;2.1;1.0
Eredivisie;PSV;Mads Bech Sørensen;D (C);D (L), DM;D (LC), DM;27;"6'4""";£21.5K - £30.5K p/w;£8.2M - £13.5M;Very Strong;Weak;7.01;1;1750;0;0;0.0;0.66;0.66;-0.66;0.0;0%;0.11;0.3;0.1;0.1;17%;0;0;0;2;0.1;1.81;0.1;96%;54.9;0.1;0.3;2.7;0.1;0.0;0;0.1;0.0;0;0.1;5;0;3.2;16.9;0.3;2.8;2.7;75;8;3;0.3;0.4;0.5;6;0;0;9.9;4.8;Recurring torn anterior cruciate ligament;Very High;5.6;73;1.0;0;0;0;0;0;0;0;0;0;0;1.4;0.8
Ligue 1 McDonald's;Olympique de Marseille;Nayef Aguerd;D (C);;D (C);30;"6'2""";£34K - £38.5K p/w;£11.5M;Very Strong;Weak;6.89;0;1530;0;0;0.0;0.63;0.63;-0.63;0.0;0%;0.07875;0.5;0.1;0.1;25%;0;0;0;1;0.1;0.52;0.0;93%;58.2;0.1;0.2;3.2;0.1;0.0;0;0.1;0.0;0;0.1;4;0;3.4;12.9;0.6;3.5;2.4;83;12;1;0.6;1.3;0.7;8;1;0;9.8;5.0;No recurring injuries;Below Average;5.6;66;1.0;0;0;0;0;0;0;0;0;0;0;0.9;1.5
Ligue 1 McDonald's;Olympique de Marseille;Gerónimo Rulli;GK;;GK;34;"6'2""";£37K - £43K p/w;Not for Sale;Weak;Very Strong;6.68;1;1800;0;0;0.0;0;0;0;0.0;0%;0;0.0;0.0;0.0;0%;0;0;0;0;0.0;0;0.0;90%;25.8;0.0;0.0;0.1;0.0;0.0;0;0.0;0.0;0;0.0;0;0;4.5;5.2;0.0;0.3;0.0;0;1;0;0.0;1.2;0.0;0;0;0;5.9;0.0;No recurring injuries;Below Average;0.0;0;0.0;6;-4.35;0;68;17;32;6;25;1;0;0.9;1.2
Bundesliga;Bayer 04 Leverkusen;Equi Fernández;DM;;DM, M (C);24;"5'10""";£78K - £115K p/w;£36M - £58M;Very Strong;Fairly Strong;7.08;2;1368;0;0;0.0;0.42;0.42;-0.42;0.0;0%;0.0525;0.5;0.1;0.4;13%;0;0;0;4;0.3;3.96;0.3;93%;69.3;0.5;1.2;7.2;0.2;0.1;66;0.2;0.1;67;0.1;9;2;5.2;12.6;1.5;2.2;6.1;77;30;1;0.2;0.6;0.1;21;5;1;12.3;12.5;No recurring injuries;Average;2.1;72;0.1;0;0;0;0;0;0;0;0;0;0;1.4;0.9
Bundesliga;Eintracht Frankfurt;Rasmus Kristensen;D (R);D (C);D (RC), WB (R);29;"6'2""";£39K - £56K p/w;£8.8M - £14.5M;Reasonable;Very Strong;7.07;1;1249;0;0;0.0;0.45;0.45;-0.45;0.0;0%;0.05;0.6;0.1;0.2;22%;1;0;0;0;0.0;0.45;0.0;87%;73.1;0.1;0.6;8.3;1.7;0.4;21;1.7;0.4;22;0.6;9;2;17.8;10.0;2.6;3.1;7.6;88;41;1;0.2;0.6;1.0;22;7;1;11.6;17.4;No recurring injuries;Average;4.2;69;0.4;0;0;0;0;0;0;0;0;0;0;1.1;0.9
Premier League;Bournemouth;Evanilson;ST (C);;ST (C);27;"6'0""";£85K - £100K p/w;£55M - £67M;Fairly Strong;Very Strong;7.19;4;1280;13;98.4615384615385;0.9;9.11;9.11;3.89;0.6;33%;0.233589743589744;2.7;1.1;0.4;41%;0;0;0;0;0.0;2.07;0.1;87%;21.3;0.4;1.1;0.6;0.4;0.3;66;0.4;0.3;67;0.7;13;21;5.6;2.0;0.1;0.7;2.1;67;3;0;0.1;0.1;0.1;24;1;0;11.9;8.3;No recurring injuries;Above Average;8.5;31;0.1;0;0;0;0;0;0;0;0;0;0;1.6;2.0
Serie BKT;Venezia;Yussuf Poulsen;ST (C);;ST (C);32;"6'4""";£13.5K - £20K p/w;Not for Sale;Fairly Strong;Very Strong;7.19;0;1266;12;105.5;0.9;5;5;7;0.4;33%;0.138888888888889;2.6;1.2;0.0;47%;0;0;0;4;0.3;0.99;0.1;63%;21.3;0.0;0.0;0.0;0.0;0.0;0;0.0;0.0;0;0.0;17;0;0.0;0.0;0.9;0.0;0.0;81;16;0;0.0;0.0;0.0;32;0;0;0.0;0.0;No recurring injuries;Very Low;0.0;0;0.0;0;0;0;0;0;0;0;0;0;0;0.0;0.0
Serie BKT;Hellas Verona;Amin Sarr;ST (C);AM (RL);AM (RL), ST (C);25;"6'2""";£25K - £29.5K p/w;£10M - £12.5M;Reasonable;Very Strong;7.44;0;1225;10;122.5;0.7;3.33;3.33;6.67;0.2;30%;0.100909090909091;2.4;1.4;0.2;58%;0;0;0;5;0.4;1.52;0.1;72%;22.8;0.0;0.4;0.3;0.1;0.1;100;0.1;0.1;100;0.1;24;1;4.8;0.7;0.7;0.1;0.6;53;17;0;0.0;0.0;0.0;16;0;0;2.6;1.2;No recurring injuries;Very Low;1.7;39;0.1;0;0;0;0;0;0;0;0;0;0;0.3;0.3
Bundesliga;RB Leipzig;Rômulo;ST (C);;ST (C);24;"6'4""";£33K - £54K p/w;£16.5M - £27M;Fairly Strong;Very Strong;7.14;3;1297;10;129.7;0.7;6.6;5.83;3.4;0.5;22%;0.146666666666667;3.1;1.8;1.0;58%;1;2;100;3;0.2;3.03;0.2;85%;33.0;0.5;1.1;0.9;0.2;0.1;33;0.2;0.1;33;1.0;27;11;17.8;2.0;0.1;1.0;2.0;100;1;0;0.1;0.1;0.0;13;0;0;11.1;6.0;No recurring injuries;Average;6.0;35;0.1;0;0;0;0;0;0;0;0;0;0;1.8;0.8
First Division;Vallecano;Alemão;ST (C);;ST (C);28;"6'0""";£8.25K - £13.75K p/w;£9M - £14.5M;Reasonable;Very Strong;6.97;0;1102;8;137.75;0.7;4.1;4.1;3.9;0.3;23%;0.117142857142857;2.9;1.6;0.7;57%;1;1;100;1;0.1;1.1;0.1;96%;31.8;0.2;1.1;1.1;0.3;0.0;0;0.3;0.0;0;0.4;18;6;21.4;2.3;0.3;0.6;1.8;80;5;0;0.1;0.2;0.0;7;0;0;11.1;6.6;No recurring injuries;Above Average;5.7;41;0.0;0;0;0;0;0;0;0;0;0;0;1.3;1.2
Second Division;Espanyol;Roberto Fernández;ST (C);AM (RL);AM (RL), ST (C);24;"6'1""";£14K - £16K p/w;£19M - £25M;Fairly Strong;Very Strong;7.02;2;1552;11;141.090909090909;0.6;6.47;6.47;4.53;0.4;19%;0.111551724137931;3.4;1.9;1.2;55%;3;0;0;3;0.2;2.01;0.1;89%;31.4;0.3;0.6;0.5;0.3;0.1;20;0.3;0.1;20;1.3;47;22;16.6;2.1;0.1;1.2;1.0;67;3;0;0.2;0.2;0.0;21;1;0;11.1;6.6;No recurring injuries;Average;6.8;32;0.0;0;0;0;0;0;0;0;0;0;0;1.2;1.0
Jupiler Pro League;KV Kortrijk;Thierry Ambrose;ST (C);AM (R);AM (R), ST (C);29;"5'10""";£5.25K - £9K p/w;£4.4M - £8.8M;Weak;Very Strong;6.85;0;1456;10;145.6;0.6;7.96;6.34;2.04;0.5;18%;0.144727272727273;3.4;1.7;1.0;49%;1;2;0;1;0.1;2.22;0.1;87%;23.9;0.3;1.4;1.1;0.3;0.1;20;0.3;0.1;20;0.7;32;10;15.8;3.2;0.1;0.7;1.5;33;6;0;0.1;0.2;0.0;11;0;0;10.2;4.9;Recurring partially torn ankle ligaments;Very High;9.0;34;0.1;0;0;0;0;0;0;0;0;0;0;1.4;1.2
Serie BKT;AC Monza;Keita Baldé;ST (C);AM (RLC);AM (RLC), ST (C);31;"5'11""";£18K - £27K p/w;Not for Sale;Reasonable;Very Strong;7.61;0;1350;9;150;0.6;5.17;5.17;3.83;0.3;21%;0.120232558139535;2.9;1.6;0.0;56%;0;0;0;2;0.1;1.12;0.1;64%;20.0;0.0;0.0;0.0;0.0;0.0;0;0.0;0.0;0;0.0;21;0;0.0;0.0;1.8;0.0;0.0;54;50;0;0.0;0.0;0.0;16;0;0;0.0;0.0;No recurring injuries;Very Low;0.0;0;0.0;0;0;0;0;0;0;0;0;0;0;0.0;0.0
Serie BKT;Cremonese;Michy Batshuayi;ST (C);;ST (C);33;"6'1""";£32.5K - £49.5K p/w;£220K - £2.2M;Strong;Very Strong;6.85;0;1350;9;150;0.6;8.94;8.14;0.06;0.6;20%;0.198666666666667;3.0;1.3;0.0;42%;0;1;100;6;0.4;1.26;0.1;56%;20.0;0.0;0.0;0.0;0.0;0.0;0;0.0;0.0;0;0.0;17;0;0.0;0.0;0.7;0.0;0.0;58;19;0;0.0;0.0;0.0;30;0;0;0.0;0.0;No recurring injuries;Very Low;0.0;0;0.0;0;0;0;0;0;0;0;0;0;0;0.0;0.0
Ligue 1 McDonald's;Brest;Ludovic Ajorque;ST (C);;ST (C);32;"6'5""";£24K - £34K p/w;Not for Sale;Very Strong;Reasonable;7.06;3;1545;10;154.5;0.6;6.44;6.44;3.56;0.4;20%;0.126274509803922;3.0;1.2;0.8;39%;0;3;100;0;0.0;1.63;0.1;89%;29.6;0.3;1.0;0.8;0.5;0.1;22;0.5;0.1;22;0.6;29;16;11.5;2.2;0.2;0.4;1.3;100;4;0;0.0;0.1;0.0;19;0;0;10.5;5.7;No recurring injuries;Average;9.1;53;0.2;0;0;0;0;0;0;0;0;0;0;1.2;1.2
Second Division;S. Gijón;Jonathan Dubasin;AM (R);M (R), AM (L);M (R), AM (RL), ST (C);26;"5'11""";£26.5K - £30K p/w;£28M - £33M;Fairly Strong;Very Strong;7.05;1;1457;9;161.888888888889;0.6;6.48;5.67;2.52;0.4;16%;0.117818181818182;3.4;1.9;1.1;55%;5;1;0;3;0.2;1.91;0.1;90%;27.7;0.1;1.2;0.9;0.2;0.1;50;0.2;0.1;50;0.7;35;12;13.4;2.8;0.1;0.7;1.5;25;4;0;0.1;0.2;0.0;16;0;0;11.5;8.2;No recurring injuries;Average;5.4;14;0.1;0;0;0;0;0;0;0;0;0;0;1.4;1.1
Sky Bet Championship;Burnley;Zeki Amdouni;AM (C), ST (C);AM (L);AM (LC), ST (C);26;"6'1""";£44K - £58K p/w;£8.6M - £14M;Strong;Very Strong;6.93;3;1628;10;162.8;0.6;8.4;8.4;1.6;0.5;15%;0.127272727272727;3.6;1.9;1.3;52%;2;2;100;4;0.2;2.99;0.2;91%;24.5;0.1;1.1;0.9;0.3;0.1;40;0.3;0.1;40;0.9;53;13;18.6;1.9;0.0;0.8;0.9;0;0;0;0.2;0.2;0.0;15;1;0;10.5;5.9;No recurring injuries;Above Average;8.4;35;0.0;0;0;0;0;0;0;0;0;0;0;1.4;0.9
Serie BKT;Cremonese;Antonio Sanabria;ST (C);;ST (C);30;"5'11""";£48K - £69K p/w;£750K - £7.4M;Reasonable;Very Strong;7.72;0;1170;7;167.142857142857;0.5;3.6;3.6;3.4;0.3;21%;0.109090909090909;2.5;1.2;0.0;48%;0;0;0;2;0.2;1.59;0.1;62%;20.0;0.0;0.0;0.0;0.0;0.0;0;0.0;0.0;0;0.0;11;0;0.0;0.0;1.3;0.0;0.0;59;29;0;0.0;0.0;0.0;18;0;0;0.0;0.0;No recurring injuries;Very Low;0.0;0;0.0;0;0;0;0;0;0;0;0;0;0;0.0;0.0
Serie BKT;Padova;Kevin Lasagna;ST (C);AM (RC);AM (RC), ST (C);34;"6'1""";£5.5K - £8.25K p/w;£12K - £110K;Very Strong;Reasonable;6.91;1;1350;8;168.75;0.5;8.25;8.25;-0.25;0.6;13%;0.1375;4.0;2.3;0.0;58%;0;0;0;3;0.2;1.15;0.1;59%;20.0;0.0;0.0;0.0;0.0;0.0;0;0.0;0.0;0;0.0;37;0;0.0;0.0;1.0;0.0;0.0;65;23;0;0.0;0.0;0.0;20;0;1;0.0;0.0;No recurring injuries;Very Low;0.0;0;0.0;0;0;0;0;0;0;0;0;0;0;0.0;0.0
Serie BKT;Südtirol;Simone Verdi;AM (C);M (C), AM (RL), ST (C);M (C), AM (RLC), ST (C);34;"5'9""";£7.25K - £12K p/w;£60K - £600K;Very Strong;Strong;6.92;1;1350;8;168.75;0.5;5.95;4.35;2.05;0.4;17%;0.126595744680851;3.1;1.5;0.0;47%;0;2;100;1;0.1;1.17;0.1;60%;20.0;0.0;0.0;0.0;0.0;0.0;0;0.0;0.0;0;0.0;18;0;0.0;0.0;1.1;0.0;0.0;73;22;0;0.0;0.0;0.0;21;0;0;0.0;0.0;No recurring injuries;Very Low;0.0;0;0.0;0;0;0;0;0;0;0;0;0;0;0.0;0.0
Premier League;Brentford;Gonzalo;ST (C);M (R), AM (L);M (R), AM (RL), ST (C);22;"6'0""";£65K - £87K p/w;£19.5M - £24M;Fairly Strong;Very Strong;6.85;2;1735;10;173.5;0.5;7.94;7.94;2.06;0.4;20%;0.155686274509804;2.6;1.3;0.7;49%;1;0;0;2;0.1;1.72;0.1;90%;31.5;0.3;1.0;1.8;1.1;0.2;14;1.1;0.2;14;0.6;15;20;7.9;3.3;0.7;1.2;3.5;87;15;1;0.3;0.2;0.1;29;1;0;11.8;8.7;No recurring injuries;Average;7.5;35;0.0;0;0;0;0;0;0;0;0;0;0;1.5;1.7
Bundesliga;TSG Hoffenheim;Fisnik Asllani;ST (C);AM (C);AM (C), ST (C);24;"6'3""";£49.5K - £65K p/w;£25M - £29M;Fairly Strong;Very Strong;7.05;2;1604;9;178.222222222222;0.5;6.88;6.07;2.12;0.4;14%;0.1075;3.6;1.6;1.0;44%;2;1;0;2;0.1;3.08;0.2;90%;31.3;0.2;1.4;1.2;0.6;0.3;54;0.6;0.3;55;0.4;54;10;12.7;2.8;0.3;0.4;1.5;83;6;0;0.1;0.1;0.0;14;2;0;10.2;6.5;No recurring injuries;Above Average;6.4;31;0.3;0;0;0;0;0;0;0;0;0;0;1.6;0.8
Premier League;Arsenal;Ethan Nwaneri;AM (R);M (C), ST (C);M (C), AM (RLC), ST (C);19;"5'9""";£60K - £67K p/w;£42M - £53M;Very Strong;Weak;7.00;1;1099;6;183.166666666667;0.5;3.18;3.18;2.82;0.3;20%;0.106;2.5;1.5;1.2;60%;1;0;0;3;0.2;4.24;0.3;87%;60.7;0.8;2.1;5.7;2.8;1.1;41;2.7;1.1;42;2.5;14;11;12.6;6.5;1.1;2.5;9.2;72;18;2;0.2;0.9;0.2;15;1;0;12.9;18.8;No recurring injuries;Below Average;2.9;14;0.0;0;0;0;0;0;0;0;0;0;0;2.2;1.2
Sky Bet Championship;Leeds;Stefanos Tzimas;ST (C);;ST (C);20;"6'1""";£20.5K - £23.5K p/w;£28M - £34M;Reasonable;Very Strong;7.01;2;1469;8;183.625;0.5;6.1;5.29;1.9;0.4;20%;0.1525;2.5;1.0;0.7;40%;0;3;67;1;0.1;1.37;0.1;89%;27.8;0.2;0.9;0.6;0.2;0.1;33;0.2;0.1;33;1.0;33;10;16.7;2.0;0.1;1.0;1.1;50;4;0;0.1;0.1;0.0;12;2;0;10.3;5.5;No recurring injuries;Average;5.6;36;0.1;0;0;0;0;0;0;0;0;0;0;1.3;0.9
Ligue 2 BKT;Angers SCO;Lyle Foster;ST (C);AM (L);AM (L), ST (C);26;"6'1""";£16K - £18.75K p/w;£4.8M - £7.6M;Fairly Strong;Very Strong;6.90;2;1289;7;184.142857142857;0.5;5.89;5.89;1.11;0.4;13%;0.109074074074074;3.8;2.1;1.3;56%;2;0;0;0;0.0;1.81;0.1;89%;26.4;0.0;0.7;0.5;0.4;0.2;50;0.4;0.2;50;0.7;26;8;17.7;3.1;0.2;0.6;1.7;100;3;0;0.2;0.3;0.0;9;0;0;10.0;7.8;No recurring injuries;Below Average;8.1;39;0.1;0;0;0;0;0;0;0;0;0;0;1.6;0.8
Jupiler Pro League;KRC Genk;Habib Diallo;ST (C);;ST (C);31;"6'1""";£7.5K - £9.25K p/w;£550K - £5.8M;Weak;Very Strong;6.88;1;1519;8;189.875;0.5;6.82;6.01;1.18;0.4;17%;0.145106382978723;2.8;1.7;0.6;60%;0;2;50;2;0.1;2.07;0.1;90%;25.4;0.2;0.9;0.8;0.5;0.2;37;0.5;0.2;38;0.6;24;19;17.8;2.5;0.1;0.6;1.7;25;4;0;0.1;0.0;0.0;18;0;0;10.0;7.2;No recurring injuries;Below Average;8.9;44;0.1;0;0;0;0;0;0;0;0;0;0;1.4;0.8
Ligue 1 McDonald's;Auxerre;Danny Namaso;AM (C);AM (R), ST (C);AM (RLC), ST (C);26;"6'0""";£9K - £14K p/w;£325K - £9.6M;Fairly Strong;Very Strong;7.19;2;1153;6;192.166666666667;0.5;2.35;2.35;3.65;0.2;25%;0.0979166666666667;1.9;0.8;0.8;42%;0;0;0;1;0.1;2.63;0.2;89%;45.5;0.6;1.6;3.3;1.7;0.5;27;1.7;0.5;27;3.8;12;3;16.6;4.8;1.1;2.1;10.2;52;27;0;0.3;0.9;0.1;10;0;0;11.7;13.7;No recurring injuries;Low;4.3;25;0.0;0;0;0;0;0;0;0;0;0;0;1.2;1.0
First Division;Girona;Toni Martínez;ST (C);;ST (C);29;"6'2""";£31K - £49K p/w;£25M - £33M;Fairly Strong;Very Strong;6.91;0;1154;6;192.333333333333;0.5;4.57;4.57;1.43;0.4;11%;0.0862264150943396;4.1;2.3;1.3;55%;2;0;0;1;0.1;0.54;0.0;85%;32.0;0.2;0.9;1.0;0.5;0.1;16;0.5;0.1;17;0.5;25;9;20.0;2.1;0.3;0.5;2.1;100;4;0;0.2;0.1;0.0;13;3;0;10.6;6.9;No recurring injuries;Low;7.4;37;0.2;0;0;0;0;0;0;0;0;0;0;1.7;1.2
Serie A;Udinese;Adam Buksa;ST (C);AM (L);AM (L), ST (C);30;"6'3""";£20.5K - £32.5K p/w;£1M - £9.8M;Very Strong;Fairly Strong;6.93;0;1165;6;194.166666666667;0.5;3.71;3.71;2.29;0.3;15%;0.0951282051282051;3.0;1.5;0.7;51%;1;0;0;0;0.0;0.63;0.0;88%;28.0;0.2;0.8;0.7;0.5;0.2;42;0.5;0.2;43;1.0;20;11;19.5;2.1;0.2;1.2;1.9;100;2;0;0.2;0.1;0.0;16;1;0;10.1;8.3;No recurring injuries;Very Low;8.7;55;0.1;0;0;0;0;0;0;0;0;0;0;1.5;1.0
Jupiler Pro League;Union SG;Promise David;ST (C);AM (C);AM (RC), ST (C);25;"6'5""";£10.25K - £15.5K p/w;£12.5M - £15.5M;Reasonable;Very Strong;6.97;1;1952;10;195.2;0.5;9.07;8.31;0.93;0.4;16%;0.146290322580645;2.9;1.3;0.7;45%;1;4;100;2;0.1;2.08;0.1;86%;27.2;0.3;1.2;1.1;0.7;0.1;20;0.7;0.1;20;0.5;25;12;16.6;2.7;0.2;0.9;1.6;45;11;0;0.1;0.0;0.0;18;0;0;10.2;7.2;No recurring injuries;Below Average;8.0;40;0.2;0;0;0;0;0;0;0;0;0;0;1.2;1.2
Sky Bet Championship;Sunderland;Brian Brobbey;ST (C);;ST (C);24;"5'11""";£36K - £42K p/w;£18M - £28M;Fairly Strong;Very Strong;6.78;0;1578;8;197.25;0.5;5.58;5.58;2.42;0.3;16%;0.109411764705882;2.9;1.7;1.3;57%;1;0;0;2;0.1;4.91;0.3;91%;28.6;0.1;1.0;0.8;0.3;0.1;20;0.3;0.1;20;0.7;35;12;24.0;1.6;0.1;0.6;1.5;67;3;0;0.1;0.1;0.0;19;0;0;11.0;7.5;No recurring injuries;Above Average;5.0;30;0.0;0;0;0;0;0;0;0;0;0;0;0.7;0.7
Bundesliga;Sport-Club Freiburg;Yuito Suzuki;AM (C);ST (C);AM (C), ST (C);25;"5'9""";£21K - £31.5K p/w;£10.5M - £17.5M;Strong;Very Strong;7.05;1;1186;6;197.666666666667;0.5;2.33;2.33;3.67;0.2;40%;0.155333333333333;1.1;0.8;0.4;67%;0;0;0;2;0.2;2;0.2;88%;43.7;0.3;1.5;2.5;1.1;0.5;46;0.8;0.5;55;1.1;7;5;17.2;9.1;0.4;1.4;5.8;71;7;0;0.1;0.2;0.0;10;0;0;11.7;9.6;No recurring injuries;Above Average;2.1;18;0.0;0;0;0;0;0;0;0;0;0;0;1.3;1.1
First Division;Sevilla;Peque;AM (C);AM (L), ST (C);AM (LC), ST (C);24;"5'8""";£22K - £35.5K p/w;£40M - £50M;Reasonable;Very Strong;7.05;3;1408;7;201.142857142857;0.4;4.58;4.58;2.42;0.3;15%;0.0974468085106383;3.0;1.2;1.0;40%;2;3;100;1;0.1;1.16;0.1;89%;51.7;0.4;2.2;4.2;2.1;0.6;30;2.1;0.6;30;3.4;15;3;14.8;4.7;1.3;2.4;10.2;57;37;2;0.2;0.6;0.0;10;0;0;11.4;14.4;No recurring injuries;Below Average;2.4;27;0.0;0;0;0;0;0;0;0;0;0;0;1.3;1.1
Bundesliga;VfB Stuttgart;Jamie Leweling;AM (R);M (RL), AM (C);M (RL), AM (RLC);25;"6'1""";£45.5K - £78K p/w;£32M - £53M;Strong;Very Strong;7.39;4;1217;6;202.833333333333;0.4;3.73;3.73;2.27;0.3;21%;0.128620689655172;2.1;1.4;1.0;66%;3;0;0;4;0.3;2.24;0.2;89%;50.6;0.5;2.5;4.7;4.4;0.8;18;4.4;0.8;19;4.7;18;8;16.3;7.5;2.4;2.4;11.2;80;40;0;0.3;0.6;0.1;17;2;0;12.8;18.8;No recurring injuries;Average;3.1;45;0.1;0;0;0;0;0;0;0;0;0;0;2.0;1.0
First Division;Real Hispalis;Aitor Ruibal;D (R);WB (R), ST (C);D/WB/AM (R), ST (C);30;"5'9""";£25.5K - £41.5K p/w;£17.5M - £22M;Reasonable;Very Strong;6.94;2;1623;8;202.875;0.4;6.27;6.27;1.73;0.3;17%;0.133404255319149;2.6;1.3;0.5;49%;1;0;0;2;0.1;2.36;0.1;90%;39.3;0.2;1.2;3.0;0.8;0.2;21;0.8;0.2;21;0.3;16;4;16.6;6.3;0.8;1.4;3.3;82;17;1;0.2;0.4;0.1;17;2;0;11.2;10.5;No recurring injuries;Above Average;4.2;24;0.1;0;0;0;0;0;0;0;0;0;0;1.8;0.8
Eredivisie;Feyenoord;Ayase Ueda;ST (C);;ST (C);28;"6'0""";£20.5K - £32.5K p/w;£18M - £30M;Reasonable;Very Strong;6.78;0;1422;7;203.142857142857;0.4;5.91;5.91;1.09;0.4;19%;0.15972972972973;2.3;1.5;0.7;65%;0;0;0;0;0.0;2.2;0.1;90%;28.7;0.3;0.8;0.9;0.3;0.1;40;0.3;0.1;40;0.5;20;9;11.1;2.6;0.4;0.9;2.9;43;14;0;0.0;0.1;0.0;13;1;0;11.3;8.4;No recurring injuries;Average;5.8;27;0.1;0;0;0;0;0;0;0;0;0;0;1.4;1.0
Premier League;Bournemouth;Alex Scott;M/AM (C);AM (R);DM, M (C), AM (RC);23;"5'10""";£56K - £81K p/w;£39M - £63M;Weak;Very Strong;6.78;1;1227;6;204.5;0.4;4.76;4.76;1.24;0.3;21%;0.164137931034483;2.1;1.4;0.7;66%;2;0;0;1;0.1;1.67;0.1;86%;50.6;0.3;2.0;4.0;1.3;0.2;16;1.3;0.2;17;2.8;26;4;11.1;3.9;0.8;1.5;5.6;100;11;0;0.0;0.2;0.0;8;0;0;13.0;11.7;No recurring injuries;Below Average;4.2;12;0.0;0;0;0;0;0;0;0;0;0;0;1.6;2.2
Ligue 1 McDonald's;OGC Nice;Sofiane Diop;AM (L);M (R), AM (RC);M (RL), AM (RLC);26;"5'9""";£45K - £52K p/w;£19.5M - £24M;Reasonable;Very Strong;6.94;0;1232;6;205.333333333333;0.4;3.15;3.15;2.85;0.2;19%;0.0984375;2.3;1.0;1.2;44%;3;1;100;1;0.1;1.77;0.1;89%;49.9;0.3;1.5;3.8;7.9;1.8;23;2.6;0.8;31;2.3;10;8;13.5;6.1;2.1;1.8;10.9;76;38;0;0.3;0.7;0.1;15;0;0;12.1;14.2;No recurring injuries;Above Average;3.5;33;0.1;0;0;0;0;0;0;0;0;0;0;1.2;1.1
Serie BKT;Padova;Gianluca Caprari;AM (C);ST (C);AM (LC), ST (C);33;"5'9""";£8.75K - £13.75K p/w;£55K - £550K;Reasonable;Very Strong;7.17;0;1260;6;210;0.4;3.24;3.24;2.76;0.2;21%;0.115714285714286;2.0;0.9;0.0;46%;0;0;0;7;0.5;1.1;0.1;60%;20.0;0.0;0.0;0.0;0.0;0.0;0;0.0;0.0;0;0.0;21;0;0.0;0.0;1.4;0.0;0.0;56;34;0;0.0;0.0;0.0;19;0;0;0.0;0.0;No recurring injuries;Very Low;0.0;0;0.0;0;0;0;0;0;0;0;0;0;0;0.0;0.0
Bundesliga;Eintracht Frankfurt;Saïd El Mala;AM (L);M (L), AM (RC);M (L), AM (RLC);20;"6'2""";£21K - £34.5K p/w;£48M - £63M;Reasonable;Very Strong;7.05;0;1264;6;210.666666666667;0.4;2.79;2.79;3.21;0.2;20%;0.093;2.1;0.6;0.6;30%;1;0;0;2;0.1;2.83;0.2;89%;48.6;0.1;1.6;4.1;2.9;0.6;21;2.9;0.6;22;3.8;23;5;16.9;4.6;1.4;2.3;9.8;77;26;1;0.4;0.4;0.0;20;1;0;12.0;14.4;No recurring injuries;Average;4.0;55;0.1;0;0;0;0;0;0;0;0;0;0;1.2;1.1
Sky Bet Championship;Stoke;Róbert Boženík;ST (C);;ST (C);27;"6'2""";£9K - £13K p/w;£425K - £4.2M;Fairly Strong;Very Strong;6.77;2;1481;7;211.571428571429;0.4;5.48;5.48;1.52;0.3;17%;0.133658536585366;2.5;1.2;0.4;49%;2;0;0;1;0.1;0.89;0.1;90%;25.9;0.2;1.2;1.2;0.9;0.4;42;0.9;0.4;43;0.4;34;9;21.1;1.9;0.4;0.4;1.7;88;8;0;0.1;0.2;0.0;14;2;0;10.3;5.3;No recurring injuries;Below Average;7.9;28;0.1;0;0;0;0;0;0;0;0;0;0;1.1;1.8
Bundesliga 2;Hertha BSC;Fabian Reese;AM (L);M (RL);M/AM (RL);29;"6'2""";£24.5K - £38.5K p/w;£5.4M - £6.6M;Fairly Strong;Very Strong;7.26;4;1270;6;211.666666666667;0.4;4.31;3.5;1.69;0.3;15%;0.110512820512821;2.8;1.1;0.9;38%;0;3;67;3;0.2;2.2;0.2;85%;53.5;0.6;2.1;6.4;2.5;0.9;34;2.5;0.9;34;2.8;21;5;15.1;5.1;1.8;2.4;10.5;81;31;0;0.4;0.5;0.0;17;1;0;11.4;17.2;No recurring injuries;Average;3.7;60;0.1;0;0;0;0;0;0;0;0;0;0;1.4;1.1
First Division;Sevilla;Isaac Romero;ST (C);;ST (C);26;"6'0""";£34.5K - £39.5K p/w;£32M - £47M;Very Strong;Reasonable;6.92;0;1276;6;212.666666666667;0.4;5.22;5.22;0.78;0.4;10%;0.09;4.1;1.6;1.5;38%;4;1;100;2;0.1;2.69;0.2;90%;29.4;0.1;1.1;1.1;0.6;0.1;25;0.6;0.1;25;0.6;20;12;17.8;1.8;0.2;0.4;1.5;75;4;0;0.0;0.1;0.0;11;0;0;11.0;7.5;No recurring injuries;Below Average;5.6;34;0.1;0;0;0;0;0;0;0;0;0;0;1.3;1.3
Jupiler Pro League;RSC Anderlecht;Danylo Sikan;ST (C);;ST (C);25;"6'1""";£11.5K - £17.75K p/w;£8.4M - £13.5M;Fairly Strong;Very Strong;6.95;1;1704;8;213;0.4;7.17;6.36;0.83;0.4;15%;0.135283018867925;2.8;1.2;1.2;42%;1;1;0;2;0.1;1.73;0.1;90%;27.4;0.3;1.5;1.3;0.4;0.2;50;0.4;0.2;50;0.3;32;15;19.0;2.4;0.2;0.6;1.7;75;4;0;0.2;0.0;0.0;18;0;0;10.6;8.1;No recurring injuries;Average;8.4;40;0.1;0;0;0;0;0;0;0;0;0;0;1.5;1.0
Bundesliga;Bayer 04 Leverkusen;Ernest Poku;AM (R);WB (L), M (RL), AM (C);WB (L), M (RL), AM (RLC);22;"5'9""";£26K - £40K p/w;£32M - £41M;Very Strong;Very Strong;7.02;2;1282;6;213.666666666667;0.4;1.69;1.69;4.31;0.1;29%;0.0804761904761905;1.5;0.6;0.7;43%;1;0;0;3;0.2;1.36;0.1;86%;47.2;0.2;1.8;3.7;4.1;0.8;20;4.1;0.8;21;3.4;14;4;20.4;3.8;1.6;2.0;8.9;62;37;0;0.3;0.4;0.0;10;1;0;12.0;13.8;No recurring injuries;Below Average;2.1;23;0.1;0;0;0;0;0;0;0;0;0;0;1.8;0.9
Bundesliga;1. FSV Mainz 05;Jonas Wind;ST (C);;AM (C), ST (C);27;"6'3""";£26K - £40K p/w;£6.6M - £8.2M;Fairly Strong;Very Strong;6.85;1;1072;5;214.4;0.4;5.14;5.14;-0.14;0.4;12%;0.11953488372093;3.6;1.9;1.3;53%;3;1;100;2;0.2;0.97;0.1;84%;30.5;0.1;1.3;1.2;0.7;0.3;37;0.7;0.3;38;0.5;22;6;21.2;2.2;0.1;0.9;1.7;50;2;0;0.1;0.1;0.0;10;0;0;10.4;5.1;Recurring tight groin;Very High;7.4;56;0.3;0;0;0;0;0;0;0;0;0;0;1.0;1.5
Bundesliga;FC Augsburg;Alexis Claude-Maurice;AM (C);M (LC);M/AM (LC);28;"5'9""";£31.5K - £47K p/w;£6.4M - £8.4M;Reasonable;Very Strong;7.04;1;1082;5;216.4;0.4;1.63;1.63;3.37;0.1;21%;0.0679166666666667;2.0;1.0;0.8;50%;1;1;100;0;0.0;1.53;0.1;89%;49.6;0.3;2.7;4.2;1.2;0.2;20;1.2;0.2;20;2.1;9;5;18.0;9.4;0.6;1.2;5.2;64;11;0;0.1;0.2;0.0;8;0;0;12.2;10.7;No recurring injuries;Above Average;2.0;25;0.0;0;0;0;0;0;0;0;0;0;0;0.9;0.8
Serie A;Fiorentina;Roberto Piccoli;ST (C);;ST (C);25;"6'3""";£46K - £53K p/w;£41M - £62M;Reasonable;Very Strong;6.87;2;1542;7;220.285714285714;0.4;6.8;6.8;0.2;0.4;11%;0.10625;3.7;1.6;1.3;42%;1;3;100;1;0.1;0.96;0.1;88%;30.1;0.1;0.9;0.6;0.3;0.1;20;0.3;0.1;20;0.8;25;15;18.9;1.7;0.0;0.6;1.9;0;1;0;0.1;0.1;0.0;21;4;0;10.8;6.6;No recurring injuries;Very Low;6.8;36;0.2;0;0;0;0;0;0;0;0;0;0;1.3;0.8
Eredivisie;AZ;Darío Osorio;AM (R);AM (L);M (R), AM (RL);22;"6'0""";£25K - £36K p/w;£9M - £14.5M;Very Strong;Reasonable;7.01;2;1555;7;222.142857142857;0.4;2.6;2.6;4.41;0.2;24%;0.0896551724137931;1.7;0.9;0.5;52%;0;0;0;0;0.0;2.89;0.2;89%;49.5;0.5;2.6;4.6;3.6;0.8;20;2.9;0.7;24;3.2;23;6;16.4;4.4;1.8;1.9;9.5;82;38;0;0.3;0.6;0.0;31;3;0;11.2;15.7;No recurring injuries;Average;3.0;48;0.0;0;0;0;0;0;0;0;0;0;0;1.5;0.7
Eredivisie;Ajax;Oscar Gloukh;AM (C);ST (C);M/AM (C), ST (C);22;"5'7""";£25K - £40.5K p/w;£40M - £49M;Strong;Very Strong;6.89;0;1148;5;229.6;0.4;3.29;3.29;1.71;0.3;20%;0.1316;2.0;1.0;0.6;52%;1;0;0;2;0.2;1.5;0.1;90%;45.6;0.5;1.9;2.4;1.1;0.2;21;1.1;0.2;21;1.4;8;4;14.9;10.7;0.7;1.3;3.9;75;12;0;0.3;0.3;0.0;6;0;0;12.2;11.0;No recurring injuries;Below Average;2.5;9;0.0;0;0;0;0;0;0;0;0;0;0;2.0;0.9
Serie A;Bologna;Santiago Castro;ST (C);;ST (C);22;"6'0""";£9.75K - £17K p/w;£61M - £81M;Weak;Very Strong;6.89;0;1611;7;230.142857142857;0.4;7.74;7.74;-0.74;0.4;10%;0.106027397260274;4.1;1.8;1.4;44%;3;0;0;2;0.1;1.25;0.1;86%;29.9;0.2;0.8;0.7;0.4;0.1;28;0.4;0.1;29;0.6;28;15;13.4;3.7;0.3;0.8;1.2;83;6;1;0.3;0.2;0.0;19;4;0;11.1;7.7;No recurring injuries;Below Average;6.8;40;0.1;0;0;0;0;0;0;0;0;0;0;1.3;1.4
Sky Bet Championship;Burnley;Jacob Murphy;AM (R);M (R), AM (L);M (R), AM (RL);31;"5'10""";£28K - £40.5K p/w;£22M - £36M;Reasonable;Very Strong;7.01;0;1383;6;230.5;0.4;4.64;4.64;1.36;0.3;17%;0.128888888888889;2.3;0.8;0.6;33%;0;0;0;2;0.1;4.02;0.3;87%;53.8;0.7;2.0;3.4;4.9;0.8;15;3.2;0.6;18;3.4;15;8;14.0;5.8;1.5;2.7;10.9;74;31;0;0.3;0.5;0.0;13;0;0;12.2;18.3;No recurring injuries;Very Low;2.5;16;0.0;0;0;0;0;0;0;0;0;0;0;1.6;0.8
Premier League;FC Porto;Pepê;AM (R);M (LC);M/AM (RLC);29;"5'9""";£25.5K - £43K p/w;£17.5M - £29M;Reasonable;Very Strong;7.06;2;1624;7;232;0.4;4.9;4.9;2.1;0.3;16%;0.108888888888889;2.5;1.6;0.8;62%;1;0;0;2;0.1;3.02;0.2;89%;63.7;0.5;1.9;5.5;2.8;0.8;29;2.8;0.8;30;3.0;17;14;13.4;4.8;2.2;1.9;10.0;81;48;0;0.3;0.3;0.2;21;0;0;12.0;21.2;No recurring injuries;Below Average;3.1;13;0.1;0;0;0;0;0;0;0;0;0;0;1.8;1.0
Premier League;Everton;Carlos Alcaraz;AM (C);M (C);M/AM (C);24;"5'11""";£70K - £79K p/w;£39M - £55M;Reasonable;Very Strong;7.07;2;1399;6;233.166666666667;0.4;3.78;3.78;2.22;0.2;27%;0.171818181818182;1.4;0.8;0.3;55%;0;0;0;9;0.6;2.65;0.2;86%;41.1;0.5;2.2;3.7;1.2;0.1;11;1.1;0.1;12;1.4;6;5;8.7;4.4;1.2;2.1;8.7;63;30;1;0.2;0.5;0.2;9;1;0;13.7;17.0;No recurring injuries;Low;4.8;43;0.3;0;0;1;0;0;0;0;0;0;0;2.1;1.5
Jupiler Pro League;Antwerp;Vincent Janssen;ST (C);;ST (C);32;"6'1""";£14K - £21.5K p/w;Not for Sale;Very Strong;Strong;6.79;1;1172;5;234.4;0.4;4.4;4.4;0.6;0.3;12%;0.107317073170732;3.1;1.6;1.1;51%;1;0;0;1;0.1;1.38;0.1;89%;32.4;0.3;1.1;0.9;0.5;0.0;0;0.5;0.0;0;0.2;12;3;14.6;1.9;0.3;0.4;1.8;80;5;0;0.2;0.1;0.0;9;0;0;10.5;5.6;No recurring injuries;Above Average;6.8;37;0.1;0;0;0;0;0;0;0;0;0;0;0.9;1.9
Ligue 1 McDonald's;RC Lens;Odsonne Édouard;ST (C);AM (L);AM (L), ST (C);28;"6'2""";£30K - £34K p/w;£4.1M - £6M;Fairly Strong;Very Strong;6.81;0;1653;7;236.142857142857;0.4;4.9;4.9;2.1;0.3;12%;0.0859649122807018;3.1;1.5;0.9;47%;1;1;100;1;0.1;0.74;0.0;87%;31.7;0.1;1.2;1.1;0.4;0.1;14;0.4;0.1;14;0.5;18;10;20.0;2.1;0.5;0.6;2.5;75;12;0;0.2;0.2;0.0;24;1;0;11.4;7.8;No recurring injuries;Below Average;6.3;34;0.2;0;0;0;0;0;0;0;0;0;0;0.8;0.8
Premier League;BRG;Pau Víctor;ST (C);AM (RL);AM (RLC), ST (C);25;"6'0""";£15.25K - £22K p/w;£23M - £30M;Fairly Strong;Very Strong;6.77;1;1189;5;237.8;0.4;5.39;5.39;-0.39;0.4;13%;0.138205128205128;3.0;1.7;0.8;56%;1;0;0;2;0.2;1.73;0.1;85%;28.8;0.4;1.4;1.2;0.1;0.0;0;0.1;0.0;0;0.8;21;11;17.4;2.6;0.0;1.0;1.2;0;0;0;0.1;0.2;0.0;13;0;0;10.9;6.1;No recurring injuries;Below Average;5.2;19;0.0;0;0;0;0;0;0;0;0;0;0;1.1;0.8
Eredivisie;Feyenoord;Anis Hadj Moussa;AM (R);M (R);M (R), AM (RL);24;"5'9""";£4.7K - £6.25K p/w;£23M - £28M;Very Strong;Weak;6.90;3;1446;6;241;0.4;3.37;3.37;2.63;0.2;15%;0.0821951219512195;2.6;1.2;1.2;46%;1;0;0;2;0.1;1.36;0.1;88%;49.2;0.2;1.9;4.6;7.5;1.6;21;3.2;0.5;16;6.4;20;10;15.1;7.4;1.9;2.2;10.8;68;44;0;0.2;0.4;0.1;19;1;0;12.4;17.2;No recurring injuries;Below Average;1.9;26;0.0;0;0;0;0;0;0;0;0;0;0;1.4;0.7
Ligue 1 McDonald's;Olympique de Marseille;Amine Gouiri;AM (L);;AM (L), ST (C);26;"5'11""";£74K - £86K p/w;£13.5M - £16.5M;Weak;Very Strong;6.76;1;1450;6;241.666666666667;0.4;6.22;5.45;-0.22;0.4;10%;0.105423728813559;3.7;2.2;1.4;61%;2;1;0;3;0.2;1.58;0.1;88%;34.3;0.4;1.3;1.1;0.6;0.2;44;0.5;0.2;50;0.9;24;11;14.9;1.7;0.2;0.5;1.0;75;4;0;0.2;0.1;0.1;14;1;0;10.3;5.1;No recurring injuries;Below Average;4.5;29;0.1;0;0;0;0;0;0;0;0;0;0;1.0;1.3
Premier League;FC Porto;William Gomes;AM (L);;M (L), AM (RL);20;"5'8""";£24.5K - £38K p/w;£52M - £69M;Very Strong;Fairly Strong;7.01;2;1493;6;248.833333333333;0.4;3.56;3.56;2.44;0.2;18%;0.107878787878788;2.0;1.0;0.8;48%;2;0;0;2;0.1;2.86;0.2;89%;49.3;0.2;1.9;4.3;3.1;0.6;19;2.3;0.4;18;4.1;15;8;15.3;5.8;1.0;2.5;10.9;81;21;1;0.2;0.6;0.0;21;2;0;11.7;13.5;No recurring injuries;Average;2.7;24;0.0;0;0;0;0;0;0;0;0;0;0;2.0;0.7
Bundesliga;TSG Hoffenheim;Tim Lemperle;ST (C);;AM (R), ST (C);24;"6'2""";£34.5K - £58K p/w;£12.5M - £20M;Reasonable;Very Strong;7.18;3;1246;5;249.2;0.4;3.92;3.92;1.08;0.3;16%;0.1225;2.3;1.3;0.4;56%;1;0;0;3;0.2;2.37;0.2;88%;52.9;0.6;2.0;3.8;3.9;0.7;18;3.9;0.7;19;3.7;19;5;16.1;6.1;1.6;2.1;10.4;79;28;2;0.2;0.7;0.0;20;6;0;12.3;17.6;No recurring injuries;Above Average;3.8;57;0.0;0;0;0;0;0;0;0;0;0;0;1.9;0.9
Serie A;Sassuolo;Andrea Pinamonti;ST (C);;ST (C);27;"6'1""";£79K - £92K p/w;£12.5M;Fairly Strong;Very Strong;7.08;1;1256;5;251.2;0.4;3.24;3.24;1.76;0.2;14%;0.0875675675675676;2.7;1.2;1.0;46%;2;2;100;1;0.1;0.55;0.0;80%;27.9;0.0;1.3;1.1;0.1;0.1;100;0.1;0.1;100;0.5;21;6;14.0;1.8;0.2;0.8;0.9;75;4;0;0.1;0.1;0.0;6;0;0;8.5;4.4;No recurring injuries;Very Low;4.9;46;0.0;0;0;0;0;0;0;0;0;0;0;0.8;1.3
Premier League;Famalicão;Gustavo Sá;M (C);;M/AM (C);22;"6'2""";£6.5K - £8.25K p/w;£53M - £77M;Fairly Strong;Very Strong;6.92;1;1269;5;253.8;0.4;4.75;3.98;0.25;0.3;11%;0.103260869565217;3.3;1.2;1.1;37%;1;2;100;2;0.1;1.66;0.1;91%;51.3;0.4;1.5;2.7;0.4;0.1;40;0.4;0.1;40;1.3;14;2;11.8;11.0;0.1;2.3;5.1;67;3;1;0.3;0.4;0.0;4;2;1;13.2;13.8;No recurring injuries;Below Average;3.5;43;0.1;0;0;0;0;0;0;0;0;0;0;1.1;1.3
Jupiler Pro League;OH Leuven;Sory Kaba;ST (C);;ST (C);31;"6'3""";£4.4K - £7.5K p/w;£120K - £1.2M;Weak;Very Strong;6.68;0;1802;7;257.428571428571;0.3;5.7;5.7;1.3;0.3;10%;0.0826086956521739;3.4;1.6;1.3;48%;1;0;0;0;0.0;0.39;0.0;90%;27.3;0.1;0.9;0.6;0.2;0.0;20;0.2;0.0;20;0.5;37;17;25.0;1.8;0.1;0.6;1.6;33;6;0;0.0;0.0;0.0;22;3;1;10.1;7.8;No recurring injuries;Below Average;8.5;47;0.0;0;0;0;0;0;0;0;0;0;0;1.1;1.4
Ligue 1 McDonald's;Auxerre;Lassine Sinayoko;AM (R);ST (C);AM (R), ST (C);27;"6'1""";£16.5K - £19K p/w;£350K - £3.5M;Weak;Very Strong;6.88;4;1298;5;259.6;0.3;4.66;4.66;0.34;0.3;18%;0.166428571428571;1.9;0.9;0.6;46%;0;1;100;2;0.1;0.53;0.0;88%;48.5;0.1;1.5;3.1;4.0;0.6;13;4.0;0.6;14;3.7;7;5;18.5;3.9;1.0;2.2;8.8;74;19;0;0.3;0.7;0.1;11;0;0;11.9;16.0;No recurring injuries;Below Average;4.4;48;0.1;0;0;0;0;0;0;0;0;0;0;1.3;1.1
Eredivisie;AZ;Troy Parrott;ST (C);;ST (C);24;"6'1""";£7.5K - £12K p/w;£18.5M - £23M;Fairly Strong;Very Strong;6.93;1;1564;6;260.666666666667;0.3;7.81;7;-1.81;0.4;9%;0.118333333333333;3.8;1.7;1.0;44%;1;1;0;0;0.0;1.65;0.1;89%;29.3;0.2;0.5;0.5;0.5;0.0;0;0.5;0.0;0;0.7;21;15;16.6;1.8;0.1;1.2;1.8;100;1;0;0.3;0.1;0.0;12;0;0;10.2;6.3;No recurring injuries;Average;6.6;39;0.2;0;0;0;0;0;0;0;0;0;0;1.3;1.0
Bundesliga 2;FC Schalke 04;Moussa Sylla;ST (C);;AM (R), ST (C);27;"5'11""";£12.75K - £20.5K p/w;£130K - £1.3M;Reasonable;Very Strong;6.82;0;1050;4;262.5;0.3;4.41;4.41;-0.41;0.4;12%;0.133636363636364;2.8;1.0;0.9;36%;2;1;100;1;0.1;0.88;0.1;88%;23.7;0.3;0.7;0.4;0.6;0.4;71;0.6;0.4;71;1.2;29;12;21.3;1.1;0.2;0.9;2.1;100;2;0;0.1;0.1;0.0;13;0;0;10.3;5.5;No recurring injuries;Above Average;7.7;39;0.1;0;0;0;0;0;0;0;0;0;0;0.9;0.8
Jupiler Pro League;KRC Genk;Konstantinos Karetsas;AM (C);DM, AM (R);DM, AM (RC);19;"5'8""";£6.25K - £10.75K p/w;£34M - £45M;Very Strong;Fairly Strong;6.92;1;1317;5;263.4;0.3;2.4;2.4;2.6;0.2;19%;0.0888888888888889;1.8;1.0;0.5;52%;0;0;0;2;0.1;4.32;0.3;89%;47.3;0.5;1.5;3.3;0.8;0.1;16;0.7;0.1;20;1.4;11;4;13.1;12.0;0.6;1.3;5.6;82;11;0;0.3;0.4;0.0;10;0;0;12.3;11.3;No recurring injuries;Below Average;2.8;29;0.0;0;0;0;0;0;0;0;0;0;0;1.5;0.8
Bundesliga;Borussia Dortmund;Maximilian Beier;ST (C);AM (RL);AM (RLC), ST (C);24;"6'1""";£115K - £165K p/w;£59M - £73M;Reasonable;Very Strong;6.99;1;1590;6;265;0.3;4.14;4.14;1.86;0.2;14%;0.0940909090909091;2.5;1.4;0.6;55%;0;0;0;2;0.1;2.93;0.2;88%;48.1;0.3;1.5;1.9;1.4;0.3;20;1.4;0.3;20;1.6;8;13;15.7;7.6;0.6;1.5;5.0;77;13;0;0.3;0.3;0.1;15;1;0;12.7;13.1;No recurring injuries;Below Average;4.1;44;0.1;0;0;0;0;0;0;0;0;0;0;1.5;1.1
Serie A;Torino;Nikola Vlašić;AM (C);M (C), AM (RL), ST (C);M (C), AM (RLC), ST (C);29;"5'10""";£36K - £42.5K p/w;£21M - £30M;Reasonable;Very Strong;6.89;0;1334;5;266.8;0.3;2.62;1.81;2.38;0.2;22%;0.113913043478261;1.6;0.8;0.8;52%;2;1;0;1;0.1;0.8;0.1;89%;44.1;0.0;1.5;3.8;2.2;0.3;12;2.2;0.3;12;2.2;18;3;14.7;8.4;1.7;1.9;7.7;89;28;0;0.2;0.5;0.0;8;1;0;10.0;11.7;No recurring injuries;Very Low;2.4;11;0.0;0;0;0;0;0;0;0;0;0;0;1.1;1.2
Ligue 1 McDonald's;Strasbourg;Julio Enciso;AM (R);;AM (RLC);22;"5'9""";£30.5K - £35K p/w;£41M - £51M;Fairly Strong;Very Strong;7.11;1;1604;6;267.333333333333;0.3;3.13;3.13;2.87;0.2;13%;0.0652083333333333;2.7;1.2;1.2;44%;0;0;0;1;0.1;2.7;0.2;89%;53.4;0.3;1.9;3.3;3.3;0.8;23;3.3;0.8;24;4.3;19;7;18.2;4.5;2.0;1.9;10.2;78;45;2;0.4;0.5;0.2;13;0;0;13.1;19.0;No recurring injuries;Above Average;2.7;24;0.0;0;0;0;0;0;0;0;0;0;0;1.2;1.2
Premier League;Newcastle;Jacob Ramsey;M/AM (C);;M (C), AM (LC);25;"5'11""";£85K - £120K p/w;£32M - £42M;Fairly Strong;Very Strong;7.21;2;1608;6;268;0.3;4.58;4.58;1.42;0.3;18%;0.138787878787879;1.8;1.0;0.7;52%;1;0;0;8;0.4;5.39;0.3;89%;52.8;0.7;1.8;2.0;1.0;0.3;33;1.0;0.3;33;0.8;6;5;8.3;3.5;1.0;1.0;5.9;89;19;0;0.1;0.3;0.0;8;0;0;12.9;7.6;No recurring injuries;Above Average;3.1;32;0.1;0;0;0;0;0;0;0;0;0;0;2.1;1.0
Serie BKT;Modena F.C.;Gianluca Lapadula;ST (C);;ST (C);36;"5'10""";£5K - £6.5K p/w;£20K - £190K;Very Strong;Reasonable;5.98;0;1350;5;270;0.3;5.16;4.36;-0.16;0.3;10%;0.0992307692307692;3.5;1.7;0.0;48%;0;1;100;1;0.1;2.04;0.1;56%;20.0;0.0;0.0;0.0;0.0;0.0;0;0.0;0.0;0;0.0;22;0;0.0;0.0;1.1;0.0;0.0;67;24;0;0.0;0.0;0.0;10;0;1;0.0;0.0;No recurring injuries;Very Low;0.0;0;0.0;0;0;0;0;0;0;0;0;0;0;0.0;0.0
Premier League;Nott'm Forest;Callum Hudson-Odoi;AM (L);M (RL), AM (C);M (RL), AM (RLC);26;"6'0""";£120K - £135K p/w;£36M - £52M;Fairly Strong;Very Strong;6.75;0;1089;4;272.25;0.3;3.42;3.42;0.58;0.3;15%;0.126666666666667;2.2;1.1;0.8;48%;0;0;0;2;0.2;2.2;0.2;88%;58.8;0.6;1.7;5.5;4.1;1.1;26;3.6;1.0;27;2.7;8;7;13.5;5.6;2.0;1.6;10.1;71;34;0;0.2;0.7;0.2;9;0;0;13.2;16.7;Recurring hamstring strain;Very High;2.7;24;0.0;0;0;0;0;0;0;0;0;0;0;1.4;1.2
Serie A;Como;Tasos Douvikas;ST (C);;ST (C);27;"6'0""";£64K - £74K p/w;£18.5M - £27M;Fairly Strong;Very Strong;6.72;0;1363;5;272.6;0.3;4.35;4.35;0.65;0.3;12%;0.10609756097561;2.7;1.4;0.9;51%;0;0;0;4;0.3;0.92;0.1;86%;27.2;0.3;0.8;0.6;0.3;0.0;0;0.3;0.0;0;0.5;29;10;21.9;1.3;0.3;0.5;1.3;100;5;1;0.1;0.2;0.0;18;0;0;9.8;5.7;No recurring injuries;Very Low;5.8;36;0.1;0;0;0;0;0;0;0;0;0;0;0.9;1.5
Sky Bet Championship;Hull;Liam Millar;AM (L);;M/AM (L);27;"5'11""";£22.5K - £30K p/w;£7.4M - £9.2M;Reasonable;Very Strong;7.05;2;1917;7;273.857142857143;0.3;6.31;6.31;0.69;0.3;16%;0.146744186046512;2.0;0.7;0.6;35%;0;1;100;1;0.0;1.97;0.1;88%;44.4;0.1;1.5;3.2;4.5;1.1;25;4.3;1.1;26;4.1;26;5;18.1;4.2;1.8;2.2;9.7;83;46;0;0.2;0.5;0.0;13;0;0;11.2;14.8;No recurring injuries;Average;3.5;26;0.0;0;0;0;0;0;0;0;0;0;0;1.3;1.4
Premier League;Nott'm Forest;Arnaud Kalimuendo;ST (C);AM (RL);AM (RL), ST (C);24;"5'10""";£66K - £75K p/w;£25M - £29M;Reasonable;Very Strong;6.74;0;1370;5;274;0.3;3.69;2.93;1.31;0.2;19%;0.136666666666667;1.8;1.1;0.5;63%;0;1;0;0;0.0;1.77;0.1;90%;24.7;0.3;1.0;0.9;0.5;0.2;42;0.5;0.2;43;0.3;10;5;5.6;3.2;0.9;0.9;6.5;67;21;1;0.2;0.5;0.1;11;0;0;12.6;15.7;No recurring injuries;Average;5.5;25;0.0;0;0;0;0;0;0;0;0;0;0;1.4;1.1
Premier League;Brentford;Dango Ouattara;AM (R);AM (L), ST (C);AM (RL), ST (C);24;"5'10""";£54K - £79K p/w;£39M - £64M;Very Strong;Fairly Strong;7.04;2;1103;4;275.75;0.3;2.14;2.14;1.86;0.2;22%;0.118888888888889;1.5;0.7;0.5;44%;0;0;0;5;0.4;4.65;0.4;86%;54.3;0.9;2.3;6.0;4.6;1.1;25;3.9;1.1;27;6.0;23;5;16.2;7.8;1.6;2.5;12.6;67;30;1;0.3;0.7;0.1;8;0;0;13.4;17.1;No recurring injuries;Below Average;2.9;28;0.0;0;0;0;0;0;0;0;0;0;0;1.8;1.6
Premier League;Sporting CP;Geny;M/AM (R);WB (RL), AM (L);WB/M/AM (RL);25;"5'8""";£46K - £67K p/w;£54M - £67M;Very Strong;Weak;7.26;2;1382;5;276.4;0.3;3.27;3.27;1.73;0.2;16%;0.105483870967742;2.0;1.1;0.5;55%;1;0;0;4;0.3;3.95;0.3;90%;46.7;0.5;2.2;4.1;3.1;0.5;16;2.5;0.5;18;3.6;18;7;13.2;5.3;1.6;2.3;10.4;78;32;0;0.2;0.5;0.0;10;0;0;12.5;15.5;No recurring injuries;Low;3.1;9;0.0;0;0;0;0;0;0;0;0;0;0;1.8;0.7
Sky Bet Championship;Southampton;Léo Scienza;AM (L);M (L), AM (RC);M (L), AM (RLC);28;"5'8""";£25K - £35K p/w;£22M - £27M;Reasonable;Very Strong;7.08;0;1109;4;277.25;0.3;3.24;3.24;0.76;0.3;20%;0.162;1.6;0.7;0.2;45%;0;0;0;2;0.2;1.64;0.1;92%;47.7;0.2;2.0;4.8;13.2;2.0;15;3.7;0.6;16;3.1;12;5;15.9;5.0;2.1;1.8;10.1;93;28;1;0.2;0.5;0.0;12;0;1;12.0;14.9;No recurring injuries;Above Average;3.0;16;0.0;0;0;0;0;0;0;0;0;0;0;1.8;1.3
Eredivisie;FC Utrecht;Dani de Wit;AM (C);ST (C);M/AM (C), ST (C);28;"6'0""";£12K - £17.5K p/w;£7M - £8.6M;Reasonable;Very Strong;6.99;0;1114;4;278.5;0.3;3.14;3.14;0.86;0.3;13%;0.101290322580645;2.5;1.2;1.1;48%;2;1;100;1;0.1;0.97;0.1;90%;41.2;0.2;1.5;2.0;0.9;0.2;27;0.9;0.2;27;0.7;5;1;19.7;12.6;0.8;1.4;4.6;83;12;2;0.2;0.7;0.0;4;2;0;12.2;12.0;No recurring injuries;Below Average;3.2;30;0.2;0;0;0;0;0;0;0;0;0;0;1.6;0.7
First Division;A. Bilbao;Gorka Guruzeta;ST (C);AM (L);AM (RL), ST (C);30;"6'2""";£36.5K - £57K p/w;£11M - £18M;Reasonable;Very Strong;6.68;0;1143;4;285.75;0.3;5.56;5.56;-1.56;0.4;7%;0.101090909090909;4.3;2.0;1.6;47%;3;0;0;0;0.0;1.42;0.1;91%;29.4;0.4;1.5;1.2;0.6;0.1;14;0.6;0.1;14;0.8;12;17;14.7;2.9;0.4;0.8;2.2;83;6;0;0.1;0.2;0.0;18;0;0;10.9;7.1;No recurring injuries;Above Average;6.5;34;0.1;0;0;0;0;0;0;0;0;0;0;1.5;1.0
Sky Bet Championship;Middlesbrough;Dávid Strelec;ST (C);AM (RC);AM (RC), ST (C);25;"6'1""";£19.5K - £27K p/w;£10.5M - £13M;Very Strong;Fairly Strong;6.65;0;1435;5;287;0.3;6.72;6.72;-1.72;0.4;9%;0.124444444444444;3.4;1.4;0.8;43%;2;0;0;0;0.0;2;0.1;87%;29.9;0.3;1.3;1.3;0.4;0.1;33;0.4;0.1;33;0.3;30;14;17.4;2.3;0.2;0.4;1.6;75;4;0;0.1;0.1;0.0;16;2;0;9.9;5.0;No recurring injuries;Below Average;6.6;19;0.1;0;0;0;0;0;0;0;0;0;0;0.7;1.6
Ligue 1 McDonald's;Olympique de Marseille;Mason Greenwood;AM (R);AM (LC);AM (RLC), ST (C);25;"6'0""";£115K - £165K p/w;£33M - £51M;Very Strong;Very Strong;6.89;0;1152;4;288;0.3;3.53;3.53;0.47;0.3;14%;0.126071428571429;2.2;1.0;0.8;46%;0;0;0;2;0.2;1.64;0.1;89%;34.3;0.6;1.2;1.9;2.5;0.5;21;1.1;0.2;21;0.8;18;4;11.8;3.1;0.9;1.0;5.2;86;14;0;0.0;0.3;0.0;6;0;0;11.4;9.7;No recurring injuries;Above Average;4.1;21;0.1;0;0;0;0;0;0;0;0;0;0;0.9;1.6
Bundesliga;Eintracht Frankfurt;Can Uzun;M/AM (C);AM (L);M (C), AM (LC);21;"6'1""";£39.5K - £60K p/w;£50M - £82M;Fairly Strong;Very Strong;6.62;0;1753;6;292.166666666667;0.3;3.44;3.44;2.56;0.2;14%;0.08;2.2;1.0;0.8;44%;1;1;100;2;0.1;4.43;0.2;0%;0.0;0.4;0.1;0.0;0.0;0.0;0;0.0;0.0;0;0.0;13;0;11.8;11.2;0.0;0.0;0.0;0;0;0;0.0;0.0;0.0;0;0;0;0.0;0.0;No recurring injuries;Above Average;0.0;0;0.0;0;0;0;0;0;0;0;0;0;0;1.2;1.0
Ligue 1 McDonald's;LOSC;Hákon Arnar Haraldsson;AM (C);;M (C), AM (LC);23;"5'11""";£14.75K - £19K p/w;£24M - £34M;Fairly Strong;Very Strong;7.13;0;1503;5;300.6;0.3;5.95;5.95;-0.95;0.4;11%;0.132222222222222;2.7;1.0;0.7;36%;0;0;0;3;0.2;4.64;0.3;89%;48.9;0.4;2.0;3.0;8.1;1.6;20;1.1;0.4;32;1.6;8;6;12.8;11.5;1.2;1.9;5.9;87;23;1;0.2;0.5;0.1;7;0;0;13.3;14.1;No recurring injuries;Average;2.6;28;0.0;0;0;0;0;0;0;0;0;0;0;1.7;1.0
Serie A;Celesti;Stiven Shpendi;AM (L);;AM (RLC), ST (C);23;"5'11""";£14.25K - £16.5K p/w;£10.5M - £15.5M;Reasonable;Very Strong;6.84;1;1225;4;306.25;0.3;5.5;5.5;-1.5;0.4;9%;0.117021276595745;3.5;1.9;1.5;55%;1;0;0;1;0.1;1.14;0.1;86%;29.8;0.1;1.5;1.9;0.9;0.2;25;0.9;0.2;25;0.7;22;11;19.1;2.5;0.6;0.4;3.7;67;12;0;0.0;0.0;0.0;14;0;0;11.2;7.6;No recurring injuries;Very Low;5.9;25;0.1;0;0;0;0;0;0;0;0;0;0;1.3;0.7
First Division;Villarreal;Alberto Moleiro;AM (L);M (LC), AM (C);M/AM (LC);23;"5'7""";£37.5K - £66K p/w;£44M - £72M;Fairly Strong;Very Strong;7.21;2;1567;5;313.4;0.3;5.49;5.49;-0.49;0.3;14%;0.148378378378378;2.1;0.7;0.6;32%;0;0;0;4;0.2;4.17;0.2;87%;55.0;0.3;1.9;4.5;4.4;1.0;22;2.5;0.6;25;3.2;23;4;12.2;6.5;2.1;2.5;10.0;86;43;0;0.3;0.7;0.1;11;0;0;11.5;14.8;No recurring injuries;Above Average;2.3;13;0.0;0;0;0;0;0;0;0;0;0;0;1.4;1.6
Second Division;Espanyol;Javi Puado;AM (L);AM (R);AM (RLC), ST (C);28;"5'10""";£21K - £24K p/w;£41M - £49M;Fairly Strong;Very Strong;6.84;0;1274;4;318.5;0.3;4.43;4.43;-0.43;0.3;11%;0.11972972972973;2.6;1.1;0.7;43%;2;0;0;1;0.1;2.08;0.1;88%;44.3;0.4;1.1;2.1;1.1;0.3;26;1.1;0.3;27;1.4;9;1;16.0;10.7;0.4;1.6;4.9;86;7;0;0.4;0.4;0.0;4;0;0;11.8;10.9;No recurring injuries;Above Average;2.3;12;0.1;0;0;0;0;0;0;0;0;0;0;1.1;1.1
Bundesliga;Bayer 04 Leverkusen;Eliesse Ben Seghir;AM (L);M (L);M (L), AM (LC);21;"5'10""";£74K - £110K p/w;£32M - £53M;Fairly Strong;Very Strong;6.83;1;1294;4;323.5;0.3;2.06;2.06;1.94;0.1;17%;0.0858333333333333;1.7;0.8;0.9;46%;5;1;100;2;0.1;1.4;0.1;88%;50.0;0.1;1.5;3.9;2.6;0.6;21;2.6;0.6;21;3.8;10;6;19.1;4.7;1.6;2.4;8.6;70;33;0;0.1;0.3;0.0;16;1;0;11.6;13.9;No recurring injuries;Below Average;2.4;15;0.0;0;0;0;0;0;0;0;0;0;0;1.8;0.7
Serie A;Bologna;Jonathan Rowe;AM (L);ST (C);AM (L), ST (C);23;"5'8""";£40K - £47.5K p/w;£18.5M - £22M;Fairly Strong;Very Strong;6.72;0;1294;4;323.5;0.3;1.56;1.56;2.44;0.1;24%;0.0917647058823529;1.2;0.6;0.4;53%;1;0;0;0;0.0;0.85;0.1;93%;45.1;0.1;1.1;3.7;1.9;0.5;25;1.9;0.5;25;3.0;5;8;18.7;3.9;0.9;1.7;9.7;62;21;0;0.6;0.9;0.0;17;0;0;11.9;13.6;No recurring injuries;Average;3.3;25;0.0;0;0;0;0;0;0;0;0;0;0;1.4;1.7
Ligue 1 McDonald's;Reims;Mohamed Daramy;AM (L);AM (R);AM (RL);24;"5'11""";£39.5K - £45.5K p/w;£9.4M - £15M;Reasonable;Very Strong;7.18;1;1298;4;324.5;0.3;5.2;5.2;-1.2;0.4;11%;0.136842105263158;2.6;1.0;0.8;37%;1;0;0;2;0.1;2.23;0.2;91%;49.0;0.5;1.9;4.2;3.3;0.4;12;3.3;0.4;13;4.8;21;5;16.7;4.9;1.1;2.1;10.6;64;25;1;0.3;0.8;0.0;12;0;0;11.9;14.6;No recurring injuries;Above Average;4.0;35;0.0;0;0;0;0;0;0;0;0;0;0;1.1;1.5
Bundesliga;Eintracht Frankfurt;Ritsu Doan;AM (R);M (R), AM (LC);M (R), AM (RLC);28;"5'8""";£64K - £95K p/w;£21M - £26M;Very Strong;Reasonable;7.04;1;1301;4;325.25;0.3;3.3;3.3;0.7;0.2;13%;0.103125;2.2;1.0;0.5;47%;0;0;0;2;0.1;4.87;0.3;82%;55.1;0.4;1.9;4.7;3.6;0.6;15;3.6;0.6;15;3.5;13;10;18.6;4.6;1.2;2.1;10.4;58;31;1;0.3;0.5;0.0;16;1;0;11.5;18.4;No recurring injuries;Below Average;3.0;27;0.1;0;0;0;0;0;0;0;0;0;0;1.0;1.2
First Division;Real San Sebastián;Ander Barrenetxea;AM (L);WB (L), M (RL), AM (R);WB (L), M/AM (RL);24;"5'9""";£76K - £110K p/w;£48M - £78M;Fairly Strong;Very Strong;7.03;1;1332;4;333;0.3;3.8;3.8;0.2;0.3;9%;0.0826086956521739;3.1;1.4;1.1;43%;3;0;0;1;0.1;4.51;0.3;90%;54.3;0.5;2.0;4.1;3.0;0.6;20;3.0;0.6;20;3.2;12;8;13.4;6.0;1.6;2.4;9.7;80;30;0;0.1;0.7;0.0;15;0;0;11.6;15.5;No recurring injuries;High;3.8;30;0.0;0;0;0;0;0;0;0;0;0;0;1.4;1.1
Premier League;Everton;Tyler Dibling;AM (R);AM (C);AM (RC);20;"5'10""";£58K - £65K p/w;£68M - £83M;Very Strong;Reasonable;7.04;1;1002;3;334;0.3;1.71;1.71;1.29;0.2;15%;0.0855;1.8;1.4;0.7;80%;1;0;0;5;0.4;3.44;0.3;87%;43.8;0.8;2.0;4.0;6.6;1.9;28;4.1;1.3;33;6.6;11;5;14.5;8.2;2.2;3.5;14.1;69;36;0;0.4;0.5;0.2;13;0;0;13.7;18.2;No recurring injuries;Below Average;3.1;24;0.0;0;0;0;0;0;0;0;0;0;0;2.1;1.4
Serie A;Sassuolo;Kristian Thorstvedt;M (C);;M/AM (C);27;"6'2""";£24.5K - £34K p/w;£9.2M - £14.5M;Very Strong;Reasonable;6.68;0;1003;3;334.333333333333;0.3;1.99;1.99;1.01;0.2;16%;0.104736842105263;1.7;0.9;0.4;53%;1;0;0;0;0.0;1.43;0.1;65%;3.6;0.4;0.0;0.0;0.0;0.0;0;0.0;0.0;0;0.0;4;0;9.2;11.1;0.0;0.0;0.0;0;0;0;0.0;0.0;0.0;2;0;0;0.0;0.0;No recurring injuries;Very Low;0.0;0;0.0;0;0;0;0;0;0;0;0;0;0;0.9;1.1
First Division;Getafe;Borja Mayoral;ST (C);;ST (C);29;"6'0""";£64K - £97K p/w;£9.8M - £16M;Fairly Strong;Very Strong;6.67;0;1008;3;336;0.3;3.73;3.73;-0.73;0.3;10%;0.120322580645161;2.8;1.1;1.0;39%;1;0;0;2;0.2;0.53;0.0;85%;31.3;0.0;1.3;1.2;0.4;0.1;20;0.4;0.1;20;0.5;21;6;17.9;2.0;0.4;1.2;2.2;71;7;1;0.3;0.2;0.2;7;1;0;10.9;7.3;No recurring injuries;High;6.1;22;0.1;0;0;0;0;0;0;0;0;0;0;1.2;1.3
Ligue 1 McDonald's;Auxerre;Mao Hosoya;ST (C);;ST (C);25;"5'10""";£11.75K - £13.5K p/w;£6.4M - £8M;Weak;Very Strong;6.72;0;1015;3;338.333333333333;0.3;3.13;3.13;-0.13;0.3;10%;0.104333333333333;2.7;1.0;1.0;37%;2;0;0;0;0.0;0.94;0.1;87%;31.1;0.2;1.5;1.7;0.4;0.1;20;0.4;0.1;20;1.0;14;10;21.2;2.1;0.3;0.6;1.7;75;4;0;0.2;0.0;0.0;11;0;0;11.4;8.9;No recurring injuries;Below Average;5.5;15;0.1;0;0;0;0;0;0;0;0;0;0;1.2;1.2
First Division;Valencia;Hugo Duro;ST (C);AM (LC);AM (LC), ST (C);27;"5'10""";£61K - £70K p/w;£35M - £42M;Very Strong;Reasonable;6.74;1;1361;4;340.25;0.3;2.94;2.94;1.06;0.2;10%;0.0753846153846154;2.6;1.1;0.5;41%;1;1;100;1;0.1;2.88;0.2;90%;31.3;0.3;1.1;0.9;0.7;0.1;20;0.7;0.1;20;0.7;34;18;13.9;2.5;0.1;0.7;1.0;50;2;0;0.1;0.2;0.0;13;0;0;10.7;7.7;No recurring injuries;Low;6.7;31;0.1;0;0;0;0;0;0;0;0;0;0;0.9;1.5
First Division;Elche;Álvaro Rodríguez;ST (C);AM (L);AM (L), ST (C);22;"6'4""";£37K - £54K p/w;£42M - £68M;Very Strong;Reasonable;6.66;1;1379;4;344.75;0.3;3.86;3.86;0.14;0.3;12%;0.113529411764706;2.2;1.6;0.7;71%;1;0;0;0;0.0;0.43;0.0;90%;28.4;0.1;0.7;0.6;0.5;0.2;37;0.5;0.2;38;0.5;28;15;19.3;1.2;0.2;0.7;1.4;100;3;0;0.1;0.1;0.0;18;2;0;10.9;6.5;No recurring injuries;High;7.6;55;0.1;0;0;0;0;0;0;0;0;0;0;0.7;2.0
Premier League;Gil Vicente;Pablo Marí;D (C);;D (C);33;"6'4""";£4.8K - £7K p/w;£100K - £1M;Very Strong;Weak;7.03;2;1046;3;348.666666666667;0.3;0.51;0.51;2.5;0.0;60%;0.102;0.4;0.3;0.0;60%;0;0;0;1;0.1;0.19;0.0;90%;42.4;0.0;0.3;2.0;0.0;0.0;0;0.0;0.0;0;0.0;3;0;3.7;17.0;0.8;2.4;2.5;82;11;2;0.8;0.9;0.7;9;3;1;9.5;3.5;No recurring injuries;Above Average;5.7;82;1.0;0;0;0;0;0;0;0;0;0;0;1.0;1.0
Second Division;Valladolid;Amath N'Diaye;AM (R);;AM (RL);30;"5'9""";£13.5K - £15.5K p/w;£110K - £10.5M;Reasonable;Very Strong;7.09;2;1411;4;352.75;0.3;3.66;3.66;0.34;0.2;12%;0.107647058823529;2.2;0.8;0.6;35%;2;0;0;2;0.1;1.5;0.1;91%;42.7;0.5;1.7;3.0;4.7;1.1;24;4.7;1.1;24;5.2;22;10;19.0;5.0;1.3;1.5;8.9;80;25;0;0.3;0.9;0.0;19;0;0;11.9;14.2;No recurring injuries;High;2.6;32;0.0;0;0;0;0;0;0;0;0;0;0;1.5;1.1
First Division;Atlético Pamplona;Aimar;AM (C);M (L), AM (R);M (LC), AM (RLC);25;"5'10""";£33.5K - £52K p/w;£62M - £81M;Fairly Strong;Very Strong;6.80;1;1069;3;356.333333333333;0.3;2.82;2.82;0.18;0.2;11%;0.104444444444444;2.3;0.8;0.7;33%;0;0;0;4;0.3;4.35;0.4;88%;49.3;0.6;2.9;3.6;1.9;0.7;36;1.0;0.3;25;0.8;10;3;14.9;11.4;0.8;0.8;6.7;47;19;0;0.1;0.1;0.0;13;0;0;12.0;11.8;No recurring injuries;Average;2.2;4;0.0;0;0;0;0;0;0;0;0;0;0;0.8;1.2
Premier League;Wolves;Fer López;AM (C);M (C);M (C), AM (RC);22;"6'1""";£67K - £92K p/w;£30M - £49M;Very Strong;Weak;6.58;0;1096;3;365.333333333333;0.2;3.39;3.39;-0.39;0.3;12%;0.1356;2.1;1.2;0.9;60%;0;0;0;1;0.1;1.41;0.1;86%;32.7;0.4;1.1;2.6;2.2;0.2;7;0.2;0.1;33;0.3;9;1;7.9;5.4;1.2;2.0;7.0;79;19;0;0.3;0.7;0.2;5;1;0;13.1;15.4;No recurring injuries;Very Low;3.5;23;0.2;0;0;1;0;0;0;0;0;0;0;1.1;2.1
Bundesliga;Eintracht Frankfurt;Jonathan Burkardt;ST (C);;ST (C);26;"5'11""";£49.5K - £77K p/w;£19.5M - £31M;Fairly Strong;Very Strong;6.86;0;1504;4;376;0.2;5.54;4.73;-1.54;0.3;8%;0.106538461538462;3.1;1.4;0.8;44%;1;1;0;1;0.1;0.87;0.1;88%;29.6;0.1;1.0;1.0;0.6;0.2;30;0.6;0.2;30;0.5;44;14;19.9;1.9;0.1;0.4;1.1;40;5;0;0.1;0.2;0.0;10;0;0;10.7;7.1;No recurring injuries;High;5.9;36;0.1;0;0;0;0;0;0;0;0;0;0;1.1;1.0
Jupiler Pro League;Dender EH;David Hrnčár;D (R);M (R);D/WB/M/AM (R);28;"6'2""";£2.4K - £3.6K p/w;£180K - £1.8M;Weak;Very Strong;7.06;2;1510;4;377.5;0.2;3.77;3.77;0.23;0.2;17%;0.163913043478261;1.4;0.5;0.6;39%;1;0;0;0;0.0;1.7;0.1;87%;49.6;0.3;1.7;5.4;2.0;0.2;8;2.0;0.2;9;1.7;12;5;14.8;9.2;2.0;2.6;8.3;89;37;2;0.4;0.7;0.5;18;2;0;11.2;14.2;No recurring injuries;Below Average;4.2;38;0.2;0;0;0;0;0;0;0;0;0;0;1.2;1.3
Premier League;FC Porto;Gabri Veiga;M (C);;M/AM (C);24;"6'0""";£21.5K - £36.5K p/w;£31M - £50M;Fairly Strong;Very Strong;6.77;1;1518;4;379.5;0.2;5.55;5.55;-1.55;0.3;10%;0.135365853658537;2.4;1.2;0.8;51%;0;0;0;5;0.3;5.35;0.3;91%;15.8;0.5;1.0;1.1;0.2;0.1;66;0.2;0.1;67;0.5;14;1;9.3;11.0;0.4;0.8;3.7;38;16;0;0.2;0.2;0.2;5;3;0;4.0;7.6;No recurring injuries;Average;0.3;20;0.0;0;0;0;0;0;0;0;0;0;0;2.0;1.0
Jupiler Pro League;Union SG;Anan Khalaili;AM (R);;AM (R);22;"6'0""";£7.25K - £11.75K p/w;£25M - £32M;Strong;Very Strong;6.93;1;1527;4;381.75;0.2;4.39;4.39;-0.39;0.3;10%;0.112564102564103;2.3;0.9;0.9;38%;1;0;0;3;0.2;1.2;0.1;89%;46.4;0.2;1.2;3.9;3.9;0.6;16;3.9;0.6;17;4.0;26;7;15.5;5.8;1.8;2.9;10.7;70;43;1;0.4;1.0;0.1;15;0;0;12.5;18.0;No recurring injuries;Below Average;3.5;46;0.1;0;0;0;0;0;0;0;0;0;0;1.1;1.2
Premier League;Estoril Praia;João Carvalho;AM (C);M (C), AM (L);M (C), AM (LC);29;"5'8""";£1.4K - £2.5K p/w;£425K - £4.1M;Fairly Strong;Very Strong;6.77;0;1177;3;392.333333333333;0.2;3.15;3.15;-0.15;0.2;12%;0.121153846153846;2.0;0.7;0.5;35%;0;0;0;2;0.2;1.43;0.1;86%;43.5;0.5;1.8;2.9;0.6;0.2;25;0.6;0.2;25;1.4;12;3;17.4;10.9;0.4;1.1;3.7;71;7;0;0.1;0.5;0.0;8;2;0;11.8;9.4;Recurring moderately sprained ankle ligaments;Very High;1.8;22;0.1;0;0;0;0;0;0;0;0;0;0;0.9;1.9
Second Division;Almería;Sergio Arribas;AM (C);M (R), AM (RL);M (RC), AM (RLC);25;"5'8""";£21.5K - £31K p/w;£7.2M - £8.8M;Very Strong;Fairly Strong;6.93;1;1181;3;393.666666666667;0.2;2.04;2.04;0.96;0.2;13%;0.085;1.8;0.7;0.5;38%;0;0;0;4;0.3;2.55;0.2;86%;48.9;0.5;1.4;3.4;8.0;2.2;27;2.5;0.6;24;3.7;11;5;14.9;6.8;1.0;1.9;10.2;52;25;0;0.4;0.7;0.0;11;0;0;12.5;15.9;No recurring injuries;Below Average;3.2;19;0.0;0;0;0;0;0;0;0;0;0;0;1.4;1.2
First Division;Vigo;Florin Tănase;AM (C);AM (L), ST (C);M (C), AM (LC), ST (C);31;"6'1""";£14.5K - £21K p/w;£120K - £1.2M;Weak;Very Strong;6.90;1;1188;3;396;0.2;2.02;2.02;0.98;0.2;11%;0.0721428571428571;2.1;0.8;0.9;36%;3;0;0;5;0.4;2.58;0.2;88%;41.5;0.2;2.1;3.2;1.5;0.3;20;1.4;0.2;16;1.1;9;2;24.8;8.3;0.7;1.5;5.7;90;10;0;0.0;0.2;0.0;10;2;0;12.3;10.7;Recurring partially torn calf muscle;Very High;3.8;40;0.2;0;0;0;0;0;0;0;0;0;0;1.2;1.1
First Division;Valencia;Filip Ugrinić;M (C);;M/AM (C);27;"6'0""";£26.5K - £30.5K p/w;£8.2M - £10M;Fairly Strong;Very Strong;6.90;1;1587;4;396.75;0.2;3.7;3.7;0.3;0.2;11%;0.105714285714286;2.0;0.6;0.7;31%;0;0;0;3;0.2;2.65;0.2;89%;44.9;0.1;1.6;3.6;2.0;0.3;16;0.9;0.2;19;1.0;11;6;20.4;9.9;0.5;1.5;5.4;73;11;0;0.3;0.2;0.0;11;0;0;11.8;12.0;No recurring injuries;Below Average;3.1;41;0.1;0;0;0;0;0;0;0;0;0;0;1.1;1.2
Serie A;Genoa;Vitinha;ST (C);AM (LC);AM (LC), ST (C);26;"6'0""";£52K - £61K p/w;£9.2M - £11M;Fairly Strong;Very Strong;6.65;0;1595;4;398.75;0.2;5.08;5.08;-1.08;0.3;7%;0.0923636363636364;3.1;1.3;0.8;42%;4;0;0;0;0.0;1.56;0.1;88%;27.4;0.1;0.7;0.6;0.3;0.1;20;0.3;0.1;20;0.7;29;13;20.2;1.4;0.1;0.8;0.8;100;2;0;0.0;0.2;0.0;23;0;2;9.7;5.4;No recurring injuries;Very Low;3.6;33;0.1;0;0;0;0;0;0;0;0;0;0;0.7;0.7
Second Division;Mallorca;Manu Morlanes;M (C);DM;DM, M/AM (C);27;"5'10""";£21.5K - £32K p/w;£5M - £8.2M;Fairly Strong;Very Strong;6.58;0;1223;3;407.666666666667;0.2;3.08;3.08;-0.08;0.2;15%;0.154;1.5;0.4;0.4;25%;0;0;0;2;0.1;1.69;0.1;0%;0.0;0.7;0.1;0.0;0.0;0.0;0;0.0;0.0;0;0.0;9;0;11.7;13.8;0.0;0.0;0.0;0;0;0;0.0;0.0;0.0;1;1;0;0.0;0.0;No recurring injuries;High;0.0;0;0.0;0;0;0;0;0;0;0;0;0;0;1.7;0.9
Premier League;FC Porto;Victor Froholdt;M (C);AM (C);DM, M/AM (C);20;"6'2""";£28K - £40.5K p/w;£56M - £73M;Reasonable;Very Strong;6.71;0;1637;4;409.25;0.2;2.66;2.66;1.34;0.1;15%;0.0985185185185185;1.5;0.9;0.7;59%;2;0;0;4;0.2;5.14;0.3;88%;13.5;0.3;0.6;0.7;0.2;0.2;75;0.2;0.2;75;0.2;15;2;10.5;12.3;0.3;0.9;2.1;60;10;1;0.3;0.1;0.2;5;2;0;2.4;4.6;No recurring injuries;Below Average;0.3;20;0.1;0;0;0;0;0;0;0;0;0;0;1.8;0.7
Bundesliga;VfB Stuttgart;Chris Führich;AM (L);M (RL), AM (C);M (RL), AM (RLC);28;"5'11""";£63K - £92K p/w;£7.4M - £12M;Reasonable;Very Strong;7.13;0;1235;3;411.666666666667;0.2;1.98;1.98;1.02;0.1;16%;0.104210526315789;1.4;0.5;0.3;37%;1;0;0;4;0.3;3.86;0.3;87%;46.6;0.7;2.6;5.9;7.9;1.4;17;3.4;0.7;19;3.8;9;5;20.3;6.0;1.7;2.4;10.6;69;35;0;0.2;0.4;0.0;10;0;0;11.6;14.6;No recurring injuries;Average;2.6;31;0.0;0;0;0;0;0;0;0;0;0;0;1.7;1.1
Sky Bet Championship;Leicester;Stephy Mavididi;AM (L);M (L);M/AM (L);28;"6'0""";£28.5K - £41.5K p/w;£8.6M - £10.5M;Weak;Very Strong;6.84;1;1239;3;413;0.2;2.53;2.53;0.47;0.2;13%;0.11;1.7;0.4;0.6;26%;0;0;0;1;0.1;0.6;0.0;89%;44.4;0.1;2.0;4.1;1.9;0.4;19;1.9;0.4;19;5.6;14;2;20.3;3.3;1.0;2.4;9.8;74;19;0;0.1;0.7;0.0;10;0;0;11.6;13.6;No recurring injuries;Average;3.9;37;0.1;0;0;0;0;0;0;0;0;0;0;1.3;1.4
Sky Bet Championship;Burnley;Josh Cullen;DM, M (C);;DM, M (C);30;"5'9""";£13.75K - £18.75K p/w;£2.6M - £5.6M;Reasonable;Very Strong;6.52;0;1256;3;418.666666666667;0.2;2.12;2.12;0.88;0.2;19%;0.1325;1.1;0.5;0.2;44%;0;0;0;1;0.1;1.44;0.1;88%;4.3;0.3;0.1;0.9;0.1;0.0;0;0.1;0.0;0;0.1;8;0;11.5;13.4;0.0;0.1;0.6;0;0;0;0.0;0.0;0.0;2;0;1;0.9;1.2;No recurring injuries;Below Average;0.1;50;0.0;0;0;0;0;0;0;0;0;0;0;1.4;0.9
Serie BKT;Hellas Verona;Tomáš Suslov;AM (R);AM (RL);M (C), AM (RLC);24;"5'9""";£31K - £36K p/w;£475K - £4.6M;Very Strong;Weak;7.24;1;1260;3;420;0.2;3.96;3.96;-0.96;0.3;11%;0.146666666666667;1.9;0.6;0.1;30%;1;0;0;0;0.0;0.98;0.1;76%;26.8;0.1;0.7;1.2;1.5;0.2;14;1.2;0.1;6;1.8;24;4;4.7;1.5;1.6;0.6;2.5;92;24;0;0.0;0.0;0.0;17;0;0;3.1;4.0;No recurring injuries;Very Low;0.8;18;0.0;0;0;0;0;0;0;0;0;0;0;0.3;0.4
Second Division;Mallorca;Pablo Torre;AM (C);M (L);M/AM (LC);23;"5'8""";£27.5K - £39.5K p/w;£24M - £32M;Fairly Strong;Very Strong;6.92;2;1269;3;423;0.2;2.12;2.12;0.88;0.2;10%;0.0706666666666667;2.1;0.4;0.9;20%;4;2;100;3;0.2;3.42;0.2;90%;42.5;0.4;1.8;3.3;8.7;1.8;20;2.1;0.8;37;1.8;21;3;11.3;9.1;1.2;1.5;7.2;81;21;0;0.4;0.6;0.0;7;0;0;9.2;11.6;No recurring injuries;Below Average;1.8;27;0.0;0;0;0;0;0;0;0;0;0;0;1.6;0.9
Sky Bet Championship;Sheffield United;Chiedozie Ogbene;AM (R);M (R);WB/M/AM (R);29;"5'10""";£16.75K - £24.5K p/w;£6M - £9.8M;Weak;Very Strong;6.97;3;1712;4;428;0.2;3.38;3.38;0.62;0.2;12%;0.102424242424242;1.7;0.6;0.5;36%;0;0;0;2;0.1;3.65;0.2;86%;42.2;0.2;2.2;3.4;4.7;0.7;15;4.7;0.7;16;5.8;23;7;20.1;4.7;1.8;2.3;9.6;81;42;0;0.2;0.7;0.0;17;0;0;12.3;15.9;No recurring injuries;Low;3.2;43;0.0;0;0;0;0;0;0;0;0;0;0;1.4;1.5
First Division;Sevilla;Djibril Sow;M (C);;DM, M (C);29;"6'0""";£46K - £75K p/w;£8M - £10M;Reasonable;Very Strong;6.54;0;1299;3;433;0.2;2.88;2.88;0.12;0.2;12%;0.110769230769231;1.8;0.7;0.6;38%;0;0;0;0;0.0;1.96;0.1;93%;6.1;0.4;0.1;0.7;0.0;0.0;0;0.0;0.0;0;0.1;2;0;14.0;10.5;0.2;0.2;0.5;100;3;0;0.1;0.0;0.1;1;1;0;0.9;0.7;No recurring injuries;High;0.1;50;0.0;0;0;0;0;0;0;0;0;0;0;1.3;1.2
Ligue 1 McDonald's;Olympique de Marseille;Himad Abdelli;M (C);;M/AM (C);27;"6'1""";£20.5K - £23.5K p/w;£6.4M - £7.6M;Reasonable;Very Strong;6.84;0;1736;4;434;0.2;3.74;3.74;0.26;0.2;14%;0.133571428571429;1.5;0.6;0.6;39%;1;0;0;1;0.1;3.81;0.2;89%;48.0;0.2;1.8;3.2;1.6;0.5;33;0.7;0.3;46;0.9;17;6;15.9;6.1;0.6;1.6;6.7;65;17;2;0.1;0.4;0.1;12;0;0;12.4;12.8;Recurring sprained ankle ligaments;Very High;2.8;33;0.1;0;0;0;0;0;0;0;0;0;0;1.0;1.3
Sky Bet Championship;Wrexham;Kieffer Moore;ST (C);;ST (C);34;"6'5""";£19.25K - £26K p/w;£550K;Reasonable;Very Strong;6.69;0;1325;3;441.666666666667;0.2;3.76;3.76;-0.76;0.3;8%;0.094;2.7;1.1;1.2;40%;2;0;0;0;0.0;0.79;0.1;89%;26.9;0.0;1.0;0.8;0.5;0.3;50;0.5;0.3;50;0.5;25;10;23.7;1.6;0.1;1.0;1.3;33;3;0;0.2;0.3;0.0;13;3;0;10.3;5.9;No recurring injuries;Average;8.9;41;0.1;0;0;0;0;0;0;0;0;0;0;0.8;1.3
Ligue 1 McDonald's;AS Monaco;Maghnes Akliouche;AM (R);M (R), AM (LC);M (RC), AM (RLC);24;"6'0""";£50K - £58K p/w;£42M - £50M;Very Strong;Fairly Strong;6.66;0;1327;3;442.333333333333;0.2;1.06;1.06;1.94;0.1;19%;0.06625;1.1;0.4;0.3;38%;0;0;0;3;0.2;2.54;0.2;90%;18.4;0.3;0.5;2.6;0.3;0.1;25;0.3;0.1;25;0.1;8;0;12.9;8.3;0.4;0.8;2.2;86;7;0;0.1;0.1;0.1;2;2;0;3.3;3.4;No recurring injuries;Below Average;0.8;25;0.0;0;0;0;0;0;0;0;0;0;0;1.4;1.2
Second Division;Alavés;Lucas Boyé;ST (C);AM (RC);AM (RLC), ST (C);30;"5'11""";£14K - £23.5K p/w;£9.2M - £11.5M;Reasonable;Very Strong;6.78;0;1340;3;446.666666666667;0.2;4.13;4.13;-1.13;0.3;11%;0.152962962962963;1.8;0.9;0.5;48%;1;0;0;1;0.1;1.58;0.1;88%;48.3;0.3;1.8;3.9;2.7;0.5;17;2.7;0.5;18;2.8;23;8;17.3;4.0;1.3;1.7;9.3;87;23;1;0.2;0.6;0.0;10;1;0;12.0;16.4;No recurring injuries;Below Average;4.3;27;0.1;0;0;0;0;0;0;0;0;0;0;0.9;1.1
Serie BKT;Catanzaro;Federico Di Francesco;AM (L);ST (C);AM (RLC), ST (C);32;"5'8""";£12K - £19.25K p/w;Not for Sale;Very Strong;Weak;7.23;2;1350;3;450;0.2;5.57;5.57;-2.57;0.4;6%;0.103148148148148;3.6;2.1;0.0;59%;0;0;0;2;0.1;0.86;0.1;59%;20.0;0.0;0.0;0.0;0.0;0.0;0;0.0;0.0;0;0.0;24;0;0.0;0.0;0.8;0.0;0.0;86;14;0;0.0;0.0;0.0;15;0;0;0.0;0.0;No recurring injuries;Very Low;0.0;0;0.0;0;0;0;0;0;0;0;0;0;0;0.0;0.0
Serie BKT;Modena F.C.;Davide Adorni;D (C);;D (C);34;"6'1""";£4.9K - £7.5K p/w;£30K - £300K;Weak;Very Strong;6.93;0;1350;3;450;0.2;0.32;0.32;2.68;0.0;30%;0.032;0.7;0.1;0.0;20%;0;0;0;3;0.2;0;0.0;70%;20.0;0.0;0.0;0.0;0.0;0.0;0;0.0;0.0;0;0.0;0;0;0.0;0.0;2.1;0.0;0.0;100;31;0;0.0;0.0;0.0;20;1;0;0.0;0.0;No recurring injuries;Very Low;0.0;0;0.0;0;0;0;0;0;0;0;0;0;0;0.0;0.0
Bundesliga;TSG Hoffenheim;Wouter Burger;DM, M (C);;DM, M (C);25;"6'3""";£53K - £83K p/w;£17M - £28M;Very Strong;Reasonable;7.08;2;1405;3;468.333333333333;0.2;2.05;2.05;0.95;0.1;17%;0.113888888888889;1.2;0.3;0.4;28%;1;1;100;4;0.3;2.72;0.2;94%;46.7;0.4;0.8;3.2;0.3;0.1;25;0.3;0.1;25;0.1;5;1;5.9;17.4;1.0;2.0;5.4;70;23;2;0.4;0.8;0.3;11;4;1;9.6;10.2;No recurring injuries;Average;2.5;62;0.3;0;0;0;0;0;0;0;0;0;0;1.6;0.8
Serie A;Celesti;Kenneth Taylor;M (C);DM, M/AM (L);DM, M/AM (LC);24;"6'0""";£42K - £49K p/w;£24M - £29M;Very Strong;Fairly Strong;6.62;0;1911;4;477.75;0.2;2.01;2.01;1.99;0.1;24%;0.118235294117647;0.8;0.2;0.2;29%;0;0;0;1;0.0;3.84;0.2;92%;7.8;0.4;0.3;0.7;6.1;1.1;18;0.3;0.1;29;0.4;11;0;14.0;9.0;0.1;0.6;1.3;60;5;0;0.0;0.0;0.0;1;1;0;1.9;2.2;No recurring injuries;Very Low;0.3;29;0.0;0;0;0;0;0;0;0;0;0;0;1.1;1.4
Sky Bet Championship;Derby;Bertrand Traoré;AM (R);M (R), AM (L), ST (C);M (R), AM (RL), ST (C);31;"5'11""";£27.5K - £36.5K p/w;Not for Sale;Very Strong;Weak;6.91;1;1436;3;478.666666666667;0.2;2.78;2.78;0.22;0.2;12%;0.106923076923077;1.6;0.7;0.5;42%;0;0;0;3;0.2;2.45;0.2;85%;46.0;0.1;2.3;4.0;2.9;0.3;10;2.9;0.3;11;4.3;19;6;20.6;4.2;1.1;1.9;10.3;64;28;1;0.2;0.5;0.0;18;1;0;11.3;15.8;No recurring injuries;High;3.2;53;0.0;0;0;0;0;0;0;0;0;0;0;1.1;0.9
Premier League;Brighton;Georginio Rutter;AM (C);AM (R), ST (C);AM (RC), ST (C);24;"6'0""";£79K - £89K p/w;£37M - £54M;Very Strong;Strong;6.60;0;1437;3;479;0.2;3.54;3.54;-0.54;0.2;10%;0.122068965517241;1.8;1.1;0.6;62%;1;0;0;3;0.2;3.03;0.2;87%;46.6;0.7;1.5;2.4;1.8;0.3;17;1.8;0.3;17;2.2;19;5;10.7;2.5;0.2;0.7;2.8;43;7;0;0.1;0.2;0.1;8;0;0;12.5;9.3;No recurring injuries;Below Average;4.4;33;0.3;0;0;0;0;0;0;0;0;0;0;1.7;2.6
Jupiler Pro League;RSC Anderlecht;César Huerta;AM (L);AM (R);AM (RL);26;"5'8""";£11.75K - £17.25K p/w;£9.8M - £12M;Reasonable;Very Strong;7.16;1;1943;4;485.75;0.2;5.95;5.95;-1.95;0.3;8%;0.116666666666667;2.4;1.3;0.7;53%;3;0;0;5;0.2;4.12;0.2;88%;44.0;0.3;1.5;3.0;2.9;0.7;25;2.9;0.7;25;2.7;16;7;17.0;5.0;1.3;2.0;8.9;73;40;0;0.2;0.6;0.0;23;0;0;11.6;15.6;No recurring injuries;Average;5.0;48;0.1;0;0;0;0;0;0;0;0;0;0;1.5;0.9
Second Division;Las Palmas;Kirian;M (C);AM (C);M/AM (C);30;"5'11""";£9.75K - £14K p/w;£8.4M - £13.5M;Fairly Strong;Very Strong;6.57;0;1512;3;504;0.2;2.96;2.96;0.04;0.2;9%;0.0925;1.9;0.9;0.8;47%;1;0;0;1;0.1;2.86;0.2;92%;8.6;0.4;0.1;0.5;0.2;0.1;25;0.1;0.0;0;0.1;11;2;9.8;11.0;0.1;0.1;1.2;67;3;0;0.1;0.0;0.1;3;1;0;1.4;2.0;No recurring injuries;Average;0.4;33;0.0;0;0;0;0;0;0;0;0;0;0;1.1;1.0
First Division;Atlético Pamplona;Raúl Moro;AM (L);AM (C), ST (C);AM (RLC), ST (C);24;"5'7""";£23.5K - £36.5K p/w;£12.5M - £21M;Fairly Strong;Very Strong;7.03;0;1020;2;510;0.2;2.8;2.8;-0.8;0.2;7%;0.103703703703704;2.4;0.8;0.8;33%;1;0;0;5;0.4;2.74;0.2;89%;47.6;0.4;2.7;4.2;3.7;0.6;16;3.7;0.6;17;3.9;10;5;18.2;4.7;2.5;1.6;10.0;85;33;0;0.3;0.6;0.0;17;1;0;12.5;14.5;No recurring injuries;High;1.9;32;0.0;0;0;0;0;0;0;0;0;0;0;1.2;1.1
Serie A;Parma;Adrián Bernabé;M (C);AM (C);DM, M/AM (C);25;"5'9""";£58K - £73K p/w;£15.5M;Very Strong;Reasonable;7.17;4;1531;3;510.333333333333;0.2;3.66;3.66;-0.66;0.2;10%;0.118064516129032;1.8;0.6;0.4;32%;0;0;0;5;0.3;4.97;0.3;91%;41.3;0.2;0.9;5.0;5.5;0.6;11;0.4;0.0;0;0.1;15;0;5.2;15.2;1.1;1.7;3.7;72;25;1;0.2;0.5;0.1;5;1;0;7.1;7.1;No recurring injuries;Very Low;0.6;30;0.2;0;0;0;0;0;0;0;0;0;0;0.7;0.8
Serie A;Fiorentina;Cher Ndour;M (C);AM (C);M/AM (C);22;"6'3""";£17.5K - £20.5K p/w;£6.4M - £8M;Reasonable;Very Strong;6.55;0;2057;4;514.25;0.2;2.83;2.83;1.17;0.1;17%;0.117916666666667;1.1;0.3;0.3;25%;0;0;0;5;0.2;6.45;0.3;0%;0.0;0.2;0.2;0.0;0.4;0.1;25;0.0;0.0;0;0.0;23;0;16.3;11.6;0.0;0.0;0.0;0;0;0;0.0;0.0;0.0;2;2;0;0.0;0.0;No recurring injuries;Very Low;0.0;0;0.0;0;0;0;0;0;0;0;0;0;0;1.4;0.7
Premier League;BRG;Gustaf Lagerbielke;D (C);;D (C);26;"6'4""";£5.75K - £9.75K p/w;£25M - £33M;Fairly Strong;Very Strong;7.19;5;2070;4;517.5;0.2;1.79;1.79;2.21;0.1;19%;0.0852380952380952;0.9;0.3;0.3;38%;1;1;100;1;0.0;1.61;0.1;94%;50.2;0.2;0.2;2.2;0.0;0.0;0;0.0;0.0;0;0.0;3;0;2.4;19.4;0.6;2.9;2.5;76;17;4;0.6;1.0;0.3;12;3;0;9.9;4.8;No recurring injuries;Low;4.9;74;0.9;0;0;0;0;0;0;0;0;0;0;1.3;0.7
Premier League;Nott'm Forest;Ryan Yates;DM;;DM, M (C);29;"6'3""";£57K - £64K p/w;£11M - £17M;Fairly Strong;Very Strong;6.84;0;1039;2;519.5;0.2;1.19;1.19;0.81;0.1;15%;0.0915384615384615;1.1;0.3;0.7;31%;0;0;0;0;0.0;0.3;0.0;94%;56.1;0.0;0.6;6.8;0.0;0.0;0;0.0;0.0;0;0.4;0;0;4.3;8.8;2.8;2.8;12.1;74;43;3;0.6;1.0;0.5;11;1;0;13.3;18.5;No recurring injuries;Low;2.5;41;0.2;0;0;1;0;0;0;0;0;0;0;1.2;1.1
Premier League;Birmingham;Ísak Jóhannesson;M (C);;DM, M/AM (C);23;"5'11""";£13.25K - £18.5K p/w;£5.4M - £8.8M;Very Strong;Reasonable;6.68;0;1044;2;522;0.2;2.65;1.88;-0.65;0.2;9%;0.115217391304348;2.0;0.9;1.2;43%;1;1;100;1;0.1;1.45;0.1;91%;47.3;0.6;1.2;1.9;4.8;0.6;12;0.9;0.3;36;1.1;3;5;8.9;5.4;1.0;2.0;7.0;75;16;0;1.0;0.8;0.8;9;0;0;12.7;14.1;No recurring injuries;Below Average;1.2;21;0.3;0;0;0;0;0;0;0;0;0;0;1.5;2.3
Serie A;Bologna;Jens Odgaard;AM (C);AM (RL), ST (C);AM (RLC), ST (C);27;"6'2""";£46.5K - £54K p/w;£11M - £16.5M;Very Strong;Reasonable;7.01;1;1047;2;523.5;0.2;2.54;2.54;-0.54;0.2;8%;0.1016;2.1;0.7;0.9;32%;1;0;0;3;0.3;1.62;0.1;87%;47.3;0.3;2.1;2.9;1.3;0.6;46;1.3;0.6;47;0.9;2;0;19.0;11.3;1.0;1.5;4.8;100;12;1;0.2;0.0;0.0;5;0;0;13.1;13.8;No recurring injuries;Above Average;2.8;36;0.2;0;0;0;0;0;0;0;0;0;0;1.5;1.2
First Division;Cádiz;Jacob Bruun Larsen;AM (L);M (RL), ST (C);M/AM (RL), ST (C);28;"6'0""";£20.5K - £29.5K p/w;£8M - £13M;Fairly Strong;Very Strong;6.83;0;1048;2;524;0.2;1.25;1.25;0.75;0.1;10%;0.0625;1.7;0.8;0.8;45%;0;0;0;0;0.0;1.78;0.2;88%;40.4;0.2;1.5;3.3;2.2;0.6;26;2.2;0.6;27;2.1;16;6;16.7;4.0;1.6;2.1;6.9;95;20;1;0.4;0.3;0.1;8;0;0;10.9;10.4;No recurring injuries;Above Average;3.7;37;0.1;0;0;0;0;0;0;0;0;0;0;0.9;1.3
Jupiler Pro League;Club Brugge;Christos Tzolis;AM (L);M (L), AM (R);M (L), AM (RL), ST (C);24;"5'10""";£26K - £40K p/w;£24M - £39M;Fairly Strong;Very Strong;6.91;1;1055;2;527.5;0.2;2.21;2.21;-0.21;0.2;7%;0.0789285714285714;2.4;1.4;0.9;57%;1;0;0;0;0.0;2.64;0.2;86%;49.0;0.3;1.7;3.8;6.2;1.1;17;4.1;0.9;23;3.1;14;6;13.1;6.7;1.9;1.9;9.7;71;31;0;0.4;0.4;0.0;12;0;0;11.6;14.1;No recurring injuries;Average;3.5;34;0.1;0;0;0;0;0;0;0;0;0;0;1.4;0.9
Eredivisie;Ajax;Sivert Mannsverk;M (C);;DM, M (C);24;"6'1""";£47K - £70K p/w;£7.4M - £12M;Reasonable;Very Strong;6.92;1;1074;2;537;0.2;1.28;1.28;0.72;0.1;14%;0.0914285714285714;1.2;0.4;0.4;36%;0;0;0;3;0.3;3.45;0.3;90%;63.1;0.3;0.9;7.9;0.7;0.0;0;0.0;0.0;0;0.4;7;1;5.2;13.2;1.1;2.9;7.3;68;19;0;0.3;0.3;0.2;16;5;0;12.1;12.7;No recurring injuries;High;1.8;55;0.0;0;0;0;0;0;0;0;0;0;0;1.4;1.3
Ligue 1 McDonald's;Strasbourg;Guéla Doué;D (R);;D (RC);24;"6'1""";£25K - £29K p/w;£14.5M - £21M;Reasonable;Very Strong;7.23;2;1080;2;540;0.2;0.91;0.91;1.09;0.1;18%;0.0827272727272727;0.9;0.4;0.4;45%;0;0;0;0;0.0;0.33;0.0;92%;48.2;0.1;0.2;2.5;0.0;0.0;0;0.0;0.0;0;0.0;3;0;3.0;16.3;0.5;3.4;3.0;55;11;3;0.9;0.5;0.4;7;3;0;9.8;5.7;No recurring injuries;Low;6.8;79;0.8;0;0;0;0;0;0;0;0;0;0;1.5;0.8
Bundesliga 2;SC Paderborn 07;Yang Min-Hyeok;AM (RL);;AM (RL);20;"5'8""";£11.5K - £19.25K p/w;£14.5M - £17.5M;Fairly Strong;Very Strong;6.95;2;1088;2;544;0.2;2.27;2.27;-0.27;0.2;10%;0.108095238095238;1.7;0.6;0.6;33%;0;0;0;2;0.2;1.12;0.1;88%;44.8;0.1;2.0;3.4;3.6;1.6;44;3.6;1.6;44;4.7;12;5;21.1;3.6;1.2;2.2;10.1;83;18;0;0.3;0.6;0.0;12;0;0;11.1;16.5;No recurring injuries;Above Average;3.1;26;0.0;0;0;0;0;0;0;0;0;0;0;0.9;1.6
Bundesliga;1. FSV Mainz 05;Nadiem Amiri;M (C);AM (C);DM, M/AM (C);30;"5'11""";£45.5K - £67K p/w;£7.6M - £10M;Reasonable;Very Strong;6.49;0;1114;2;557;0.2;0.76;0.76;1.24;0.1;20%;0.076;0.8;0.6;0.4;70%;0;0;0;0;0.0;1.28;0.1;91%;6.1;0.1;0.2;0.8;7.4;1.8;24;0.0;0.0;0;0.1;11;1;12.6;10.8;0.2;0.3;0.6;100;2;0;0.0;0.0;0.0;6;4;0;1.0;1.5;No recurring injuries;Above Average;0.2;67;0.0;0;0;0;0;0;0;0;0;0;0;0.6;1.5
Ligue 1 McDonald's;Rennes;Alidu Seidu;D (R);D (L), WB (R);D (RLC), WB (R);26;"5'8""";£12.25K - £14.25K p/w;£3.7M - £5.6M;Reasonable;Very Strong;7.01;1;1170;2;585;0.2;0.9;0.9;1.1;0.1;22%;0.1;0.7;0.2;0.3;22%;0;0;0;0;0.0;0.61;0.0;87%;59.2;0.2;0.9;7.2;1.1;0.3;28;1.1;0.3;29;0.6;9;0;16.5;9.3;1.6;3.1;6.0;66;32;1;0.4;0.9;0.8;10;1;0;11.8;14.5;No recurring injuries;Average;2.5;64;0.2;0;0;0;0;0;0;0;0;0;0;0.9;1.2
First Division;Vallecano;Isi Palazón;AM (C);M (R);M (R), AM (RC);31;"5'7""";£42.5K - £62K p/w;Not for Sale;Very Strong;Weak;6.88;0;1173;2;586.5;0.2;2.11;2.11;-0.11;0.2;9%;0.0959090909090909;1.7;0.6;0.6;36%;1;0;0;1;0.1;0.46;0.0;89%;50.1;0.1;1.8;2.8;3.5;0.5;15;0.9;0.2;25;2.0;7;4;17.1;9.9;0.4;1.5;6.1;83;6;0;0.2;0.4;0.0;9;2;0;12.9;12.2;No recurring injuries;Average;3.2;7;0.2;0;0;0;0;0;0;0;0;0;0;1.4;1.2
Premier League;Aston Villa;Evander;AM (C);DM;DM, M/AM (C);28;"5'10""";£76K - £105K p/w;£13M - £16M;Fairly Strong;Very Strong;6.73;0;1176;2;588;0.2;1.9;1.9;0.1;0.1;11%;0.105555555555556;1.4;0.7;0.8;50%;0;0;0;3;0.2;2.04;0.2;89%;52.3;0.5;1.6;4.1;4.2;0.3;7;0.7;0.1;11;1.7;9;5;9.0;3.2;0.2;1.4;4.5;75;4;0;0.5;0.1;0.3;7;0;0;12.1;8.3;No recurring injuries;Below Average;1.9;12;0.0;0;0;0;0;0;0;0;0;0;0;1.3;1.3
First Division;Granada;Álex Sola;M (R);D (R);D/WB/M/AM (R);27;"5'10""";£36K - £40.5K p/w;£3.9M - £5.8M;Reasonable;Very Strong;6.66;0;1187;2;593.5;0.2;1.7;1.7;0.3;0.1;14%;0.121428571428571;1.1;0.4;0.2;36%;0;0;0;0;0.0;0.2;0.0;89%;44.7;0.0;1.4;4.5;3.0;0.8;27;3.0;0.8;28;3.1;7;4;15.7;5.6;1.9;1.6;9.3;76;33;0;0.2;0.7;0.0;14;2;0;11.4;14.9;No recurring injuries;Above Average;2.6;32;0.0;0;0;0;0;0;0;0;0;0;0;1.3;1.8
First Division;Real San Sebastián;Gonçalo Guedes;AM (L);M (RL), AM (C), ST (C);M (RL), AM (RLC), ST (C);30;"5'10""";£40K - £64K p/w;£32M - £52M;Reasonable;Very Strong;7.03;3;1188;2;594;0.2;5.66;5.66;-3.66;0.4;5%;0.1415;3.0;1.3;0.7;43%;2;0;0;3;0.2;2.05;0.2;90%;50.6;0.2;1.9;4.3;3.7;0.5;14;3.6;0.5;15;2.8;14;5;15.3;5.6;1.7;2.8;9.9;82;28;1;0.4;0.6;0.0;13;1;0;12.0;19.2;No recurring injuries;High;2.7;29;0.1;0;0;0;0;0;0;0;0;0;0;1.3;1.3
Sky Bet Championship;Stoke;Bae Jun-Ho;AM (C);M (RL);M (RL), AM (RLC);23;"5'11""";£23K - £34K p/w;£15M - £20M;Weak;Very Strong;6.81;0;1793;3;597.666666666667;0.2;3.39;3.39;-0.39;0.2;8%;0.0869230769230769;2.0;0.8;0.6;38%;1;0;0;2;0.1;3.1;0.2;88%;36.9;0.3;1.5;2.5;0.9;0.3;35;0.9;0.3;35;1.6;16;4;18.3;7.9;0.9;1.3;4.5;61;28;0;0.2;0.4;0.0;14;0;0;10.4;9.0;No recurring injuries;Low;2.5;18;0.1;0;0;0;0;0;0;0;0;0;0;0.9;1.6
First Division;Valencia;Diego López;AM (R);M (RL), ST (C);M/AM (RL), ST (C);24;"5'8""";£71K - £90K p/w;£40M - £57M;Fairly Strong;Very Strong;6.99;1;1197;2;598.5;0.2;3.72;3.72;-1.72;0.3;7%;0.128275862068966;2.2;0.8;0.6;34%;0;0;0;4;0.3;1.78;0.1;86%;50.9;0.4;2.4;4.5;4.2;0.9;21;4.2;0.9;21;3.4;12;6;16.5;5.0;2.0;1.7;9.8;79;33;1;0.3;0.5;0.0;25;2;0;11.9;17.1;No recurring injuries;Average;2.5;33;0.0;0;0;0;0;0;0;0;0;0;0;0.9;1.7
First Division;Girona;Iván Martín;DM;AM (C);DM, M/AM (C);27;"5'10""";£29.5K - £44.5K p/w;£26M - £42M;Very Strong;Fairly Strong;6.89;1;1206;2;603;0.1;2.41;2.41;-0.41;0.2;13%;0.160666666666667;1.1;0.1;0.4;13%;1;0;0;4;0.3;3.97;0.3;92%;62.5;0.7;1.0;8.2;0.3;0.1;25;0.3;0.1;25;0.2;5;0;5.1;11.6;1.0;2.5;4.9;82;17;0;0.3;0.4;0.1;8;1;0;11.8;12.5;No recurring injuries;Below Average;1.9;52;0.1;0;0;0;0;0;0;0;0;0;0;1.6;1.4
Second Division;S. Gijón;César Gelabert;AM (C);M (C), AM (L);M (C), AM (RLC);26;"6'0""";£25K - £28.5K p/w;£14.5M - £24M;Fairly Strong;Very Strong;6.61;0;1217;2;608.5;0.1;3.04;3.04;-1.04;0.2;7%;0.108571428571429;2.1;0.7;1.0;32%;1;0;0;2;0.1;2.04;0.2;96%;7.5;0.4;0.5;0.9;1.1;0.0;0;0.4;0.0;0;0.6;5;1;10.4;12.6;0.1;0.4;1.6;50;4;0;0.1;0.0;0.0;6;3;0;1.9;2.6;No recurring injuries;Above Average;0.4;20;0.0;0;0;0;0;0;0;0;0;0;0;1.6;1.0
Serie A;Genoa;Jurgen Ekkelenkamp;M (C);AM (RC);M (C), AM (RC);26;"6'2""";£17.25K - £22K p/w;£4.4M;Fairly Strong;Very Strong;6.53;0;1234;2;617;0.1;1.3;1.3;0.7;0.1;18%;0.118181818181818;0.8;0.2;0.1;27%;0;0;0;0;0.0;2.65;0.2;98%;3.9;0.1;0.0;0.5;0.0;0.0;0;0.0;0.0;0;0.1;5;0;17.1;8.8;0.1;0.2;0.2;100;1;0;0.0;0.0;0.0;2;1;0;1.0;1.1;No recurring injuries;Very Low;0.1;0;0.0;0;0;0;0;0;0;0;0;0;0;0.7;0.9
Serie BKT;Modena F.C.;Jóhann Berg Guðmundsson;AM (R);M (RL), AM (L);M/AM (RL);36;"5'11""";£6.25K - £10.75K p/w;£75K - £750K;Very Strong;Reasonable;7.06;0;1283;2;641.5;0.1;3.29;2.49;-1.29;0.2;9%;0.149545454545455;1.5;0.6;0.0;41%;0;1;100;3;0.2;2.5;0.2;72%;21.0;0.0;0.0;0.0;0.0;0.0;0;0.0;0.0;0;0.0;18;0;0.0;0.0;1.1;0.0;0.0;83;18;0;0.0;0.0;0.0;7;0;0;0.0;0.0;No recurring injuries;Very Low;0.0;0;0.0;0;0;0;0;0;0;0;0;0;0;0.0;0.0
Sky Bet Championship;Burnley;Hannibal;AM (C);AM (R);M (C), AM (RC);23;"6'0""";£11.75K - £17K p/w;£16M - £19.5M;Reasonable;Very Strong;6.49;0;1292;2;646;0.1;2.46;2.46;-0.46;0.2;6%;0.0745454545454545;2.3;0.6;0.8;27%;1;1;100;3;0.2;2.89;0.2;88%;7.2;0.1;0.3;0.8;7.2;1.0;13;0.3;0.0;0;0.2;18;0;14.3;10.7;0.1;0.2;1.3;100;2;0;0.0;0.0;0.0;9;6;1;1.6;2.9;No recurring injuries;Below Average;0.5;29;0.0;0;0;0;0;0;0;0;0;0;0;1.5;0.6
Serie A;Udinese;Lennon Miller;DM;AM (C);DM, M/AM (C);20;"6'0""";£24K - £28K p/w;£69M;Fairly Strong;Very Strong;6.92;2;1312;2;656;0.1;0.32;0.32;1.68;0.0;25%;0.04;0.5;0.1;0.3;25%;1;1;100;5;0.3;2.38;0.2;92%;49.4;0.2;1.0;5.9;6.7;1.5;22;0.1;0.0;0;0.3;16;0;8.6;12.6;1.0;1.8;5.4;93;15;0;0.4;0.2;0.1;12;1;0;9.9;11.7;No recurring injuries;Very Low;1.8;58;0.0;0;0;0;0;0;0;0;0;0;0;1.6;1.3
Premier League;Wolves;João Gomes;DM;;DM, M (C);25;"5'9""";£67K - £79K p/w;£45M;Weak;Very Strong;6.96;1;1334;2;667;0.1;0.73;0.73;1.27;0.0;14%;0.0521428571428571;0.9;0.2;0.9;21%;1;0;0;0;0.0;1.04;0.1;89%;53.4;0.1;0.7;6.2;1.4;0.3;19;0.1;0.1;100;0.1;2;0;7.6;10.0;2.0;4.2;8.8;77;39;3;0.8;1.6;0.7;17;0;0;12.8;11.7;No recurring injuries;Average;2.2;45;0.1;0;0;0;0;0;0;0;0;0;0;1.1;1.7
Serie BKT;SSC Bari;Ibrahima Mbaye;D (R);D (L), M (R);D (RL), WB/M (R);32;"6'2""";£12.5K - £19.25K p/w;Not for Sale;Reasonable;Very Strong;7.51;1;1350;2;675;0.1;0.88;0.88;1.12;0.1;22%;0.0977777777777778;0.6;0.1;0.0;22%;0;0;0;1;0.1;0.87;0.1;69%;20.0;0.0;0.0;0.0;0.0;0.0;0;0.0;0.0;0;0.0;18;0;0.0;0.0;1.8;0.0;0.0;90;30;0;0.0;0.0;0.0;21;0;1;0.0;0.0;No recurring injuries;Very Low;0.0;0;0.0;0;0;0;0;0;0;0;0;0;0;0.0;0.0
Serie BKT;Venezia;Kike Pérez;M (C);AM (C);M/AM (C);29;"6'0""";£29K - £44K p/w;£650K - £6.6M;Very Strong;Reasonable;7.31;0;1350;2;675;0.1;4.84;4.84;-2.84;0.3;6%;0.134444444444444;2.4;0.8;0.0;33%;0;0;0;4;0.3;2.31;0.2;68%;20.0;0.0;0.0;0.0;0.0;0.0;0;0.0;0.0;0;0.0;28;0;0.0;0.0;1.1;0.0;0.0;74;23;0;0.0;0.0;0.0;26;0;0;0.0;0.0;No recurring injuries;Very Low;0.0;0;0.0;0;0;0;0;0;0;0;0;0;0;0.0;0.0
Serie BKT;Cesena FC;Gaetano Castrovilli;M (C);;M/AM (C);29;"6'2""";£10.25K - £12K p/w;£375K - £3.8M;Reasonable;Very Strong;7.72;3;1350;2;675;0.1;3.37;3.37;-1.37;0.2;6%;0.0991176470588235;2.3;0.8;0.0;35%;0;0;0;3;0.2;1.85;0.1;74%;20.0;0.0;0.0;0.0;0.0;0.0;0;0.0;0.0;0;0.0;28;0;0.0;0.0;1.3;0.0;0.0;95;21;0;0.0;0.0;0.0;17;0;0;0.0;0.0;No recurring injuries;Very Low;0.0;0;0.0;0;0;0;0;0;0;0;0;0;0;0.0;0.0
Premier League;Ipswich;Sam Szmodics;AM (C);AM (R), ST (C);AM (RLC), ST (C);31;"5'7""";£40.5K - £58K p/w;£3.6M;Weak;Very Strong;6.55;0;1412;2;706;0.1;2.28;2.28;-0.28;0.1;8%;0.0876923076923077;1.7;0.4;1.0;23%;0;0;0;1;0.1;2.14;0.1;89%;37.9;0.3;1.5;2.6;1.5;0.4;30;0.9;0.3;29;0.8;7;9;8.7;6.2;0.8;2.3;7.5;71;17;0;0.3;0.9;0.2;24;0;0;13.4;22.1;No recurring injuries;Below Average;2.7;26;0.0;0;0;1;0;0;0;0;0;0;0;0.8;1.8
First Division;Levante;Karl Etta Eyong;ST (C);AM (C);AM (C), ST (C);23;"5'11""";£30.5K - £34.5K p/w;£26M;Reasonable;Very Strong;6.67;0;1414;2;707;0.1;3.77;3.77;-1.77;0.2;6%;0.114242424242424;2.1;1.1;0.6;55%;1;0;0;0;0.0;0.08;0.0;89%;29.6;0.2;0.9;0.8;0.2;0.1;33;0.2;0.1;33;0.8;41;15;17.4;1.3;0.1;0.6;1.0;33;3;0;0.0;0.1;0.0;15;0;0;10.5;6.9;No recurring injuries;Low;5.5;31;0.0;0;0;0;0;0;0;0;0;0;0;0.6;1.7
First Division;Getafe;Luis Milla;M (C);DM;DM, M (C);32;"5'9""";£46K - £73K p/w;Not for Sale;Reasonable;Very Strong;6.64;0;1424;2;712;0.1;1.18;1.18;0.82;0.1;14%;0.0842857142857143;0.9;0.3;0.4;29%;0;0;0;4;0.3;3.77;0.2;88%;6.9;0.6;0.3;1.1;3.3;0.5;15;0.2;0.0;0;0.1;8;0;13.2;9.2;0.2;0.3;1.0;50;6;0;0.0;0.0;0.0;2;1;0;1.5;1.8;No recurring injuries;Above Average;0.3;25;0.0;0;0;0;0;0;0;0;0;0;0;0.9;1.6
Premier League;Sporting CP;Iván Fresneda;D (R);;D/WB (R);22;"6'0""";£20.5K - £31K p/w;£86M - £107M;Reasonable;Very Strong;7.05;2;1424;2;712;0.1;0.93;0.93;1.07;0.1;15%;0.0715384615384615;0.8;0.3;0.4;31%;0;0;0;0;0.0;1.78;0.1;91%;62.7;0.1;1.1;8.5;1.6;0.3;20;1.6;0.3;20;0.9;15;1;10.7;11.4;2.0;2.8;7.8;82;39;1;0.5;0.9;0.5;20;2;1;11.4;16.7;No recurring injuries;Below Average;2.5;38;0.3;0;0;0;0;0;0;0;0;0;0;2.0;0.5
Bundesliga;VfL Wolfsburg;Adam Daghim;AM (R);M (R), AM (L), ST (C);M (R), AM (RL), ST (C);21;"6'3""";£39.5K - £64K p/w;£16.5M - £22M;Very Strong;Weak;6.94;0;1428;2;714;0.1;1.7;1.7;0.3;0.1;8%;0.0708333333333333;1.5;0.7;0.8;46%;0;0;0;2;0.1;2.41;0.2;84%;47.8;0.4;1.6;4.0;4.5;1.1;25;4.5;1.1;25;3.3;19;9;21.4;4.7;2.1;1.6;9.7;89;38;0;0.2;0.6;0.0;21;2;0;12.9;19.2;No recurring injuries;Below Average;3.6;42;0.1;0;0;0;0;0;0;0;0;0;0;0.9;1.6
Serie A;Udinese;Thomas Kristensen;D (C);;D (C);24;"6'6""";£23K - £27.5K p/w;£11.5M - £16.5M;Reasonable;Very Strong;7.03;2;1436;2;718;0.1;0.61;0.61;1.39;0.0;29%;0.0871428571428571;0.4;0.1;0.3;29%;0;0;0;0;0.0;0.39;0.0;92%;47.5;0.1;0.1;2.4;0.1;0.0;0;0.1;0.0;0;0.0;4;0;3.2;16.9;0.6;3.3;2.7;91;11;6;0.7;1.1;1.3;6;3;1;10.1;4.1;No recurring injuries;Very Low;5.9;81;1.1;0;0;0;0;0;0;0;0;0;0;1.4;1.3
Premier League;Benfica;Samuel Dahl;D (L);DM;D/WB (L), DM, M (L);23;"5'7""";£26K - £41K p/w;£35M - £58M;Very Strong;Reasonable;6.99;2;1440;2;720;0.1;0.52;0.52;1.48;0.0;33%;0.0866666666666667;0.4;0.2;0.1;67%;0;0;0;3;0.2;1.91;0.1;88%;60.2;0.2;1.2;8.4;2.7;0.6;23;1.9;0.6;33;0.6;11;3;11.1;10.9;2.3;2.8;7.4;74;50;1;0.6;0.9;0.3;17;2;0;11.4;16.1;No recurring injuries;Below Average;1.7;59;0.1;0;0;0;0;0;0;0;0;0;0;1.8;0.6
Premier League;Bournemouth;Marcos Senesi;D (C);;D (C);29;"6'0""";£50K - £74K p/w;£26M - £32M;Very Strong;Reasonable;6.69;0;1440;2;720;0.1;0.53;0.53;1.47;0.0;50%;0.1325;0.2;0.1;0.0;50%;0;0;0;0;0.0;0.1;0.0;92%;39.1;0.0;0.2;2.4;0.0;0.0;0;0.0;0.0;0;0.0;0;0;3.9;8.8;0.6;2.4;1.8;63;16;3;0.6;0.8;0.5;7;1;0;10.1;4.2;No recurring injuries;Below Average;7.4;66;1.9;0;0;0;0;0;0;0;0;0;0;1.6;2.4
Premier League;Nott'm Forest;Morgan Gibbs-White;M/AM (C);AM (R);M (C), AM (RC);26;"5'10""";£160K - £180K p/w;£32M - £50M;Fairly Strong;Very Strong;7.20;3;1450;2;725;0.1;2.87;2.87;-0.87;0.2;10%;0.1435;1.2;0.6;0.4;50%;1;0;0;10;0.6;4.71;0.3;88%;57.2;0.6;2.6;4.0;3.7;0.6;16;1.0;0.3;31;1.9;13;1;11.7;6.5;1.0;2.0;8.7;70;23;0;0.3;0.7;0.2;4;0;0;13.8;19.4;No recurring injuries;Below Average;2.3;35;0.0;0;0;0;0;0;0;0;0;0;0;1.2;1.0
Premier League;Sporting CP;João Simões;DM;AM (C);DM, M/AM (C);19;"5'9""";£19K - £32K p/w;£90M;Very Strong;Reasonable;7.08;1;1464;2;732;0.1;1.13;1.13;0.87;0.1;18%;0.102727272727273;0.7;0.2;0.2;36%;0;0;0;2;0.1;2;0.1;93%;56.9;0.4;0.6;6.5;0.2;0.1;33;0.2;0.1;33;0.2;8;0;3.9;13.2;0.8;3.4;5.2;72;18;4;0.7;0.8;0.2;5;1;0;11.5;11.9;No recurring injuries;Low;1.6;23;0.0;0;0;0;0;0;0;0;0;0;0;2.0;0.7
Sky Bet Championship;Leeds;Jayden Bogle;D/WB (R);;D/WB (R);26;"5'10""";£35.5K - £52K p/w;£23M - £30M;Reasonable;Very Strong;7.24;6;2198;3;732.666666666667;0.1;3.7;3.7;-0.7;0.2;13%;0.160869565217391;0.9;0.3;0.2;35%;1;0;0;5;0.2;5.54;0.2;94%;74.3;0.2;1.2;9.3;1.1;0.2;17;1.1;0.2;18;0.7;24;5;10.6;14.5;2.0;3.3;7.3;84;57;3;0.4;1.0;0.1;17;1;1;11.4;16.0;No recurring injuries;Above Average;3.2;56;0.2;0;0;0;0;0;0;0;0;0;0;1.6;0.7
Premier League;VTSC;Samu;M (C);AM (C);M/AM (C);30;"5'9""";£3.9K - £6K p/w;£2.6M - £5.6M;Very Strong;Weak;6.51;0;1476;2;738;0.1;0.77;0.77;1.23;0.0;20%;0.077;0.6;0.2;0.2;30%;0;0;0;3;0.2;3.87;0.2;0%;0.0;0.6;0.2;0.0;2.7;0.2;8;0.0;0.0;0;0.0;16;0;12.9;11.6;0.0;0.0;0.0;0;0;0;0.0;0.0;0.0;3;3;0;0.0;0.0;No recurring injuries;Average;0.0;0;0.0;0;0;0;0;0;0;0;0;0;0;1.6;1.3
Sky Bet Championship;Southampton;Flynn Downes;DM;M (C);DM, M (C);27;"6'0""";£43K - £49K p/w;£11.5M - £18.5M;Weak;Very Strong;7.01;1;1539;2;769.5;0.1;0.75;0.75;1.25;0.0;25%;0.09375;0.5;0.2;0.2;38%;0;0;0;2;0.1;3.23;0.2;93%;56.8;0.4;0.9;4.5;0.2;0.1;33;0.2;0.1;33;0.2;8;0;6.0;14.7;1.3;2.3;6.1;66;35;2;0.3;0.8;0.4;16;6;0;11.7;13.7;No recurring injuries;Above Average;1.1;47;0.2;0;0;0;0;0;0;0;0;0;0;1.5;1.2
Bundesliga;Sport-Club Freiburg;Aljoscha Kemlein;DM;;DM, M (C);22;"6'1""";£40.5K - £59K p/w;£29M - £37M;Reasonable;Very Strong;6.89;0;1553;2;776.5;0.1;2.26;2.26;-0.26;0.1;13%;0.14125;0.9;0.3;0.3;31%;0;0;0;2;0.1;2.56;0.1;93%;58.1;0.4;0.3;4.5;0.1;0.0;0;0.1;0.0;0;0.1;10;2;6.3;13.1;1.4;1.9;7.5;81;31;1;0.5;0.3;0.1;20;4;0;11.9;12.2;No recurring injuries;Below Average;2.2;66;0.2;0;0;0;0;0;0;0;0;0;0;1.3;0.9
Bundesliga;TSG Hoffenheim;Leon Avdullahu;DM;;DM, M (C);22;"6'1""";£31.5K - £46K p/w;£43M - £57M;Reasonable;Very Strong;6.87;1;1561;2;780.5;0.1;1.06;1.06;0.94;0.1;14%;0.0757142857142857;0.8;0.2;0.3;29%;0;0;0;3;0.2;2.5;0.1;95%;23.2;0.3;0.6;2.8;0.5;0.1;25;0.0;0.0;0;0.0;8;0;6.5;14.9;0.2;1.4;2.0;50;8;1;0.2;0.2;0.1;4;1;0;4.8;5.5;No recurring injuries;Below Average;0.6;64;0.0;0;0;1;0;0;0;0;0;0;0;1.6;0.9
Sky Bet Championship;Leicester;Hamza Choudhury;DM;D (L);D (RL), DM;29;"5'10""";£48K - £54K p/w;£5.8M - £7.2M;Reasonable;Very Strong;7.11;3;1861;2;930.5;0.1;1.37;1.37;0.63;0.1;14%;0.0978571428571429;0.7;0.1;0.3;21%;1;0;0;5;0.2;4.9;0.2;92%;53.5;0.3;1.0;5.0;0.1;0.0;50;0.1;0.0;50;0.2;4;0;9.2;10.2;1.1;2.2;6.7;74;31;4;0.4;0.9;0.0;24;4;0;11.5;11.7;Recurring dislocated shoulder;Very High;1.9;75;0.1;0;0;0;0;0;0;0;0;0;0;1.0;1.6
Serie A;AS Roma;Angeliño;WB (L);D (C), M (L);D (LC), WB/M (L);29;"5'7""";£54K - £63K p/w;£20M - £29M;Very Strong;Weak;7.11;1;1904;2;952;0.1;0.86;0.86;1.14;0.0;22%;0.0955555555555556;0.4;0.3;0.2;67%;0;0;0;3;0.1;5.47;0.3;86%;55.4;0.6;2.2;5.4;10.1;2.0;20;9.0;1.8;21;2.5;21;1;14.4;12.7;2.2;3.5;10.2;68;69;2;0.4;0.9;0.2;28;1;0;12.0;25.8;No recurring injuries;Low;2.0;23;0.1;0;0;0;0;0;0;0;0;0;0;1.3;1.2
Premier League;Coventry;Frank Onyeka;M (C);;DM, M (C);28;"6'0""";£28.5K - £38.5K p/w;£15M - £18.5M;Weak;Very Strong;6.88;0;1012;1;1012;0.1;0.45;0.45;0.55;0.0;14%;0.0642857142857143;0.6;0.3;0.4;43%;0;0;0;2;0.2;1.5;0.1;91%;53.2;0.2;0.6;4.4;0.6;0.2;28;0.6;0.2;29;0.4;2;1;5.7;9.2;2.1;3.6;9.8;69;35;4;0.5;1.2;0.3;17;2;0;12.8;9.9;No recurring injuries;Average;2.2;56;0.3;0;0;0;0;0;0;0;0;0;0;1.2;2.0
Premier League;Everton;Kiernan Dewsbury-Hall;M (C);AM (C);DM, M/AM (C);28;"5'10""";£87K - £120K p/w;£18M - £30M;Very Strong;Reasonable;6.73;1;1013;1;1013;0.1;0.18;0.18;0.82;0.0;10%;0.018;0.9;0.4;0.9;40%;1;0;0;2;0.2;1.19;0.1;88%;46.5;0.4;0.5;3.6;1.8;0.4;25;0.4;0.2;40;0.4;0;0;8.4;7.2;1.1;2.4;6.6;67;18;0;0.2;0.4;0.2;7;0;0;13.2;14.3;No recurring injuries;Below Average;1.6;56;0.0;0;0;0;0;0;0;0;0;0;0;1.6;1.5
Sky Bet Championship;Leicester;Caleb Okoli;D (C);D (R);D (RC);25;"6'3""";£35K - £47.5K p/w;£5.6M - £7M;Weak;Very Strong;6.75;0;1033;1;1033;0.1;0.67;0.67;0.33;0.1;20%;0.134;0.4;0.1;0.2;20%;0;0;0;0;0.0;0.92;0.1;90%;43.4;0.0;0.1;1.9;0.0;0.0;0;0.0;0.0;0;0.0;2;0;3.3;14.2;0.1;2.9;2.4;25;4;0;1.2;1.2;0.8;9;5;0;9.9;4.9;No recurring injuries;Below Average;4.9;77;0.6;0;0;1;0;0;0;0;0;0;0;1.3;1.5
Serie A;Como;Martin Baturina;AM (C);;M/AM (C);23;"5'8""";£14.75K - £17K p/w;£17M - £25M;Fairly Strong;Very Strong;6.63;0;1043;1;1043;0.1;0.95;0.95;0.05;0.1;13%;0.11875;0.7;0.3;0.1;50%;0;0;0;3;0.3;2.01;0.2;85%;1.7;0.2;0.2;0.0;4.3;0.6;14;0.0;0.0;0;0.0;9;0;13.7;7.8;0.1;0.0;0.0;100;1;0;0.0;0.0;0.0;0;0;0;0.0;0.0;No recurring injuries;Very Low;0.0;0;0.0;0;0;0;0;0;0;0;0;0;0;0.7;1.1
Eredivisie;PSV;Kiliann Sildillia;D (R);D (C);D (RC), WB (R);24;"6'1""";£12.5K - £19.75K p/w;£7.6M - £9.4M;Weak;Very Strong;6.97;1;1050;1;1050;0.1;0.49;0.49;0.51;0.0;8%;0.0408333333333333;1.0;0.1;0.5;8%;0;0;0;0;0.0;1.39;0.1;90%;59.9;0.0;0.3;7.6;1.0;0.2;16;1.0;0.2;17;1.1;8;0;13.6;12.6;1.6;3.9;6.3;83;23;4;1.1;1.4;0.3;18;2;0;11.2;14.7;No recurring injuries;Below Average;4.2;69;0.3;0;0;0;0;0;0;0;0;0;0;1.3;0.9
Sky Bet Championship;Leicester;Jannik Vestergaard;D (C);;D (C);34;"6'6""";£53K - £73K p/w;£40K - £400K;Fairly Strong;Very Strong;6.83;0;1055;1;1055;0.1;0.74;0.74;0.26;0.1;25%;0.185;0.3;0.1;0.1;25%;0;0;0;1;0.1;0.86;0.1;92%;42.2;0.1;0.1;2.1;0.0;0.0;0;0.0;0.0;0;0.0;2;0;3.6;13.7;0.7;2.8;3.2;89;9;0;0.2;0.7;0.7;4;1;0;9.5;2.4;No recurring injuries;Above Average;4.7;73;1.6;0;0;0;0;0;0;0;0;0;0;0.8;1.4
Bundesliga;RB Leipzig;Lutsharel Geertruida;D (C);D (L), DM;D (RLC), WB (R), DM;26;"6'0""";£99K - £140K p/w;£11M - £18M;Reasonable;Very Strong;6.89;1;1067;1;1067;0.1;1.33;1.33;-0.33;0.1;13%;0.16625;0.7;0.2;0.3;25%;0;0;0;1;0.1;0.29;0.0;90%;57.1;0.1;0.4;4.6;0.3;0.1;25;0.3;0.1;25;0.3;6;0;6.6;15.7;0.9;3.2;4.3;69;16;0;0.8;0.8;0.7;9;2;0;10.5;8.5;No recurring injuries;Above Average;3.0;60;0.3;0;0;0;0;0;0;0;0;0;0;1.9;0.7
Sky Bet Championship;Leeds;Brenden Aaronson;AM (C);AM (RL);M (C), AM (RLC);26;"5'10""";£50K - £68K p/w;£15M - £19.5M;Reasonable;Very Strong;6.81;0;2139;2;1069.5;0.1;5.37;5.37;-3.37;0.2;4%;0.109591836734694;2.1;0.5;0.5;27%;2;0;0;2;0.1;4.42;0.2;90%;48.3;0.2;1.6;2.7;1.0;0.3;33;1.0;0.3;33;1.3;15;8;15.6;11.5;0.8;1.5;4.2;78;23;2;0.3;0.3;0.0;16;0;0;12.2;11.6;No recurring injuries;Low;2.7;14;0.1;0;0;0;0;0;0;0;0;0;0;1.5;0.7
First Division;Getafe;Amir Richardson;M (C);;DM, M (C);24;"6'6""";£31.5K - £47K p/w;£325K - £3.2M;Very Strong;Reasonable;6.53;0;1080;1;1080;0.1;0.76;0.76;0.24;0.1;8%;0.0584615384615385;1.1;0.3;0.6;31%;1;0;0;2;0.2;0.92;0.1;87%;3.8;0.1;0.2;0.6;0.1;0.0;0;0.1;0.0;0;0.0;6;0;14.1;9.2;0.0;0.1;0.8;0;0;0;0.0;0.0;0.0;1;1;0;0.7;0.6;No recurring injuries;Above Average;0.8;78;0.3;0;0;0;0;0;0;0;0;0;0;1.2;1.6
Serie BKT;Ternana;Marco Capuano;D (C);;D (C);35;"6'1""";£2.6K - £3.9K p/w;£22K - £75K;Very Strong;Weak;7.00;1;1080;1;1080;0.1;0.53;0.53;0.47;0.0;25%;0.1325;0.3;0.2;0.0;50%;0;0;0;1;0.1;0.08;0.0;72%;20.0;0.0;0.0;0.0;0.0;0.0;0;0.0;0.0;0;0.0;9;0;0.0;0.0;1.8;0.0;0.0;96;23;0;0.0;0.0;0.0;11;0;0;0.0;0.0;No recurring injuries;Very Low;0.0;0;0.0;0;0;0;0;0;0;0;0;0;0;0.0;0.0
Bundesliga;Borussia M'gladbach;Franck Honorat;AM (R);WB (R), AM (C);WB/M (R), AM (RC);30;"5'11""";£58K - £83K p/w;£8.8M - £11M;Reasonable;Very Strong;6.96;1;1082;1;1082;0.1;0.47;0.47;0.53;0.0;20%;0.094;0.4;0.2;0.1;40%;1;0;0;2;0.2;1.21;0.1;88%;48.4;0.2;2.3;5.9;11.5;1.6;13;6.7;1.0;15;2.9;18;2;16.0;9.1;2.7;2.4;10.2;77;43;4;0.4;0.5;0.3;11;1;0;12.3;24.6;No recurring injuries;Below Average;2.9;40;0.2;0;0;0;0;0;0;0;0;0;0;0.9;1.5
Premier League;Benfica;Enzo Barrenechea;DM;;DM, M (C);25;"6'1""";£22.5K - £36.5K p/w;£28M - £35M;Fairly Strong;Very Strong;6.73;0;1100;1;1100;0.1;0.43;0.43;0.57;0.0;17%;0.0716666666666667;0.5;0.2;0.2;50%;0;0;0;1;0.1;2.26;0.2;93%;57.4;0.4;0.9;6.9;0.2;0.1;50;0.2;0.1;50;0.2;6;0;6.5;12.2;1.4;2.7;6.6;65;26;2;0.6;1.0;0.2;12;2;1;11.6;11.6;No recurring injuries;Above Average;2.9;51;0.5;0;0;0;0;0;0;0;0;0;0;2.0;1.1
First Division;Valencia;Javi Guerra;M (C);M (RL);DM, M (RLC), AM (C);23;"6'2""";£38.5K - £66K p/w;£30M - £49M;Fairly Strong;Very Strong;6.71;0;1104;1;1104;0.1;2.02;2.02;-1.02;0.2;8%;0.155384615384615;1.1;0.3;0.5;31%;1;0;0;0;0.0;1.13;0.1;94%;58.2;0.1;1.0;6.4;0.1;0.0;0;0.1;0.0;0;0.2;6;0;5.9;10.2;1.3;2.4;4.9;89;18;0;0.7;0.7;0.2;9;2;1;11.5;12.5;No recurring injuries;Average;1.9;43;0.1;0;0;0;0;0;0;0;0;0;0;0.7;1.5
Jupiler Pro League;RSC Anderlecht;Ilay Camara;WB (L);M (R);D/WB (RL), M (R);23;"5'9""";£7.5K - £10.5K p/w;£10.5M - £17M;Fairly Strong;Very Strong;7.04;1;1115;1;1115;0.1;0.41;0.41;0.59;0.0;17%;0.0683333333333333;0.5;0.2;0.3;33%;0;0;0;2;0.2;1.04;0.1;88%;52.6;0.2;1.4;6.9;2.8;0.5;17;2.8;0.5;17;0.8;16;2;13.7;11.9;1.9;2.8;7.1;74;31;1;0.6;1.0;0.7;18;3;0;11.6;14.8;No recurring injuries;High;4.0;80;0.5;0;0;0;0;0;0;0;0;0;0;1.5;1.1
Bundesliga;VfB Stuttgart;Chema Andrés;DM;M (C);DM, M (C);21;"6'3""";£16.5K - £25K p/w;£45M - £74M;Reasonable;Very Strong;6.83;0;1118;1;1118;0.1;0.93;0.93;0.07;0.1;8%;0.0775;1.0;0.3;0.2;33%;0;0;0;1;0.1;1.07;0.1;94%;65.6;0.0;1.0;8.3;0.0;0.0;0;0.0;0.0;0;0.0;6;1;6.9;13.9;0.9;2.1;6.0;42;26;1;0.2;0.2;0.2;13;0;0;12.4;15.4;No recurring injuries;Below Average;3.9;63;0.9;0;0;0;0;0;0;0;0;0;0;1.4;1.3
Ligue 1 McDonald's;Rennes;Jordan James;DM;AM (C);DM, M/AM (C);22;"5'10""";£10.5K - £14K p/w;£26M - £33M;Fairly Strong;Very Strong;6.91;1;1130;1;1130;0.1;0.28;0.28;0.72;0.0;17%;0.0466666666666667;0.5;0.2;0.2;33%;0;0;0;2;0.2;1.75;0.1;94%;54.6;0.3;0.6;6.4;0.1;0.1;100;0.1;0.1;100;0.0;6;0;5.3;11.5;0.9;2.8;6.5;73;15;0;0.6;0.8;0.2;3;0;0;10.7;11.7;No recurring injuries;Below Average;1.7;71;0.2;0;0;0;0;0;0;0;0;0;0;1.1;1.2
First Division;Vallecano;Jorge De Frutos;AM (R);ST (C);M/AM (R), ST (C);29;"5'8""";£48K - £74K p/w;£25M - £40M;Fairly Strong;Very Strong;6.84;0;1134;1;1134;0.1;3.38;3.38;-2.38;0.3;3%;0.109032258064516;2.5;0.6;0.6;26%;0;0;0;0;0.0;2.9;0.2;88%;48.8;0.4;1.9;4.3;3.9;0.6;14;3.9;0.6;14;4.0;12;7;17.9;5.5;1.3;2.1;10.4;62;26;0;0.2;0.4;0.0;15;1;0;12.2;18.9;No recurring injuries;Below Average;3.1;15;0.1;0;0;0;0;0;0;0;0;0;0;1.3;1.1
Premier League;Ipswich;Jaden Philogene;AM (L);;M/AM (RL);24;"5'11""";£125K - £140K p/w;£42M;Fairly Strong;Very Strong;6.64;1;1156;1;1156;0.1;3.1;3.1;-2.1;0.2;3%;0.0885714285714286;2.7;1.2;1.3;43%;0;0;0;2;0.2;2.04;0.2;88%;43.5;0.4;2.0;3.5;1.7;0.5;27;1.7;0.5;27;4.3;15;6;11.9;5.0;0.9;1.5;6.5;85;13;1;0.0;0.3;0.0;14;2;0;12.6;17.2;No recurring injuries;Low;4.9;40;0.1;0;0;0;0;0;0;0;0;0;0;0.8;1.6
Eredivisie;PSV;Joey Veerman;M (C);DM, AM (C);DM, M/AM (C);28;"6'1""";£20.5K - £29.5K p/w;£13M - £21M;Fairly Strong;Very Strong;6.49;0;1156;1;1156;0.1;3.18;3.18;-2.18;0.2;5%;0.159;1.6;0.6;0.5;40%;1;0;0;1;0.1;2.85;0.2;90%;12.6;0.3;0.4;0.9;7.9;2.1;26;0.4;0.2;40;0.2;2;1;10.8;11.9;0.2;0.5;1.6;67;3;0;0.2;0.0;0.1;2;0;0;3.1;4.0;No recurring injuries;Above Average;0.2;100;0.0;0;0;0;0;0;0;0;0;0;0;1.6;0.9
Bundesliga;SV Werder Bremen;Amos Pieper;D (C);D (R);D (RC);28;"6'4""";£20.5K - £33K p/w;£425K - £4.3M;Reasonable;Very Strong;6.91;0;1158;1;1158;0.1;0.93;0.93;0.07;0.1;13%;0.11625;0.6;0.2;0.2;25%;0;0;0;1;0.1;0.77;0.1;90%;40.8;0.2;0.2;2.5;0.1;0.0;0;0.1;0.0;0;0.3;3;0;2.7;15.8;1.1;1.9;3.6;88;16;2;0.4;0.9;0.8;10;3;0;10.2;4.1;Recurring hip injury;Very High;5.1;78;1.4;0;0;0;0;0;0;0;0;0;0;0.9;0.9
Premier League;West Ham;Crysencio Summerville;AM (L);M (L);M (L), AM (RL);25;"5'9""";£44.5K - £51K p/w;£32M - £39M;Fairly Strong;Very Strong;7.09;1;1163;1;1163;0.1;3.58;3.58;-2.58;0.3;4%;0.127857142857143;2.2;0.8;0.9;36%;0;0;0;5;0.4;5.51;0.4;86%;47.5;1.1;3.3;5.0;8.6;1.4;16;7.9;1.3;17;9.8;24;7;17.9;8.0;2.6;2.2;14.8;77;43;1;0.4;0.9;0.2;11;0;0;13.5;19.3;No recurring injuries;Low;2.3;17;0.0;0;0;0;0;0;0;0;0;0;0;1.5;1.2
First Division;Sevilla;Kike Salas;D (C);D (L);D (LC);24;"6'2""";£17.25K - £27K p/w;£36M - £44M;Very Strong;Reasonable;6.98;0;1170;1;1170;0.1;0.65;0.65;0.35;0.1;11%;0.0722222222222222;0.7;0.2;0.5;33%;0;0;0;1;0.1;1.1;0.1;91%;45.4;0.2;0.4;3.6;0.1;0.1;100;0.1;0.1;100;0.0;3;0;2.9;14.2;0.5;2.4;2.4;55;11;2;1.0;1.2;0.8;7;2;0;10.0;4.1;No recurring injuries;Below Average;5.4;59;0.7;0;0;0;0;0;0;0;0;0;0;1.4;1.2
Eredivisie;Ajax;Ko Itakura;D (C);DM;D (C), DM;29;"6'2""";£24K - £41.5K p/w;£14.5M - £24M;Weak;Very Strong;6.93;0;1182;1;1182;0.1;0.56;0.56;0.44;0.0;20%;0.112;0.4;0.2;0.2;60%;0;0;0;1;0.1;1.73;0.1;93%;52.4;0.4;0.2;2.4;0.0;0.0;0;0.0;0.0;0;0.0;4;0;2.1;17.8;0.5;2.4;3.0;100;7;2;0.5;1.0;0.6;6;2;0;10.3;3.7;No recurring injuries;Average;4.6;67;0.7;0;0;0;0;0;0;0;0;0;0;2.1;0.9
Bundesliga;Borussia Dortmund;Niklas Süle;D (C);D (R);D (RC);31;"6'5""";£56K - £90K p/w;£3.8M - £6.2M;Reasonable;Very Strong;6.96;1;1185;1;1185;0.1;1.29;1.29;-0.29;0.1;14%;0.184285714285714;0.5;0.1;0.2;14%;0;0;0;0;0.0;0.91;0.1;93%;49.7;0.2;0.2;2.3;0.0;0.0;0;0.0;0.0;0;0.0;4;0;3.3;13.7;0.3;3.3;1.7;67;6;1;1.0;0.8;0.7;1;0;0;10.0;3.8;No recurring injuries;High;5.6;77;0.9;0;0;0;0;0;0;0;0;0;0;1.4;0.8
Bundesliga;RB Leipzig;Assan Ouédraogo;M (C);AM (L);M (C), AM (LC);20;"6'3""";£40.5K - £70K p/w;£70M - £87M;Fairly Strong;Very Strong;6.70;1;1197;1;1197;0.1;3.38;3.38;-2.38;0.3;3%;0.0889473684210526;2.9;1.2;1.2;42%;0;0;0;2;0.2;4.34;0.3;91%;19.3;0.6;1.3;1.6;0.7;0.2;33;0.6;0.2;38;0.7;20;0;10.4;9.3;0.0;0.7;2.0;0;4;0;0.0;0.0;0.0;0;0;0;4.4;5.6;Recurring tight hamstring;Very High;1.9;36;0.2;0;0;0;0;0;0;0;0;0;0;1.7;0.7
Ligue 1 McDonald's;LOSC;Ngal'Ayel Mukau;DM;AM (C);DM, M/AM (C);22;"6'1""";£11.5K - £15.5K p/w;£105M - £124M;Very Strong;Weak;6.92;0;1201;1;1201;0.1;0.76;0.76;0.24;0.1;11%;0.0844444444444444;0.7;0.1;0.4;22%;0;0;0;1;0.1;1.98;0.1;94%;69.9;0.4;1.3;7.9;0.1;0.1;100;0.1;0.1;100;0.3;6;0;4.9;11.9;1.0;1.9;6.1;58;24;1;0.4;1.1;0.2;5;0;0;12.5;14.1;No recurring injuries;Average;1.7;70;0.1;0;0;0;0;0;0;0;0;0;0;1.3;1.3
Serie A;Spezia;Maxime Estève;D (C);;D (C);24;"6'4""";£9.5K - £16.5K p/w;£19.5M;Very Strong;Weak;7.04;2;1209;1;1209;0.1;0.25;0.25;0.75;0.0;25%;0.0625;0.3;0.1;0.1;25%;0;0;0;0;0.0;0.65;0.0;93%;46.0;0.1;0.1;2.4;0.1;0.0;0;0.1;0.0;0;0.0;5;0;3.1;15.6;0.5;2.5;3.1;64;11;3;0.7;1.3;0.7;11;2;0;10.9;3.6;No recurring injuries;Very Low;5.4;82;0.8;0;0;0;0;0;0;0;0;0;0;0.7;0.7
Serie A;Celesti;Danilo Cataldi;DM;;DM;32;"5'11""";£43K - £50K p/w;£6.4M - £9.2M;Fairly Strong;Very Strong;6.56;0;1215;1;1215;0.1;0.22;0.22;0.78;0.0;25%;0.055;0.3;0.1;0.3;50%;0;0;0;0;0.0;1.01;0.1;88%;22.1;0.4;0.5;2.4;0.5;0.0;0;0.1;0.0;0;0.1;4;0;13.1;10.1;0.4;1.6;2.7;56;9;1;0.7;0.4;0.4;6;2;0;4.7;4.9;No recurring injuries;Very Low;0.5;57;0.0;0;0;0;0;0;0;0;0;0;0;1.2;1.3
Bundesliga;TSG Hoffenheim;Bazoumana Touré;AM (L);M (L), AM (RC);M (L), AM (RLC);20;"5'10""";£37K - £57K p/w;£9.8M - £16M;Very Strong;Weak;7.01;2;1231;1;1231;0.1;2.01;2.01;-1.01;0.1;4%;0.0773076923076923;1.9;0.5;1.0;27%;1;0;0;4;0.3;2.08;0.2;88%;47.5;0.0;1.9;4.4;2.7;0.3;10;2.7;0.3;11;3.4;13;7;18.4;4.5;1.5;2.4;9.9;77;26;0;0.0;0.2;0.0;16;1;0;11.4;15.4;No recurring injuries;Below Average;4.3;39;0.1;0;0;0;0;0;0;0;0;0;0;1.5;0.9
Serie A;Torino;Ardian Ismajli;D (C);;D (C);30;"6'1""";£35K - £41K p/w;£8.8M - £10.5M;Weak;Very Strong;6.85;1;1241;1;1241;0.1;0.17;0.17;0.83;0.0;25%;0.0425;0.3;0.1;0.1;25%;0;0;0;0;0.0;0.33;0.0;93%;46.6;0.2;0.0;2.7;0.0;0.0;0;0.0;0.0;0;0.0;2;0;3.6;15.2;0.7;2.1;3.6;67;15;2;0.2;0.4;1.3;13;7;0;9.6;3.6;No recurring injuries;Very Low;4.8;71;1.2;0;0;0;0;0;0;0;0;0;0;0.9;1.1
Jupiler Pro League;KAA Gent;Michał Skóraś;AM (R);M/AM (L);M (L), AM (RL);26;"5'8""";£6.25K - £9.75K p/w;£8.6M - £10.5M;Fairly Strong;Very Strong;6.92;1;1252;1;1252;0.1;5.89;5.08;-4.89;0.4;3%;0.178484848484848;2.4;0.9;0.5;36%;0;2;50;2;0.1;1.96;0.1;91%;43.0;0.3;2.1;3.9;5.7;1.0;17;2.5;0.5;20;3.0;16;2;18.4;3.6;1.4;1.7;9.9;83;23;1;0.4;0.6;0.0;16;0;0;11.2;15.8;No recurring injuries;Below Average;5.8;23;0.4;0;0;0;0;0;0;0;0;0;0;1.1;1.4
Serie BKT;Venezia;Alfred Duncan;M (C);DM;DM, M (C);33;"5'10""";£15.25K - £25.5K p/w;Not for Sale;Very Strong;Reasonable;7.44;0;1260;1;1260;0.1;2.08;2.08;-1.08;0.1;9%;0.189090909090909;0.8;0.2;0.0;27%;0;0;0;2;0.1;1.6;0.1;69%;20.0;0.0;0.0;0.0;0.0;0.0;0;0.0;0.0;0;0.0;21;0;0.0;0.0;2.1;0.0;0.0;73;40;0;0.0;0.0;0.0;11;0;0;0.0;0.0;No recurring injuries;Very Low;0.0;0;0.0;0;0;0;0;0;0;0;0;0;0;0.0;0.0
Serie BKT;Cesena FC;Simone Bastoni;M (C);DM, M (L), AM (C);DM, M (LC), AM (C);30;"6'0""";£17.5K - £28K p/w;£1.7M - £3.8M;Very Strong;Weak;7.72;0;1260;1;1260;0.1;3;3;-2;0.2;3%;0.103448275862069;2.1;1.1;0.0;52%;0;0;0;6;0.4;1.42;0.1;75%;20.0;0.0;0.0;0.0;0.0;0.0;0;0.0;0.0;0;0.0;18;0;0.0;0.0;1.4;0.0;0.0;83;23;0;0.0;0.0;0.0;20;0;0;0.0;0.0;No recurring injuries;Very Low;0.0;0;0.0;0;0;0;0;0;0;0;0;0;0;0.0;0.0
Second Division;Zaragoza;Keidi Bare;M (C);;DM, M (C);29;"5'9""";£6.25K - £9K p/w;£110K - £1.1M;Reasonable;Very Strong;6.55;0;1282;1;1282;0.1;1.53;1.53;-0.53;0.1;7%;0.109285714285714;1.0;0.1;0.4;14%;1;0;0;1;0.1;1.06;0.1;87%;9.6;0.2;0.1;1.3;0.0;0.0;0;0.0;0.0;0;0.0;8;0;11.9;11.6;0.1;0.4;1.5;100;1;0;0.4;0.3;0.0;4;1;0;2.0;1.9;No recurring injuries;High;0.3;75;0.0;0;0;0;0;0;0;0;0;0;0;1.1;1.2
Serie A;Parma;Mandela Keita;DM;;DM, M (C);24;"5'11""";£22K - £25.5K p/w;£10.5M - £15.5M;Reasonable;Very Strong;6.81;0;1283;1;1283;0.1;0.76;0.76;0.24;0.1;13%;0.095;0.6;0.0;0.1;0%;0;0;0;0;0.0;1.32;0.1;92%;51.6;0.1;0.5;5.5;0.0;0.0;0;0.0;0.0;0;0.4;8;0;5.3;12.1;1.0;2.2;4.1;61;23;1;0.1;0.3;0.3;22;5;0;10.2;10.9;No recurring injuries;Very Low;2.7;67;0.6;0;0;0;0;0;0;0;0;0;0;0.7;0.9
Sky Bet Championship;Bristol City;Tomi Horvat;AM (C);M (RL), AM (L);M (RLC), AM (LC);27;"5'9""";£13.5K - £18.5K p/w;£5.8M - £7.2M;Very Strong;Reasonable;7.05;1;1284;1;1284;0.1;1.47;1.47;-0.47;0.1;6%;0.0864705882352941;1.2;0.4;0.6;35%;0;0;0;8;0.6;6.01;0.4;84%;44.6;0.6;1.9;5.5;3.3;1.0;29;2.7;0.7;26;2.0;6;3;13.2;5.7;2.0;2.4;8.6;76;38;0;0.4;0.7;0.1;10;3;1;12.1;14.0;No recurring injuries;Average;3.2;33;0.2;0;0;0;0;0;0;0;0;0;0;1.5;1.3
Bundesliga;SV Werder Bremen;Jens Stage;DM;;DM, M (C);30;"6'2""";£18.75K - £32.5K p/w;£10.5M - £17M;Fairly Strong;Very Strong;7.09;0;1303;1;1303;0.1;2.2;2.2;-1.2;0.2;6%;0.1375;1.1;0.3;0.2;25%;0;0;0;1;0.1;2.89;0.2;94%;58.5;0.2;0.4;4.6;0.0;0.0;0;0.0;0.0;0;0.1;9;0;5.0;14.0;0.8;2.3;6.6;60;20;2;0.4;0.8;0.4;21;6;0;11.5;11.5;No recurring injuries;Average;3.6;67;0.9;0;0;0;0;0;0;0;0;0;0;0.7;0.9
Serie A;Genoa;Mikael Egill Ellertsson;M (C);WB (L), M (RL), AM (RC);WB (L), M (RLC), AM (RC);24;"6'0""";£13K - £21.5K p/w;£25M - £33M;Very Strong;Fairly Strong;6.51;0;1329;1;1329;0.1;0.51;0.51;0.49;0.0;17%;0.085;0.4;0.1;0.1;33%;0;0;0;0;0.0;1.34;0.1;85%;1.4;0.3;0.0;0.0;0.0;0.0;0;0.0;0.0;0;0.0;17;0;11.7;9.8;0.1;0.0;0.0;100;1;0;0.0;0.0;0.0;1;1;0;0.0;0.0;No recurring injuries;Very Low;0.0;0;0.0;0;0;0;0;0;0;0;0;0;0;0.8;1.0
Bundesliga 2;FC Schalke 04;Nikola Katić;D (C);;D (C);30;"6'4""";£15K - £23K p/w;£375K - £3.6M;Weak;Very Strong;6.91;1;1350;1;1350;0.1;0.64;0.64;0.36;0.0;17%;0.106666666666667;0.4;0.2;0.2;50%;0;0;0;2;0.1;0.61;0.0;86%;41.2;0.1;0.2;1.9;0.0;0.0;0;0.0;0.0;0;0.1;4;0;3.4;13.9;1.0;1.8;2.3;100;15;0;0.5;1.3;0.6;10;5;0;10.9;3.9;No recurring injuries;Below Average;5.4;80;1.6;0;0;0;0;0;0;0;0;0;0;0.9;0.6
Serie BKT;AC Monza;Hernâni;M (C);AM (C);DM, M/AM (C);32;"6'2""";£8K - £9.5K p/w;£45K - £450K;Reasonable;Very Strong;6.91;1;1350;1;1350;0.1;2.36;2.36;-1.36;0.2;4%;0.0944;1.7;0.9;0.0;52%;0;0;0;3;0.2;1.97;0.1;72%;20.0;0.0;0.0;0.0;0.0;0.0;0;0.0;0.0;0;0.0;26;0;0.0;0.0;1.1;0.0;0.0;84;19;0;0.0;0.0;0.0;22;1;0;0.0;0.0;No recurring injuries;Very Low;0.0;0;0.0;0;0;0;0;0;0;0;0;0;0;0.0;0.0
Serie BKT;Frosinone;Riccardo Marchizza;D (L);;D/WB (L);28;"6'2""";£23K - £27K p/w;£2.3M - £4.8M;Very Strong;Weak;6.86;0;1350;1;1350;0.1;1.6;1.6;-0.6;0.1;7%;0.114285714285714;0.9;0.3;0.0;29%;0;0;0;2;0.1;2.77;0.2;74%;20.0;0.0;0.0;0.0;0.0;0.0;0;0.0;0.0;0;0.0;14;0;0.0;0.0;1.9;0.0;0.0;97;30;0;0.0;0.0;0.0;25;1;1;0.0;0.0;No recurring injuries;Very Low;0.0;0;0.0;0;0;0;0;0;0;0;0;0;0;0.0;0.0
Serie BKT;Südtirol;Mamadou Coulibaly;DM;;DM, M (C);27;"6'0""";£11K - £12.75K p/w;£95K - £950K;Weak;Very Strong;7.65;0;1350;1;1350;0.1;0.43;0.43;0.57;0.0;25%;0.1075;0.3;0.1;0.0;25%;0;0;0;3;0.2;0.93;0.1;71%;20.0;0.0;0.0;0.0;0.0;0.0;0;0.0;0.0;0;0.0;22;0;0.0;0.0;2.2;0.0;0.0;85;39;0;0.0;0.0;0.0;23;3;1;0.0;0.0;No recurring injuries;Very Low;0.0;0;0.0;0;0;0;0;0;0;0;0;0;0;0.0;0.0
Serie BKT;Pisa;Marius Marin;DM;DM;DM, M (C);28;"5'11""";£28K - £32.5K p/w;£6.6M - £9.6M;Reasonable;Very Strong;6.81;0;1350;1;1350;0.1;0.61;0.61;0.39;0.0;14%;0.0871428571428571;0.5;0.1;0.0;14%;0;0;0;0;0.0;1.35;0.1;79%;26.3;0.1;0.1;1.3;0.1;0.0;0;0.1;0.0;0;0.0;14;0;1.2;3.1;1.6;0.7;0.9;80;30;0;0.1;0.2;0.2;33;2;1;2.6;2.7;No recurring injuries;Very Low;0.3;0;0.0;0;0;0;0;0;0;0;0;0;0;0.4;0.1
Premier League;West Ham;Jean-Clair Todibo;D (C);;D (C);26;"6'3""";£66K - £75K p/w;£32M - £39M;Reasonable;Very Strong;6.99;1;1350;1;1350;0.1;0.27;0.27;0.73;0.0;33%;0.09;0.2;0.1;0.0;67%;0;0;0;0;0.0;0.12;0.0;95%;48.3;0.0;0.1;2.4;0.0;0.0;0;0.0;0.0;0;0.1;0;0;2.9;10.3;0.7;3.5;2.1;83;12;7;0.8;0.8;0.7;4;1;0;10.5;3.2;No recurring injuries;Below Average;4.4;65;0.5;0;0;1;0;0;0;0;0;0;0;1.5;0.8
Sky Bet Championship;Watford;Edoardo Bove;M (C);AM (C);DM, M/AM (C);24;"5'9""";£24K - £27.5K p/w;£8.6M - £14M;Reasonable;Very Strong;6.87;1;1373;1;1373;0.1;0.73;0.73;0.27;0.0;14%;0.104285714285714;0.5;0.1;0.1;29%;0;0;0;1;0.1;3.18;0.2;92%;51.7;0.3;1.2;6.0;0.3;0.0;0;0.3;0.0;0;0.4;5;1;6.8;12.2;1.4;3.0;6.9;63;35;1;0.4;0.7;0.3;15;2;0;11.5;11.3;No recurring injuries;Average;2.1;41;0.3;0;0;0;0;0;0;0;0;0;0;1.1;1.5
Jupiler Pro League;Antwerp;Yota Maejima;D (L);WB (RL);D/WB (RL);29;"5'10""";£9.5K - £14.25K p/w;£475K - £4.7M;Strong;Very Strong;6.89;1;1382;1;1382;0.1;0.24;0.24;0.76;0.0;33%;0.08;0.2;0.1;0.0;33%;0;0;0;0;0.0;1.08;0.1;90%;61.7;0.1;1.1;8.5;1.9;0.3;13;1.9;0.3;14;1.0;12;0;15.0;11.1;1.8;2.3;8.2;80;35;1;0.5;0.8;0.3;9;0;0;12.3;15.6;No recurring injuries;Below Average;3.1;45;0.1;0;0;0;0;0;0;0;0;0;0;1.1;1.8
First Division;Real San Sebastián;Beñat Turrientes;M (C);;DM, M (C);24;"5'10""";£36.5K - £55K p/w;£60M - £98M;Fairly Strong;Very Strong;7.17;1;1385;1;1385;0.1;0.81;0.81;0.19;0.1;10%;0.081;0.6;0.2;0.3;30%;1;0;0;3;0.2;1.94;0.1;95%;66.4;0.3;0.9;7.7;0.0;0.0;0;0.0;0.0;0;0.1;10;1;5.6;12.2;1.0;2.4;6.9;68;22;2;0.7;0.8;0.0;7;0;0;11.8;13.8;No recurring injuries;Below Average;1.4;29;0.0;0;0;0;0;0;0;0;0;0;0;1.2;1.2
Second Division;Espanyol;Pol Lozano;M (C);;DM, M (C);27;"5'9""";£34.5K - £39.5K p/w;£32M - £39M;Fairly Strong;Very Strong;6.92;1;1386;1;1386;0.1;0.25;0.25;0.75;0.0;17%;0.0416666666666667;0.4;0.1;0.2;33%;1;0;0;2;0.1;1.27;0.1;93%;54.6;0.3;0.6;6.0;0.1;0.1;100;0.1;0.1;100;0.0;12;0;5.9;14.6;1.0;3.3;5.5;63;24;1;0.6;0.5;0.1;4;0;0;11.6;10.9;No recurring injuries;Average;1.4;48;0.0;0;0;0;0;0;0;0;0;0;0;1.0;1.1
First Division;Real Hispalis;Sergi Altimira;DM;M (C);DM, M (C);25;"6'2""";£60K - £90K p/w;£50M - £62M;Fairly Strong;Very Strong;6.97;1;1388;1;1388;0.1;0.67;0.67;0.33;0.0;11%;0.0744444444444445;0.6;0.1;0.3;22%;1;0;0;2;0.1;4;0.3;94%;56.8;0.2;0.7;6.8;0.1;0.0;0;0.1;0.0;0;0.1;3;1;5.2;15.6;1.6;3.1;6.1;89;28;1;0.3;0.6;0.4;6;1;0;12.3;14.5;No recurring injuries;Below Average;2.7;59;0.4;0;0;0;0;0;0;0;0;0;0;1.7;1.0
Serie A;Bologna;Tommaso Pobega;M (C);;DM, M (C);27;"6'2""";£24.5K - £36.5K p/w;£11.5M - £18.5M;Very Strong;Fairly Strong;6.86;0;1400;1;1400;0.1;0.58;0.58;0.42;0.0;25%;0.145;0.3;0.1;0.0;25%;0;0;0;1;0.1;3.01;0.2;91%;57.5;0.5;0.6;3.5;0.2;0.0;0;0.2;0.0;0;0.1;8;1;6.2;12.6;1.2;2.6;5.3;66;29;1;0.4;1.0;0.2;16;4;1;11.6;11.8;No recurring injuries;Average;1.5;58;0.1;0;0;0;0;0;0;0;0;0;0;1.4;1.4
Serie A;Cagliari;Nik Prelec;ST (C);AM (RC);AM (RC), ST (C);25;"6'1""";£14K - £16.5K p/w;£130K - £1.3M;Very Strong;Reasonable;6.54;0;1405;1;1405;0.1;3.96;3.96;-2.96;0.3;3%;0.113142857142857;2.2;0.4;0.5;20%;0;0;0;0;0.0;0.2;0.0;89%;26.4;0.0;1.0;0.8;0.4;0.2;42;0.4;0.2;43;0.5;19;11;27.4;1.0;0.2;0.6;2.0;75;4;0;0.1;0.2;0.0;14;2;0;10.1;5.1;No recurring injuries;Very Low;8.3;43;0.1;0;0;0;0;0;0;0;0;0;0;0.4;1.4
Bundesliga;1. FC Union Berlin;Arthur Chaves;D (C);D (R);D (RC);25;"6'2""";£21K - £32.5K p/w;£7.2M - £8.8M;Reasonable;Very Strong;6.98;1;1407;1;1407;0.1;0.49;0.49;0.51;0.0;13%;0.06125;0.5;0.1;0.2;25%;0;0;0;0;0.0;0.55;0.0;94%;52.2;0.0;0.1;2.2;0.1;0.0;0;0.1;0.0;0;0.0;3;1;3.5;13.2;1.0;2.6;2.6;94;16;5;0.4;0.6;0.7;17;3;0;10.2;3.5;No recurring injuries;Above Average;4.8;68;1.0;0;0;0;0;0;0;0;0;0;0;0.8;1.2
Sky Bet Championship;Watford;Nestory Irankunda;AM (L);M (L), ST (C);M/AM (RL), ST (C);20;"5'9""";£11.75K - £13.75K p/w;£4.8M - £5.8M;Weak;Very Strong;6.84;1;1408;1;1408;0.1;1.48;1.48;-0.48;0.1;7%;0.0986666666666667;1.0;0.4;0.2;40%;0;0;0;2;0.1;1.16;0.1;88%;42.5;0.4;1.7;3.2;2.8;0.6;20;2.8;0.6;20;5.2;14;4;23.6;2.1;1.0;2.0;8.1;68;22;0;0.4;0.8;0.0;20;5;0;12.2;12.7;No recurring injuries;Average;2.8;39;0.0;0;0;0;0;0;0;0;0;0;0;1.2;1.3
Premier League;Birmingham;Carlos Vicente;AM (R);;M/AM (R);27;"5'10""";£78K - £90K p/w;£26M - £40M;Fairly Strong;Very Strong;6.75;0;1412;1;1412;0.1;2.25;2.25;-1.25;0.1;4%;0.0865384615384615;1.7;0.9;0.9;54%;0;0;0;3;0.2;2.05;0.1;89%;57.0;0.3;1.1;6.6;4.4;0.8;18;4.0;0.8;21;7.1;42;6;17.6;7.8;1.3;2.7;10.1;75;28;0;0.2;0.6;0.1;14;1;0;13.2;17.3;No recurring injuries;Below Average;2.8;27;0.0;0;0;0;0;0;0;0;0;0;0;1.4;2.4
Ligue 1 McDonald's;Paris FC;Maxime Lopez;M (C);AM (C);DM, M/AM (C);29;"5'6""";£26K - £30K p/w;£15M - £22M;Weak;Very Strong;7.15;0;1428;1;1428;0.1;0.56;0.56;0.44;0.0;11%;0.0622222222222222;0.6;0.2;0.2;33%;0;0;0;2;0.1;3.3;0.2;89%;61.4;0.3;1.1;7.2;0.1;0.1;50;0.1;0.1;50;0.1;10;1;6.2;12.7;1.4;3.4;5.5;68;34;3;0.7;0.7;0.4;10;1;0;11.7;11.7;No recurring injuries;Below Average;1.1;29;0.0;0;0;0;0;0;0;0;0;0;0;1.1;1.3
Serie A;Como;Máximo Perrone;DM;;DM, M (C);23;"5'10""";£30.5K - £35.5K p/w;£32M - £48M;Very Strong;Weak;6.89;0;1429;1;1429;0.1;0.91;0.91;0.09;0.1;11%;0.101111111111111;0.6;0.1;0.2;11%;0;0;0;0;0.0;1.37;0.1;90%;35.0;0.1;0.5;4.3;0.1;0.0;0;0.1;0.0;0;0.3;9;0;7.1;10.5;0.9;1.2;3.1;56;27;2;0.3;0.6;0.1;7;5;0;7.0;7.3;No recurring injuries;Very Low;0.9;43;0.1;0;0;0;0;0;0;0;0;0;0;0.8;1.4
First Division;Vallecano;Pol Lirola;D/WB (R);M (R);D/WB/M (R);29;"6'0""";£26K - £43.5K p/w;£9.6M - £12.5M;Reasonable;Very Strong;6.97;2;1433;1;1433;0.1;2.08;2.08;-1.08;0.1;7%;0.148571428571429;0.9;0.3;0.1;29%;0;0;0;2;0.1;2.58;0.2;87%;52.3;0.1;1.6;7.3;1.6;0.1;7;1.6;0.1;8;0.7;9;2;15.0;11.5;1.4;3.1;6.6;66;35;2;0.4;1.4;0.4;5;1;0;11.6;14.4;No recurring injuries;Average;3.7;68;0.4;0;0;0;0;0;0;0;0;0;0;1.4;1.1
First Division;Real San Sebastián;Jon Gorrotxategi;DM;M (C);DM, M (C);24;"5'10""";£35.5K - £40.5K p/w;£40M - £58M;Fairly Strong;Very Strong;6.81;0;1434;1;1434;0.1;0.19;0.19;0.81;0.0;25%;0.0475;0.3;0.1;0.2;25%;0;0;0;2;0.1;1.05;0.1;92%;60.6;0.3;1.4;7.9;0.1;0.0;0;0.1;0.0;0;0.1;5;1;5.8;13.4;0.9;2.3;5.7;56;27;3;0.5;0.8;0.4;6;0;0;11.4;12.6;No recurring injuries;Average;1.3;19;0.0;0;0;0;0;0;0;0;0;0;0;1.3;1.2
First Division;A. Bilbao;Beñat Prados;DM;D (C);D (C), DM, M (C);25;"5'11""";£2.1K - £3.4K p/w;£45M - £60M;Fairly Strong;Very Strong;6.87;1;1437;1;1437;0.1;0.94;0.94;0.06;0.1;6%;0.0552941176470588;1.1;0.3;0.7;24%;1;0;0;2;0.1;1.95;0.1;92%;60.9;0.3;1.4;6.6;0.3;0.1;25;0.3;0.1;25;0.1;4;0;5.2;10.1;1.1;2.1;6.1;71;24;1;0.3;0.6;0.1;8;0;0;11.4;11.5;No recurring injuries;High;2.1;29;0.1;0;0;0;0;0;0;0;0;0;0;1.9;1.3
Serie A;Torino;Ivan Ilić;M (C);AM (C);DM, M/AM (C);25;"6'1""";£36K - £41.5K p/w;£15M - £22M;Very Strong;Fairly Strong;6.45;0;1440;1;1440;0.1;0.92;0.92;0.08;0.1;14%;0.131428571428571;0.4;0.2;0.1;43%;0;0;0;1;0.1;2.88;0.2;0%;0.0;0.4;0.1;0.0;5.5;0.7;12;0.0;0.0;0;0.0;12;0;13.9;10.8;0.0;0.0;0.0;0;0;0;0.0;0.0;0.0;2;2;0;0.0;0.0;No recurring injuries;Very Low;0.0;0;0.0;0;0;0;0;0;0;0;0;0;0;0.9;1.1
Premier League;Brighton;Lewis Dunk;D (C);;D (C);35;"6'4""";£66K - £94K p/w;£700K - £1.6M;Reasonable;Very Strong;6.64;0;1440;1;1440;0.1;0.68;0.68;0.32;0.0;25%;0.17;0.2;0.1;0.0;50%;0;0;0;0;0.0;0.3;0.0;94%;51.2;0.1;0.2;1.8;0.0;0.0;0;0.0;0.0;0;0.1;0;0;3.5;8.3;0.8;2.9;2.4;67;18;3;0.6;0.8;0.5;11;3;0;10.7;5.8;No recurring injuries;Below Average;5.6;56;1.0;0;0;1;0;0;0;0;0;0;0;1.5;2.6
Serie A;Juventus;Lloyd Kelly;D (L);WB (L);D (LC), WB (L);28;"6'3""";£74K - £85K p/w;£24M - £36M;Very Strong;Reasonable;7.11;2;1512;1;1512;0.1;0.15;0.15;0.85;0.0;20%;0.03;0.3;0.1;0.2;20%;0;0;0;1;0.1;1.66;0.1;95%;54.2;0.1;0.1;2.7;0.2;0.1;66;0.2;0.1;67;0.0;5;0;2.7;14.5;0.7;3.1;2.7;80;15;5;0.5;0.8;0.1;11;7;1;10.2;4.7;No recurring injuries;Very Low;5.5;70;1.0;0;0;0;0;0;0;0;0;0;0;1.6;0.5
Sky Bet Championship;Leeds;Pascal Struijk;D (C);D (L);D (LC);27;"6'3""";£63K - £86K p/w;£25M - £41M;Very Strong;Fairly Strong;6.85;1;1512;1;1512;0.1;1.72;0.91;-0.72;0.1;14%;0.245714285714286;0.4;0.2;0.1;43%;1;1;0;1;0.1;1.44;0.1;93%;53.5;0.2;0.2;2.6;0.0;0.0;0;0.0;0.0;0;0.0;4;0;2.0;18.0;0.5;2.6;2.7;75;12;1;0.5;0.7;0.2;12;2;0;10.5;3.5;No recurring injuries;Above Average;4.8;79;1.0;0;0;0;0;0;0;0;0;0;0;1.8;0.8
Sky Bet Championship;Southampton;Shea Charles;DM;D/M (C);D (C), DM, M (C);23;"6'2""";£54K p/w;£34M - £44M;Reasonable;Very Strong;7.01;2;1522;1;1522;0.1;1.55;1.55;-0.55;0.1;8%;0.119230769230769;0.8;0.2;0.3;31%;0;0;0;5;0.3;2.74;0.2;95%;61.1;0.2;1.4;7.3;0.2;0.0;0;0.1;0.0;0;0.1;5;0;4.6;16.1;1.4;2.2;6.8;74;31;2;0.4;1.1;0.1;13;4;0;11.5;14.0;No recurring injuries;Below Average;2.4;60;0.2;0;0;0;0;0;0;0;0;0;0;1.5;1.0
Premier League;Birmingham;Ben Nelson;D (C);;D (C);22;"6'4""";£72K - £81K p/w;£31M - £39M;Strong;Very Strong;6.67;0;1528;1;1528;0.1;0.94;0.94;0.06;0.1;17%;0.156666666666667;0.4;0.2;0.0;50%;0;0;0;0;0.0;0.19;0.0;93%;50.1;0.0;0.2;3.2;0.0;0.0;0;0.0;0.0;0;0.0;1;0;3.9;8.8;0.9;2.5;3.0;67;24;6;0.7;0.9;0.6;8;1;0;10.3;4.8;No recurring injuries;Low;5.7;61;1.6;0;0;0;0;0;0;0;0;0;0;1.4;2.4
Ligue 1 McDonald's;AS Monaco;Vanderson;WB (R);M (R);D/WB/M (R);25;"5'8""";£81K - £105K p/w;£23M - £34M;Weak;Very Strong;7.06;2;1529;1;1529;0.1;0.66;0.66;0.34;0.0;9%;0.06;0.6;0.3;0.4;45%;0;0;0;3;0.2;2.16;0.1;86%;46.6;0.3;2.3;6.1;8.8;1.8;20;8.4;1.7;20;3.2;25;2;15.1;10.3;2.1;3.0;11.9;70;50;2;0.7;1.0;0.2;15;0;0;12.5;26.3;No recurring injuries;Low;2.2;38;0.1;0;0;0;0;0;0;0;0;0;0;1.2;1.1
First Division;Vigo;Carl Starfelt;D (C);;D (C);31;"6'1""";£34K - £51K p/w;Not for Sale;Reasonable;Very Strong;7.09;1;1530;1;1530;0.1;0.68;0.68;0.32;0.0;17%;0.113333333333333;0.4;0.2;0.1;50%;0;0;0;3;0.2;1.25;0.1;91%;53.5;0.0;0.2;2.1;0.1;0.0;0;0.1;0.0;0;0.0;2;0;2.4;14.7;0.5;3.5;1.7;80;10;1;0.8;1.1;1.4;5;2;0;9.8;4.3;No recurring injuries;Below Average;5.9;65;0.8;0;0;0;0;0;0;0;0;0;0;1.4;1.2
Serie A;Sampdoria;Gennaro Tutino;AM (L);AM (RC);AM (RLC), ST (C);30;"5'10""";£33.5K - £39K p/w;£2.8M - £5.8M;Weak;Very Strong;6.80;1;1544;1;1544;0.1;3.44;3.44;-2.44;0.2;3%;0.0982857142857143;2.0;0.6;0.4;31%;0;0;0;3;0.2;1.91;0.1;84%;32.1;0.1;1.2;1.7;0.2;0.0;0;0.2;0.0;0;1.2;23;6;20.7;3.9;0.1;1.2;2.4;100;2;1;0.2;0.4;0.0;10;0;0;9.8;6.9;No recurring injuries;Very Low;4.2;19;0.1;0;0;0;0;0;0;0;0;0;0;0.7;1.5
Jupiler Pro League;Union SG;Adem Zorgane;DM;M (C);DM, M (C);26;"6'1""";£6.75K - £11.25K p/w;£6M - £10M;Reasonable;Very Strong;6.87;0;1562;1;1562;0.1;0.72;0.72;0.28;0.0;11%;0.08;0.5;0.2;0.2;33%;1;0;0;0;0.0;4.22;0.2;92%;58.9;0.5;1.2;6.3;0.1;0.0;0;0.1;0.0;0;0.2;10;0;6.6;12.8;1.5;3.1;6.3;70;37;2;0.6;1.0;0.3;15;6;0;11.8;13.4;No recurring injuries;Average;1.3;52;0.1;0;0;0;0;0;0;0;0;0;0;1.2;1.2
Second Division;Espanyol;Urko González;DM;;DM, M (C);25;"6'2""";£5.25K - £8K p/w;£19M - £31M;Reasonable;Very Strong;7.02;1;1568;1;1568;0.1;0.72;0.72;0.28;0.0;20%;0.144;0.3;0.2;0.0;60%;0;0;0;2;0.1;3.56;0.2;94%;59.0;0.2;0.9;7.4;0.0;0.0;0;0.0;0.0;0;0.1;11;1;5.9;12.5;1.1;2.8;4.5;80;25;1;0.6;0.7;0.1;5;1;0;11.4;11.4;No recurring injuries;Below Average;3.0;66;0.3;0;0;0;0;0;0;0;0;0;0;1.0;1.1
Serie A;Fiorentina;Rolando Mandragora;DM;;DM, M (C);29;"6'0""";£64K - £74K p/w;£14.5M - £22M;Very Strong;Reasonable;6.46;0;1591;1;1591;0.1;2.03;2.03;-1.03;0.1;7%;0.145;0.8;0.2;0.4;21%;1;0;0;2;0.1;3.71;0.2;0%;0.0;0.2;0.1;0.0;2.7;0.5;16;0.0;0.0;0;0.0;12;0;17.3;13.0;0.0;0.0;0.0;0;0;0;0.0;0.0;0.0;6;6;0;0.0;0.0;No recurring injuries;Very Low;0.0;0;0.0;0;0;0;0;0;0;0;0;0;0;1.6;0.7
First Division;A. Bilbao;Jesús Areso;D (R);;D/WB (R);27;"6'0""";£33.5K - £39.5K p/w;£57M;Reasonable;Very Strong;6.91;0;1626;1;1626;0.1;1.22;1.22;-0.22;0.1;7%;0.0871428571428571;0.8;0.3;0.6;36%;1;0;0;2;0.1;2.87;0.2;91%;64.2;0.2;1.1;9.3;2.4;0.4;15;2.4;0.4;16;0.8;16;0;11.7;11.7;2.6;3.4;7.4;80;59;2;0.6;0.8;0.8;12;2;0;12.1;18.0;No recurring injuries;Below Average;4.2;64;0.3;0;0;0;0;0;0;0;0;0;0;1.7;1.2
Second Division;Valladolid;Kennedy Boateng;D (C);;D (C);30;"6'3""";£12K - £18K p/w;£3.6M - £7.4M;Weak;Very Strong;6.82;1;1628;1;1628;0.1;2.2;2.2;-1.2;0.1;7%;0.146666666666667;0.8;0.2;0.2;27%;0;0;0;0;0.0;1.87;0.1;86%;42.2;0.1;0.2;1.5;0.0;0.0;0;0.0;0.0;0;0.1;6;0;2.7;19.0;0.4;2.5;3.2;80;10;2;0.9;1.3;0.2;4;1;0;10.1;4.4;No recurring injuries;Average;5.5;83;1.1;0;0;2;0;0;0;0;0;0;0;1.4;1.3
Eredivisie;Feyenoord;Hwang In-Beom;M (C);AM (C);DM, M/AM (C);30;"5'10""";£21.5K - £39K p/w;£24M - £39M;Fairly Strong;Very Strong;7.09;1;1643;1;1643;0.1;0.74;0.74;0.26;0.0;8%;0.0616666666666667;0.7;0.3;0.3;42%;0;0;0;0;0.0;1.3;0.1;92%;65.1;0.2;1.3;6.6;0.5;0.1;20;0.2;0.0;0;0.3;11;0;5.4;15.4;1.5;3.0;7.2;79;34;1;0.6;1.1;0.4;8;0;0;12.1;15.0;No recurring injuries;Above Average;1.3;21;0.2;0;0;0;0;0;0;0;0;0;0;1.2;0.9
Serie A;Casciavit;Samuele Ricci;M (C);;DM, M (C);25;"5'11""";£75K - £89K p/w;£40M - £59M;Reasonable;Very Strong;6.98;2;1651;1;1651;0.1;1.35;1.35;-0.35;0.1;5%;0.0710526315789474;1.0;0.4;0.7;37%;0;0;0;7;0.4;3.36;0.2;94%;43.0;0.4;1.0;4.5;0.2;0.2;100;0.2;0.2;100;0.3;9;1;12.2;10.4;1.0;1.4;5.4;75;24;0;0.1;0.5;0.1;6;0;0;8.7;9.5;No recurring injuries;Very Low;1.8;61;0.3;0;0;0;0;0;0;0;0;0;0;1.7;1.0
Premier League;FC Porto;Alberto Costa;WB (R);M (R);D/WB/M (R);23;"6'1""";£21K - £34.5K p/w;£19.5M - £32M;Fairly Strong;Very Strong;6.96;2;1684;1;1684;0.1;2.14;2.14;-1.14;0.1;5%;0.107;1.1;0.4;0.4;35%;0;0;0;3;0.2;3.24;0.2;90%;71.1;0.2;1.1;10.3;1.1;0.5;42;1.1;0.5;43;1.1;12;1;10.8;12.4;1.3;3.2;7.1;63;40;4;0.7;0.8;0.5;22;4;0;11.9;17.7;No recurring injuries;Low;3.3;66;0.3;0;0;0;0;0;0;0;0;0;0;1.8;0.8
Eredivisie;AZ;Kees Smit;M (C);;DM, M/AM (C);20;"6'0""";£3.4K - £3.9K p/w;£69M;Strong;Very Strong;6.81;1;1689;1;1689;0.1;1.65;1.65;-0.65;0.1;8%;0.126923076923077;0.7;0.3;0.3;38%;0;0;0;3;0.2;3.71;0.2;93%;63.5;0.3;0.7;8.4;0.2;0.0;0;0.2;0.0;0;0.4;12;1;3.7;13.9;0.9;2.2;6.2;71;24;0;0.6;0.6;0.1;7;2;0;12.0;12.4;No recurring injuries;Average;1.9;43;0.1;0;0;0;0;0;0;0;0;0;0;1.2;0.7
Serie A;Fiorentina;Nicolò Fagioli;M (C);AM (C);DM, M/AM (C);25;"5'9""";£80K - £93K p/w;£27M;Reasonable;Very Strong;6.94;2;1703;1;1703;0.1;1.07;1.07;-0.07;0.1;11%;0.118888888888889;0.5;0.1;0.1;22%;0;0;0;4;0.2;4.33;0.2;95%;48.3;0.5;1.1;6.3;2.7;0.5;17;0.1;0.1;100;0.1;7;1;8.7;13.5;1.1;1.7;4.1;81;26;2;0.4;0.6;0.0;11;2;0;9.4;9.2;No recurring injuries;Very Low;1.4;30;0.1;0;0;0;0;0;0;0;0;0;0;1.4;0.6
Premier League;Newcastle;Malick Thiaw;D (C);;D (C);25;"6'4""";£75K - £88K p/w;£24M;Fairly Strong;Very Strong;7.06;0;1710;1;1710;0.1;0.77;0.77;0.23;0.0;10%;0.077;0.5;0.1;0.1;20%;0;0;0;0;0.0;0.99;0.1;96%;65.1;0.0;0.1;5.2;0.0;0.0;0;0.0;0.0;0;0.0;1;0;2.9;12.1;0.7;3.6;2.3;87;15;1;0.8;1.1;0.7;12;0;0;10.8;5.2;Recurring tight groin and partially torn hamstring;Very High;5.5;71;0.4;0;0;1;0;0;0;0;0;0;0;2.2;1.0
Bundesliga;Borussia Dortmund;Daniel Svensson;D (L);M (C);D/WB (L), M (C);24;"6'0""";£99K - £125K p/w;£42M;Very Strong;Reasonable;7.17;2;1727;1;1727;0.1;0.63;0.63;0.37;0.0;20%;0.126;0.3;0.2;0.1;60%;0;0;0;3;0.2;2.67;0.1;89%;57.0;0.2;2.2;6.8;7.8;1.3;16;6.6;1.1;17;1.5;22;1;16.0;9.9;2.4;3.6;9.2;81;57;3;0.7;1.3;0.2;11;1;0;13.0;28.2;No recurring injuries;Low;2.7;51;0.3;0;0;0;0;0;0;0;0;0;0;1.6;0.9
Ligue 1 McDonald's;Olympique de Marseille;Facundo Medina;WB (L);D (L);D (LC), WB (L);27;"6'0""";£38.5K - £44K p/w;£29M - £34M;Very Strong;Weak;6.94;3;1727;1;1727;0.1;0.33;0.33;0.67;0.0;50%;0.165;0.1;0.1;0.0;100%;0;0;0;2;0.1;2.02;0.1;87%;59.1;0.3;1.0;6.5;4.7;0.6;13;4.7;0.6;13;4.0;27;1;15.2;9.6;2.3;2.6;9.8;82;55;1;0.6;0.9;0.3;21;2;0;12.5;24.3;No recurring injuries;Average;3.7;56;0.2;0;0;0;0;0;0;0;0;0;0;0.9;1.3
Ligue 1 McDonald's;Brest;Hong Hyun-Seok;AM (C);DM;DM, M/AM (C);27;"5'10""";£15.25K - £23.5K p/w;£475K - £4.9M;Very Strong;Reasonable;6.78;0;1761;1;1761;0.1;4.15;4.15;-3.15;0.2;4%;0.153703703703704;1.4;0.5;0.3;33%;1;0;0;1;0.1;2.6;0.1;90%;44.4;0.6;1.7;2.9;3.6;0.6;17;0.8;0.3;40;1.7;13;2;15.1;9.3;0.4;1.6;4.0;50;14;0;0.5;0.5;0.2;7;0;0;13.0;13.6;No recurring injuries;Average;2.4;26;0.1;0;0;0;0;0;0;0;0;0;0;1.1;1.0
Ligue 1 McDonald's;AS Monaco;Mika Mármol;D (L);WB (L);D (LC), WB (L);25;"5'11""";£55K - £63K p/w;£16.5M - £19.5M;Very Strong;Weak;6.80;0;1771;1;1771;0.1;0.82;0.82;0.18;0.0;25%;0.205;0.2;0.1;0.0;50%;0;0;0;2;0.1;0.71;0.0;92%;53.4;0.0;0.6;4.1;0.8;0.2;26;0.7;0.2;29;0.1;8;1;4.5;14.3;0.9;2.8;4.1;72;25;4;0.5;0.7;0.3;8;2;0;10.3;7.2;No recurring injuries;Average;3.9;62;0.5;0;0;0;0;0;0;0;0;0;0;1.3;1.1
Sky Bet Championship;Southampton;Yukinari Sugawara;D (R);;D/WB (R);26;"5'10""";£53K - £72K p/w;£18M - £23M;Reasonable;Very Strong;7.04;1;1774;1;1774;0.1;1.55;1.55;-0.55;0.1;9%;0.140909090909091;0.6;0.2;0.1;27%;0;0;0;5;0.3;2.79;0.1;88%;58.5;0.2;1.4;8.4;2.6;0.4;13;1.0;0.2;16;0.3;14;2;13.1;14.3;1.7;3.6;7.6;69;49;3;0.5;1.1;0.3;13;1;0;11.5;16.6;No recurring injuries;Below Average;3.1;36;0.2;0;0;0;0;0;0;0;0;0;0;1.5;1.0
Sky Bet Championship;Middlesbrough;Toma Bašić;M (C);;DM, M (C);30;"6'2""";£17K - £19.25K p/w;£20M - £25M;Very Strong;Reasonable;7.04;2;1785;1;1785;0.1;1.4;1.4;-0.4;0.1;6%;0.0823529411764706;0.9;0.2;0.3;24%;1;0;0;4;0.2;3.22;0.2;93%;55.4;0.2;1.0;6.8;5.6;0.8;14;0.2;0.0;0;0.1;19;0;7.3;13.9;1.2;2.1;5.5;74;31;1;0.8;0.6;0.3;9;2;0;10.8;11.4;No recurring injuries;Below Average;3.0;67;0.4;0;0;0;0;0;0;0;0;0;0;0.9;1.1
Sky Bet Championship;Sheffield United;Japhet Tanganga;D (C);D (R);D (RC);27;"6'0""";£19.75K - £28K p/w;£10M - £16.5M;Reasonable;Very Strong;7.08;4;1800;1;1800;0.1;1.56;1.56;-0.56;0.1;14%;0.222857142857143;0.3;0.1;0.1;14%;0;0;0;1;0.1;0.8;0.0;91%;45.0;0.1;0.4;2.2;0.0;0.0;0;0.0;0.0;0;0.1;9;1;3.3;15.2;0.9;3.5;3.0;86;21;6;0.6;1.1;0.8;9;2;0;10.0;5.0;No recurring injuries;High;5.0;69;0.8;0;0;0;0;0;0;0;0;0;0;1.4;1.6
Sky Bet Championship;Leicester;Woyo Coulibaly;D (R);WB (R);D (RL), WB (R);27;"6'1""";£29K - £33.5K p/w;£12.5M - £18M;Fairly Strong;Very Strong;6.77;0;1848;1;1848;0.0;2.97;2.97;-1.97;0.1;5%;0.135;1.1;0.3;0.2;27%;0;0;0;2;0.1;1.08;0.1;91%;59.6;0.0;0.5;8.2;0.9;0.4;50;0.9;0.4;50;0.8;15;1;13.1;9.6;1.9;3.8;7.3;85;47;2;0.5;0.8;0.6;31;3;0;11.0;16.0;No recurring injuries;Average;2.9;30;0.1;0;0;0;0;0;0;0;0;0;0;1.1;1.5
Sky Bet Championship;Leeds;Joe Rodon;D (C);;D (C);29;"6'4""";£47.5K - £63K p/w;£17.5M - £22M;Reasonable;Very Strong;6.93;0;1882;1;1882;0.0;0.71;0.71;0.29;0.0;13%;0.08875;0.4;0.0;0.1;13%;0;0;0;1;0.0;2.79;0.1;95%;49.2;0.1;0.1;1.9;0.0;0.0;0;0.0;0.0;0;0.0;9;0;2.1;17.5;0.5;3.5;2.3;83;12;3;0.5;0.7;0.4;6;0;1;10.2;4.1;No recurring injuries;Above Average;4.7;71;0.8;0;0;0;0;0;0;0;0;0;0;1.4;0.6
Sky Bet Championship;Leeds;Anton Stach;DM;D (C);D (C), DM, M (C);28;"6'4""";£30K - £43K p/w;£41M;Reasonable;Very Strong;7.11;2;1897;1;1897;0.0;4.68;4.68;-3.68;0.2;4%;0.18;1.2;0.2;0.4;19%;1;0;0;1;0.0;4.33;0.2;92%;60.0;0.2;0.8;4.5;2.1;0.4;20;0.1;0.0;33;0.1;17;0;5.0;17.7;1.8;2.1;6.7;93;41;3;0.7;0.7;0.1;20;5;0;12.0;13.7;No recurring injuries;Below Average;2.9;66;0.3;0;0;0;0;0;0;0;0;0;0;1.7;0.7
Premier League;Brentford;Sepp van den Berg;D (C);D (R);D (RC);24;"6'4""";£60K - £68K p/w;£27M - £40M;Reasonable;Very Strong;6.75;0;1950;1;1950;0.0;1.65;1.65;-0.65;0.1;5%;0.0825;0.9;0.4;0.1;40%;0;0;0;0;0.0;0.3;0.0;90%;42.5;0.0;0.0;3.0;0.1;0.0;0;0.1;0.0;0;0.1;0;0;4.8;10.6;0.3;2.5;2.8;38;16;3;0.6;1.4;0.5;8;2;0;10.4;5.3;No recurring injuries;Average;6.0;71;1.2;0;0;2;0;0;0;0;0;0;0;1.7;1.8
Sky Bet Championship;Middlesbrough;Nathan Patterson;D (R);;D/WB (R);25;"6'0""";£35.5K - £40K p/w;£4.8M - £8.8M;Reasonable;Very Strong;6.96;1;2011;1;2011;0.0;2.51;2.51;-1.51;0.1;6%;0.156875;0.7;0.1;0.2;19%;0;0;0;2;0.1;3.86;0.2;89%;58.6;0.0;1.0;8.0;3.5;1.1;31;1.9;0.7;36;0.5;18;2;13.6;11.3;2.5;3.2;7.3;87;63;2;0.4;0.9;0.4;30;2;0;11.3;16.1;No recurring injuries;High;3.3;51;0.4;0;0;0;0;0;0;0;0;0;0;1.0;1.1
Premier League;BRG;Bright Arrey-Mbi;D (C);D (L);D (LC);23;"6'2""";£17.75K - £25.5K p/w;£28M - £45M;Very Strong;Weak;7.04;2;2083;1;2083;0.0;1.32;1.32;-0.32;0.1;6%;0.0776470588235294;0.7;0.2;0.3;24%;0;0;0;0;0.0;0.41;0.0;94%;45.7;0.0;0.4;3.2;0.2;0.0;0;0.2;0.0;0;0.2;9;1;2.7;19.9;0.7;2.9;3.3;70;23;6;0.6;1.0;0.7;11;2;0;10.5;4.7;No recurring injuries;Average;5.7;70;0.8;0;0;0;0;0;0;0;0;0;0;1.3;0.7
Premier League;BRG;Sikou Niakaté;D (C);;D (C);27;"6'1""";£13.25K - £23K p/w;£17M;Very Strong;Weak;7.05;2;2160;1;2160;0.0;0.67;0.67;0.33;0.0;14%;0.0957142857142857;0.3;0.0;0.1;14%;0;0;0;0;0.0;1.45;0.1;93%;47.3;0.2;0.2;2.8;0.0;0.0;0;0.0;0.0;0;0.1;3;0;2.5;18.2;0.7;3.0;3.0;76;21;4;0.7;1.1;0.4;10;6;0;9.9;3.7;No recurring injuries;Below Average;5.8;76;1.0;0;0;0;0;0;0;0;0;0;0;1.2;0.8
Sky Bet Championship;Swansea;Cameron Burgess;D (C);;D (C);31;"6'4""";£15K - £21K p/w;Not for Sale;Very Strong;Reasonable;6.95;1;2340;1;2340;0.0;1.61;1.61;-0.61;0.1;8%;0.123846153846154;0.5;0.2;0.1;38%;0;0;0;1;0.0;1.36;0.1;91%;40.6;0.2;0.0;1.9;0.1;0.0;33;0.1;0.0;33;0.0;2;0;3.0;14.7;0.5;2.7;2.9;71;17;2;0.6;0.9;1.0;15;5;0;10.4;4.2;No recurring injuries;Low;5.2;80;1.1;0;0;0;0;0;0;0;0;0;0;1.3;1.1
Bundesliga;Eintracht Frankfurt;Ellyes Skhiri;DM;;DM, M (C);31;"6'1""";£49K - £70K p/w;Not for Sale;Reasonable;Very Strong;6.78;0;1101;0;0;0.0;0.46;0.46;-0.46;0.0;0%;0.0657142857142857;0.6;0.2;0.2;29%;1;0;0;0;0.0;0.85;0.1;92%;58.9;0.1;0.4;3.4;0.2;0.0;0;0.2;0.0;0;0.1;6;1;9.5;11.0;0.9;3.0;7.2;85;13;1;0.5;0.7;0.2;11;3;0;12.2;12.7;No recurring injuries;Average;2.8;41;0.2;0;0;0;0;0;0;0;0;0;0;1.1;1.2
Bundesliga;FC Augsburg;Han-Noah Massengo;DM;;DM, M (C);25;"5'10""";£18.25K - £26.5K p/w;£8.2M - £10M;Reasonable;Very Strong;7.29;1;1275;0;0;0.0;0.38;0.38;-0.38;0.0;0%;0.095;0.3;0.1;0.1;25%;0;0;0;3;0.2;1.37;0.1;94%;59.7;0.0;1.3;7.4;0.3;0.2;75;0.3;0.2;75;0.2;17;0;7.8;10.0;1.1;2.2;7.3;58;26;3;0.6;1.1;0.0;4;1;0;10.8;12.4;No recurring injuries;Average;0.9;54;0.1;0;0;0;0;0;0;0;0;0;0;0.9;0.8
First Division;Vallecano;Augusto Batalla;GK;;GK;30;"6'1""";£22.5K - £38.5K p/w;£11M - £14M;Reasonable;Very Strong;6.79;0;1440;0;0;0.0;0;0;0;0.0;0%;0;0.0;0.0;0.0;0%;0;0;0;0;0.0;0;0.0;82%;24.9;0.0;0.0;0.1;0.0;0.0;0;0.0;0.0;0;0.0;3;0;6.8;3.6;0.1;0.0;0.0;33;3;0;0.0;1.7;0.0;1;1;0;6.9;0.0;No recurring injuries;Average;0.0;0;0.0;4;4.75;0;79;18;37;10;18;3;33;1.2;1.1
Ligue 2 BKT;FC Metz;Fodé Ballo-Touré;D (L);WB (L);D/WB (L);29;"6'0""";£9K - £12.75K p/w;£325K - £3.3M;Very Strong;Weak;6.97;1;1254;0;0;0.0;0.29;0.29;-0.29;0.0;0%;0.0966666666666667;0.2;0.1;0.1;33%;1;0;0;1;0.1;2.42;0.2;84%;45.9;0.3;2.6;4.7;4.4;0.4;9;4.4;0.4;10;1.6;12;2;13.4;13.6;2.4;3.2;10.3;64;53;1;0.1;0.7;0.1;37;3;0;12.6;22.3;Recurring sprained ankle ligaments and dislocated shoulder;Very High;2.8;64;0.5;0;0;0;0;0;0;0;0;0;0;0.9;0.6
Premier League;Wolves;Issa Diop;D (C);;D (C);29;"6'4""";£35K - £50K p/w;£11M - £14.5M;Weak;Very Strong;6.81;0;1423;0;0;0.0;0.63;0.63;-0.63;0.0;0%;0.105;0.4;0.1;0.0;33%;0;0;0;0;0.0;0.53;0.0;89%;53.1;0.0;0.3;3.9;0.0;0.0;0;0.0;0.0;0;0.0;3;0;7.6;10.6;0.5;2.5;2.5;89;9;2;0.7;1.9;0.6;2;0;0;10.5;6.1;No recurring injuries;Below Average;5.6;84;2.0;0;0;1;0;0;0;0;0;0;0;1.0;1.8
Ligue 2 BKT;FC Nantes;Olivier Ntcham;M (C);;DM, M/AM (C);30;"5'11""";£23.5K - £27K p/w;£4.8M - £7M;Fairly Strong;Very Strong;6.99;0;1207;0;0;0.0;1.74;1.74;-1.74;0.1;0%;0.133846153846154;1.0;0.3;0.1;31%;0;0;0;5;0.4;3.52;0.3;91%;53.8;0.3;2.3;5.2;0.7;0.1;11;0.7;0.1;11;0.6;7;3;11.5;14.0;0.8;1.6;5.3;79;14;2;0.6;0.9;0.0;5;1;0;11.9;11.8;No recurring injuries;Average;1.9;32;0.0;0;0;0;0;0;0;0;0;0;0;1.4;0.8
Bundesliga;1. FC Nürnberg;Fabio Gruber;D (C);;D (C);24;"6'2""";£9K - £15.5K p/w;£3.9M - £8M;Reasonable;Very Strong;6.97;2;1300;0;0;0.0;0.68;0.68;-0.68;0.0;0%;0.0971428571428572;0.5;0.1;0.1;14%;0;0;0;3;0.2;1.78;0.1;91%;42.6;0.1;0.4;1.9;0.1;0.0;0;0.1;0.0;0;0.0;2;1;2.5;15.4;0.6;3.2;2.6;89;9;4;0.8;1.2;0.7;8;2;0;10.1;4.9;No recurring injuries;Above Average;5.2;80;0.8;0;0;0;0;0;0;0;0;0;0;1.5;1.6
Sky Bet Championship;Leeds;Gabriel Gudmundsson;D/WB (L);;D/WB/M/AM (L);27;"5'11""";£25.5K - £36K p/w;£15.5M - £25M;Very Strong;Weak;6.85;0;1565;0;0;0.0;1.03;1.03;-1.03;0.1;0%;0.103;0.6;0.2;0.2;40%;0;0;0;3;0.2;1.29;0.1;91%;62.1;0.2;1.0;6.6;1.3;0.2;18;1.3;0.2;18;1.4;14;3;10.8;10.9;2.1;3.4;9.0;75;48;0;0.3;0.9;0.1;13;4;0;11.3;15.9;No recurring injuries;Below Average;3.1;43;0.3;0;0;0;0;0;0;0;0;0;0;1.8;0.8
Serie A;Juventus;Pierre Kalulu;D (R);WB (R);D (RC), WB (R);26;"6'0""";£81K - £94K p/w;£42M;Reasonable;Very Strong;7.08;0;1465;0;0;0.0;1.51;1.51;-1.51;0.1;0%;0.125833333333333;0.7;0.2;0.2;25%;0;0;0;1;0.1;1.02;0.1;93%;50.4;0.3;0.5;3.1;0.9;0.0;0;0.9;0.0;0;0.2;7;0;2.9;15.8;1.2;2.5;4.1;83;23;5;1.1;0.9;0.5;7;2;0;10.0;6.6;No recurring injuries;Very Low;3.6;48;0.4;0;0;0;0;0;0;0;0;0;0;1.5;0.7
Bundesliga;Eintracht Frankfurt;Nathaniel Brown;D (L);;D/WB (L);23;"5'9""";£38K - £57K p/w;£35M - £43M;Very Strong;Reasonable;7.15;2;1781;0;0;0.0;0.37;0.37;-0.37;0.0;0%;0.0616666666666667;0.3;0.1;0.2;17%;0;0;0;2;0.1;2.16;0.1;92%;68.5;0.3;0.9;9.9;3.3;0.6;18;2.3;0.4;18;1.0;12;4;12.6;12.7;2.1;3.2;7.9;82;50;1;0.6;0.7;0.2;15;1;0;11.6;15.9;No recurring injuries;Below Average;2.5;37;0.1;0;0;0;0;0;0;0;0;0;0;1.1;1.0
Ligue 1 McDonald's;Toulouse FC;Cristian Cásseres;DM;AM (C);DM, M/AM (C);26;"5'9""";£12.75K - £14.25K p/w;£4.4M - £6.6M;Fairly Strong;Very Strong;6.75;0;1276;0;0;0.0;0.17;0.17;-0.17;0.0;0%;0.0425;0.3;0.1;0.2;25%;0;0;0;1;0.1;2.72;0.2;93%;58.5;0.3;0.6;3.7;0.2;0.1;33;0.2;0.1;33;0.1;8;0;6.3;12.4;0.8;3.1;5.7;80;15;1;0.4;1.0;0.0;8;0;0;11.4;12.1;No recurring injuries;Below Average;1.1;50;0.1;0;0;0;0;0;0;0;0;0;0;1.1;1.1
Ligue 1 McDonald's;OGC Nice;Melvin Bard;D (L);;D (LC), WB (L);26;"5'8""";£35.5K - £41K p/w;£54M - £64M;Very Strong;Weak;7.06;2;1260;0;0;0.0;0.61;0.61;-0.61;0.0;0%;0.101666666666667;0.4;0.2;0.1;50%;0;0;0;0;0.0;1.93;0.1;88%;60.9;0.4;2.0;8.3;2.1;0.4;16;2.1;0.4;17;0.9;13;1;11.6;12.2;2.0;3.3;8.2;78;36;2;1.3;1.2;0.8;21;5;0;11.7;16.9;No recurring injuries;Below Average;2.6;59;0.4;0;0;0;0;0;0;0;0;0;0;1.4;0.9
First Division;Real San Sebastián;Jon Aramburu;D (R);D/WB (L);D/WB (RL);24;"5'9""";£38.5K - £43.5K p/w;£43M;Weak;Very Strong;7.01;2;1440;0;0;0.0;0.18;0.18;-0.18;0.0;0%;0.06;0.2;0.1;0.1;33%;0;0;0;1;0.1;1.88;0.1;91%;70.9;0.3;0.7;8.0;1.6;0.3;19;1.6;0.3;19;0.8;9;2;11.7;14.3;2.3;3.4;7.0;79;47;2;0.1;0.4;1.1;16;1;0;11.7;16.6;No recurring injuries;Low;2.6;17;0.2;0;0;0;0;0;0;0;0;0;0;1.4;1.2
Ligue 1 McDonald's;Rennes;Anthony Rouault;D (C);D (R);D (RC);25;"6'1""";£31.5K - £36K p/w;£11.5M - £14.5M;Reasonable;Very Strong;6.79;0;1423;0;0;0.0;0.45;0.45;-0.45;0.0;0%;0.075;0.4;0.1;0.1;33%;0;0;0;1;0.1;1.19;0.1;95%;47.9;0.1;0.2;2.3;0.0;0.0;0;0.0;0.0;0;0.0;3;0;2.8;14.5;0.4;2.5;3.0;64;11;4;0.7;0.6;0.8;3;0;0;10.0;3.2;No recurring injuries;Above Average;5.1;62;0.9;0;0;0;0;0;0;0;0;0;0;1.1;1.1
First Division;Vallecano;Florian Lejeune;D (C);;D (C);35;"6'3""";£14.25K - £25K p/w;£150K - £1.5M;Fairly Strong;Very Strong;6.73;0;1308;0;0;0.0;0.2;0.2;-0.2;0.0;0%;0.0666666666666667;0.2;0.0;0.1;0%;0;0;0;1;0.1;1.34;0.1;95%;52.2;0.3;0.3;2.5;0.0;0.0;0;0.0;0.0;0;0.0;6;0;2.5;14.9;0.3;2.6;1.9;67;6;0;0.8;1.1;1.4;8;3;1;9.9;5.1;No recurring injuries;Below Average;5.4;65;0.6;0;0;0;0;0;0;0;0;0;0;1.3;1.2
First Division;Getafe;David Soria;GK;;GK;33;"6'4""";£41.5K - £59K p/w;Not for Sale;Weak;Very Strong;6.57;2;1415;0;0;0.0;0;0;0;0.0;0%;0;0.0;0.0;0.0;0%;0;0;0;0;0.0;0;0.0;84%;23.3;0.0;0.0;0.2;0.0;0.0;0;0.0;0.0;0;0.0;5;0;10.8;2.9;0.1;0.0;0.0;50;2;0;0.0;1.8;0.0;0;0;0;5.8;0.1;No recurring injuries;Average;0.0;0;0.0;2;-2.87;0;66;13;26;11;25;2;50;0.9;1.6
Jupiler Pro League;Club Brugge;Illan Meslier;GK;;GK;26;"6'5""";£19.75K - £32.5K p/w;£220K - £2.2M;Very Strong;Weak;6.82;4;1740;0;0;0.0;0;0;0;0.0;0%;0;0.0;0.0;0.0;0%;0;0;0;0;0.0;0;0.0;75%;23.0;0.0;0.1;0.0;0.0;0.0;0;0.0;0.0;0;0.0;6;0;8.2;3.9;0.1;0.0;0.0;50;2;0;0.0;3.2;0.0;0;0;0;5.0;0.0;No recurring injuries;Below Average;0.0;0;0.0;10;7.05;0;78;8;30;9;14;2;50;1.1;0.7
Sky Bet Championship;Leeds;Maximilian Wöber;D (C);;D (LC);28;"6'2""";£36K - £47.5K p/w;£9.8M - £16M;Very Strong;Weak;6.80;0;1193;0;0;0.0;0.06;0.06;-0.06;0.0;0%;0.06;0.1;0.0;0.0;0%;0;0;0;0;0.0;0.61;0.0;92%;56.7;0.0;1.1;5.3;1.6;0.1;4;1.4;0.1;6;0.2;5;0;8.7;13.7;1.5;2.9;5.7;80;25;0;0.6;0.8;0.6;16;2;0;11.4;12.0;No recurring injuries;High;4.1;55;0.8;0;0;0;0;0;0;0;0;0;0;1.1;0.8
First Division;Valencia;Thierry Rendall Correia;WB (R);WB (R);D (RL), WB (R);27;"5'9""";£12.25K - £13.75K p/w;£38M - £44M;Weak;Very Strong;6.99;2;1429;0;0;0.0;0.92;0.92;-0.92;0.1;0%;0.115;0.5;0.1;0.2;25%;0;0;0;2;0.1;0.57;0.0;93%;61.0;0.1;0.7;7.6;0.6;0.0;0;0.6;0.0;0;1.3;19;2;16.9;10.3;1.7;3.5;7.9;82;33;1;0.4;0.6;0.3;20;0;0;12.1;16.9;No recurring injuries;High;3.5;56;0.2;0;0;1;0;0;0;0;0;0;0;0.9;1.4
Ligue 1 McDonald's;Auxerre;Clément Akpa;D (L);;D (LC);25;"5'11""";£22K - £25K p/w;£6.6M - £10M;Very Strong;Weak;6.73;0;1334;0;0;0.0;0.02;0.02;-0.02;0.0;0%;0.005;0.3;0.0;0.3;0%;0;0;0;0;0.0;1.16;0.1;92%;56.6;0.0;0.5;4.8;1.6;0.3;20;0.6;0.3;44;0.5;8;0;5.6;16.1;0.9;3.0;3.8;78;18;2;0.4;0.8;0.9;12;4;0;10.3;7.5;No recurring injuries;Below Average;3.6;51;0.3;0;0;0;0;0;0;0;0;0;0;1.2;1.2
Sky Bet Championship;Burnley;Florentino Luís;DM;;DM, M (C);27;"6'0""";£27.5K - £38K p/w;£58M - £72M;Reasonable;Very Strong;7.18;2;1879;0;0;0.0;1.36;1.36;-1.36;0.1;0%;0.085;0.8;0.2;0.3;25%;0;0;0;4;0.2;3.42;0.2;92%;58.1;0.2;0.7;4.3;0.1;0.0;0;0.1;0.0;0;0.0;8;1;5.3;16.7;1.5;3.0;6.1;78;41;5;0.5;0.7;0.3;7;2;0;12.2;14.1;No recurring injuries;Low;2.6;35;0.3;0;0;0;0;0;0;0;0;0;0;1.4;0.9
Bundesliga;FC Augsburg;Noahkai Banks;D (C);;D (C);20;"6'4""";£23.5K - £37.5K p/w;£39M - £49M;Reasonable;Very Strong;6.58;0;1080;0;0;0.0;0.24;0.24;-0.24;0.0;0%;0.048;0.4;0.2;0.2;40%;0;0;0;0;0.0;0.01;0.0;94%;42.5;0.2;0.2;2.0;0.0;0.0;0;0.0;0.0;0;0.0;4;1;3.2;11.5;0.2;3.2;2.6;75;4;0;0.6;0.8;0.3;7;1;0;10.0;4.2;No recurring injuries;Below Average;6.0;72;1.0;0;0;0;0;0;0;0;0;0;0;1.0;0.7
First Division;Girona;Arnau Martínez;D (R);D (LC), DM;D (RLC), WB (R), DM;23;"5'11""";£24K - £36K p/w;£35M - £57M;Reasonable;Very Strong;6.99;0;1334;0;0;0.0;0.45;0.45;-0.45;0.0;0%;0.0642857142857143;0.5;0.1;0.1;29%;0;0;0;3;0.2;0.93;0.1;91%;62.7;0.1;0.8;8.2;1.7;0.1;8;1.7;0.1;8;0.7;13;1;11.8;15.2;2.5;3.2;7.5;80;46;2;0.3;0.9;0.7;17;5;0;10.9;15.8;No recurring injuries;Below Average;3.9;60;0.5;0;0;0;0;0;0;0;0;0;0;1.7;1.3
Second Division;Espanyol;Ulisses Garcia;D (L);;D/WB (L);30;"6'0""";£11.5K - £14.5K p/w;£6M - £7.6M;Very Strong;Weak;7.07;0;1322;0;0;0.0;0.24;0.24;-0.24;0.0;0%;0.12;0.1;0.0;0.0;0%;0;0;0;1;0.1;1.39;0.1;91%;48.8;0.3;1.4;5.9;5.4;1.1;20;5.4;1.1;20;4.2;10;2;17.2;10.8;2.2;3.7;9.9;73;44;1;0.8;1.0;0.2;30;4;0;13.4;28.0;No recurring injuries;Average;2.9;48;0.1;0;0;0;0;0;0;0;0;0;0;1.2;1.0
Serie A;Bergamo;Berat Djimsiti;D (C);;D (C);33;"6'3""";£21.5K - £32K p/w;Not for Sale;Reasonable;Very Strong;7.02;0;1440;0;0;0.0;0.57;0.57;-0.57;0.0;0%;0.19;0.2;0.0;0.1;0%;0;0;0;1;0.1;0.21;0.0;92%;47.1;0.1;0.1;2.9;0.0;0.0;0;0.0;0.0;0;0.0;4;0;3.4;11.8;1.1;3.1;2.8;100;17;4;0.4;0.9;0.8;11;3;0;9.3;5.1;No recurring injuries;Very Low;4.9;80;1.1;0;0;1;0;0;0;0;0;0;0;1.2;1.3
Ligue 1 McDonald's;OGC Nice;Jonathan Clauss;D (R);M (R);D/WB/M (R);34;"5'10""";£38K - £43K p/w;£1.5M - £3.1M;Weak;Very Strong;6.86;0;1028;0;0;0.0;0.46;0.46;-0.46;0.0;0%;0.0657142857142857;0.6;0.2;0.5;29%;0;0;0;1;0.1;0.98;0.1;93%;65.2;0.1;0.9;9.2;2.7;0.6;22;1.4;0.3;19;0.7;6;0;11.6;11.0;1.6;1.8;7.4;78;23;0;0.6;0.5;0.4;12;1;0;11.6;14.2;No recurring injuries;Average;3.5;50;0.4;0;0;0;0;0;0;0;0;0;0;1.3;1.0
Premier League;BRG;Lukáš Horníček;GK;;GK;24;"6'6""";£14.25K - £20.5K p/w;£12M - £20M;Weak;Very Strong;7.02;0;1980;0;0;0.0;0;0;0;0.0;0%;0;0.0;0.0;0.0;0%;0;0;0;0;0.0;0;0.0;86%;24.3;0.0;0.0;0.0;0.0;0.0;0;0.0;0.0;0;0.0;9;0;7.4;4.0;0.0;0.0;0.0;0;1;0;0.0;1.4;0.0;0;0;0;5.6;0.0;No recurring injuries;Low;0.0;0;0.0;8;7.22;0;76;16;26;12;17;1;0;1.2;0.8
Ligue 1 McDonald's;Olympique de Marseille;Leonardo Balerdi;D (C);;D (C);27;"6'2""";£82K - £96K p/w;£11M - £16M;Fairly Strong;Very Strong;6.93;2;1628;0;0;0.0;0.8;0.8;-0.8;0.0;0%;0.114285714285714;0.4;0.2;0.0;43%;0;0;0;1;0.1;0.7;0.0;95%;56.6;0.2;0.3;2.8;0.0;0.0;0;0.0;0.0;0;0.1;1;0;3.8;10.3;0.8;2.7;3.0;88;16;2;1.2;1.1;0.8;7;1;0;10.1;4.4;No recurring injuries;Below Average;5.1;71;1.2;0;0;0;0;0;0;0;0;0;0;0.9;1.2
Bundesliga;FC Augsburg;Chrislain Matsima;D (C);D (R);D (RC);24;"6'4""";£32K - £49.5K p/w;£14.5M - £23M;Weak;Very Strong;7.04;2;1324;0;0;0.0;1.04;1.04;-1.04;0.1;0%;0.104;0.7;0.1;0.3;20%;1;0;0;1;0.1;0.93;0.1;95%;42.9;0.0;0.1;2.2;0.0;0.0;0;0.0;0.0;0;0.1;5;0;2.4;15.8;0.4;2.9;2.5;60;10;1;0.6;0.8;0.3;7;2;0;10.6;3.2;No recurring injuries;Below Average;6.7;77;1.3;0;0;0;0;0;0;0;0;0;0;1.0;0.7
First Division;Sevilla;Lucien Agoumé;DM;M (C);DM, M (C);24;"6'1""";£28K - £32K p/w;£36M - £43M;Reasonable;Very Strong;6.80;0;1171;0;0;0.0;2.51;2.51;-2.51;0.2;0%;0.193076923076923;1.0;0.2;0.1;15%;0;0;0;2;0.2;3.23;0.2;90%;45.8;1.0;0.5;3.5;0.1;0.1;100;0.1;0.1;100;0.2;6;0;8.2;11.5;0.5;1.8;5.1;47;15;1;0.2;0.5;0.3;2;1;0;9.0;10.0;No recurring injuries;Below Average;1.0;62;0.2;0;0;0;0;0;0;0;0;0;0;1.3;1.4
Jupiler Pro League;KV Mechelen;Radosław Murawski;M (C);;DM, M (C);32;"5'8""";£2.2K - £3.7K p/w;£140K - £1.4M;Reasonable;Very Strong;6.84;0;1197;0;0;0.0;0.8;0.8;-0.8;0.1;0%;0.133333333333333;0.5;0.0;0.1;0%;0;0;0;2;0.2;1.72;0.1;94%;52.3;0.2;0.6;4.4;0.0;0.0;0;0.0;0.0;0;0.2;11;0;6.3;12.7;0.5;3.0;5.7;88;8;0;0.8;0.8;0.3;15;3;0;10.8;10.3;No recurring injuries;Low;1.7;41;0.0;0;0;0;0;0;0;0;0;0;0;1.5;1.3
Second Division;Zaragoza;Ricardo Velho;GK;;GK;28;"6'2""";£7K - £8K p/w;£3.8M - £6M;Reasonable;Very Strong;6.68;2;1620;0;0;0.0;0;0;0;0.0;0%;0;0.0;0.0;0.0;0%;0;0;0;0;0.0;0;0.0;85%;24.8;0.0;0.0;0.0;0.0;0.0;0;0.0;0.0;0;0.0;6;0;8.4;3.8;0.1;0.0;0.0;33;3;0;0.0;1.1;0.0;1;1;0;6.3;0.0;No recurring injuries;Below Average;0.0;0;0.0;5;6.32;1;78;18;28;11;17;3;33;0.9;0.9
Ligue 1 McDonald's;Reims;Karol Linetty;DM;;DM, M (C);31;"5'9""";£34K - £49K p/w;Not for Sale;Fairly Strong;Very Strong;6.82;0;1080;0;0;0.0;0.48;0.48;-0.48;0.0;0%;0.06;0.7;0.1;0.4;13%;0;0;0;0;0.0;1.34;0.1;90%;51.0;0.2;0.7;5.4;0.3;0.1;25;0.2;0.1;33;0.2;7;0;7.4;12.9;0.8;3.1;7.6;60;15;1;0.7;1.3;0.2;10;1;0;12.0;13.7;No recurring injuries;Above Average;1.3;31;0.1;0;0;0;0;0;0;0;0;0;0;0.8;1.2
Bundesliga;TSG Hoffenheim;Valentin Gendrey;D (R);WB (R);D/WB (R);26;"5'10""";£28.5K - £43K p/w;£5.8M - £9.4M;Reasonable;Very Strong;7.06;1;1447;0;0;0.0;0.82;0.82;-0.82;0.1;0%;0.1025;0.5;0.0;0.2;0%;0;0;0;0;0.0;1.59;0.1;88%;56.8;0.2;1.2;6.5;1.1;0.1;11;1.1;0.1;12;0.3;7;1;13.1;12.5;1.6;3.7;7.5;72;36;3;0.7;1.6;0.3;18;1;0;11.2;16.0;No recurring injuries;High;3.0;79;0.2;0;0;0;0;0;0;0;0;0;0;1.3;0.8
Bundesliga;TSG Hoffenheim;Albian Hajdari;D (C);D (L);D (LC);23;"6'2""";£20K - £30.5K p/w;£12.5M - £20M;Very Strong;Weak;7.17;0;1024;0;0;0.0;0.89;0.89;-0.89;0.1;0%;0.2225;0.4;0.1;0.1;25%;0;0;0;2;0.2;0.57;0.1;94%;51.0;0.2;0.4;2.1;0.0;0.0;0;0.0;0.0;0;0.0;2;0;3.1;18.5;0.2;3.0;1.9;100;2;0;0.9;0.4;0.8;5;2;0;10.5;4.7;No recurring injuries;Above Average;6.0;78;1.3;0;0;0;0;0;0;0;0;0;0;1.6;0.7
Serie A;Cagliari;Mateusz Wieteska;D (C);;D (C);29;"6'2""";£8.25K - £12.75K p/w;£210K - £2.1M;Weak;Very Strong;6.78;0;1620;0;0;0.0;1.57;1.57;-1.57;0.1;0%;0.120769230769231;0.7;0.2;0.3;23%;0;0;0;0;0.0;0;0.0;95%;41.5;0.0;0.1;1.9;0.1;0.0;0;0.1;0.0;0;0.2;5;0;5.8;10.0;0.3;2.6;2.9;36;14;0;0.5;0.6;0.4;13;2;0;9.8;3.9;No recurring injuries;Very Low;5.8;71;1.2;0;0;0;0;0;0;0;0;0;0;0.4;1.3
First Division;Real Hispalis;Álvaro Valles;GK;;GK;29;"6'3""";£24.5K - £42K p/w;£19.5M - £25M;Weak;Very Strong;6.95;3;1890;0;0;0.0;0;0;0;0.0;0%;0;0.0;0.0;0.0;0%;0;0;0;0;0.0;0;0.0;76%;23.4;0.0;0.0;0.0;0.0;0.0;0;0.0;0.0;0;0.0;4;0;7.2;5.1;0.0;0.0;0.0;0;0;0;0.0;2.1;0.0;0;0;0;6.8;0.0;No recurring injuries;Below Average;0.0;0;0.0;8;4.21;0;77;13;34;11;17;0;0;1.7;0.8
Bundesliga;VfL Wolfsburg;Maximilian Arnold;DM, M (C);;DM, M (C);32;"6'0""";£43K - £75K p/w;Not for Sale;Very Strong;Reasonable;7.05;0;1170;0;0;0.0;0.72;0.72;-0.72;0.1;0%;0.0654545454545454;0.8;0.2;0.1;18%;0;0;0;1;0.1;1.74;0.1;92%;65.7;0.1;1.3;7.2;3.1;0.5;17;0.1;0.1;100;0.1;6;0;6.5;11.8;1.2;2.1;6.8;83;18;1;0.2;0.5;0.5;16;2;0;11.6;11.8;No recurring injuries;Average;1.8;58;0.1;0;0;0;0;0;0;0;0;0;0;0.7;1.7
First Division;Real Hispalis;Valentín Gómez;D (L);D (L);D (LC);23;"5'11""";£32.5K - £37K p/w;£21M - £26M;Very Strong;Weak;6.76;1;1237;0;0;0.0;0.01;0.01;-0.01;0.0;0%;0.01;0.1;0.0;0.1;0%;0;0;0;0;0.0;1.63;0.1;93%;57.1;0.1;0.5;4.8;0.5;0.1;14;0.5;0.1;14;0.4;6;0;5.7;19.6;1.5;1.7;4.8;88;24;3;0.6;0.9;1.0;17;1;1;10.1;7.9;Recurring tight calf;Very High;4.1;52;0.6;0;0;0;0;0;0;0;0;0;0;1.6;0.7
Bundesliga;FC Augsburg;Finn Dahmen;GK;;GK;28;"6'1""";£27K - £40K p/w;£5.4M - £6.6M;Reasonable;Very Strong;7.07;2;1350;0;0;0.0;0;0;0;0.0;0%;0;0.0;0.0;0.0;0%;0;0;0;0;0.0;0;0.0;88%;24.3;0.0;0.0;0.0;0.0;0.0;0;0.0;0.0;0;0.0;8;0;8.3;3.8;0.0;0.0;0.0;0;1;0;0.0;1.4;0.0;0;0;0;5.5;0.0;No recurring injuries;Above Average;0.0;0;0.0;6;5.99;0;79;10;26;6;11;1;0;0.9;0.7
Bundesliga;Eintracht Frankfurt;Michael Zetterer;GK;;GK;31;"6'2""";£33K - £47K p/w;Not for Sale;Reasonable;Very Strong;6.76;2;1694;0;0;0.0;0;0;0;0.0;0%;0;0.0;0.0;0.0;0%;0;0;0;0;0.0;0;0.0;85%;24.2;0.0;0.0;0.0;0.0;0.0;0;0.0;0.0;0;0.0;9;0;10.1;3.3;0.0;0.0;0.0;0;3;0;0.0;1.4;0.0;0;0;0;6.2;0.0;No recurring injuries;Average;0.0;0;0.0;5;0.36;0;60;6;19;6;20;3;0;1.1;1.1
Bundesliga 2;1. FC Köln;Derrick Köhn;WB (L);M (L);D/WB/M (L);27;"5'11""";£18K - £27K p/w;£375K - £3.7M;Very Strong;Weak;6.84;0;1366;0;0;0.0;0.05;0.05;-0.05;0.0;0%;0.025;0.1;0.0;0.1;0%;0;0;0;0;0.0;1.34;0.1;85%;47.3;0.3;1.6;4.9;6.7;0.9;13;5.8;0.7;13;4.3;21;1;17.7;10.5;2.3;3.4;9.6;88;40;3;0.4;0.5;0.1;25;1;0;11.8;24.1;No recurring injuries;Below Average;2.8;50;0.2;0;0;0;0;0;0;0;0;0;0;1.1;0.9
Ligue 2 BKT;FC Nantes;Ibrahima Sissoko;DM;;DM, M (C);29;"6'4""";£14.5K - £16.25K p/w;£1.8M;Reasonable;Very Strong;7.01;1;1460;0;0;0.0;3.39;3.39;-3.39;0.2;0%;0.1356;1.5;0.3;0.5;20%;0;0;0;2;0.1;1.69;0.1;92%;52.8;0.1;0.6;3.8;0.1;0.0;0;0.1;0.0;0;0.0;8;0;6.1;14.7;1.3;2.3;6.7;84;25;3;1.0;1.1;0.1;18;4;0;11.7;11.7;No recurring injuries;Average;3.1;74;0.4;0;0;0;0;0;0;0;0;0;0;1.5;0.7
Ligue 2 BKT;FC Nantes;Alban Lafont;GK;;GK;27;"6'4""";£18.75K - £21.5K p/w;£750K - £7.6M;Weak;Very Strong;6.92;2;1530;0;0;0.0;0;0;0;0.0;0%;0;0.0;0.0;0.0;0%;0;0;0;0;0.0;0;0.0;88%;23.5;0.0;0.0;0.0;0.0;0.0;0;0.0;0.0;0;0.0;4;0;6.8;4.8;0.0;0.0;0.0;0;2;0;0.0;1.2;0.0;1;1;0;6.4;0.0;No recurring injuries;Below Average;0.0;0;0.0;8;3.34;0;75;13;24;2;13;2;0;1.5;0.8
Serie A;Como;Marc Oliver Kempf;D (C);D (L);D (LC);31;"6'1""";£29.5K - £50K p/w;Not for Sale;Very Strong;Reasonable;6.92;1;1464;0;0;0.0;0.28;0.28;-0.28;0.0;0%;0.0933333333333333;0.2;0.1;0.0;33%;0;0;0;0;0.0;0.69;0.0;90%;48.3;0.1;0.1;1.8;0.1;0.0;0;0.1;0.0;0;0.1;6;0;3.4;12.2;0.6;3.3;2.0;64;14;3;0.6;0.6;0.6;18;7;0;9.9;3.9;No recurring injuries;Very Low;5.8;80;0.9;0;0;0;0;0;0;0;0;0;0;0.9;1.3
Ligue 1 McDonald's;RC Lens;Malang Sarr;D (C);;D (C);27;"6'0""";£30K - £34.5K p/w;£4.2M - £6.6M;Very Strong;Reasonable;6.78;0;1920;0;0;0.0;0.58;0.58;-0.58;0.0;0%;0.0966666666666667;0.3;0.1;0.0;33%;0;0;0;0;0.0;1.45;0.1;94%;49.5;0.2;0.2;3.2;0.0;0.0;100;0.0;0.0;100;0.1;3;1;4.0;10.6;0.6;2.4;3.1;72;18;3;0.3;0.8;0.7;10;0;0;10.3;5.1;Recurring abdominal strain;Very High;3.7;52;0.5;0;0;0;0;0;0;0;0;0;0;0.9;0.8
Serie BKT;AC Monza;Abdelhamid Sabiri;AM (C);M (C);M/AM (C);30;"6'0""";£13.5K - £15.75K p/w;£450K - £4.4M;Reasonable;Very Strong;7.02;0;1350;0;0;0.0;4.7;4.7;-4.7;0.3;0%;0.142424242424242;2.2;0.9;0.0;42%;0;0;0;4;0.3;2.09;0.1;69%;20.0;0.0;0.0;0.0;0.0;0.0;0;0.0;0.0;0;0.0;22;0;0.0;0.0;0.9;0.0;0.0;72;18;0;0.0;0.0;0.0;18;0;0;0.0;0.0;No recurring injuries;Very Low;0.0;0;0.0;0;0;0;0;0;0;0;0;0;0;0.0;0.0
Bundesliga 2;1. FC Köln;Eric Martel;DM;D/M (C);D (C), DM, M (C);24;"6'2""";£24K - £36K p/w;£11M - £14M;Reasonable;Very Strong;6.94;0;1320;0;0;0.0;0.66;0.66;-0.66;0.0;0%;0.06;0.8;0.1;0.4;18%;0;0;0;2;0.1;1.12;0.1;93%;57.1;0.1;1.0;5.0;0.3;0.2;75;0.3;0.2;75;0.2;8;0;4.8;14.9;1.5;2.0;5.9;88;25;1;0.3;1.1;0.0;12;5;0;12.1;12.8;No recurring injuries;Below Average;2.3;41;0.5;0;0;0;0;0;0;0;0;0;0;1.1;1.0
Bundesliga;Borussia Dortmund;Yan Couto;WB (R);M (R);D/WB/M (R);24;"5'6""";£79K - £115K p/w;£32M - £39M;Fairly Strong;Very Strong;6.99;1;1280;0;0;0.0;0.71;0.71;-0.71;0.0;0%;0.08875;0.6;0.2;0.2;38%;0;0;0;3;0.2;3.21;0.2;84%;47.6;0.5;2.5;5.3;6.6;1.2;18;6.0;1.1;18;3.9;16;1;14.6;11.0;2.0;2.2;10.4;88;33;5;0.6;0.4;0.2;21;2;0;12.8;26.5;No recurring injuries;Above Average;3.0;33;0.0;0;0;0;0;0;0;0;0;0;0;1.4;0.6
Serie A;Fiorentina;Pietro Comuzzo;D (C);;D (C);21;"6'1""";£27.5K - £38.5K p/w;£12M - £19M;Reasonable;Very Strong;6.73;0;1801;0;0;0.0;0.16;0.16;-0.16;0.0;0%;0.16;0.0;0.0;0.0;0%;0;0;0;0;0.0;0.67;0.0;93%;47.4;0.0;0.2;1.9;0.0;0.0;0;0.0;0.0;0;0.0;5;0;4.0;13.8;0.3;2.6;2.2;75;8;1;1.1;1.0;0.5;9;2;0;10.0;4.6;No recurring injuries;Very Low;5.1;76;0.8;0;0;0;0;0;0;0;0;0;0;1.3;0.7
Bundesliga;Borussia M'gladbach;Rocco Reitz;M (C);;DM, M (C);24;"5'9""";£32.5K - £51K p/w;£25M - £31M;Reasonable;Very Strong;7.04;1;1145;0;0;0.0;0.23;0.23;-0.23;0.0;0%;0.0766666666666667;0.2;0.1;0.2;33%;1;0;0;2;0.2;2.08;0.2;94%;62.6;0.3;0.7;3.2;0.2;0.2;100;0.2;0.2;100;0.0;16;0;6.8;12.3;1.6;2.4;7.2;71;28;3;0.2;1.0;0.2;18;4;0;12.1;12.7;No recurring injuries;Average;1.3;35;0.0;0;0;0;0;0;0;0;0;0;0;0.9;1.5
Bundesliga;Sport-Club Freiburg;Philipp Treu;D (R);D (L);D/WB (RL);26;"5'8""";£21K - £31.5K p/w;£7.4M - £9.8M;Reasonable;Very Strong;6.93;0;1370;0;0;0.0;0.48;0.48;-0.48;0.0;0%;0.06;0.5;0.2;0.2;38%;0;0;0;0;0.0;0.24;0.0;87%;61.8;0.0;0.5;7.7;2.0;0.2;10;2.0;0.2;10;0.7;13;1;14.1;11.0;1.4;3.4;6.9;60;35;1;0.5;0.9;0.5;14;3;0;11.4;16.2;No recurring injuries;Average;3.4;43;0.2;0;0;0;0;0;0;0;0;0;0;1.1;0.9
Sky Bet Championship;Sunderland;Nordi Mukiele;D (C);;D (RC), WB (R);29;"6'2""";£37.5K - £43.5K p/w;£25M;Weak;Very Strong;6.91;0;1484;0;0;0.0;0.24;0.24;-0.24;0.0;0%;0.12;0.1;0.1;0.0;50%;0;0;0;0;0.0;1.51;0.1;91%;49.5;0.3;1.5;4.1;3.9;0.8;21;3.9;0.8;22;1.9;15;1;9.9;13.0;1.6;3.5;7.6;84;32;1;0.3;0.5;0.4;16;2;1;11.2;17.7;No recurring injuries;Average;4.1;61;0.4;0;0;0;0;0;0;0;0;0;0;0.5;0.5
Ligue 1 McDonald's;Paris FC;Pierre Lees-Melou;DM;;DM, M (C);33;"6'1""";£42K - £62K p/w;Not for Sale;Reasonable;Very Strong;6.99;0;1007;0;0;0.0;0.46;0.46;-0.46;0.0;0%;0.0418181818181818;1.0;0.2;0.7;18%;0;0;0;3;0.3;2.44;0.2;92%;54.4;0.4;0.7;6.7;1.1;0.1;8;0.3;0.1;33;0.3;4;0;6.9;9.8;1.5;2.6;4.6;89;19;1;0.6;0.5;0.3;7;1;0;11.2;10.5;No recurring injuries;Above Average;1.5;71;0.0;0;0;0;0;0;0;0;0;0;0;0.9;1.3
Premier League;Brighton;Olivier Boscagli;DM;D (L), DM;D (LC), DM;29;"5'11""";£34K - £38K p/w;£5.4M;Very Strong;Reasonable;6.65;0;1024;0;0;0.0;0;0;0;0.0;0%;0;0.0;0.0;0.0;0%;0;0;0;0;0.0;0.26;0.0;92%;65.6;0.0;0.4;7.3;1.8;0.2;10;0.8;0.1;11;0.3;0;0;7.2;9.3;0.6;3.6;3.6;88;8;2;0.6;1.1;0.5;12;2;0;12.1;14.2;No recurring injuries;Average;4.3;65;0.4;0;0;1;0;0;0;0;0;0;0;1.2;1.8
Bundesliga;1. FC Union Berlin;Rani Khedira;DM;;DM, M (C);32;"6'2""";£20K - £32K p/w;Not for Sale;Reasonable;Very Strong;7.15;1;1240;0;0;0.0;0.47;0.47;-0.47;0.0;0%;0.1175;0.3;0.0;0.0;0%;0;0;0;4;0.3;1.88;0.1;94%;58.9;0.2;0.7;4.0;0.1;0.1;100;0.1;0.1;100;0.1;2;0;8.8;11.9;1.1;3.0;7.5;60;25;2;0.5;0.5;0.3;12;3;0;11.9;15.0;No recurring injuries;Above Average;3.0;56;0.6;0;0;0;0;0;0;0;0;0;0;0.7;1.3
Premier League;Crystal Palace;Cheick Doucouré;DM;;DM, M (C);26;"5'11""";£71K - £97K p/w;£26M - £32M;Reasonable;Very Strong;6.74;0;1055;0;0;0.0;0.25;0.25;-0.25;0.0;0%;0.05;0.4;0.2;0.3;40%;0;0;0;0;0.0;0.44;0.0;95%;62.6;0.1;0.3;6.7;0.3;0.2;50;0.3;0.2;50;0.1;0;0;4.5;5.7;2.0;2.3;6.1;73;33;3;0.4;0.8;0.3;5;0;0;12.3;12.6;No recurring injuries;High;1.3;33;0.0;0;0;0;0;0;0;0;0;0;0;0.9;1.3
Ligue 1 McDonald's;Paris FC;Samir Chergui;D (C);DM;D (RC), DM;27;"6'1""";£29.5K - £33K p/w;£550K - £6M;Reasonable;Very Strong;7.01;0;1256;0;0;0.0;0.76;0.76;-0.76;0.1;0%;0.0844444444444444;0.6;0.1;0.1;11%;0;0;0;0;0.0;0.67;0.0;89%;52.0;0.0;0.6;5.8;1.3;0.1;11;1.3;0.1;11;0.5;10;3;10.6;13.4;2.0;2.4;5.4;85;33;3;0.4;0.6;0.7;16;3;0;11.5;13.2;No recurring injuries;Below Average;5.9;73;0.9;0;0;0;0;0;0;0;0;0;0;1.1;1.2
Bundesliga;RB Leipzig;David Raum;D/WB (L);M (L);D/WB/M (L);28;"5'11""";£99K - £140K p/w;£27M - £33M;Very Strong;Weak;7.04;1;1414;0;0;0.0;0.47;0.47;-0.47;0.0;0%;0.0671428571428571;0.4;0.2;0.4;43%;0;0;0;2;0.1;2.79;0.2;92%;72.1;0.4;0.8;8.4;8.6;1.3;15;2.1;0.1;6;1.3;14;2;10.8;11.2;2.2;3.6;6.5;88;40;0;0.6;0.8;0.3;34;7;1;12.1;18.2;No recurring injuries;Low;3.1;60;0.3;0;0;0;0;0;0;0;0;0;0;1.7;0.7
Serie BKT;Modena F.C.;Charles Pickel;DM;;DM, M (C);29;"6'0""";£7.75K - £9.75K p/w;£1.7M - £3.4M;Reasonable;Very Strong;7.31;0;1274;0;0;0.0;1.15;1.15;-1.15;0.1;0%;0.14375;0.6;0.1;0.0;13%;0;0;0;3;0.2;1.41;0.1;67%;21.2;0.0;0.0;0.0;0.0;0.0;0;0.0;0.0;0;0.0;23;0;0.0;0.0;2.0;0.0;0.0;80;35;0;0.0;0.0;0.0;37;1;0;0.0;0.0;No recurring injuries;Very Low;0.0;0;0.0;0;0;0;0;0;0;0;0;0;0;0.0;0.0
Bundesliga;1. FSV Mainz 05;Robin Zentner;GK;;GK;32;"6'4""";£26K - £38.5K p/w;Not for Sale;Weak;Very Strong;6.56;2;1264;0;0;0.0;0;0;0;0.0;0%;0;0.0;0.0;0.0;0%;0;0;0;0;0.0;0;0.0;87%;23.0;0.0;0.0;0.1;0.0;0.0;0;0.0;0.0;0;0.0;3;0;11.0;2.5;0.0;0.1;0.0;0;2;0;0.0;1.5;0.0;1;1;0;5.7;0.0;No recurring injuries;Above Average;0.0;0;0.0;4;-6.41;0;70;11;27;9;20;2;0;0.9;1.4
Bundesliga;Sport-Club Freiburg;Matthias Ginter;D (C);;D (C);32;"6'3""";£43.5K - £64K p/w;£3.2M - £6.6M;Reasonable;Very Strong;7.10;1;1470;0;0;0.0;0.72;0.72;-0.72;0.0;0%;0.12;0.4;0.1;0.1;17%;0;0;0;1;0.1;0.91;0.1;95%;45.4;0.2;0.4;2.6;0.1;0.1;100;0.1;0.1;100;0.0;1;1;2.4;16.4;0.4;3.1;1.9;60;10;2;0.6;0.9;0.7;4;0;0;9.7;4.3;No recurring injuries;Above Average;5.4;67;1.6;0;0;0;0;0;0;0;0;0;0;1.3;1.0
Bundesliga 2;1. FC Köln;Marvin Schwäbe;GK;;GK;31;"6'3""";£14K - £24K p/w;£850K - £8.4M;Weak;Very Strong;6.87;2;1440;0;0;0.0;0;0;0;0.0;0%;0;0.0;0.0;0.0;0%;0;0;0;0;0.0;0;0.0;92%;25.2;0.0;0.0;0.0;0.0;0.0;0;0.0;0.0;0;0.0;8;0;7.8;4.6;0.0;0.0;0.0;0;2;0;0.0;1.9;0.0;0;0;0;6.6;0.0;No recurring injuries;Low;0.0;0;0.0;6;-1.01;1;73;14;21;6;15;2;0;1.1;0.9
Bundesliga;1. FSV Mainz 05;Dominik Kohr;D (C);M (C);D (C), DM, M (C);32;"6'0""";£27K - £41K p/w;£450K - £4.4M;Reasonable;Very Strong;6.64;0;1173;0;0;0.0;0.29;0.29;-0.29;0.0;0%;0.0966666666666667;0.2;0.2;0.0;67%;0;0;0;0;0.0;0.17;0.0;94%;52.2;0.1;0.2;2.2;0.0;0.0;0;0.0;0.0;0;0.0;4;0;3.9;11.6;0.5;3.3;3.1;86;7;1;1.0;1.1;0.3;11;3;2;10.6;5.5;No recurring injuries;Below Average;3.5;60;0.5;0;0;0;0;0;0;0;0;0;0;1.0;1.3
Ligue 1 McDonald's;AS Monaco;Thilo Kehrer;D (C);D (R), DM;D (RC), DM;30;"6'1""";£62K - £96K p/w;£650K - £6.4M;Fairly Strong;Very Strong;6.88;0;1608;0;0;0.0;1;1;-1;0.1;0%;0.142857142857143;0.4;0.1;0.1;14%;0;0;0;1;0.1;0.59;0.0;92%;50.7;0.2;0.3;4.7;0.1;0.1;100;0.1;0.1;100;0.0;3;0;4.5;13.0;0.6;2.7;2.7;59;17;4;0.6;1.1;0.3;6;0;0;10.1;5.7;No recurring injuries;Below Average;4.4;65;0.7;0;0;1;0;0;0;0;0;0;0;1.4;1.0
Bundesliga;1. FSV Mainz 05;Anthony Caci;WB (R);D (C);D (RLC), WB (RL);29;"6'0""";£24K - £41.5K p/w;£5.6M - £7.2M;Strong;Very Strong;6.83;1;1060;0;0;0.0;0.52;0.52;-0.52;0.0;0%;0.104;0.4;0.1;0.2;20%;0;0;0;3;0.3;2.35;0.2;89%;42.7;0.3;1.5;4.1;6.2;1.0;16;6.2;1.0;16;2.3;11;2;19.1;9.9;1.6;3.0;9.5;73;26;0;0.3;0.8;0.1;12;1;0;12.7;25.0;No recurring injuries;Average;4.4;48;0.5;0;0;0;0;0;0;0;0;0;0;0.8;1.5
Sky Bet Championship;Norwich;Tomoki Hayakawa;GK;;GK;27;"6'2""";£6.25K - £9K p/w;£13M - £21M;Weak;Very Strong;6.90;1;2154;0;0;0.0;0;0;0;0.0;0%;0;0.0;0.0;0.0;0%;0;0;0;0;0.0;0;0.0;90%;23.8;0.0;0.0;0.0;0.0;0.0;0;0.0;0.0;0;0.0;11;0;7.4;4.0;0.0;0.0;0.0;0;1;0;0.0;1.4;0.0;0;0;0;6.1;0.0;No recurring injuries;Below Average;0.0;0;0.0;8;1.87;0;72;21;24;9;21;1;0;1.0;0.9
Serie A;Como;Álex Valle;D (L);;D/WB (L);22;"5'10""";£37K - £54K p/w;£47M;Very Strong;Reasonable;6.83;0;1620;0;0;0.0;0.8;0.8;-0.8;0.0;0%;0.114285714285714;0.4;0.1;0.1;14%;0;0;0;0;0.0;1.46;0.1;92%;56.6;0.1;0.8;6.9;1.6;0.2;13;1.6;0.2;14;1.1;22;3;15.2;10.2;1.8;2.9;7.8;79;42;0;0.8;0.7;0.7;33;2;0;11.1;16.8;No recurring injuries;Very Low;2.3;50;0.1;0;0;0;0;0;0;0;0;0;0;0.8;1.3
Bundesliga;RB Leipzig;Benjamin Henrichs;D (R);D/WB (L);D/WB (RL);29;"6'1""";£66K - £110K p/w;£12M - £19.5M;Fairly Strong;Very Strong;7.04;0;1424;0;0;0.0;1.65;1.65;-1.65;0.1;0%;0.1375;0.8;0.2;0.3;25%;0;0;0;1;0.1;2.3;0.1;94%;71.6;0.3;1.1;10.2;0.9;0.1;6;0.9;0.1;7;0.8;8;0;12.3;12.1;1.5;4.4;6.4;68;34;3;0.6;0.9;0.4;14;1;0;11.8;18.6;No recurring injuries;Above Average;2.7;50;0.1;0;0;0;0;0;0;0;0;0;0;1.7;0.9
Bundesliga;Borussia M'gladbach;Moritz Nicolas;GK;;GK;29;"6'4""";£28K - £42.5K p/w;£300K - £3.1M;Weak;Very Strong;6.71;2;1350;0;0;0.0;0;0;0;0.0;0%;0;0.0;0.0;0.0;0%;0;0;0;0;0.0;0;0.0;92%;24.1;0.0;0.0;0.0;0.0;0.0;0;0.0;0.0;0;0.0;7;0;9.3;3.1;0.0;0.0;0.0;0;1;0;0.0;1.3;0.0;0;0;0;6.7;0.0;No recurring injuries;Average;0.0;0;0.0;4;-2.85;0;72;12;33;11;21;1;0;0.9;1.4
Bundesliga;Eintracht Frankfurt;Robin Koch;D (C);DM;D (C), DM;30;"6'4""";£53K - £88K p/w;£14M - £17.5M;Reasonable;Very Strong;6.93;0;1058;0;0;0.0;0.18;0.18;-0.18;0.0;0%;0.06;0.3;0.0;0.3;0%;0;0;0;2;0.2;0.62;0.1;93%;54.4;0.2;0.6;2.0;0.0;0.0;0;0.0;0.0;0;0.0;2;0;3.1;15.2;0.3;3.5;2.2;43;7;1;0.5;0.9;0.1;3;0;0;10.2;3.9;No recurring injuries;Above Average;6.8;71;1.2;0;0;0;0;0;0;0;0;0;0;1.3;1.0
Ligue 1 McDonald's;LOSC;Ayyoub Bouaddi;DM;;DM, M (C);19;"6'1""";£53K - £61K p/w;£103M - £124M;Reasonable;Very Strong;7.11;3;1582;0;0;0.0;1.07;1.07;-1.07;0.1;0%;0.0629411764705882;1.0;0.3;0.6;29%;0;0;0;9;0.5;2.59;0.1;91%;66.6;0.3;1.1;6.7;0.2;0.1;33;0.2;0.1;33;0.1;4;1;4.7;15.6;0.7;2.7;7.1;45;29;3;0.4;0.6;0.3;7;0;0;11.8;13.3;No recurring injuries;Low;1.8;28;0.3;0;0;0;0;0;0;0;0;0;0;1.6;1.2
Second Division;Almería;Dion Lopy;DM;;DM, M (C);24;"6'1""";£12.75K - £19.25K p/w;£4.2M - £5.4M;Fairly Strong;Very Strong;6.87;0;1528;0;0;0.0;1;1;-1;0.1;0%;0.0909090909090909;0.6;0.1;0.2;9%;0;0;0;2;0.1;2.35;0.1;89%;52.8;0.2;0.9;6.1;0.1;0.0;0;0.1;0.0;0;0.2;13;0;5.5;13.4;0.5;2.5;5.8;90;10;0;0.9;1.2;0.4;4;0;0;11.5;12.4;No recurring injuries;Above Average;2.7;48;0.1;0;0;0;0;0;0;0;0;0;0;1.2;1.1
Ligue 1 McDonald's;OGC Nice;Yehvann Diouf;GK;;GK;27;"6'0""";£18.5K - £21.5K p/w;£550K - £10.5M;Reasonable;Very Strong;6.89;1;1066;0;0;0.0;0;0;0;0.0;0%;0;0.0;0.0;0.0;0%;0;0;0;0;0.0;0;0.0;84%;24.3;0.0;0.0;0.3;0.0;0.0;0;0.0;0.0;0;0.0;0;0;9.4;6.2;0.0;0.2;0.0;0;0;0;0.0;3.5;0.0;0;0;0;5.4;0.0;No recurring injuries;Below Average;0.0;0;0.0;3;1.12;0;76;12;21;9;13;0;0;1.3;1.1
Premier League;Arouca;Amadou Danté;D (L);WB/M (L);D/WB/M (L);26;"5'10""";£2K - £3K p/w;£750K - £1.7M;Very Strong;Weak;6.65;0;1311;0;0;0.0;0.58;0.58;-0.58;0.0;0%;0.145;0.3;0.0;0.1;0%;0;0;0;0;0.0;0.94;0.1;86%;55.3;0.4;0.7;6.3;1.6;0.2;13;1.6;0.2;13;1.1;12;1;15.0;12.2;1.9;3.0;7.6;82;34;0;0.6;1.2;0.4;9;1;0;11.8;15.2;No recurring injuries;Below Average;2.7;53;0.3;0;0;0;0;0;0;0;0;0;0;1.5;0.8
Serie A;Como;Maxence Caqueret;DM;AM (L);DM, M (C), AM (L);26;"5'9""";£62K - £73K p/w;£18M;Reasonable;Very Strong;6.74;2;1440;0;0;0.0;2.01;2.01;-2.01;0.1;0%;0.125625;1.0;0.5;0.2;50%;1;0;0;2;0.1;1.44;0.1;97%;26.1;0.0;0.2;2.8;2.5;0.3;12;0.1;0.0;0;0.1;13;0;9.1;11.2;0.8;1.0;2.0;80;15;2;0.1;0.2;0.1;9;4;0;4.1;4.9;No recurring injuries;Very Low;0.6;78;0.1;0;0;0;0;0;0;0;0;0;0;0.8;1.4
Serie A;Torino;Franco Israel;GK;;GK;26;"6'3""";£21.5K - £25.5K p/w;£4.7M - £5.8M;Reasonable;Very Strong;6.77;1;1479;0;0;0.0;0;0;0;0.0;0%;0;0.0;0.0;0.0;0%;0;0;0;0;0.0;0;0.0;75%;23.3;0.0;0.0;0.0;0.0;0.0;0;0.0;0.0;0;0.0;7;0;8.4;2.9;0.0;0.0;0.0;0;1;0;0.0;4.0;0.0;0;0;0;5.4;0.0;No recurring injuries;Very Low;0.0;0;0.0;2;2.84;0;78;14;37;12;17;1;0;0.9;1.0
First Division;Elche;David Affengruber;D (C);;D (C);25;"6'1""";£37K - £41.5K p/w;£23M - £28M;Fairly Strong;Very Strong;6.68;0;1347;0;0;0.0;0.45;0.45;-0.45;0.0;0%;0.09;0.3;0.1;0.1;20%;0;0;0;0;0.0;0.75;0.1;89%;44.9;0.1;0.1;2.4;0.0;0.0;0;0.0;0.0;0;0.0;5;0;2.8;11.0;0.4;3.0;2.8;86;7;2;0.5;0.9;0.9;5;3;0;10.6;3.8;No recurring injuries;Above Average;6.4;77;1.1;0;0;0;0;0;0;0;0;0;0;0.7;1.9
Jupiler Pro League;RSC Anderlecht;Killian Sardella;D (R);WB (R);D/WB (R);24;"5'10""";£14.5K - £22.5K p/w;£8.4M - £10.5M;Reasonable;Very Strong;6.95;0;1814;0;0;0.0;0.68;0.68;-0.68;0.0;0%;0.0971428571428572;0.3;0.0;0.1;14%;0;0;0;1;0.0;4.93;0.2;88%;56.0;0.3;0.7;7.2;2.5;0.4;18;2.5;0.4;18;0.9;9;1;12.3;14.5;1.8;3.3;7.0;78;46;0;0.5;0.7;0.6;32;3;0;11.9;16.1;Recurring partially torn hamstring and bruised ankle;Very High;4.9;51;0.4;0;0;0;0;0;0;0;0;0;0;1.4;1.0
Serie A;Como;Ignace Van Der Brempt;D (R);;D/WB (R);24;"6'2""";£56K - £65K p/w;£13M - £15.5M;Reasonable;Very Strong;6.87;0;1191;0;0;0.0;0.26;0.26;-0.26;0.0;0%;0.13;0.2;0.1;0.0;50%;0;0;0;1;0.1;1.18;0.1;93%;55.2;0.1;1.2;7.3;2.2;0.5;24;2.0;0.5;26;1.0;13;3;15.1;8.6;1.9;2.5;6.4;71;35;1;0.2;0.5;0.7;14;0;0;10.4;16.5;No recurring injuries;Very Low;3.9;59;0.5;0;0;0;0;0;0;0;0;0;0;0.9;1.5
Premier League;Bournemouth;Ryan Christie;DM;DM, AM (RC);DM, M (C), AM (RC);31;"5'10""";£64K - £75K p/w;£8.8M - £13.5M;Very Strong;Reasonable;6.73;0;1073;0;0;0.0;0.32;0.32;-0.32;0.0;0%;0.0213333333333333;1.3;0.4;1.2;33%;0;0;0;2;0.2;0.35;0.0;88%;49.8;0.1;0.3;3.2;3.6;0.0;0;0.2;0.0;0;0.0;0;2;8.6;8.6;1.8;3.2;7.5;76;29;2;0.8;1.3;0.7;14;2;0;12.8;17.1;No recurring injuries;Below Average;2.1;56;0.1;0;0;0;0;0;0;0;0;0;0;1.5;2.3
Bundesliga;1. FC Nürnberg;Luka Lochoshvili;D (C);;D (C);28;"6'4""";£9.5K - £15.75K p/w;£350K - £3.6M;Very Strong;Weak;6.69;0;1190;0;0;0.0;0.16;0.16;-0.16;0.0;0%;0.032;0.4;0.1;0.2;20%;0;0;0;1;0.1;0.23;0.0;88%;40.8;0.1;0.2;1.7;0.0;0.0;0;0.0;0.0;0;0.1;2;0;2.7;14.8;0.5;2.8;3.2;46;13;1;0.5;1.4;0.7;9;5;0;10.4;3.9;No recurring injuries;Above Average;4.9;75;1.5;0;0;0;0;0;0;0;0;0;0;1.4;1.6
Second Division;Albacete;Jesús Vallejo;D (C);;D (C);29;"6'0""";£19K - £27.5K p/w;£2.2M - £4.8M;Reasonable;Very Strong;7.01;2;1424;0;0;0.0;0.35;0.35;-0.35;0.0;0%;0.07;0.3;0.1;0.2;20%;1;0;0;1;0.1;0.91;0.1;94%;41.8;0.0;0.2;1.8;0.0;0.0;0;0.0;0.0;0;0.0;3;0;2.8;16.9;0.5;2.2;3.2;67;12;3;0.8;1.5;0.9;9;2;0;9.4;3.5;No recurring injuries;High;4.9;86;0.9;0;0;0;0;0;0;0;0;0;0;1.2;1.2
Bundesliga 2;Hannover 96;Virgil Ghiţă;D (C);;D (C);28;"6'1""";£5.75K - £9.25K p/w;£180K - £1.8M;Reasonable;Very Strong;7.03;2;1273;0;0;0.0;1.16;1.16;-1.16;0.1;0%;0.128888888888889;0.6;0.1;0.1;11%;0;0;0;1;0.1;0.17;0.0;93%;45.2;0.1;0.1;2.0;0.2;0.1;66;0.2;0.1;67;0.1;2;0;3.0;17.6;0.9;3.6;3.2;87;15;4;0.6;1.1;0.6;10;2;1;10.4;3.7;No recurring injuries;Below Average;6.1;67;0.8;0;0;0;0;0;0;0;0;0;0;0.8;0.6
First Division;Atlético Pamplona;Alejandro Catena;D (C);;D (C);32;"6'4""";£29K - £44.5K p/w;Not for Sale;Weak;Very Strong;6.91;1;1243;0;0;0.0;0.58;0.58;-0.58;0.0;0%;0.145;0.3;0.1;0.1;50%;0;0;0;0;0.0;0.11;0.0;93%;51.3;0.1;0.1;2.1;0.0;0.0;0;0.0;0.0;0;0.0;2;0;2.8;14.4;0.6;3.7;3.0;80;10;2;0.4;0.9;0.2;5;2;0;10.2;4.4;No recurring injuries;Below Average;4.6;68;0.9;0;0;0;0;0;0;0;0;0;0;1.3;1.4
Premier League;Brentford;Michael Kayode;D (R);D (L);D (RL), WB (R);22;"5'10""";£44K - £50K p/w;£46M - £66M;Reasonable;Very Strong;6.94;0;1232;0;0;0.0;0.64;0.64;-0.64;0.0;0%;0.128;0.4;0.1;0.2;20%;0;0;0;3;0.2;1.2;0.1;89%;59.5;0.4;1.5;7.5;2.1;0.4;17;2.1;0.4;17;0.9;15;3;13.4;11.5;3.1;4.2;10.0;93;46;2;0.7;1.1;0.4;21;3;0;12.9;21.3;No recurring injuries;Below Average;3.1;56;0.4;0;0;1;0;0;0;0;0;0;0;1.6;1.5
First Division;Granada;Luca Zidane;GK;;GK;28;"6'0""";£34.5K - £39K p/w;£325K - £3.1M;Reasonable;Very Strong;6.35;0;1560;0;0;0.0;0;0;0;0.0;0%;0;0.0;0.0;0.0;0%;0;0;0;0;0.0;0;0.0;76%;24.6;0.0;0.0;0.2;0.0;0.0;0;0.0;0.0;0;0.0;8;0;8.1;4.4;0.0;0.0;0.0;0;1;0;0.0;3.5;0.0;0;0;0;4.8;0.0;No recurring injuries;Average;0.0;0;0.0;2;4.01;1;73;18;42;24;30;1;0;1.0;1.7
First Division;Real San Sebastián;Igor Zubeldia;D (C);DM;D (C), DM;29;"5'11""";£30.5K - £50K p/w;£38M - £62M;Fairly Strong;Very Strong;6.86;2;1764;0;0;0.0;1.03;1.03;-1.03;0.1;0%;0.147142857142857;0.4;0.1;0.1;29%;1;0;0;1;0.1;1.36;0.1;93%;54.4;0.0;0.2;2.3;0.1;0.0;0;0.1;0.0;0;0.1;4;0;2.8;17.1;0.7;2.8;3.4;58;24;7;0.5;1.0;0.5;19;5;1;9.9;5.3;No recurring injuries;Below Average;3.4;60;0.4;0;0;0;0;0;0;0;0;0;0;1.4;1.0
Ligue 2 BKT;EA Guingamp;Florin Niţă;GK;;GK;39;"6'1""";£2.8K - £4K p/w;£14K - £45K;Weak;Very Strong;6.97;3;1350;0;0;0.0;0;0;0;0.0;0%;0;0.0;0.0;0.0;0%;0;0;0;0;0.0;0;0.0;80%;25.2;0.0;0.0;0.0;0.0;0.0;0;0.0;0.0;0;0.0;2;0;7.9;4.1;0.0;0.0;0.0;0;1;0;0.0;2.9;0.0;0;0;0;5.7;0.0;No recurring injuries;Low;0.0;0;0.0;6;-0.07;0;75;13;24;6;14;1;0;1.1;0.9
Eredivisie;AZ;Mateo Chávez;D (L);WB (L);D/WB (L);22;"5'10""";£9K - £15.5K p/w;£45M - £73M;Very Strong;Reasonable;6.99;0;1753;0;0;0.0;0.94;0.94;-0.94;0.0;0%;0.104444444444444;0.5;0.1;0.2;11%;0;0;0;1;0.1;2.09;0.1;92%;62.3;0.0;0.9;8.5;1.0;0.1;5;1.0;0.1;5;0.8;16;1;10.2;14.5;2.2;4.2;8.1;81;52;2;0.5;0.8;0.6;24;4;0;12.3;18.1;No recurring injuries;Below Average;2.0;55;0.1;0;0;0;0;0;0;0;0;0;0;1.4;0.6
Second Division;Huesca;Jaime Seoane;M (C);AM (C);DM, M/AM (C);29;"5'9""";£18.25K - £26.5K p/w;£8.8M - £14.5M;Fairly Strong;Very Strong;6.98;2;1552;0;0;0.0;0.86;0.86;-0.86;0.0;0%;0.0716666666666667;0.7;0.1;0.4;8%;2;0;0;2;0.1;2.14;0.1;92%;57.8;0.1;0.9;6.6;0.2;0.1;25;0.2;0.1;25;0.2;19;0;4.7;16.8;1.2;2.0;4.9;69;29;1;0.5;1.0;0.1;7;1;0;11.4;11.4;No recurring injuries;Below Average;1.9;22;0.2;0;0;0;0;0;0;0;0;0;0;0.8;1.0
First Division;Real Hispalis;Júnior Firpo;D (L);;D/WB (L);30;"6'0""";£27.5K - £42.5K p/w;£10M - £16.5M;Very Strong;Reasonable;6.87;0;1387;0;0;0.0;0;0;0;0.0;0%;0;0.0;0.0;0.0;0%;0;0;0;1;0.1;2.53;0.2;90%;60.0;0.3;1.2;8.4;1.4;0.3;18;1.4;0.3;18;0.6;15;2;14.1;14.4;2.0;3.5;8.3;84;37;0;0.3;1.2;0.2;17;1;0;11.3;16.1;No recurring injuries;High;3.4;58;0.5;0;0;0;0;0;0;0;0;0;0;1.6;0.8
First Division;Villarreal;Santi Comesaña;M (C);;DM, M (C);30;"6'0""";£47.5K - £77K p/w;£29M - £47M;Fairly Strong;Very Strong;6.97;1;1398;0;0;0.0;0.4;0.4;-0.4;0.0;0%;0.08;0.3;0.1;0.1;40%;0;0;0;1;0.1;1.14;0.1;93%;63.9;0.1;0.6;7.0;0.1;0.0;0;0.1;0.0;0;0.1;5;0;6.3;12.8;1.0;2.4;6.8;83;18;1;0.5;0.9;0.1;12;3;0;11.8;13.1;No recurring injuries;Average;3.0;59;0.6;0;0;0;0;0;0;0;0;0;0;1.4;1.6
Ligue 1 McDonald's;Saint-Étienne;Óscar;AM (C);M (C);M/AM (C);28;"5'9""";£31K - £34.5K p/w;£4.2M;Reasonable;Very Strong;6.69;0;1197;0;0;0.0;1.65;1.65;-1.65;0.1;0%;0.0717391304347826;1.7;0.8;0.8;48%;1;0;0;3;0.2;2.11;0.2;85%;40.5;0.5;2.0;2.7;8.8;0.8;8;0.9;0.0;0;1.3;10;3;19.8;8.3;0.7;1.7;4.7;100;9;0;0.2;0.4;0.1;6;0;0;11.2;9.6;No recurring injuries;High;2.9;16;0.0;0;0;0;0;0;0;0;0;0;0;0.6;1.2
First Division;Girona;Fran Beltrán;DM;;DM, M (C);27;"5'5""";£34K - £39K p/w;£24M - £30M;Reasonable;Very Strong;6.91;2;1261;0;0;0.0;0.97;0.97;-0.97;0.1;0%;0.107777777777778;0.6;0.2;0.4;33%;0;0;0;1;0.1;0.99;0.1;93%;64.6;0.0;0.9;6.3;0.2;0.1;66;0.1;0.0;0;0.1;10;0;5.8;12.9;1.1;2.5;6.8;84;19;3;0.6;1.1;0.0;3;0;0;11.1;12.6;No recurring injuries;Below Average;1.0;43;0.0;0;0;0;0;0;0;0;0;0;0;1.6;1.2
Second Division;Almería;Iddrisu Baba;DM;M (C);DM, M (C);30;"6'0""";£8.5K - £14.25K p/w;£40K - £425K;Reasonable;Very Strong;7.00;0;1739;0;0;0.0;0.77;0.77;-0.77;0.0;0%;0.11;0.4;0.1;0.2;14%;0;0;0;1;0.1;1.47;0.1;90%;52.6;0.1;0.5;3.9;0.2;0.0;0;0.2;0.0;0;0.1;9;3;6.7;16.6;1.6;2.3;5.8;88;34;0;0.4;0.5;0.3;24;2;0;12.0;12.3;No recurring injuries;Average;2.9;58;0.7;0;0;0;0;0;0;0;0;0;0;1.3;0.9
Ligue 2 BKT;Angers SCO;Marko Dmitrović;GK;;GK;34;"6'2""";£9.75K - £14.25K p/w;£550K - £5.6M;Very Strong;Fairly Strong;6.87;1;1530;0;0;0.0;0;0;0;0.0;0%;0;0.0;0.0;0.0;0%;0;0;0;0;0.0;0;0.0;76%;23.2;0.0;0.0;0.0;0.0;0.0;0;0.0;0.0;0;0.0;8;0;5.6;6.3;0.0;0.0;0.0;0;1;0;0.0;2.1;0.0;2;2;0;6.0;0.0;No recurring injuries;Below Average;0.0;0;0.0;6;-0.29;0;73;9;24;5;14;1;0;1.5;0.8
Premier League;Sporting CP;Rui Silva;GK;;GK;32;"6'3""";£14.75K - £25.5K p/w;Not for Sale;Very Strong;Reasonable;7.03;1;1468;0;0;0.0;0;0;0;0.0;0%;0;0.0;0.0;0.0;0%;0;0;0;0;0.0;0;0.0;88%;24.2;0.0;0.0;0.0;0.0;0.0;0;0.0;0.0;0;0.0;3;0;5.9;3.2;0.0;0.1;0.0;0;1;0;0.0;1.8;0.0;0;0;0;6.1;0.0;No recurring injuries;Above Average;0.0;0;0.0;8;8.74;0;79;13;22;8;11;1;0;2.1;0.7
First Division;Sevilla;Juanlu;WB (R);M/AM (RC);D/WB (R), M/AM (RC);23;"6'1""";£21K - £31.5K p/w;£33M - £53M;Reasonable;Very Strong;6.84;0;1020;0;0;0.0;0.31;0.31;-0.31;0.0;0%;0.103333333333333;0.3;0.0;0.3;0%;1;0;0;1;0.1;1.52;0.1;92%;62.6;0.1;0.7;8.5;1.7;0.3;15;0.7;0.1;13;0.4;9;0;12.1;9.6;1.9;3.9;7.2;95;22;2;0.4;0.8;0.2;10;5;1;11.2;16.4;No recurring injuries;Below Average;1.9;67;0.1;0;0;0;0;0;0;0;0;0;0;1.0;1.4
First Division;Sevilla;Antonio Sivera;GK;;GK;30;"6'1""";£18.25K - £31.5K p/w;£13M - £16M;Weak;Very Strong;6.70;0;1560;0;0;0.0;0;0;0;0.0;0%;0;0.0;0.0;0.0;0%;0;0;0;0;0.0;0;0.0;79%;22.2;0.0;0.0;0.0;0.0;0.0;0;0.0;0.0;0;0.0;7;0;6.8;3.2;0.1;0.0;0.0;33;3;0;0.0;1.6;0.0;1;1;0;5.5;0.0;No recurring injuries;Above Average;0.0;0;0.0;4;1.54;0;79;23;43;12;21;3;33;1.2;1.2
Premier League;Man Utd;Senne Lammens;GK;;GK;24;"6'4""";£60K p/w;£20M - £25M;Reasonable;Very Strong;6.96;1;1710;0;0;0.0;0;0;0;0.0;0%;0;0.0;0.0;0.0;0%;0;0;0;0;0.0;0;0.0;92%;27.3;0.0;0.0;0.8;0.0;0.0;0;0.0;0.0;0;0.0;0;0;3.1;9.5;0.0;0.3;0.0;0;1;0;0.0;1.5;0.0;0;0;0;5.8;0.0;No recurring injuries;Average;0.0;0;0.0;2;-15.09;1;71;39;56;13;47;1;0;2.8;2.5
Bundesliga;RB Leipzig;Maarten Vandevoordt;GK;;GK;24;"6'4""";£35K - £56K p/w;£5.2M - £7M;Weak;Very Strong;6.94;2;1890;0;0;0.0;0;0;0;0.0;0%;0;0.0;0.0;0.0;0%;0;0;0;0;0.0;0;0.0;92%;24.2;0.0;0.0;0.0;0.0;0.0;0;0.0;0.0;0;0.0;6;0;7.6;5.0;0.0;0.0;0.0;0;1;0;0.0;1.7;0.0;0;0;0;5.7;0.0;No recurring injuries;Below Average;0.0;0;0.0;11;1.41;0;77;14;37;7;18;1;0;1.8;0.9
Ligue 1 McDonald's;RC Lens;Mamadou Sangaré;DM;AM (C);DM, M/AM (C);24;"5'10""";£21K - £24.5K p/w;£21M - £30M;Very Strong;Reasonable;6.81;0;1766;0;0;0.0;2.4;2.4;-2.4;0.1;0%;0.0923076923076923;1.3;0.3;0.7;19%;1;0;0;2;0.1;1.36;0.1;92%;59.5;0.2;0.4;3.5;2.1;0.4;17;0.1;0.1;50;0.4;6;1;6.5;10.7;1.2;2.5;8.3;66;35;1;0.5;1.0;0.3;14;2;0;11.8;13.7;No recurring injuries;Below Average;1.9;49;0.1;0;0;0;0;0;0;0;0;0;0;1.0;0.8
First Division;A. Madrid;Dávid Hancko;D (C);;D (LC);28;"6'2""";£36.5K - £62K p/w;£41M - £51M;Very Strong;Weak;6.86;1;1137;0;0;0.0;1.1;1.1;-1.1;0.1;0%;0.157142857142857;0.6;0.2;0.0;29%;0;0;0;0;0.0;0.4;0.0;94%;66.0;0.0;0.3;4.1;0.5;0.1;16;0.4;0.1;20;0.1;1;0;4.2;10.7;0.6;2.3;2.2;100;7;4;0.4;0.9;0.2;1;0;0;10.1;9.3;No recurring injuries;Above Average;3.5;68;0.3;0;0;0;0;0;0;0;0;0;0;1.7;1.0
Sky Bet Championship;Leeds;Sergi Darder;M (C);;DM, M (C);32;"5'11""";£55K - £82K p/w;£12.5M - £20M;Fairly Strong;Very Strong;7.09;0;1726;0;0;0.0;1.59;1.59;-1.59;0.1;0%;0.0935294117647059;0.9;0.3;0.4;35%;1;0;0;9;0.5;8.5;0.4;95%;62.3;0.5;1.3;7.7;2.2;0.7;30;0.1;0.1;100;0.1;13;1;5.3;15.7;1.1;1.9;5.5;81;27;1;0.4;0.5;0.2;12;4;0;11.0;10.5;No recurring injuries;Below Average;1.8;34;0.2;0;0;0;0;0;0;0;0;0;0;1.5;0.9
First Division;Vallecano;Unai López;DM, M (C);;DM, M (C);31;"5'7""";£11.75K - £19.75K p/w;Not for Sale;Fairly Strong;Very Strong;6.92;1;1248;0;0;0.0;1.04;1.04;-1.04;0.1;0%;0.0945454545454545;0.8;0.1;0.3;18%;0;0;0;4;0.3;4.28;0.3;93%;58.8;0.2;0.5;7.6;7.6;1.5;20;0.0;0.0;0;0.4;8;0;6.2;11.2;1.4;2.2;5.1;73;26;2;0.7;0.6;0.1;7;0;0;10.9;11.2;No recurring injuries;Below Average;1.2;41;0.0;0;0;0;0;0;0;0;0;0;0;1.6;1.0
Second Division;Mallorca;Antonio Raíllo;D (C);;D (C);35;"6'1""";£23K - £35K p/w;£1.4M - £3.1M;Weak;Very Strong;6.86;0;1461;0;0;0.0;0.15;0.15;-0.15;0.0;0%;0.075;0.1;0.0;0.0;0%;0;0;0;0;0.0;1.58;0.1;94%;53.1;0.2;0.1;2.8;0.1;0.0;0;0.1;0.0;0;0.0;3;1;2.4;18.5;0.6;1.8;3.9;56;16;3;0.6;1.4;0.5;10;3;3;10.0;4.3;No recurring injuries;Below Average;4.6;75;0.9;0;0;0;0;0;0;0;0;0;0;1.6;0.9
Ligue 1 McDonald's;OL;Dominik Greif;GK;;GK;29;"6'6""";£25.5K - £44.5K p/w;£10M - £12.5M;Weak;Very Strong;6.86;1;1260;0;0;0.0;0;0;0;0.0;0%;0;0.0;0.0;0.0;0%;0;0;0;0;0.0;0;0.0;90%;24.0;0.0;0.0;0.0;0.0;0.0;0;0.0;0.0;0;0.0;2;0;6.2;4.6;0.0;0.0;0.0;0;2;0;0.0;1.6;0.0;0;0;0;7.2;0.0;No recurring injuries;High;0.0;0;0.0;5;-1.43;0;65;7;14;6;14;2;0;1.3;1.0
Premier League;Bournemouth;Đorđe Petrović;GK;;GK;27;"6'4""";£53K - £76K p/w;£20M - £33M;Weak;Very Strong;6.79;0;1530;0;0;0.0;0;0;0;0.0;0%;0;0.0;0.0;0.0;0%;0;0;0;0;0.0;0.13;0.0;68%;23.7;0.0;0.0;1.6;0.0;0.0;0;0.0;0.0;0;0.0;1;0;12.5;10.1;0.1;0.4;0.0;33;6;0;0.0;7.2;0.0;0;0;0;6.6;0.1;No recurring injuries;Below Average;0.0;0;0.0;2;-5.93;4;76;50;50;10;39;6;33;1.6;2.3
First Division;Getafe;Diego Rico;D/WB (L);D (C);D (LC), WB (L);33;"5'11""";£20.5K - £34.5K p/w;Not for Sale;Very Strong;Reasonable;6.84;0;1260;0;0;0.0;0;0;0;0.0;0%;0;0.1;0.0;0.1;0%;0;0;0;1;0.1;1.73;0.1;88%;47.4;0.1;1.3;4.4;10.6;1.6;15;7.5;1.1;15;2.1;12;2;23.9;8.6;2.6;3.3;10.3;74;50;3;0.7;1.1;0.1;26;0;0;12.1;26.4;No recurring injuries;Below Average;2.9;61;0.1;0;0;0;0;0;0;0;0;0;0;1.0;1.6
First Division;Girona;Rubén Blanco;GK;;GK;31;"6'2""";£16.25K - £23.5K p/w;£1M;Fairly Strong;Very Strong;6.68;0;1260;0;0;0.0;0;0;0;0.0;0%;0;0.0;0.0;0.0;0%;0;0;0;0;0.0;0;0.0;82%;24.4;0.0;0.0;0.0;0.0;0.0;0;0.0;0.0;0;0.0;1;0;9.5;3.9;0.0;0.1;0.0;0;0;0;0.0;2.5;0.0;0;0;0;5.7;0.0;No recurring injuries;High;0.0;0;0.0;5;-1.86;0;74;14;23;12;17;0;0;1.9;1.2
First Division;Atlético Pamplona;Lucas Torró;DM;;DM, M (C);32;"6'3""";£31K - £46.5K p/w;£6.4M - £7.8M;Fairly Strong;Very Strong;6.88;0;1330;0;0;0.0;1.41;1.41;-1.41;0.1;0%;0.128181818181818;0.7;0.2;0.2;27%;0;0;0;0;0.0;2.7;0.2;94%;57.9;0.1;0.6;5.5;0.1;0.1;100;0.1;0.1;100;0.0;6;0;5.5;12.7;0.7;3.4;6.8;56;18;2;0.7;0.7;0.3;6;1;0;11.5;11.1;No recurring injuries;Below Average;3.1;59;0.5;0;0;0;0;0;0;0;0;0;0;1.1;1.2
First Division;Atlético Pamplona;Sergio Herrera;GK;;GK;33;"6'4""";£25.5K - £41.5K p/w;Not for Sale;Reasonable;Very Strong;6.88;3;1350;0;0;0.0;0;0;0;0.0;0%;0;0.0;0.0;0.0;0%;0;0;0;0;0.0;0.03;0.0;89%;25.5;0.0;0.1;0.1;0.0;0.0;0;0.0;0.0;0;0.0;3;0;9.1;4.2;0.0;0.0;0.0;0;2;0;0.0;1.9;0.0;0;0;0;6.2;0.0;No recurring injuries;Average;0.0;0;0.0;4;0.48;0;75;13;34;9;18;2;0;1.1;1.2
First Division;Real San Sebastián;Álex Remiro;GK;;GK;31;"6'4""";£40.5K - £69K p/w;Not for Sale;Reasonable;Very Strong;6.87;2;1620;0;0;0.0;0;0;0;0.0;0%;0;0.0;0.0;0.0;0%;0;0;0;0;0.0;0;0.0;81%;25.8;0.0;0.0;0.0;0.0;0.0;0;0.0;0.0;0;0.0;4;0;4.8;5.0;0.1;0.0;0.0;50;2;0;0.0;1.6;0.0;0;0;0;6.3;0.1;No recurring injuries;Low;0.0;0;0.0;6;1.41;1;76;14;29;11;19;2;50;1.3;1.1
Second Division;Huesca;Joaquín;D (C);;D (C), DM, M (C);30;"6'3""";£8.25K - £12.75K p/w;£200K - £2M;Very Strong;Reasonable;6.91;1;1693;0;0;0.0;0.4;0.4;-0.4;0.0;0%;0.04;0.5;0.2;0.3;30%;1;0;0;0;0.0;0.8;0.0;91%;42.0;0.1;0.1;1.8;0.1;0.0;0;0.1;0.0;0;0.1;0;0;3.0;17.0;0.6;3.9;3.3;75;16;5;0.6;1.0;0.7;3;0;1;9.7;3.1;No recurring injuries;Average;5.7;69;0.9;0;0;0;0;0;0;0;0;0;0;0.9;0.9
Premier League;Famalicão;Lazar Carević;GK;;GK;27;"6'5""";£2.8K - £4.8K p/w;£45K - £7.6M;Weak;Very Strong;6.92;0;1380;0;0;0.0;0;0;0;0.0;0%;0;0.0;0.0;0.0;0%;0;0;0;0;0.0;0;0.0;88%;23.1;0.0;0.0;0.0;0.0;0.0;0;0.0;0.0;0;0.0;6;0;5.7;5.9;0.0;0.1;0.0;0;2;0;0.0;2.6;0.0;0;0;0;5.5;0.0;No recurring injuries;Above Average;0.0;0;0.0;4;1.89;1;78;17;40;12;19;2;0;1.1;1.2
Ligue 1 McDonald's;Strasbourg;Valentín Barco;M (C);M/AM (L);D/WB (L), DM, M (LC), AM (L);22;"5'8""";£35K - £39.5K p/w;£42M - £52M;Very Strong;Weak;6.95;0;1341;0;0;0.0;0.83;0.83;-0.83;0.1;0%;0.118571428571429;0.5;0.1;0.3;14%;0;0;0;6;0.4;2.46;0.2;93%;64.4;0.3;1.3;6.9;10.2;1.9;19;0.3;0.2;75;0.4;8;3;9.9;10.8;1.4;3.2;5.8;70;30;2;0.6;0.8;0.3;13;0;0;12.0;13.1;No recurring injuries;Below Average;1.3;21;0.0;0;0;0;0;0;0;0;0;0;0;1.3;1.1
Serie A;Celesti;Adam Marušić;D (R);D/WB (L);D/WB (RL);34;"6'1""";£54K - £87K p/w;Not for Sale;Fairly Strong;Very Strong;6.89;0;1690;0;0;0.0;1.32;1.32;-1.32;0.1;0%;0.132;0.5;0.0;0.2;0%;0;0;0;2;0.1;1.97;0.1;92%;59.1;0.3;1.1;8.0;1.7;0.5;31;1.7;0.5;31;0.7;11;0;16.4;10.7;1.7;3.1;7.3;89;35;5;0.5;1.0;0.7;26;3;0;10.7;14.4;No recurring injuries;Very Low;3.5;56;0.5;0;0;0;0;0;0;0;0;0;0;1.1;1.2
First Division;Atlético Pamplona;Javi Galán;D (L);;D/WB (L);32;"5'8""";£31.5K - £47K p/w;Not for Sale;Very Strong;Weak;6.87;0;1383;0;0;0.0;0.61;0.61;-0.61;0.0;0%;0.101666666666667;0.4;0.3;0.3;67%;0;0;0;1;0.1;1.76;0.1;91%;61.2;0.1;1.0;7.5;3.5;0.5;14;1.9;0.3;17;1.2;18;6;13.7;12.9;2.0;2.2;7.0;76;41;0;0.5;0.3;0.2;21;0;0;11.5;17.4;No recurring injuries;Low;2.9;36;0.0;0;0;0;0;0;0;0;0;0;0;1.1;1.2
Serie A;Bologna;Łukasz Skorupski;GK;;GK;35;"6'2""";£17.75K - £29.5K p/w;£200K - £2M;Reasonable;Very Strong;6.63;1;1440;0;0;0.0;0;0;0;0.0;0%;0;0.0;0.0;0.0;0%;0;0;0;0;0.0;0;0.0;84%;24.4;0.0;0.0;0.0;0.0;0.0;0;0.0;0.0;0;0.0;6;0;9.8;4.4;0.0;0.0;0.0;0;1;0;0.0;1.6;0.0;0;0;0;5.4;0.0;No recurring injuries;Low;0.0;0;0.0;3;-4.55;0;68;10;30;4;20;1;0;1.4;1.2
Ligue 1 McDonald's;OGC Nice;Moïse Bombito;D (C);;D (C);26;"6'3""";£29K - £33K p/w;£4.4M;Weak;Very Strong;6.82;0;1065;0;0;0.0;0.41;0.41;-0.41;0.0;0%;0.082;0.4;0.0;0.1;0%;0;0;0;0;0.0;0.66;0.1;94%;45.2;0.1;0.3;2.2;0.1;0.1;100;0.1;0.1;100;0.0;1;0;3.6;12.1;0.4;3.1;2.7;71;7;0;0.4;1.1;0.5;11;2;1;10.2;4.0;No recurring injuries;Above Average;4.7;75;1.1;0;0;0;0;0;0;0;0;0;0;1.2;1.0
First Division;Vigo;Ilaix Moriba;DM, M (C);AM (C);DM, M/AM (C);23;"6'1""";£41K - £61K p/w;£26M - £32M;Fairly Strong;Very Strong;6.73;0;1291;0;0;0.0;0.39;0.39;-0.39;0.0;0%;0.0557142857142857;0.5;0.1;0.2;14%;0;0;0;1;0.1;1.68;0.1;92%;58.5;0.1;0.6;6.1;0.1;0.0;0;0.1;0.0;0;0.3;9;0;7.8;10.5;0.6;2.2;7.4;47;17;0;0.3;0.3;0.0;17;4;1;11.7;14.4;No recurring injuries;Average;2.2;77;0.1;0;0;0;0;0;0;0;0;0;0;1.3;1.3
Eredivisie;FC Twente;Fabinho;DM;D/M (C);D (C), DM, M (C);33;"6'2""";£8.75K - £15.25K p/w;Not for Sale;Reasonable;Very Strong;6.96;0;1316;0;0;0.0;0.89;0.89;-0.89;0.1;0%;0.11125;0.5;0.1;0.1;25%;0;0;0;3;0.2;4.13;0.3;93%;58.3;0.6;1.0;7.0;0.1;0.0;0;0.1;0.0;0;0.0;8;0;3.9;17.0;1.6;3.0;5.3;82;28;2;0.7;0.8;0.3;21;1;1;11.1;11.4;No recurring injuries;Below Average;2.9;69;0.4;0;0;0;0;0;0;0;0;0;0;1.2;0.8
First Division;Valencia;César Tárrega;D (C);DM;D (C), DM;24;"6'4""";£34K - £38.5K p/w;£61M - £72M;Reasonable;Very Strong;6.91;0;1384;0;0;0.0;1.04;1.04;-1.04;0.1;0%;0.0945454545454545;0.7;0.0;0.3;0%;1;0;0;2;0.1;0.93;0.1;93%;52.2;0.1;0.2;2.4;0.0;0.0;0;0.0;0.0;0;0.1;2;0;2.9;16.8;0.3;3.1;2.5;100;5;1;0.2;0.4;1.1;4;2;0;9.7;4.2;No recurring injuries;Average;5.0;79;1.3;0;0;0;0;0;0;0;0;0;0;1.1;1.4
First Division;Oviedo;Leander Dendoncker;DM;M (C);DM, M (C);31;"6'2""";£9.75K - £16.75K p/w;£110K - £1.1M;Reasonable;Very Strong;6.72;0;1132;0;0;0.0;0.56;0.56;-0.56;0.0;0%;0.08;0.6;0.1;0.2;14%;0;0;0;1;0.1;0.15;0.0;90%;51.6;0.0;1.4;5.3;0.2;0.0;0;0.2;0.0;0;0.2;2;0;8.1;9.3;0.8;3.3;6.8;43;23;1;0.5;1.3;0.3;16;3;0;12.0;12.5;No recurring injuries;Average;3.0;79;0.5;0;0;0;0;0;0;0;0;0;0;1.0;2.1
Bundesliga;TSG Hoffenheim;Ozan Kabak;D (C);;D (C);26;"6'2""";£45K - £68K p/w;£7.6M - £12.5M;Reasonable;Very Strong;7.01;0;1238;0;0;0.0;0.33;0.33;-0.33;0.0;0%;0.055;0.4;0.1;0.1;17%;0;0;0;0;0.0;0.94;0.1;91%;44.1;0.0;0.0;2.0;0.1;0.0;0;0.1;0.0;0;0.0;4;0;2.7;18.4;0.5;2.7;2.0;88;8;1;0.6;0.7;0.8;16;6;0;9.9;3.6;No recurring injuries;High;5.5;79;1.5;0;0;0;0;0;0;0;0;0;0;1.6;0.7
Ligue 1 McDonald's;OGC Nice;Youssouf Ndayishimiye;DM;;D (C), DM;28;"6'2""";£40K - £46K p/w;£15.5M - £19.5M;Weak;Very Strong;7.09;2;1417;0;0;0.0;0.31;0.31;-0.31;0.0;0%;0.03875;0.5;0.0;0.4;0%;0;0;0;0;0.0;3.35;0.2;92%;55.5;0.2;0.7;6.4;0.0;0.0;0;0.0;0.0;0;0.1;4;0;6.5;10.4;0.9;3.5;3.9;93;15;3;0.6;0.8;0.1;5;3;0;11.7;12.1;Recurring moderate knee ligament sprain and partially torn thigh;Very High;3.9;65;0.5;0;0;1;0;0;0;0;0;0;0;1.3;1.0
Serie BKT;Hellas Verona;Christian Kabasele;D (C);;D (C);35;"6'2""";£28K - £39.5K p/w;£8K - £80K;Reasonable;Very Strong;6.59;0;1092;0;0;0.0;1.03;1.03;-1.03;0.1;0%;0.114444444444444;0.7;0.0;0.0;0%;0;0;0;1;0.1;0.02;0.0;82%;30.1;0.0;0.0;0.5;0.2;0.1;50;0.2;0.1;50;0.0;6;0;1.9;5.8;1.4;1.4;1.0;100;17;0;0.3;0.4;0.3;5;1;1;4.0;1.6;No recurring injuries;Very Low;1.8;86;0.4;0;0;0;0;0;0;0;0;0;0;0.3;0.6
First Division;Vigo;Hugo Álvarez;WB (L);M/AM (L);WB/M/AM (L);23;"5'9""";£37.5K - £42.5K p/w;£33M - £39M;Fairly Strong;Very Strong;6.96;2;1215;0;0;0.0;0.76;0.76;-0.76;0.1;0%;0.152;0.4;0.1;0.1;40%;0;0;0;1;0.1;0.93;0.1;89%;52.2;0.1;1.9;5.3;7.4;1.3;17;6.1;1.0;17;3.7;12;2;16.7;10.4;2.8;3.2;9.1;81;47;2;0.2;0.6;0.4;18;0;0;11.9;23.6;No recurring injuries;Low;3.6;57;0.4;0;0;0;0;0;0;0;0;0;0;1.3;1.3
Jupiler Pro League;RSC Anderlecht;Colin Coosemans;GK;;GK;34;"6'1""";£3.4K - £5.25K p/w;£22K - £210K;Reasonable;Very Strong;6.83;2;2067;0;0;0.0;0;0;0;0.0;0%;0;0.0;0.0;0.0;0%;0;0;0;0;0.0;0;0.0;81%;24.5;0.0;0.0;0.0;0.0;0.0;0;0.0;0.0;0;0.0;6;0;6.8;6.1;0.0;0.0;0.0;0;1;0;0.0;3.4;0.0;0;0;0;5.9;0.0;No recurring injuries;Average;0.0;0;0.0;8;6.18;1;73;16;33;11;22;1;0;1.4;1.0
Bundesliga;FC Augsburg;Cédric Zesiger;D (C);D (L);D (LC);28;"6'4""";£20K - £30.5K p/w;£3.9M - £8M;Very Strong;Weak;6.69;0;1080;0;0;0.0;0.82;0.82;-0.82;0.1;0%;0.136666666666667;0.5;0.1;0.0;17%;0;0;0;0;0.0;0.53;0.0;95%;42.8;0.1;0.1;2.4;0.0;0.0;0;0.0;0.0;0;0.0;2;1;3.2;12.2;0.7;2.4;3.0;89;9;0;0.5;0.2;0.3;11;3;0;9.7;3.6;No recurring injuries;Above Average;5.3;80;1.2;0;0;0;0;0;0;0;0;0;0;0.9;0.8
Serie A;Torino;Guillermo Maripán;D (C);;D (C);32;"6'4""";£40K - £58K p/w;Not for Sale;Reasonable;Very Strong;6.84;1;1472;0;0;0.0;0.47;0.47;-0.47;0.0;0%;0.1175;0.2;0.1;0.1;25%;0;0;0;1;0.1;0.72;0.0;90%;47.3;0.2;0.2;1.6;0.0;0.0;0;0.0;0.0;0;0.0;4;0;3.2;14.6;0.2;3.1;2.6;57;7;2;1.0;1.0;0.9;10;5;2;10.4;5.4;No recurring injuries;Very Low;5.6;69;0.9;0;0;0;0;0;0;0;0;0;0;0.9;1.0
Eredivisie;Fortuna Sittard;Edouard Michut;M (C);;DM, M (C);23;"5'10""";£4K - £6K p/w;£4.5M - £5.8M;Weak;Very Strong;6.84;0;1035;0;0;0.0;0.02;0.02;-0.02;0.0;0%;0.01;0.2;0.1;0.1;50%;1;0;0;3;0.3;1.95;0.2;91%;51.0;0.2;0.8;5.7;0.1;0.1;100;0.1;0.1;100;0.2;3;0;5.0;16.7;1.0;2.9;6.0;65;17;0;0.9;1.2;0.3;6;0;0;11.1;10.8;No recurring injuries;Low;2.0;39;0.1;0;0;0;0;0;0;0;0;0;0;1.2;1.0
Sky Bet Championship;Leeds;Lucas Perri;GK;;GK;28;"6'6""";£31K - £41.5K p/w;£14M - £17M;Weak;Very Strong;6.94;2;1570;0;0;0.0;0;0;0;0.0;0%;0;0.0;0.0;0.0;0%;0;0;0;0;0.0;0;0.0;83%;23.7;0.0;0.0;0.0;0.0;0.0;0;0.0;0.0;0;0.0;5;0;6.3;5.2;0.0;0.0;0.0;0;1;0;0.0;1.1;0.0;1;1;0;6.0;0.0;No recurring injuries;Above Average;0.0;0;0.0;11;2.15;0;73;8;16;10;12;1;0;1.5;0.7
First Division;Sevilla;Gabriel Suazo;D (L);;D/WB (L);29;"5'10""";£24.5K - £38.5K p/w;£7.8M - £12.5M;Very Strong;Reasonable;6.91;1;1309;0;0;0.0;0.45;0.45;-0.45;0.0;0%;0.1125;0.3;0.1;0.1;25%;0;0;0;0;0.0;0.79;0.1;91%;61.7;0.1;0.9;9.1;1.7;0.4;25;1.7;0.4;25;1.5;11;1;15.1;9.3;2.3;3.0;6.7;83;41;1;0.3;0.5;0.8;25;1;0;11.6;16.7;No recurring injuries;Below Average;3.0;61;0.2;0;0;0;0;0;0;0;0;0;0;1.3;1.3
Serie BKT;Hellas Verona;Juan Guillermo Cuadrado;WB/M (R);AM (R);D/WB/M/AM (R);38;"5'10""";£28.5K - £42K p/w;£12K - £120K;Reasonable;Very Strong;6.61;0;1046;0;0;0.0;1.79;1.79;-1.79;0.2;0%;0.149166666666667;1.0;0.6;0.0;58%;0;0;0;1;0.1;1.81;0.2;76%;27.9;0.2;0.2;1.3;3.3;0.1;2;1.6;0.0;0;0.9;13;0;4.1;3.4;1.9;0.7;2.8;96;23;0;0.5;0.5;0.2;23;4;0;3.5;6.4;No recurring injuries;Very Low;0.9;45;0.0;0;0;0;0;0;0;0;0;0;0;0.2;0.6
Premier League;Benfica;Amar Dedić;D/WB (R);;D/WB (R);24;"5'11""";£33K - £48K p/w;£40M - £49M;Fairly Strong;Very Strong;6.91;0;1018;0;0;0.0;0.64;0.64;-0.64;0.1;0%;0.064;0.9;0.1;0.4;10%;0;0;0;1;0.1;1.52;0.1;92%;60.5;0.4;1.4;8.6;1.4;0.3;18;1.4;0.3;19;1.3;13;1;12.0;13.3;1.7;2.9;6.5;66;29;2;0.4;1.1;0.0;20;7;1;11.5;17.2;No recurring injuries;High;2.8;63;0.2;0;0;1;0;0;0;0;0;0;0;1.9;0.9
Bundesliga;VfB Stuttgart;Bernardo;D (L);WB (L);D (LC), WB (L);31;"6'1""";£46.5K - £66K p/w;£6.4M - £8.4M;Very Strong;Weak;6.93;1;1126;0;0;0.0;0.47;0.47;-0.47;0.0;0%;0.1175;0.3;0.1;0.1;25%;0;0;0;0;0.0;1.2;0.1;90%;65.7;0.2;1.1;7.3;2.9;0.9;30;2.9;0.9;31;0.3;3;2;13.1;15.6;2.1;3.5;8.2;81;32;1;0.5;1.2;0.2;11;4;0;12.0;16.7;No recurring injuries;High;4.0;70;0.6;0;0;0;0;0;0;0;0;0;0;1.8;0.9
First Division;Vigo;Carlos Domínguez;D (C);;D (C);25;"6'2""";£29K - £48.5K p/w;£29M - £38M;Very Strong;Weak;6.82;0;1260;0;0;0.0;0.51;0.51;-0.51;0.0;0%;0.085;0.4;0.3;0.2;67%;0;0;0;0;0.0;0.4;0.0;93%;50.6;0.1;0.3;2.3;0.0;0.0;0;0.0;0.0;0;0.1;4;0;4.1;14.6;0.5;2.6;2.1;88;8;2;0.6;1.0;1.1;8;1;0;10.0;3.8;No recurring injuries;Average;4.2;53;0.5;0;0;1;0;0;0;0;0;0;0;1.4;1.1
Premier League;Wolves;Noah Sadiki;DM;;DM, M (C);21;"5'8""";£83K - £94K p/w;£80M;Reasonable;Very Strong;6.87;0;1051;0;0;0.0;0.33;0.33;-0.33;0.0;0%;0.0471428571428571;0.6;0.2;0.5;29%;0;0;0;1;0.1;0.81;0.1;92%;54.0;0.3;0.8;5.4;0.2;0.0;0;0.1;0.0;0;0.3;1;0;5.5;8.5;1.9;3.7;12.9;76;29;2;0.9;0.6;0.7;13;2;0;12.8;13.1;No recurring injuries;Below Average;1.8;33;0.0;0;0;0;0;0;0;0;0;0;0;1.3;1.7
Ligue 1 McDonald's;Strasbourg;Soumaïla Coulibaly;D (C);;D (C);23;"6'3""";£14.25K - £16.5K p/w;£16M - £19M;Very Strong;Reasonable;6.68;0;1004;0;0;0.0;0.34;0.34;-0.34;0.0;0%;0.113333333333333;0.3;0.0;0.0;0%;0;0;0;1;0.1;0.81;0.1;96%;44.1;0.1;0.2;1.6;0.2;0.0;0;0.2;0.0;0;0.0;2;0;3.8;10.3;0.4;1.7;2.3;80;5;1;0.7;1.0;0.7;9;1;0;9.6;3.7;No recurring injuries;High;4.6;76;1.0;0;0;0;0;0;0;0;0;0;0;1.3;1.3
First Division;Vallecano;Pep Chavarría;D (L);M (L);D/WB/M (L);28;"5'9""";£8.25K - £12.75K p/w;£21M - £28M;Very Strong;Weak;7.07;1;1416;0;0;0.0;0;0;0;0.0;0%;0;0.0;0.0;0.0;0%;0;0;0;2;0.1;1.09;0.1;92%;66.0;0.1;1.2;7.9;2.7;0.5;18;2.7;0.5;19;0.8;10;0;13.2;11.5;2.5;3.6;7.8;87;46;2;0.4;0.6;0.3;14;2;0;10.9;16.7;No recurring injuries;Below Average;2.1;55;0.1;0;0;0;0;0;0;0;0;0;0;1.3;1.1
Bundesliga;Borussia M'gladbach;Philipp Sander;DM;D (C);D (C), DM, M (C);28;"6'1""";£14K - £22.5K p/w;£3.9M - £8M;Reasonable;Very Strong;6.85;0;1163;0;0;0.0;1.5;1.5;-1.5;0.1;0%;0.136363636363636;0.9;0.2;0.2;18%;0;0;0;0;0.0;3.13;0.2;91%;59.1;0.2;0.4;3.9;0.1;0.0;0;0.1;0.0;0;0.1;11;0;7.0;10.1;0.9;3.3;4.9;52;21;2;0.5;0.7;0.2;11;3;0;11.6;13.3;No recurring injuries;Average;1.6;76;0.0;0;0;0;0;0;0;0;0;0;0;0.9;1.4
Second Division;Alavés;Ander Guevara;DM;;DM, M (C);29;"5'11""";£23K - £28.5K p/w;£22M;Reasonable;Very Strong;7.19;3;1473;0;0;0.0;1.21;1.21;-1.21;0.1;0%;0.11;0.7;0.1;0.2;18%;0;0;0;4;0.2;4.25;0.3;95%;57.7;0.4;0.9;7.2;0.1;0.0;0;0.1;0.0;0;0.1;9;0;4.8;16.1;1.2;2.6;7.3;76;25;2;0.6;0.9;0.2;6;0;0;11.8;13.4;No recurring injuries;Above Average;2.0;48;0.1;0;0;0;0;0;0;0;0;0;0;1.0;1.0
Serie A;Torino;Marcus Holmgren Pedersen;WB (R);D/WB (L);D/WB (RL);26;"6'0""";£33K - £38K p/w;£8.4M;Weak;Very Strong;6.97;0;1460;0;0;0.0;1.09;1.09;-1.09;0.1;0%;0.13625;0.5;0.1;0.1;13%;0;0;0;2;0.1;0.91;0.1;91%;61.2;0.2;0.6;7.6;0.9;0.1;13;0.9;0.1;13;1.4;17;0;15.6;10.3;1.3;2.7;8.4;91;23;0;0.7;1.0;0.3;24;3;0;11.6;16.4;No recurring injuries;Very Low;3.0;42;0.1;0;0;0;0;0;0;0;0;0;0;0.9;1.0
Second Division;Coruña;Álvaro Fernández;GK;;GK;28;"6'1""";£14K - £22.5K p/w;£4.4M - £5.8M;Reasonable;Very Strong;6.82;3;1710;0;0;0.0;0;0;0;0.0;0%;0;0.0;0.0;0.0;0%;0;0;0;0;0.0;0;0.0;92%;23.8;0.0;0.0;0.0;0.0;0.0;0;0.0;0.0;0;0.0;7;0;7.2;4.6;0.1;0.1;0.0;33;3;0;0.0;2.3;0.0;0;0;0;5.6;0.0;No recurring injuries;Low;0.0;0;0.0;7;0.76;0;70;10;26;6;19;3;33;1.1;1.0
Serie A;Bologna;Torbjørn Heggem;D (C);;D (C);27;"6'4""";£14.5K - £17K p/w;£450K - £4.6M;Very Strong;Fairly Strong;6.92;0;1609;0;0;0.0;0.16;0.16;-0.16;0.0;0%;0.08;0.1;0.0;0.0;0%;0;0;0;1;0.1;0.61;0.0;93%;44.9;0.0;0.1;1.9;0.1;0.0;0;0.1;0.0;0;0.1;7;0;3.3;15.2;0.3;3.4;2.6;71;7;2;0.6;1.0;1.0;7;7;0;10.2;5.2;No recurring injuries;Below Average;5.8;73;1.0;0;0;0;0;0;0;0;0;0;0;1.3;1.5
First Division;Villarreal;Carlos Romero;D (L);;D/WB (L);25;"5'9""";£41K - £65K p/w;£50M - £62M;Very Strong;Weak;6.93;0;1153;0;0;0.0;0.15;0.15;-0.15;0.0;0%;0.15;0.1;0.0;0.0;0%;0;0;0;2;0.2;0.52;0.0;91%;66.3;0.1;0.7;9.1;2.8;0.5;16;2.8;0.5;17;1.5;8;0;11.9;13.0;1.6;4.1;7.7;77;26;2;0.6;0.6;0.4;18;4;0;11.4;15.3;No recurring injuries;Below Average;2.3;57;0.1;0;0;0;0;0;0;0;0;0;0;1.5;1.3
Premier League;BRG;Víctor Gómez;D/WB (R);;D/WB/M (R);26;"5'7""";£13.75K - £23.5K p/w;£17M - £28M;Reasonable;Very Strong;6.77;0;1653;0;0;0.0;0;0;0;0.0;0%;0;0.0;0.0;0.0;0%;0;0;0;1;0.1;2.78;0.2;87%;47.0;0.2;1.6;5.2;7.2;1.3;17;7.2;1.3;17;2.0;23;4;14.0;15.1;1.5;3.2;10.7;61;44;1;0.7;0.5;0.2;17;1;1;12.0;23.7;No recurring injuries;Below Average;3.0;32;0.1;0;0;0;0;0;0;0;0;0;0;1.1;0.8
Serie A;Bologna;Juan Miranda;D (L);M (L);D/WB/M (L);26;"6'1""";£64K p/w;£21M - £23M;Very Strong;Reasonable;7.02;0;1591;0;0;0.0;0.28;0.28;-0.28;0.0;0%;0.07;0.2;0.0;0.1;0%;0;0;0;3;0.2;4.33;0.2;92%;65.3;0.2;1.0;8.3;2.0;0.3;16;1.7;0.3;20;0.8;17;3;13.2;13.0;2.1;3.0;7.1;79;48;0;0.3;0.5;0.5;39;3;0;10.4;14.9;No recurring injuries;Below Average;3.5;52;0.5;0;0;0;0;0;0;0;0;0;0;1.4;1.4
Ligue 1 McDonald's;RC Lens;Amadou Haïdara;DM;;DM, M (C);28;"5'10""";£38.5K - £44.5K p/w;£8.8M - £11M;Reasonable;Very Strong;6.84;0;1349;0;0;0.0;0.88;0.88;-0.88;0.1;0%;0.0676923076923077;0.9;0.2;0.5;23%;0;0;0;1;0.1;2.93;0.2;92%;57.1;0.5;1.2;6.5;0.7;0.4;60;0.2;0.1;67;0.1;8;0;7.5;11.4;1.0;2.7;9.1;44;34;0;0.5;0.8;0.4;14;2;0;12.2;15.2;No recurring injuries;Above Average;1.8;56;0.0;0;0;0;0;0;0;0;0;0;0;1.1;0.7
Premier League;Wolves;Jackson Tchatchoua;WB (R);D (C);D (RC), WB/M (R);25;"5'11""";£46.5K - £53K p/w;£35M - £41M;Weak;Very Strong;6.84;1;1009;0;0;0.0;0.55;0.55;-0.55;0.0;0%;0.05;1.0;0.2;0.5;18%;0;0;0;5;0.4;2.01;0.2;83%;45.5;0.4;1.4;5.4;8.7;1.4;16;7.4;1.1;14;3.0;10;2;17.5;10.2;1.6;4.1;13.7;56;32;1;1.2;0.9;1.0;16;1;0;13.8;26.1;No recurring injuries;Below Average;3.3;51;0.3;0;0;1;0;0;0;0;0;0;0;0.9;1.3
Serie BKT;Cremonese;Morten Thorsby;M (C);DM, AM (C);DM, M/AM (C);30;"6'2""";£11K - £17.75K p/w;£130K - £10.5M;Weak;Very Strong;7.18;0;1283;0;0;0.0;4.02;4.02;-4.02;0.3;0%;0.121818181818182;2.3;1.1;0.0;45%;0;0;0;3;0.2;1.29;0.1;72%;21.0;0.0;0.0;0.0;0.0;0.0;0;0.0;0.0;0;0.0;24;0;0.0;0.0;1.1;0.0;0.0;94;16;0;0.0;0.0;0.0;20;2;2;0.0;0.0;No recurring injuries;Very Low;0.0;0;0.0;0;0;0;0;0;0;0;0;0;0;0.0;0.0
First Division;Real San Sebastián;Sergio Gómez;AM (L);M (L), AM (R);D/WB/M (L), AM (RL);26;"5'7""";£52K - £59K p/w;£36M - £52M;Very Strong;Weak;6.89;1;1412;0;0;0.0;0;0;0;0.0;0%;0;0.0;0.0;0.0;0%;0;0;0;1;0.1;2.76;0.2;90%;66.0;0.1;1.1;8.7;5.2;0.9;17;1.8;0.2;11;1.0;14;2;13.3;13.8;2.7;3.4;6.5;86;50;4;0.3;0.8;0.3;15;0;0;10.4;15.4;No recurring injuries;Average;1.8;39;0.1;0;0;0;0;0;0;0;0;0;0;1.3;1.1
Serie A;Parma;Alessandro Circati;D (C);;D (C);23;"6'3""";£24.5K - £29K p/w;£12.5M - £15M;Weak;Very Strong;6.79;0;1530;0;0;0.0;0.78;0.78;-0.78;0.0;0%;0.0866666666666667;0.5;0.1;0.1;22%;0;0;0;0;0.0;0.38;0.0;93%;41.5;0.1;0.0;2.0;0.0;0.0;0;0.0;0.0;0;0.1;6;0;2.9;14.4;1.0;2.5;2.6;94;18;3;0.6;0.9;0.6;16;6;0;8.8;3.1;No recurring injuries;Very Low;4.1;62;0.5;0;0;0;0;0;0;0;0;0;0;0.8;0.9
Serie A;Parthenope;Miguel Gutiérrez;WB (L);;D/WB (L);25;"5'11""";£67K - £86K p/w;£32M - £39M;Very Strong;Reasonable;6.78;0;1586;0;0;0.0;0.02;0.02;-0.02;0.0;0%;0.02;0.1;0.0;0.0;0%;0;0;0;0;0.0;1.52;0.1;84%;54.7;0.2;1.5;6.0;7.7;1.0;12;7.0;0.9;12;2.8;21;3;14.4;12.4;1.9;2.4;9.8;73;45;1;0.9;1.1;0.2;31;3;0;11.6;23.7;No recurring injuries;Very Low;3.7;40;0.3;0;0;0;0;0;0;0;0;0;0;1.4;1.0
Sky Bet Championship;Stoke;Ryan Manning;D (L);D (C);D (LC), WB (L);30;"5'8""";£15.75K - £21K p/w;£700K - £6.8M;Very Strong;Weak;6.80;1;1798;0;0;0.0;0.05;0.05;-0.05;0.0;0%;0.05;0.1;0.0;0.1;0%;0;0;0;3;0.2;1.64;0.1;91%;56.0;0.1;0.9;7.3;3.8;0.7;18;3.2;0.6;19;0.9;24;3;16.7;10.3;1.6;3.3;6.2;74;42;1;0.8;1.2;0.7;32;8;0;11.0;16.3;No recurring injuries;Very Low;3.7;50;0.2;0;0;0;0;0;0;0;0;0;0;0.9;1.5
Serie A;Genoa;Johan Felipe Vásquez;D (L);D (L);D (LC);28;"6'0""";£18.25K - £21.5K p/w;£12.5M - £18M;Very Strong;Weak;6.86;1;1530;0;0;0.0;0.35;0.35;-0.35;0.0;0%;0.04375;0.5;0.0;0.1;0%;0;0;0;0;0.0;0.01;0.0;94%;44.0;0.0;0.4;2.1;0.0;0.0;0;0.0;0.0;0;0.1;9;0;3.2;12.2;0.6;2.6;2.7;77;13;4;0.5;0.8;1.1;16;4;1;9.5;4.8;No recurring injuries;Very Low;3.3;68;0.4;0;0;0;0;0;0;0;0;0;0;0.8;0.9
Sky Bet Championship;Leicester;Wout Faes;D (C);;D (C);28;"6'2""";£37.5K - £43.5K p/w;£12M - £14.5M;Reasonable;Very Strong;6.70;0;1973;0;0;0.0;0.78;0.78;-0.78;0.0;0%;0.078;0.5;0.0;0.1;10%;0;0;0;1;0.0;0.35;0.0;93%;45.7;0.0;0.2;2.0;0.0;0.0;0;0.0;0.0;0;0.0;6;0;3.3;15.6;0.4;3.4;2.7;57;14;0;0.5;0.8;0.7;17;4;0;10.0;3.6;No recurring injuries;Above Average;3.7;57;0.5;0;0;0;0;0;0;0;0;0;0;1.0;1.6
Serie A;Celesti;Mario Gila;D (C);;D (C);26;"6'0""";£61K - £71K p/w;£42M - £52M;Reasonable;Very Strong;6.84;0;1825;0;0;0.0;1.39;1.39;-1.39;0.1;0%;0.154444444444444;0.4;0.0;0.0;11%;0;0;0;1;0.0;0.59;0.0;94%;48.2;0.0;0.1;1.9;0.0;0.0;0;0.0;0.0;0;0.0;9;0;2.4;15.5;0.4;2.7;2.1;89;9;1;0.5;0.4;0.3;15;2;0;10.2;3.9;No recurring injuries;Very Low;4.5;73;1.0;0;0;0;0;0;0;0;0;0;0;1.2;1.1
Bundesliga;1. FSV Mainz 05;Andreas Hanche-Olsen;D (C);D (R);D (RC);29;"6'1""";£21.5K - £32K p/w;£4.5M - £9M;Weak;Very Strong;6.95;0;1150;0;0;0.0;0.05;0.05;-0.05;0.0;0%;0.0125;0.3;0.0;0.2;0%;0;0;0;1;0.1;0.6;0.0;90%;43.7;0.0;0.2;2.7;0.0;0.0;0;0.0;0.0;0;0.0;5;0;4.0;12.0;0.5;3.1;2.5;88;8;3;0.6;0.5;0.5;11;2;1;10.3;3.4;No recurring injuries;Above Average;6.2;76;1.0;0;0;0;0;0;0;0;0;0;0;0.9;1.3
Bundesliga;SV Werder Bremen;Senne Lynen;DM;;DM, M (C);27;"6'1""";£27.5K - £40K p/w;£6.6M - £10.5M;Reasonable;Very Strong;7.08;1;1287;0;0;0.0;0.18;0.18;-0.18;0.0;0%;0.03;0.4;0.1;0.2;17%;0;0;0;1;0.1;2.68;0.2;95%;58.7;0.1;0.6;4.8;0.1;0.0;0;0.1;0.0;0;0.0;4;1;5.0;14.2;1.3;2.9;6.3;73;26;1;0.6;0.6;0.1;11;3;0;11.8;12.7;No recurring injuries;Average;1.3;39;0.0;0;0;0;0;0;0;0;0;0;0;0.9;1.0
Sky Bet Championship;Wrexham;Callum Doyle;D (C);;D (LC);23;"6'3""";£13.75K - £15.75K p/w;£15.5M - £24M;Very Strong;Weak;6.83;1;2160;0;0;0.0;1.23;1.23;-1.23;0.1;0%;0.15375;0.3;0.0;0.1;13%;0;0;0;0;0.0;2.8;0.1;92%;54.2;0.2;0.2;2.7;0.0;0.0;0;0.0;0.0;0;0.0;7;0;1.9;19.0;0.8;2.3;3.2;86;22;5;0.8;1.0;1.1;13;4;0;10.0;3.7;No recurring injuries;Below Average;4.3;78;0.8;0;0;0;0;0;0;0;0;0;0;1.1;1.1
Second Division;R. Santander;Gustavo Puerta;DM;;DM, M (C);23;"5'9""";£18.75K - £21.5K p/w;£17.5M;Reasonable;Very Strong;7.00;0;1700;0;0;0.0;1.69;1.69;-1.69;0.1;0%;0.0804761904761905;1.1;0.3;0.5;29%;2;0;0;2;0.1;3.68;0.2;93%;58.5;0.2;0.7;7.1;2.1;0.3;15;0.3;0.1;17;0.1;12;0;5.1;12.2;1.5;2.2;5.0;83;35;1;0.5;0.9;0.3;15;5;0;12.0;13.6;No recurring injuries;Below Average;1.4;81;0.1;0;0;1;0;0;0;0;0;0;0;1.1;1.1
Jupiler Pro League;Antwerp;Glenn Bijl;D (R);D (L);D (RL), WB (R);31;"5'10""";£4K - £7.25K p/w;Not for Sale;Reasonable;Very Strong;6.71;0;1398;0;0;0.0;1.28;1.28;-1.28;0.1;0%;0.128;0.6;0.1;0.2;10%;0;0;0;2;0.1;0.9;0.1;91%;58.4;0.2;0.6;8.0;4.1;0.5;10;1.6;0.1;8;0.7;15;0;11.8;13.9;1.9;2.8;6.2;81;36;2;0.6;0.8;0.6;20;3;0;11.6;14.1;No recurring injuries;Below Average;3.3;49;0.0;0;0;0;0;0;0;0;0;0;0;1.0;1.8
Bundesliga;Borussia M'gladbach;Kevin Diks;D (C);D (L), WB (R);D (RLC), WB (R);30;"6'1""";£24.5K - £38.5K p/w;£375K - £3.8M;Weak;Very Strong;6.86;0;1300;0;0;0.0;1.56;1.56;-1.56;0.1;0%;0.156;0.7;0.1;0.1;10%;0;0;0;1;0.1;0.79;0.1;94%;54.0;0.2;0.1;3.1;0.1;0.1;100;0.1;0.1;100;0.0;5;0;3.6;12.7;0.6;2.5;3.0;62;13;2;0.4;0.8;0.5;12;1;0;10.1;4.4;No recurring injuries;Above Average;3.8;64;0.5;0;0;0;0;0;0;0;0;0;0;0.9;1.5
Eredivisie;PSV;Yarek Gąsiorowski;D (C);;D (LC);21;"6'4""";£18.25K - £23.5K p/w;£78M;Very Strong;Weak;6.90;1;1199;0;0;0.0;0.73;0.73;-0.73;0.1;0%;0.121666666666667;0.5;0.1;0.1;17%;0;0;0;0;0.0;1.44;0.1;91%;69.1;0.5;0.6;8.2;1.1;0.3;28;1.1;0.3;29;0.5;3;2;11.5;13.9;2.1;3.4;8.1;80;35;2;0.3;0.9;0.5;11;0;1;11.7;14.8;No recurring injuries;Average;4.4;69;0.5;0;0;0;0;0;0;0;0;0;0;1.7;0.8
Serie A;Fiorentina;Robin Gosens;WB (L);;D/WB/M (L);32;"6'0""";£37K - £63K p/w;Not for Sale;Very Strong;Weak;6.86;0;1381;0;0;0.0;0.34;0.34;-0.34;0.0;0%;0.085;0.3;0.1;0.1;25%;0;0;0;1;0.1;2.39;0.2;89%;56.5;0.3;2.0;5.5;9.3;1.6;16;9.3;1.6;17;2.5;13;1;16.2;13.2;2.0;3.6;10.3;84;37;1;0.5;1.0;0.2;23;2;0;12.2;27.1;No recurring injuries;Very Low;2.5;68;0.0;0;0;0;0;0;0;0;0;0;0;1.4;0.7
Premier League;Fulham;Kenny Tete;D (R);;D/WB (R);31;"5'11""";£70K - £93K p/w;£9M - £11M;Reasonable;Very Strong;6.79;0;1223;0;0;0.0;0.14;0.14;-0.14;0.0;0%;0.0233333333333333;0.4;0.2;0.4;50%;0;0;0;3;0.2;1.67;0.1;88%;56.3;0.2;1.3;8.9;4.9;1.3;25;4.9;1.3;25;1.3;8;1;12.2;10.4;1.8;2.9;8.5;61;41;0;0.6;1.1;0.2;13;3;0;12.9;19.9;No recurring injuries;High;4.0;69;0.2;0;0;1;0;0;0;0;0;0;0;1.1;2.0
Serie A;Cagliari;Adam Obert;D (C);D/WB (L);D (LC), WB (L);24;"6'1""";£31K - £36.5K p/w;£15M - £22M;Very Strong;Weak;7.05;0;1350;0;0;0.0;0.28;0.28;-0.28;0.0;0%;0.056;0.3;0.1;0.1;20%;0;0;0;1;0.1;0.44;0.0;86%;51.0;0.3;1.5;5.3;10.6;1.7;15;7.2;1.4;19;1.9;14;1;14.1;11.9;1.9;3.3;8.8;82;34;2;0.6;0.9;0.8;15;2;0;12.0;23.5;No recurring injuries;Very Low;2.8;67;0.1;0;0;0;0;0;0;0;0;0;0;0.5;1.1
Serie A;AS Roma;Diego Coppola;D (C);;D (C);22;"6'4""";£63K - £79K p/w;£67M - £102M;Reasonable;Very Strong;6.82;0;1247;0;0;0.0;0.54;0.54;-0.54;0.0;0%;0.054;0.7;0.2;0.4;30%;0;0;0;0;0.0;0.26;0.0;94%;51.9;0.1;0.1;2.5;0.0;0.0;0;0.0;0.0;0;0.1;5;0;2.8;15.6;0.7;3.0;2.8;83;12;0;0.6;0.5;0.4;9;1;0;10.2;4.5;No recurring injuries;Below Average;6.4;64;0.8;0;0;0;0;0;0;0;0;0;0;1.2;1.0
Sky Bet Championship;Leicester;Victor Kristiansen;D (L);D (C);D (LC), WB (L);23;"5'11""";£35.5K - £40K p/w;£13.5M;Very Strong;Reasonable;6.94;1;1620;0;0;0.0;0.88;0.88;-0.88;0.0;0%;0.11;0.4;0.1;0.1;13%;0;0;0;2;0.1;1.91;0.1;86%;55.7;0.3;1.0;7.1;6.1;0.6;10;2.7;0.2;8;1.4;16;1;14.9;11.8;2.1;3.9;6.6;86;43;2;0.8;1.4;0.9;16;1;0;11.7;16.9;No recurring injuries;Average;3.2;42;0.2;0;0;0;0;0;0;0;0;0;0;1.2;1.4
Ligue 1 McDonald's;OL;Filippo Terracciano;D (R);D/WB (L);D (RLC), WB (RL);23;"6'1""";£40K - £45K p/w;£21M - £26M;Reasonable;Very Strong;6.98;2;1422;0;0;0.0;1.61;1.61;-1.61;0.1;0%;0.134166666666667;0.8;0.2;0.3;25%;0;0;0;0;0.0;0.89;0.1;93%;61.8;0.2;0.9;8.4;0.5;0.2;37;0.5;0.2;38;0.8;9;0;12.0;12.0;1.7;3.5;6.9;69;39;2;0.3;1.1;0.4;14;0;0;11.6;15.1;No recurring injuries;Below Average;2.8;80;0.1;0;0;0;0;0;0;0;0;0;0;1.2;0.9
Serie A;Genoa;Justin Bijlow;GK;;GK;28;"6'2""";£38K - £44.5K p/w;£33M - £48M;Weak;Very Strong;6.87;1;1548;0;0;0.0;0;0;0;0.0;0%;0;0.0;0.0;0.0;0%;0;0;0;0;0.0;0;0.0;90%;25.2;0.0;0.0;0.0;0.0;0.0;0;0.0;0.0;0;0.0;7;0;7.0;3.4;0.1;0.0;0.0;100;1;0;0.0;1.2;0.0;0;0;0;5.6;0.0;No recurring injuries;Very Low;0.0;0;0.0;7;1.9;0;80;22;32;6;18;1;100;0.8;0.9
Sky Bet Championship;Sunderland;Konstantinos Mavropanos;D (C);D (R);D (RC);28;"6'4""";£41K - £46.5K p/w;£9.4M - £11.5M;Reasonable;Very Strong;6.99;1;1182;0;0;0.0;2.27;2.27;-2.27;0.2;0%;0.206363636363636;0.8;0.2;0.3;27%;0;0;0;0;0.0;0.86;0.1;95%;54.3;0.3;0.2;2.7;0.1;0.0;0;0.1;0.0;0;0.1;4;0;4.2;14.0;0.8;2.6;3.0;100;10;2;0.5;0.7;0.4;8;3;0;10.1;5.3;Recurring partially torn groin;Very High;5.6;78;0.8;0;0;0;0;0;0;0;0;0;0;0.8;0.8
Serie A;Casciavit;Matteo Gabbia;DM;DM;D (C), DM;27;"6'1""";£52K - £60K p/w;£37M - £54M;Reasonable;Very Strong;6.83;0;1646;0;0;0.0;0.96;0.96;-0.96;0.1;0%;0.096;0.5;0.1;0.2;20%;0;0;0;2;0.1;1.23;0.1;94%;52.9;0.2;0.4;2.9;0.0;0.0;0;0.0;0.0;0;0.1;3;0;3.0;12.0;0.4;2.9;2.6;64;11;1;0.4;0.7;0.7;11;1;3;10.2;5.6;No recurring injuries;Very Low;4.3;65;0.7;0;0;0;0;0;0;0;0;0;0;1.8;1.1
Bundesliga;FC Augsburg;Dimitris Giannoulis;D/WB (L);;D/WB (L);31;"6'0""";£21K - £31.5K p/w;Not for Sale;Very Strong;Weak;6.84;0;1130;0;0;0.0;0.13;0.13;-0.13;0.0;0%;0.13;0.1;0.1;0.0;100%;0;0;0;1;0.1;0.5;0.0;85%;52.7;0.2;1.4;5.7;6.5;1.2;18;6.5;1.2;18;3.6;14;0;18.2;9.0;2.2;3.5;10.8;62;45;1;0.7;1.0;0.2;15;4;0;12.2;22.9;No recurring injuries;Above Average;2.5;41;0.2;0;0;0;0;0;0;0;0;0;0;1.0;0.7
Ligue 1 McDonald's;Paris FC;Kevin Trapp;GK;;GK;36;"6'2""";£44.5K - £69K p/w;Not for Sale;Weak;Very Strong;6.87;3;1316;0;0;0.0;0;0;0;0.0;0%;0;0.0;0.0;0.0;0%;0;0;0;0;0.0;0;0.0;86%;23.7;0.0;0.0;0.2;0.0;0.0;0;0.0;0.0;0;0.0;1;0;8.8;5.1;0.1;0.0;0.0;40;5;0;0.0;2.5;0.0;0;0;0;5.2;0.0;No recurring injuries;Above Average;0.0;0;0.0;6;5.37;0;81;25;23;16;17;5;40;1.0;1.2
Bundesliga;TSG Hoffenheim;Oliver Baumann;GK;;GK;36;"6'2""";£49.5K - £81K p/w;Not for Sale;Weak;Very Strong;6.89;1;1776;0;0;0.0;0;0;0;0.0;0%;0;0.0;0.0;0.0;0%;0;0;0;0;0.0;0;0.0;87%;25.4;0.0;0.0;0.1;0.0;0.0;0;0.0;0.0;0;0.0;10;0;6.4;4.9;0.0;0.0;0.0;0;1;0;0.0;1.0;0.0;0;0;0;5.1;0.0;No recurring injuries;Average;0.0;0;0.0;8;3.57;1;71;8;30;7;18;1;0;1.5;0.9
Eredivisie;Ajax;Takehiro Tomiyasu;D (R);D (C), WB (RL);D (RLC), WB (RL);28;"6'2""";£45K - £69K p/w;£13.5M - £22M;Fairly Strong;Very Strong;6.89;2;1259;0;0;0.0;0.58;0.58;-0.58;0.0;0%;0.0828571428571429;0.5;0.1;0.3;14%;0;0;0;1;0.1;0.81;0.1;90%;62.0;0.0;0.6;8.1;1.1;0.3;25;1.1;0.3;25;0.8;11;1;11.9;14.7;2.6;3.1;7.8;77;48;1;0.6;0.8;0.5;14;2;0;11.6;15.9;No recurring injuries;High;3.5;78;0.4;0;0;0;0;0;0;0;0;0;0;1.8;0.8
Serie BKT;Palermo;Jesse Joronen;GK;;GK;33;"6'6""";£4.4K - £7.5K p/w;£120K - £1.2M;Very Strong;Weak;7.10;1;1176;0;0;0.0;0;0;0;0.0;0%;0;0.0;0.0;0.0;0%;0;0;0;0;0.0;0;0.0;61%;21.0;0.0;0.0;0.0;0.0;0.0;0;0.0;0.0;0;0.0;6;0;1.7;0.2;0.0;0.0;0.0;0;0;0;0.0;0.4;0.0;0;0;0;1.0;0.0;No recurring injuries;Very Low;0.0;0;0.0;6;-0.92;0;60;1;1;1;13;0;0;0.1;0.2
Ligue 1 McDonald's;AS Monaco;Lukás Hrádecký;GK;;GK;37;"6'4""";£38.5K - £67K p/w;Not for Sale;Weak;Very Strong;6.93;2;1710;0;0;0.0;0;0;0;0.0;0%;0;0.0;0.0;0.0;0%;0;0;0;0;0.0;0;0.0;77%;22.6;0.0;0.0;0.3;0.0;0.0;0;0.0;0.0;0;0.0;3;0;9.7;4.4;0.1;0.0;0.0;100;1;0;0.0;2.5;0.0;0;0;0;4.6;0.0;No recurring injuries;Below Average;0.0;0;0.0;8;5.56;0;72;17;30;9;21;1;100;1.4;1.1
Premier League;Wolves;Sam Johnstone;GK;;GK;33;"6'4""";£67K - £93K p/w;Not for Sale;Reasonable;Very Strong;6.95;2;1350;0;0;0.0;0;0;0;0.0;0%;0;0.0;0.0;0.0;0%;0;0;0;0;0.0;0;0.0;62%;26.6;0.0;0.0;1.5;0.0;0.0;0;0.0;0.0;0;0.0;0;0;12.6;8.0;0.1;0.5;0.0;50;2;0;0.0;4.0;0.0;0;0;0;4.2;0.0;Recurring tight hamstring;Very High;0.0;0;0.0;3;-1.84;0;78;35;33;7;25;2;50;1.0;1.7
Jupiler Pro League;Club Brugge;Taiyo Koga;D (C);;D (C);28;"6'0""";£33.5K - £50K p/w;£10.5M - £14M;Strong;Very Strong;6.80;0;1830;0;0;0.0;1.07;1.07;-1.07;0.1;0%;0.0823076923076923;0.6;0.1;0.1;23%;0;0;0;0;0.0;1.3;0.1;94%;53.9;0.1;0.1;2.2;0.0;0.0;100;0.0;0.0;100;0.0;8;0;2.2;20.1;0.5;2.8;2.3;77;13;2;0.6;0.9;0.5;8;1;0;9.5;3.7;No recurring injuries;Below Average;3.1;65;0.3;0;0;0;0;0;0;0;0;0;0;1.2;0.7
Serie BKT;Hellas Verona;Yuto Nagatomo;D (RL);WB (R), M (RL);D/WB/M (RL);40;"5'7""";£25.5K - £40.5K p/w;£7K - £70K;Very Strong;Very Strong;6.22;0;1350;0;0;0.0;0.37;0.37;-0.37;0.0;0%;0.0616666666666667;0.4;0.1;0.0;17%;0;0;0;0;0.0;0.98;0.1;73%;29.7;0.1;0.3;1.8;2.3;0.5;20;2.3;0.5;21;0.5;15;1;6.3;3.1;2.0;1.5;3.3;100;30;0;0.2;0.3;0.3;20;1;0;4.2;7.3;No recurring injuries;Very Low;0.5;100;0.0;0;0;0;0;0;0;0;0;0;0;0.3;0.5
Eredivisie;PSV;Jerdy Schouten;DM;M (C);D (C), DM, M (C);29;"6'1""";£14.25K - £22.5K p/w;£16.5M - £27M;Reasonable;Very Strong;6.86;2;1365;0;0;0.0;0.57;0.57;-0.57;0.0;0%;0.0814285714285714;0.5;0.1;0.3;14%;0;0;0;4;0.3;4.52;0.3;93%;57.9;0.4;0.8;7.1;0.3;0.1;40;0.2;0.1;33;0.1;4;0;5.0;14.5;1.3;2.7;5.8;77;26;1;0.3;0.8;0.3;18;4;1;12.1;13.0;No recurring injuries;High;2.0;47;0.1;0;0;0;0;0;0;0;0;0;0;1.5;1.1
First Division;Elche;Jordan Teze;D (R);DM;D (RC), WB (R), DM;27;"6'0""";£53K - £65K p/w;£11M;Weak;Very Strong;6.98;1;1319;0;0;0.0;1.65;1.65;-1.65;0.1;0%;0.235714285714286;0.5;0.1;0.1;29%;0;0;0;0;0.0;0.78;0.1;87%;71.2;0.3;0.9;9.2;0.2;0.0;0;0.2;0.0;0;0.5;14;1;15.3;7.1;1.6;4.4;7.0;85;27;2;0.5;1.0;0.8;14;1;0;11.3;16.0;No recurring injuries;Below Average;3.3;56;0.1;0;0;0;0;0;0;0;0;0;0;0.5;1.9
Bundesliga;1. FC Union Berlin;Josip Juranović;D (R);D/WB (L);D/WB (RL);31;"5'8""";£25.5K - £39.5K p/w;Not for Sale;Reasonable;Very Strong;6.72;0;1218;0;0;0.0;0.7;0.7;-0.7;0.1;0%;0.175;0.3;0.1;0.0;50%;0;0;0;0;0.0;1.24;0.1;85%;43.1;0.4;1.6;4.4;8.4;1.5;17;5.5;0.9;16;2.3;15;4;17.5;8.9;2.2;2.5;10.6;83;36;0;0.4;0.9;0.2;26;1;0;12.6;24.4;No recurring injuries;High;2.6;46;0.1;0;0;0;0;0;0;0;0;0;0;0.7;1.3
Serie A;Parma;Enrico Delprato;D (R);WB (R);D (RC), WB (R);27;"6'0""";£49.5K - £58K p/w;£14M;Weak;Very Strong;6.94;0;1604;0;0;0.0;1.18;1.18;-1.18;0.1;0%;0.168571428571429;0.4;0.1;0.2;29%;0;0;0;1;0.1;1.04;0.1;85%;49.0;0.2;1.7;5.4;5.6;1.5;27;5.6;1.5;27;1.4;16;3;10.9;12.3;2.3;2.6;9.0;85;48;2;0.4;0.8;1.0;28;2;0;10.1;18.9;No recurring injuries;Very Low;2.6;51;0.3;0;0;0;0;0;0;0;0;0;0;0.7;0.9
Serie A;Celesti;Luca Pellegrini;D (L);M (L);D/WB/M (L);27;"5'10""";£46.5K - £55K p/w;£9.8M - £14M;Very Strong;Reasonable;6.98;3;1055;0;0;0.0;0.42;0.42;-0.42;0.0;0%;0.105;0.3;0.1;0.2;25%;0;0;0;2;0.2;0.91;0.1;91%;65.3;0.1;1.5;7.3;0.9;0.1;9;0.9;0.1;9;0.9;18;1;12.8;11.6;2.0;4.1;7.8;92;26;3;0.9;0.9;0.3;14;4;0;11.3;16.0;No recurring injuries;Very Low;2.7;72;0.2;0;0;0;0;0;0;0;0;0;0;1.4;1.5
Serie A;Spezia;Aleš Matějů;D (R);D (C), WB (L);D (RLC), WB (RL);30;"6'1""";£18.5K - £26K p/w;£650K - £6.2M;Fairly Strong;Very Strong;6.95;0;1369;0;0;0.0;0.11;0.11;-0.11;0.0;0%;0.055;0.1;0.1;0.1;50%;0;0;0;1;0.1;2.02;0.1;83%;44.3;0.3;1.2;4.4;4.4;0.9;20;4.4;0.9;21;4.3;14;0;18.1;10.1;2.2;3.7;9.4;85;39;2;0.7;0.7;0.9;27;3;0;12.8;23.9;No recurring injuries;Very Low;3.9;53;0.3;0;0;0;0;0;0;0;0;0;0;0.7;0.9
Serie A;Juventus;Michele Di Gregorio;GK;;GK;29;"6'2""";£54K - £64K p/w;£29M - £34M;Reasonable;Very Strong;6.81;1;1890;0;0;0.0;0;0;0;0.0;0%;0;0.0;0.0;0.0;0%;0;0;0;0;0.0;0;0.0;90%;25.4;0.0;0.0;0.0;0.0;0.0;0;0.0;0.0;0;0.0;10;0;9.4;4.4;0.0;0.0;0.0;0;0;0;0.0;1.2;0.0;0;0;0;6.3;0.0;No recurring injuries;Very Low;0.0;0;0.0;9;2.47;1;68;6;24;10;18;0;0;1.5;0.9
Bundesliga;1. FC Union Berlin;Frederik Rønnow;GK;;GK;34;"6'2""";£37K - £55K p/w;Not for Sale;Weak;Very Strong;6.72;1;1350;0;0;0.0;0;0;0;0.0;0%;0;0.0;0.0;0.0;0%;0;0;0;0;0.0;0;0.0;88%;22.5;0.0;0.0;0.0;0.0;0.0;0;0.0;0.0;0;0.0;6;0;8.9;3.1;0.0;0.0;0.0;0;0;0;0.0;1.0;0.0;1;1;0;5.2;0.0;No recurring injuries;Above Average;0.0;0;0.0;4;1.04;0;73;12;25;16;19;0;0;0.7;1.3
Serie A;Spezia;Andrea Cistana;D (C);;D (C);29;"6'2""";£5K - £7.75K p/w;£160K - £1.6M;Weak;Very Strong;6.81;1;1690;0;0;0.0;0.46;0.46;-0.46;0.0;0%;0.0766666666666667;0.3;0.1;0.1;33%;0;0;0;1;0.1;0.35;0.0;92%;40.2;0.1;0.2;1.4;0.0;0.0;0;0.0;0.0;0;0.0;3;0;4.2;12.9;0.7;2.2;3.0;78;18;3;0.5;1.8;0.5;9;2;1;9.8;3.8;No recurring injuries;Very Low;5.3;60;1.2;0;0;0;0;0;0;0;0;0;0;0.7;1.0
First Division;Vigo;Ionuţ Radu;GK;;GK;29;"6'2""";£18.25K - £21K p/w;£3.9M - £8M;Reasonable;Very Strong;6.53;0;1440;0;0;0.0;0;0;0;0.0;0%;0;0.0;0.0;0.0;0%;0;0;0;0;0.0;0;0.0;85%;22.7;0.0;0.0;0.1;0.0;0.0;0;0.0;0.0;0;0.0;5;0;9.9;3.0;0.0;0.1;0.0;0;2;0;0.0;2.4;0.0;0;0;0;5.8;0.0;No recurring injuries;Above Average;0.0;0;0.0;3;2.98;0;70;13;28;7;20;2;0;1.2;1.2
Eredivisie;Ajax;Josip Šutalo;D (C);;D (C);26;"6'1""";£39K - £56K p/w;£7M - £11.5M;Reasonable;Very Strong;6.85;0;1703;0;0;0.0;0.83;0.83;-0.83;0.0;0%;0.0922222222222222;0.5;0.1;0.1;11%;0;0;0;1;0.1;0.97;0.1;96%;51.0;0.1;0.2;2.0;0.1;0.1;100;0.1;0.1;100;0.1;6;0;2.5;19.7;0.4;2.8;1.9;53;15;2;0.6;0.9;0.5;6;1;0;9.8;4.7;No recurring injuries;Average;4.4;63;0.5;0;0;0;0;0;0;0;0;0;0;1.6;1.0
Serie BKT;Pisa;Simone Scuffet;GK;;GK;30;"6'4""";£25.5K - £29.5K p/w;£275K - £2.9M;Weak;Very Strong;7.46;1;1350;0;0;0.0;0;0;0;0.0;0%;0;0.0;0.0;0.0;0%;0;0;0;0;0.0;0;0.0;66%;20.2;0.0;0.0;0.0;0.0;0.0;0;0.0;0.0;0;0.0;12;0;1.5;1.0;0.1;0.0;0.0;100;1;0;0.0;0.7;0.0;0;0;0;0.8;0.0;No recurring injuries;Very Low;0.0;0;0.0;11;1.24;0;85;2;3;1;8;1;100;0.4;0.1
Serie A;Celesti;Ivan Provedel;GK;;GK;32;"6'4""";£70K - £100K p/w;Not for Sale;Weak;Very Strong;6.88;3;1800;0;0;0.0;0;0;0;0.0;0%;0;0.0;0.0;0.0;0%;0;0;0;0;0.0;0;0.0;88%;24.4;0.0;0.0;0.2;0.0;0.0;0;0.0;0.0;0;0.0;9;0;5.5;4.8;0.1;0.1;0.0;33;3;0;0.0;2.1;0.0;0;0;0;5.0;0.0;No recurring injuries;Very Low;0.0;0;0.0;8;0.34;0;75;12;41;13;22;3;33;1.2;1.1
Serie BKT;Cremonese;Marco Silvestri;GK;;GK;35;"6'3""";£6.75K - £11.25K p/w;£100K - £1M;Weak;Very Strong;7.23;0;1350;0;0;0.0;0;0;0;0.0;0%;0;0.0;0.0;0.0;0%;0;0;0;0;0.0;0;0.0;60%;20.0;0.0;0.0;0.0;0.0;0.0;0;0.0;0.0;0;0.0;5;0;0.0;0.0;0.0;0.0;0.0;0;0;0;0.0;0.0;0.0;0;0;0;0.0;0.0;No recurring injuries;Very Low;0.0;0;0.0;2;0;0;0;0;0;0;21;0;0;0.0;0.0
Jupiler Pro League;Club Brugge;Joaquin Seys;D (L);;D/WB (RL);21;"5'10""";£5.5K - £8.5K p/w;£1M - £10M;Very Strong;Fairly Strong;6.63;0;1293;0;0;0.0;0.29;0.29;-0.29;0.0;0%;0.145;0.1;0.0;0.0;0%;0;0;0;0;0.0;1.11;0.1;87%;56.4;0.1;0.6;7.4;2.0;0.2;10;2.0;0.2;10;1.3;9;0;14.6;11.5;2.1;3.1;7.0;88;34;1;0.6;0.9;0.4;21;1;1;11.3;15.2;No recurring injuries;Average;2.4;54;0.2;0;0;0;0;0;0;0;0;0;0;1.1;0.7
Serie A;Spezia;Ádám Nagy;DM, M (C);;DM, M (C);31;"5'10""";£9K - £15.25K p/w;Not for Sale;Fairly Strong;Very Strong;6.84;0;1440;0;0;0.0;0.66;0.66;-0.66;0.0;0%;0.132;0.3;0.1;0.0;20%;0;0;0;1;0.1;1.21;0.1;90%;42.4;0.2;0.7;3.1;0.7;0.1;18;0.1;0.1;100;0.1;13;1;11.6;10.5;1.1;1.9;4.1;78;23;1;0.4;0.6;0.1;9;3;0;9.1;8.8;No recurring injuries;Very Low;1.8;48;0.1;0;0;0;0;0;0;0;0;0;0;0.6;0.9
Sky Bet Championship;Sunderland;Robin Roefs;GK;;GK;23;"6'4""";£17.25K - £19.5K p/w;£23M - £28M;Very Strong;Weak;6.83;1;1414;0;0;0.0;0;0;0;0.0;0%;0;0.0;0.0;0.0;0%;0;0;0;0;0.0;0;0.0;79%;24.6;0.0;0.0;0.0;0.0;0.0;0;0.0;0.0;0;0.0;4;0;11.1;3.8;0.0;0.0;0.0;0;0;0;0.0;1.9;0.0;3;3;1;6.4;0.0;No recurring injuries;Below Average;0.0;0;0.0;9;5.86;0;77;8;21;6;10;0;0;0.7;0.6
Eredivisie;PSV;Ryan Flamingo;DM;;D (C), DM;23;"6'2""";£20K - £31.5K p/w;£28M - £45M;Reasonable;Very Strong;6.84;0;1800;0;0;0.0;1.35;1.35;-1.35;0.1;0%;0.103846153846154;0.7;0.1;0.1;15%;0;0;0;1;0.1;0.13;0.0;90%;54.6;0.0;0.1;2.7;0.1;0.0;0;0.1;0.0;0;0.0;5;0;2.2;15.8;0.5;2.6;3.5;71;14;1;0.6;0.8;0.7;12;2;0;10.5;3.5;No recurring injuries;Low;5.2;70;0.9;0;0;0;0;0;0;0;0;0;0;1.4;0.9
Premier League;Nott'm Forest;Murillo;D (C);DM;D (C), DM;24;"6'2""";£83K - £94K p/w;£45M - £65M;Very Strong;Reasonable;6.98;0;1620;0;0;0.0;0.3;0.3;-0.3;0.0;0%;0.05;0.3;0.1;0.2;33%;0;0;0;3;0.2;1.75;0.1;95%;63.6;0.2;0.2;4.8;0.0;0.0;0;0.0;0.0;0;0.1;1;0;3.8;9.2;0.6;3.2;2.0;67;15;2;0.7;1.0;0.6;5;0;0;11.0;6.1;No recurring injuries;Average;3.3;68;0.6;0;0;0;0;0;0;0;0;0;0;1.4;1.1
First Division;Vigo;Javi Rodríguez;D (R);;D (RC);23;"5'10""";£44K - £49.5K p/w;£39M - £46M;Weak;Very Strong;6.69;0;1364;0;0;0.0;1.35;1.35;-1.35;0.1;0%;0.122727272727273;0.7;0.0;0.3;0%;2;0;0;0;0.0;0.37;0.0;91%;55.7;0.0;0.1;2.4;0.0;0.0;0;0.0;0.0;0;0.0;10;0;3.0;15.0;0.2;3.3;2.7;75;4;0;0.7;0.7;0.3;3;1;1;10.0;5.3;No recurring injuries;Low;4.9;60;0.7;0;0;0;0;0;0;0;0;0;0;1.2;1.2
Serie A;Cagliari;Elia Caprile;GK;;GK;25;"6'3""";£20.5K - £24K p/w;£12.5M - £15M;Weak;Very Strong;6.64;2;1620;0;0;0.0;0;0;0;0.0;0%;0;0.0;0.0;0.0;0%;0;0;0;0;0.0;0;0.0;82%;22.9;0.0;0.0;0.0;0.0;0.0;0;0.0;0.0;0;0.0;8;0;8.8;3.3;0.1;0.0;0.0;20;5;0;0.0;1.3;0.0;0;0;0;5.9;0.0;No recurring injuries;Very Low;0.0;0;0.0;3;3.78;1;73;18;37;9;24;5;20;0.4;1.3
Eredivisie;FC Utrecht;Souffian El Karouani;D (L);M (L);D/WB/M (L);26;"5'10""";£6.75K - £10.25K p/w;£10.5M - £17.5M;Very Strong;Reasonable;6.96;0;1131;0;0;0.0;1.31;1.31;-1.31;0.1;0%;0.187142857142857;0.6;0.1;0.2;14%;0;0;0;1;0.1;2.95;0.2;90%;61.6;0.2;0.6;8.0;5.3;0.5;8;0.8;0.1;10;0.5;9;0;12.4;13.9;1.5;4.0;8.3;63;30;1;0.7;0.9;0.9;21;5;1;12.1;18.8;No recurring injuries;Below Average;2.2;46;0.2;0;0;0;0;0;0;0;0;0;0;1.1;1.0
Bundesliga;VfB Stuttgart;Ramon Hendriks;D (C);;D (LC);25;"6'2""";£38K - £55K p/w;£10.5M - £13M;Very Strong;Weak;6.90;0;1464;0;0;0.0;0.74;0.74;-0.74;0.0;0%;0.123333333333333;0.4;0.1;0.1;17%;1;0;0;1;0.1;1.44;0.1;90%;58.6;0.3;0.4;4.5;0.7;0.1;8;0.7;0.1;8;0.1;6;1;6.1;14.3;1.0;3.6;4.1;64;25;4;0.4;1.2;0.2;12;3;0;10.5;9.3;No recurring injuries;Average;3.6;72;0.5;0;0;0;0;0;0;0;0;0;0;2.2;1.2
First Division;A. Madrid;Matteo Ruggeri;D (L);M (L);D/WB/M (L);24;"6'2""";£50K - £57K p/w;£52M - £75M;Very Strong;Weak;6.92;0;1608;0;0;0.0;0.45;0.45;-0.45;0.0;0%;0.0642857142857143;0.4;0.2;0.0;57%;0;0;0;2;0.1;2.33;0.1;91%;62.1;0.4;1.4;7.2;4.7;0.8;16;3.1;0.4;13;2.0;18;2;14.7;10.6;1.3;3.1;11.0;60;40;2;0.6;1.0;0.6;23;1;0;12.8;21.5;No recurring injuries;Below Average;3.2;36;0.3;0;0;0;0;0;0;0;0;0;0;1.7;0.8
Premier League;Fulham;Ao Tanaka;DM, M (C);;DM, M (C);28;"5'11""";£63K - £86K p/w;£29M - £36M;Weak;Very Strong;6.86;0;1048;0;0;0.0;0.25;0.25;-0.25;0.0;0%;0.0416666666666667;0.5;0.3;0.4;67%;0;0;0;2;0.2;1.37;0.1;91%;74.9;0.2;1.4;8.1;1.4;0.3;18;0.2;0.0;0;0.2;2;0;8.2;10.6;2.1;4.1;9.5;77;31;4;0.5;0.9;0.5;4;0;0;13.4;17.9;No recurring injuries;Average;1.9;32;0.0;0;0;1;0;0;0;0;0;0;0;1.2;1.7
First Division;Atlético Pamplona;Flavien-Enzo Boyomo;D (R);D (R);D (RC);25;"6'0""";£35.5K - £47.5K p/w;£22M;Fairly Strong;Very Strong;6.96;0;1531;0;0;0.0;1.17;1.17;-1.17;0.1;0%;0.117;0.6;0.3;0.1;50%;0;0;0;0;0.0;1.69;0.1;93%;59.3;0.2;0.6;7.4;0.6;0.1;10;0.6;0.1;10;0.5;8;0;7.2;16.8;0.8;3.5;7.3;52;25;1;0.6;0.4;0.8;18;0;0;10.9;13.3;No recurring injuries;Low;3.9;76;0.3;0;0;0;0;0;0;0;0;0;0;1.4;1.1
Serie A;Fiorentina;Luca Ranieri;D (C);D/WB (L);D (LC), WB (L);27;"6'2""";£53K - £61K p/w;£12M - £18.5M;Very Strong;Weak;6.83;0;2018;0;0;0.0;0;0;0;0.0;0%;0;0.0;0.0;0.0;0%;0;0;0;0;0.0;0.8;0.0;92%;54.0;0.1;0.3;2.4;0.8;0.1;16;0.8;0.1;17;0.1;1;0;4.8;13.2;0.4;2.7;3.2;64;14;3;0.7;1.1;0.6;21;8;1;10.2;5.9;No recurring injuries;Very Low;5.4;76;0.9;0;0;0;0;0;0;0;0;0;0;1.5;0.7
Bundesliga;RB Leipzig;Eljif Elmas;M (L);DM, M (L), AM (RL), ST (C);DM, M (LC), AM (RLC), ST (C);27;"6'0""";£74K - £84K p/w;£10.5M;Fairly Strong;Very Strong;6.56;0;1083;0;0;0.0;1.4;1.4;-1.4;0.1;0%;0.0875;1.3;0.5;0.7;38%;0;0;0;0;0.0;0.7;0.1;89%;26.0;0.1;0.6;1.7;1.0;0.2;25;1.0;0.2;25;0.4;7;1;12.6;8.0;0.5;0.9;2.7;75;8;0;0.2;0.1;0.1;7;3;0;4.3;4.8;Recurring back muscle strain;Very High;0.9;9;0.0;0;0;0;0;0;0;0;0;0;0;1.6;1.2
First Division;Valencia;Stole Dimitrievski;GK;;GK;32;"6'2""";£28K - £45.5K p/w;Not for Sale;Reasonable;Very Strong;6.72;4;1530;0;0;0.0;0;0;0;0.0;0%;0;0.0;0.0;0.0;0%;0;0;0;0;0.0;0;0.0;77%;23.4;0.0;0.0;0.0;0.0;0.0;0;0.0;0.0;0;0.0;3;0;6.9;4.0;0.0;0.0;0.0;0;3;0;0.0;3.2;0.0;3;3;0;6.1;0.0;No recurring injuries;High;0.0;0;0.0;6;-0.15;0;74;9;44;9;21;3;0;1.0;1.2
Premier League;Nott'm Forest;Hiroki Ito;D (C);WB (L);D (LC), WB (L);27;"6'2""";£77K - £105K p/w;£20M - £32M;Very Strong;Reasonable;6.89;0;1519;0;0;0.0;0.25;0.25;-0.25;0.0;0%;0.05;0.3;0.2;0.2;80%;0;0;0;2;0.1;1.62;0.1;91%;71.8;0.3;0.7;8.7;4.1;0.6;14;0.8;0.2;21;0.6;4;2;11.1;10.7;1.8;3.7;5.2;77;39;3;0.5;1.6;0.4;9;1;0;12.4;15.9;No recurring injuries;Above Average;3.7;71;0.4;0;0;0;0;0;0;0;0;0;0;1.5;1.0
Premier League;Ipswich;Dan Burn;D (C);D (L);D (LC);34;"6'7""";£110K - £145K p/w;£4.6M - £7.6M;Very Strong;Weak;6.75;0;1530;0;0;0.0;0.65;0.65;-0.65;0.0;0%;0.13;0.3;0.2;0.0;60%;0;0;0;0;0.0;0.43;0.0;92%;43.1;0.1;0.1;3.2;0.0;0.0;0;0.0;0.0;0;0.1;1;0;5.0;8.5;0.5;2.7;2.9;73;11;4;1.4;2.5;1.1;2;0;0;10.3;6.7;Recurring sprained knee ligaments;Very High;4.1;76;2.2;0;0;2;0;0;0;0;0;0;0;0.8;1.8
Premier League;Ipswich;George Hirst;ST (C);;ST (C);27;"6'3""";£60K - £80K p/w;£6M - £9.6M;Reasonable;Very Strong;6.43;0;1315;0;0;0.0;2.37;2.37;-2.37;0.2;0%;0.09875;1.6;0.3;0.8;21%;0;0;0;0;0.0;1.28;0.1;89%;26.0;0.4;1.2;1.0;0.3;0.0;0;0.3;0.0;0;0.5;11;3;4.9;2.6;0.3;1.3;3.0;100;5;1;0.1;0.2;0.1;8;0;0;11.4;8.3;No recurring injuries;Above Average;7.1;43;0.0;0;0;0;0;0;0;0;0;0;0;0.8;1.8
Sky Bet Championship;West Brom;Chris Mepham;D (C);;D (C);29;"6'3""";£23.5K - £35K p/w;£6M - £9.8M;Reasonable;Very Strong;6.80;0;1814;0;0;0.0;0.26;0.26;-0.26;0.0;0%;0.065;0.2;0.0;0.0;0%;0;0;0;0;0.0;0.43;0.0;89%;40.9;0.1;0.0;2.2;0.1;0.0;0;0.1;0.0;0;0.0;3;0;2.0;18.5;0.8;2.4;3.3;89;19;1;0.7;1.0;1.0;6;0;0;9.7;4.0;No recurring injuries;Low;4.9;81;1.1;0;0;0;0;0;0;0;0;0;0;1.2;0.9
Bundesliga;VfL Wolfsburg;Ryuya Nishio;D (C);D (R), DM;D (RC), DM;25;"5'11""";£17.5K - £27K p/w;£4.3M - £8.6M;Fairly Strong;Very Strong;6.89;0;1060;0;0;0.0;0.2;0.2;-0.2;0.0;0%;0.1;0.2;0.0;0.0;0%;0;0;0;2;0.2;1.29;0.1;88%;46.6;0.2;0.3;3.3;0.3;0.0;0;0.3;0.0;0;0.3;6;0;6.3;13.7;1.1;2.5;4.1;81;16;3;0.8;0.6;0.4;5;1;0;11.1;8.5;No recurring injuries;Above Average;3.4;75;0.3;0;0;0;0;0;0;0;0;0;0;0.8;1.9
Eredivisie;Feyenoord;Tsuyoshi Watanabe;D (C);;D (C);29;"6'1""";£9K - £13.5K p/w;£7.8M - £10.5M;Reasonable;Very Strong;6.73;1;1710;0;0;0.0;0.76;0.76;-0.76;0.0;0%;0.0844444444444444;0.5;0.1;0.0;11%;0;0;0;0;0.0;1.09;0.1;90%;47.6;0.1;0.1;1.8;0.0;0.0;0;0.0;0.0;0;0.1;3;0;3.8;16.6;0.5;2.4;2.6;64;14;1;0.7;1.1;0.7;11;3;0;10.5;3.5;No recurring injuries;Below Average;4.4;63;1.0;0;0;0;0;0;0;0;0;0;0;1.2;0.9
Premier League;Brentford;Rico Henry;D (L);;D/WB (L);29;"5'7""";£64K - £72K p/w;£29M - £34M;Very Strong;Weak;6.81;0;1149;0;0;0.0;0.24;0.24;-0.24;0.0;0%;0.06;0.3;0.0;0.2;0%;0;0;0;4;0.3;1.59;0.1;86%;49.4;0.5;1.3;8.6;3.2;0.7;21;3.2;0.7;22;1.6;3;1;11.1;9.9;2.1;2.7;7.0;64;42;1;1.1;0.8;0.7;8;0;0;12.4;18.3;No recurring injuries;Average;3.4;49;0.0;0;0;0;0;0;0;0;0;0;0;1.5;2.0
Serie A;Parma;Zion Suzuki;GK;;GK;24;"6'3""";£15K - £17.5K p/w;£12M - £17M;Weak;Very Strong;6.81;0;1403;0;0;0.0;0;0;0;0.0;0%;0;0.0;0.0;0.0;0%;0;0;0;0;0.0;0;0.0;88%;23.7;0.0;0.0;0.0;0.0;0.0;0;0.0;0.0;0;0.0;7;0;4.2;4.9;0.0;0.0;0.0;0;1;0;0.0;1.4;0.0;0;0;0;4.9;0.0;No recurring injuries;Very Low;0.0;0;0.0;6;6.82;0;79;11;24;7;16;1;0;0.7;0.7
Ligue 1 McDonald's;OL;Ainsley Maitland-Niles;WB (R);D/WB (L), DM, M (RC), AM (R);D/WB (RL), DM, M (RC), AM (R);29;"5'11""";£35K - £43K p/w;£8.6M - £13.5M;Reasonable;Very Strong;6.91;2;1115;0;0;0.0;0.49;0.49;-0.49;0.0;0%;0.06125;0.6;0.0;0.1;0%;0;0;0;1;0.1;1.26;0.1;93%;59.8;0.1;1.0;5.2;0.2;0.0;0;0.2;0.0;0;0.3;9;1;6.1;11.7;1.5;1.9;5.2;86;22;2;0.5;1.0;0.0;6;0;0;11.5;11.7;No recurring injuries;Average;0.9;45;0.0;0;0;0;0;0;0;0;0;0;0;1.3;1.0
Premier League;Bournemouth;Lewis Cook;M (C);D (R);D (R), DM, M (C);29;"5'9""";£85K - £96K p/w;£34M - £48M;Reasonable;Very Strong;6.99;1;1329;0;0;0.0;0.54;0.54;-0.54;0.0;0%;0.045;0.8;0.3;0.7;33%;0;0;0;3;0.2;2.63;0.2;89%;71.2;0.3;1.6;7.7;3.2;0.2;6;0.3;0.1;20;0.3;2;1;10.3;9.8;2.0;3.6;11.3;83;36;5;0.9;1.0;0.8;13;0;0;13.5;18.9;No recurring injuries;Very Low;1.6;42;0.2;0;0;1;0;0;0;0;0;0;0;1.6;2.0
Premier League;West Ham;Kyle Walker-Peters;D (R);;D (RL), WB (R);29;"5'9""";£46K - £67K p/w;£6M - £8M;Fairly Strong;Very Strong;6.76;0;1146;0;0;0.0;0.25;0.25;-0.25;0.0;0%;0.0416666666666667;0.5;0.1;0.4;17%;0;0;0;0;0.0;0.97;0.1;89%;65.2;0.2;0.9;7.4;1.2;0.1;6;1.2;0.1;7;0.5;3;0;10.1;12.6;2.2;4.6;9.0;62;45;0;0.2;1.3;0.2;16;2;0;12.5;16.7;No recurring injuries;Average;2.5;41;0.2;0;0;0;0;0;0;0;0;0;0;1.3;1.0
Bundesliga;1. FSV Mainz 05;Kaishu Sano;DM;;DM, M (C);25;"5'9""";£49.5K - £74K p/w;£17M - £21M;Reasonable;Very Strong;6.97;0;1124;0;0;0.0;0.19;0.19;-0.19;0.0;0%;0.0633333333333333;0.2;0.1;0.1;33%;0;0;0;0;0.0;4.29;0.3;95%;57.5;0.6;0.7;3.9;0.2;0.0;0;0.2;0.0;0;0.1;12;0;7.4;11.0;1.1;2.5;5.5;67;21;1;0.3;0.6;0.2;9;1;0;11.9;12.3;No recurring injuries;Average;2.2;48;0.2;0;0;0;0;0;0;0;0;0;0;0.8;1.4
Ligue 1 McDonald's;Toulouse FC;Charlie Cresswell;D (C);;D (C);24;"6'3""";£16.75K - £18.75K p/w;£8.4M - £10.5M;Reasonable;Very Strong;6.89;1;1338;0;0;0.0;0.53;0.53;-0.53;0.0;0%;0.06625;0.5;0.1;0.2;25%;0;0;0;1;0.1;0.74;0.0;93%;45.7;0.2;0.1;1.7;0.0;0.0;0;0.0;0.0;0;0.0;8;0;3.0;14.0;0.6;3.9;3.0;69;13;3;0.6;0.7;0.9;7;0;1;10.1;4.7;No recurring injuries;Low;5.7;77;0.8;0;0;0;0;0;0;0;0;0;0;0.9;1.1
Sky Bet Championship;Leicester;Harry Winks;DM;M (C);DM, M (C);30;"5'10""";£59K - £78K p/w;£1.5M - £3.3M;Reasonable;Very Strong;6.47;0;1175;0;0;0.0;0.97;0.97;-0.97;0.1;0%;0.0808333333333333;0.9;0.2;0.2;17%;0;0;0;2;0.2;1.8;0.1;85%;9.0;0.2;0.2;1.1;4.7;0.7;14;0.0;0.0;0;0.1;4;0;12.8;10.3;0.3;0.2;1.1;80;5;0;0.0;0.1;0.0;4;0;0;1.9;1.8;No recurring injuries;Above Average;0.5;50;0.0;0;0;0;0;0;0;0;0;0;0;0.8;1.4
Jupiler Pro League;Standard;Matthieu Epolo;GK;;GK;21;"6'2""";£5.25K - £8.5K p/w;£13.5M - £22M;Reasonable;Very Strong;6.76;2;1260;0;0;0.0;0;0;0;0.0;0%;0;0.0;0.0;0.0;0%;0;0;0;0;0.0;0;0.0;76%;23.5;0.0;0.0;0.0;0.0;0.0;0;0.0;0.0;0;0.0;4;0;8.8;3.8;0.1;0.0;0.0;100;1;0;0.0;3.6;0.0;0;0;0;5.2;0.0;No recurring injuries;Below Average;0.0;0;0.0;6;3.43;0;77;6;19;9;11;1;100;0.9;0.8
Eredivisie;AZ;Jeroen Zoet;GK;;GK;35;"6'2""";£6.75K - £10.25K p/w;£120K - £1.2M;Weak;Very Strong;6.94;2;2130;0;0;0.0;0;0;0;0.0;0%;0;0.0;0.0;0.0;0%;0;0;0;0;0.0;0;0.0;83%;23.8;0.0;0.0;0.0;0.0;0.0;0;0.0;0.0;0;0.0;6;0;7.9;4.5;0.1;0.0;0.0;100;2;0;0.0;4.1;0.0;0;0;0;5.7;0.0;No recurring injuries;Below Average;0.0;0;0.0;11;7;0;80;9;49;11;19;2;100;1.3;0.8
Sky Bet Championship;Wrexham;Kosta Nedeljković;D (R);;D/WB (R);20;"6'0""";£30.5K - £35K p/w;£26M - £32M;Reasonable;Very Strong;6.89;1;1295;0;0;0.0;0.64;0.64;-0.64;0.0;0%;0.064;0.7;0.0;0.4;0%;2;0;0;2;0.1;1.26;0.1;88%;53.7;0.1;0.8;7.6;2.3;0.5;21;2.3;0.5;21;1.3;11;2;15.2;10.1;2.2;2.8;8.3;84;37;0;0.6;0.9;1.0;13;1;0;10.9;15.4;No recurring injuries;Above Average;4.8;57;0.3;0;0;0;0;0;0;0;0;0;0;1.2;1.0
Sky Bet Championship;Southampton;Taylor Harwood-Bellis;D (C);;D (C);24;"6'2""";£34K - £38.5K p/w;£16M - £23M;Reasonable;Very Strong;6.74;0;1697;0;0;0.0;0.3;0.3;-0.3;0.0;0%;0.15;0.1;0.1;0.0;50%;0;0;0;1;0.1;0.57;0.0;93%;48.8;0.1;0.1;2.0;0.1;0.0;0;0.1;0.0;0;0.0;1;0;2.9;15.3;0.6;3.1;3.3;69;16;1;0.5;0.5;0.7;9;1;0;9.6;3.7;No recurring injuries;Above Average;3.6;64;1.0;0;0;0;0;0;0;0;0;0;0;1.2;1.1
Serie A;Udinese;Hidemasa Morita;DM, M (C);;DM, M (C);31;"5'10""";£21K - £30K p/w;£8.2M - £13.5M;Reasonable;Very Strong;7.00;2;1160;0;0;0.0;0.77;0.77;-0.77;0.1;0%;0.128333333333333;0.5;0.0;0.1;0%;0;0;0;5;0.4;3.11;0.2;94%;58.6;0.5;1.4;7.7;0.5;0.2;42;0.3;0.2;75;0.2;11;0;4.7;13.5;1.2;2.5;5.4;71;21;0;0.3;0.9;0.1;10;1;0;11.7;11.5;No recurring injuries;Very Low;1.1;57;0.3;0;0;0;0;0;0;0;0;0;0;1.2;1.5
Second Division;Mallorca;Pablo Maffeo;D (R);;D/WB (R);29;"5'8""";£20.5K - £23.5K p/w;£16.5M;Fairly Strong;Very Strong;7.03;0;1064;0;0;0.0;0.55;0.55;-0.55;0.0;0%;0.0785714285714286;0.6;0.0;0.5;0%;0;0;0;1;0.1;0.65;0.1;91%;70.5;0.2;0.7;6.9;1.2;0.0;0;1.2;0.0;0;0.9;11;1;10.8;14.5;1.6;3.1;7.3;86;22;1;0.4;0.8;0.3;22;5;0;12.0;17.6;No recurring injuries;Below Average;2.5;41;0.1;0;0;0;0;0;0;0;0;0;0;1.6;0.8
Premier League;Ipswich;Leif Davis;D (L);;D/WB (L);26;"5'10""";£62K - £86K p/w;£19M - £25M;Very Strong;Very Weak;6.91;1;1209;0;0;0.0;0.35;0.35;-0.35;0.0;0%;0.025;1.0;0.4;1.0;43%;0;0;0;3;0.2;3.88;0.3;86%;54.9;0.9;1.7;7.3;8.9;1.7;19;2.0;0.8;41;2.1;5;2;15.9;11.4;2.8;3.6;11.3;58;65;4;1.1;2.0;0.7;19;1;0;13.3;27.7;No recurring injuries;Below Average;3.9;66;0.2;0;0;0;0;0;0;0;0;0;0;0.6;1.9
Sky Bet Championship;Sunderland;Mario Martín;M (C);;DM, M (C);22;"5'10""";£18.25K - £25.5K p/w;£23M - £37M;Reasonable;Very Strong;6.96;1;1392;0;0;0.0;2.2;2.2;-2.2;0.1;0%;0.1375;1.0;0.1;0.1;13%;1;0;0;2;0.1;2.39;0.2;94%;58.8;0.2;0.5;4.3;0.1;0.1;100;0.1;0.1;100;0.1;7;1;7.1;12.6;0.8;2.7;7.0;75;16;0;0.6;0.7;0.1;13;3;0;12.1;14.4;No recurring injuries;High;0.9;50;0.1;0;0;0;0;0;0;0;0;0;0;0.7;0.6
Sky Bet Championship;Sunderland;Dan Ballard;D (C);;D (C);27;"6'2""";£27.5K - £30.5K p/w;£31M;Reasonable;Very Strong;6.93;0;1803;0;0;0.0;1.85;1.85;-1.85;0.1;0%;0.142307692307692;0.6;0.1;0.2;15%;0;0;0;0;0.0;1.3;0.1;90%;52.2;0.0;0.3;2.2;0.0;0.0;100;0.0;0.0;100;0.1;5;0;3.0;13.5;0.5;3.3;2.7;71;14;2;0.7;0.8;0.5;11;4;0;10.4;4.6;No recurring injuries;High;5.2;80;0.7;0;0;0;0;0;0;0;0;0;0;0.6;0.7
Sky Bet Championship;Middlesbrough;Ben Davies;D (C);WB (L);D (LC), WB (L);33;"6'0""";£50K - £69K p/w;£1.8M;Very Strong;Weak;6.97;0;2018;0;0;0.0;0.24;0.24;-0.24;0.0;0%;0.24;0.0;0.0;0.0;0%;0;0;0;3;0.1;2.01;0.1;93%;56.6;0.2;0.4;4.1;0.4;0.1;25;0.4;0.1;25;0.3;11;1;5.7;16.9;0.9;2.7;3.7;83;24;3;0.5;0.9;0.9;14;4;0;10.7;7.6;No recurring injuries;Above Average;3.0;74;0.3;0;0;0;0;0;0;0;0;0;0;1.0;1.2
Premier League;Brentford;Caoimhin Kelleher;GK;;GK;28;"6'2""";£62K - £70K p/w;£28M - £39M;Weak;Very Strong;6.75;1;1710;0;0;0.0;0;0;0;0.0;0%;0;0.0;0.0;0.0;0%;0;0;0;0;0.0;0;0.0;71%;21.8;0.0;0.0;1.2;0.0;0.0;0;0.0;0.0;0;0.0;0;0;9.6;7.1;0.0;0.5;0.0;0;1;0;0.0;4.5;0.0;0;0;0;5.4;0.0;No recurring injuries;Average;0.0;0;0.0;4;-7.53;0;69;30;41;8;35;1;0;1.6;1.8
Serie BKT;Südtirol;Frédéric Veseli;D (RC);;D (RC);34;"6'0""";£11K - £16.5K p/w;£12K - £120K;Reasonable;Very Strong;6.84;1;1260;0;0;0.0;1.67;1.67;-1.67;0.1;0%;0.185555555555556;0.6;0.1;0.0;11%;0;0;0;1;0.1;0.01;0.0;72%;20.0;0.0;0.0;0.0;0.0;0.0;0;0.0;0.0;0;0.0;14;0;0.0;0.0;1.6;0.0;0.0;100;23;0;0.0;0.0;0.0;24;0;0;0.0;0.0;No recurring injuries;Very Low;0.0;0;0.0;0;0;0;0;0;0;0;0;0;0;0.0;0.0
Sky Bet Championship;Leicester;Jakub Stolarczyk;GK;;GK;25;"6'4""";£24.5K - £27.5K p/w;£4M - £5.8M;Fairly Strong;Very Strong;6.53;0;1774;0;0;0.0;0;0;0;0.0;0%;0;0.0;0.0;0.0;0%;0;0;0;0;0.0;0;0.0;83%;22.9;0.0;0.0;0.0;0.0;0.0;0;0.0;0.0;0;0.0;4;0;6.8;3.9;0.1;0.0;0.0;50;4;0;0.0;2.4;0.0;0;0;0;6.1;0.0;No recurring injuries;Below Average;0.0;0;0.0;2;-0.92;0;70;18;39;8;29;4;50;1.1;1.5
Premier League;Everton;James Garner;DM, M (C);D (R);D (R), DM, M (C);25;"6'0""";£120K - £165K p/w;£41M - £52M;Reasonable;Very Strong;6.71;0;1427;0;0;0.0;0.98;0.98;-0.98;0.1;0%;0.0426086956521739;1.5;0.8;1.2;52%;0;0;0;2;0.1;1.47;0.1;87%;52.3;0.3;1.4;6.2;3.4;0.7;20;0.4;0.3;67;0.2;2;0;9.5;7.9;1.3;2.6;8.1;72;29;1;0.3;0.7;0.1;4;1;0;13.3;17.1;No recurring injuries;Low;2.1;47;0.1;0;0;1;0;0;0;0;0;0;0;2.1;1.5
Serie A;Udinese;Jordan Zemura;WB (L);M (L);D/WB/M (L);27;"5'8""";£21.5K - £24.5K p/w;£4.6M - £9M;Very Strong;Weak;6.94;0;1495;0;0;0.0;0.62;0.62;-0.62;0.0;0%;0.0885714285714286;0.4;0.1;0.1;14%;0;0;0;0;0.0;1;0.1;87%;60.0;0.1;0.9;7.2;2.2;0.3;13;2.2;0.3;14;1.4;9;0;15.0;11.1;1.9;3.3;8.2;68;47;1;0.5;1.0;0.5;10;2;0;11.3;16.5;No recurring injuries;Very Low;2.0;55;0.1;0;0;0;0;0;0;0;0;0;0;1.5;1.2
Premier League;Brighton;Carlos Baleba;DM;;DM, M (C);22;"6'0""";£56K - £63K p/w;£65M - £78M;Very Strong;Reasonable;6.78;0;1135;0;0;0.0;1.66;1.66;-1.66;0.1;0%;0.118571428571429;1.1;0.4;0.6;36%;0;0;0;1;0.1;0.79;0.1;92%;72.9;0.1;1.2;7.6;0.4;0.2;40;0.4;0.2;40;0.4;8;0;6.9;9.2;1.8;3.2;7.5;62;37;2;0.6;1.0;0.4;10;1;0;13.2;20.4;No recurring injuries;Below Average;2.7;79;0.5;0;0;3;0;0;0;0;0;0;0;1.4;2.4
Ligue 1 McDonald's;OGC Nice;Kota Kudo;D (C);;D (C);23;"5'11""";£14.25K - £16.5K p/w;£12M - £19.5M;Very Strong;Very Weak;6.77;0;1214;0;0;0.0;0;0;0;0.0;0%;0;0.0;0.0;0.0;0%;0;0;0;0;0.0;0.58;0.0;92%;40.9;0.1;0.1;2.2;0.0;0.0;0;0.0;0.0;0;0.1;2;1;3.1;9.5;0.8;1.7;1.8;92;12;1;0.2;1.0;0.4;4;0;0;9.8;3.9;No recurring injuries;Below Average;4.8;72;1.0;0;0;0;0;0;0;0;0;0;0;1.2;1.0
Bundesliga 2;SV Darmstadt 98;Isac Lidberg;ST (C);AM (R);AM (R), ST (C);28;"6'1""";£4.6K - £7.75K p/w;£2.3M - £5M;Reasonable;Very Strong;6.95;2;1086;7;155.142857142857;0.6;4.69;4.69;2.31;0.4;13%;0.0901923076923077;4.3;1.7;1.9;40%;4;0;0;0;0.0;0.84;0.1;90%;29.0;0.2;0.9;1.3;1.2;0.2;20;1.2;0.2;20;1.7;18;6;18.4;2.6;0.4;1.2;3.0;83;6;0;0.2;0.4;0.0;9;2;0;10.9;9.9;No recurring injuries;Above Average;7.8;30;0.3;0;0;0;0;0;0;0;0;0;0;1.2;1.7
Serie BKT;Palermo;Joel Pohjanpalo;ST (C);;ST (C);32;"6'1""";£11.5K - £19.5K p/w;Not for Sale;Fairly Strong;Very Strong;7.42;2;1093;7;156.142857142857;0.6;4.69;3.88;2.31;0.4;19%;0.130277777777778;3.0;1.6;0.2;53%;0;1;0;3;0.2;1.13;0.1;71%;23.5;0.0;0.0;0.2;0.0;0.0;0;0.0;0.0;0;0.1;19;1;2.6;0.7;0.8;0.4;0.5;71;14;0;0.0;0.1;0.0;15;0;0;1.9;0.8;No recurring injuries;Very Low;0.9;18;0.0;0;0;0;0;0;0;0;0;0;0;0.1;0.3
Sky Bet Championship;Swansea;Žan Vipotnik;ST (C);;ST (C);24;"6'1""";£7K - £10.25K p/w;£5.8M - £9.4M;Reasonable;Very Strong;6.88;0;1739;11;158.090909090909;0.6;6.91;5.29;4.09;0.4;31%;0.191944444444444;1.9;1.3;0.4;69%;0;5;60;3;0.2;3.06;0.2;90%;26.0;0.3;1.4;1.0;0.3;0.0;0;0.3;0.0;0;0.4;41;7;20.4;2.5;0.3;0.6;1.7;71;7;0;0.1;0.4;0.0;13;0;1;10.7;6.5;No recurring injuries;Average;8.5;40;0.1;0;0;0;0;0;0;0;0;0;0;1.3;1.1
First Division;Vigo;Ferran Jutglà;ST (C);;ST (C);27;"5'9""";£33K - £37.5K p/w;£8M - £12.5M;Weak;Very Strong;6.98;2;1137;7;162.428571428571;0.6;7.35;6.54;-0.35;0.6;21%;0.222727272727273;2.6;1.4;0.5;55%;0;3;67;1;0.1;1.52;0.1;90%;29.8;0.2;0.9;0.9;0.4;0.2;60;0.4;0.2;60;0.8;23;9;21.7;1.5;0.2;1.2;2.0;100;3;0;0.1;0.2;0.0;12;0;0;10.3;6.5;No recurring injuries;Below Average;5.7;18;0.1;0;0;0;0;0;0;0;0;0;0;1.6;1.4
Ligue 1 McDonald's;OL;Sebastiano Esposito;ST (C);AM (C);AM (C), ST (C);24;"6'0""";£46K - £53K p/w;£35M - £42M;Reasonable;Very Strong;6.98;0;1137;7;162.428571428571;0.6;6.12;6.12;0.88;0.5;16%;0.139090909090909;3.5;1.8;1.2;52%;0;0;0;3;0.2;1.83;0.1;92%;29.3;0.5;1.3;1.0;0.3;0.1;25;0.2;0.1;33;0.6;20;6;18.1;2.2;0.2;0.7;1.1;100;2;0;0.1;0.2;0.0;10;0;0;10.1;5.1;No recurring injuries;Above Average;5.1;15;0.0;0;0;0;0;0;0;0;0;0;0;1.3;1.0
Ligue 1 McDonald's;Paris FC;Willem Geubbels;ST (C);;ST (C);25;"6'1""";£8.75K - £10K p/w;£5.2M - £8.4M;Reasonable;Very Strong;6.85;2;1033;6;172.166666666667;0.5;1.96;1.96;4.04;0.2;27%;0.0890909090909091;1.9;1.1;0.3;59%;1;1;100;1;0.1;0.62;0.1;92%;26.2;0.3;1.3;0.7;0.4;0.1;20;0.4;0.1;20;0.8;21;8;19.7;2.0;0.0;0.5;1.7;0;0;0;0.0;0.0;0.0;19;1;0;10.0;5.7;No recurring injuries;Average;8.0;24;0.1;0;0;0;0;0;0;0;0;0;0;1.0;1.0
First Division;Granada;Jorge Pascual;ST (C);;ST (C);23;"6'2""";£22K - £34.5K p/w;£11M - £18M;Very Strong;Fairly Strong;6.78;1;1073;6;178.833333333333;0.5;3.1;3.1;2.9;0.3;26%;0.134782608695652;1.9;1.3;0.7;70%;2;0;0;1;0.1;1.89;0.2;84%;26.3;0.2;1.0;0.8;0.6;0.2;28;0.6;0.2;29;0.6;28;12;15.9;1.7;0.3;0.8;2.7;67;6;0;0.0;0.2;0.0;12;0;0;10.3;6.1;No recurring injuries;Below Average;8.3;33;0.2;0;0;0;0;0;0;0;0;0;0;1.2;1.9
Sky Bet Championship;West Brom;Luismi Cruz;AM (R);ST (C);AM (RC), ST (C);25;"5'5""";£11.5K - £17K p/w;£5.6M - £7.2M;Very Strong;Weak;7.14;5;1503;8;187.875;0.5;3.14;3.14;4.86;0.2;30%;0.116296296296296;1.6;0.7;0.3;44%;2;0;0;5;0.3;2.44;0.1;88%;45.9;0.3;2.0;4.0;5.1;0.4;8;3.7;0.4;10;4.3;16;4;14.3;6.8;0.9;1.4;9.3;63;24;1;0.5;0.5;0.0;15;0;0;11.5;13.2;No recurring injuries;Average;3.2;17;0.0;0;0;0;0;0;0;0;0;0;0;1.4;1.0
Premier League;Estoril Praia;Yanis Begraoui;ST (C);AM (R);AM (R), ST (C);25;"5'10""";£2.1K - £3.1K p/w;£6.4M - £11M;Fairly Strong;Very Strong;6.73;0;1142;6;190.333333333333;0.5;3.71;2.9;2.29;0.3;21%;0.127931034482759;2.3;1.2;0.7;52%;1;1;0;1;0.1;1.14;0.1;91%;28.0;0.2;1.2;1.2;0.5;0.1;16;0.5;0.1;17;0.3;29;10;17.4;1.7;0.1;0.6;1.3;20;5;0;0.0;0.2;0.0;14;0;0;10.4;5.8;No recurring injuries;Low;6.1;27;0.0;0;0;0;0;0;0;0;0;0;0;0.9;1.8
Sky Bet Championship;Southampton;Tom Fellows;AM (R);;M (R), AM (RL);23;"5'11""";£22.5K - £26K p/w;£11M - £16M;Very Strong;Strong;6.98;1;1349;7;192.714285714286;0.5;3.19;3.19;3.81;0.2;23%;0.106333333333333;2.0;1.1;0.5;53%;0;0;0;0;0.0;1.69;0.1;89%;45.6;0.1;1.5;4.2;3.7;0.7;20;3.6;0.7;20;5.2;12;13;17.1;4.8;1.7;1.8;10.3;90;29;0;0.6;0.1;0.3;22;1;0;11.9;16.3;No recurring injuries;Average;3.6;30;0.0;0;0;0;0;0;0;0;0;0;0;1.6;1.1
Jupiler Pro League;Standard;Thomas Henry;ST (C);;ST (C);32;"6'4""";£7K - £10K p/w;Not for Sale;Weak;Very Strong;6.92;2;1157;6;192.833333333333;0.5;4.26;4.26;1.74;0.3;13%;0.0946666666666667;3.5;1.5;0.9;42%;1;1;100;1;0.1;1.01;0.1;86%;31.6;0.1;1.2;0.8;0.4;0.2;60;0.4;0.2;60;0.4;26;8;21.9;1.6;0.3;0.7;1.3;80;5;0;0.1;0.3;0.0;9;0;0;10.3;5.9;No recurring injuries;Low;8.4;43;0.2;0;0;0;0;0;0;0;0;0;0;0.9;0.8
Second Division;R. Santander;Juan Carlos Arana;ST (C);;ST (C);26;"6'0""";£14.25K - £16.25K p/w;£160K - £1.6M;Reasonable;Very Strong;6.84;1;1170;6;195;0.5;4.63;4.63;1.37;0.4;19%;0.149354838709677;2.4;1.0;0.8;42%;0;2;100;0;0.0;0.69;0.1;88%;30.8;0.0;1.4;0.8;0.6;0.0;0;0.6;0.0;0;0.6;24;7;15.8;1.5;0.2;0.2;1.3;75;4;0;0.0;0.1;0.0;10;0;0;10.6;6.2;No recurring injuries;High;6.7;32;0.2;0;0;0;0;0;0;0;0;0;0;0.9;1.2
Jupiler Pro League;Charleroi;Aurélien Scheidler;ST (C);;ST (C);28;"6'4""";£3.3K - £5K p/w;£325K - £3.3M;Weak;Very Strong;6.86;1;1394;7;199.142857142857;0.5;8.31;6.69;-1.31;0.5;12%;0.1385;3.9;1.8;1.3;47%;5;2;0;4;0.3;1.91;0.1;91%;26.2;0.1;1.3;1.0;1.0;0.3;33;1.0;0.3;33;0.3;24;5;20.1;2.4;0.1;0.3;1.4;17;6;0;0.1;0.1;0.0;13;1;0;10.4;8.2;No recurring injuries;Below Average;8.9;37;0.2;0;0;0;0;0;0;0;0;0;0;1.3;1.0
Second Division;Eibar;Jon Bautista;ST (C);;ST (C);31;"5'11""";£19.75K - £30K p/w;Not for Sale;Reasonable;Very Strong;6.87;1;1418;7;202.571428571429;0.4;3.47;3.47;3.53;0.2;21%;0.105151515151515;2.1;1.1;0.8;52%;1;2;100;2;0.1;1.91;0.1;92%;30.0;0.1;1.1;0.7;0.4;0.1;28;0.4;0.1;29;0.6;27;12;16.6;3.0;0.1;0.6;1.7;25;4;0;0.1;0.2;0.0;18;2;0;9.8;7.7;No recurring injuries;Average;8.9;32;0.2;0;0;0;0;0;0;0;0;0;0;1.2;1.2
First Division;Getafe;Martín Satriano;ST (C);;ST (C);25;"6'2""";£12.25K - £21K p/w;£7M - £11.5M;Reasonable;Very Strong;6.88;2;1227;6;204.5;0.4;6.2;6.2;-0.2;0.5;13%;0.131914893617021;3.4;1.5;0.7;45%;1;0;0;2;0.1;1.08;0.1;89%;31.1;0.2;1.0;1.0;0.2;0.0;0;0.2;0.0;0;0.7;20;12;25.8;1.5;0.1;0.9;2.1;67;3;0;0.1;0.1;0.1;16;0;0;10.6;8.7;No recurring injuries;Average;8.6;43;0.1;0;0;0;0;0;0;0;0;0;0;0.9;1.6
Sky Bet Championship;Southampton;Ross Stewart;ST (C);;ST (C);30;"6'2""";£28K - £31.5K p/w;£8.2M - £9.8M;Reasonable;Very Strong;6.97;0;1052;5;210.4;0.4;3.99;3.99;1.01;0.3;14%;0.110833333333333;3.1;1.5;0.7;50%;1;1;100;1;0.1;0.46;0.0;89%;26.5;0.0;0.9;0.7;0.4;0.1;20;0.4;0.1;20;0.6;12;8;17.5;2.0;0.3;0.9;1.5;100;4;0;0.2;0.1;0.0;11;1;0;10.5;7.6;No recurring injuries;High;8.8;48;0.2;0;0;0;0;0;0;0;0;0;0;1.6;1.0
Second Division;Málaga;Chupete;ST (C);;ST (C);22;"6'1""";£8.25K - £9.5K p/w;£11.5M;Reasonable;Very Strong;7.05;1;1686;8;210.75;0.4;8.92;8.11;-0.92;0.5;14%;0.156491228070175;3.0;1.5;1.1;49%;2;4;75;2;0.1;0.93;0.0;91%;27.7;0.2;1.0;1.0;0.2;0.1;50;0.2;0.1;50;0.4;39;14;11.5;2.9;0.2;0.5;2.2;100;3;0;0.1;0.1;0.0;21;2;0;10.2;5.7;No recurring injuries;Low;4.9;39;0.0;0;0;0;0;0;0;0;0;0;0;1.5;0.6
Bundesliga 2;Hamburger SV;Rayan Philippe;AM (R);AM (L);AM (RL), ST (C);26;"6'0""";£20.5K - £30K p/w;£700K - £7.2M;Very Strong;Reasonable;7.13;0;1055;5;211;0.4;3.51;3.51;1.49;0.3;19%;0.13;2.3;1.0;0.5;44%;1;0;0;0;0.0;1.95;0.2;90%;36.9;0.3;1.4;2.3;3.5;0.9;24;2.6;0.6;23;4.0;10;7;15.9;3.8;0.7;1.1;6.6;62;13;0;0.1;0.4;0.0;13;1;0;11.2;10.8;No recurring injuries;Below Average;4.7;33;0.0;0;0;0;0;0;0;0;0;0;0;1.4;0.5
Sky Bet Championship;Blackburn;Ryoya Morishita;M/AM (C);;M (C), AM (RLC);29;"5'7""";£22K - £29K p/w;£150K - £10.5M;Fairly Strong;Very Strong;7.05;3;1692;8;211.5;0.4;4.98;4.98;3.02;0.3;20%;0.1245;2.1;1.0;0.7;45%;1;0;0;1;0.1;2.98;0.2;89%;42.6;0.0;1.8;3.8;6.0;1.5;24;2.9;1.1;37;3.4;26;5;16.1;6.3;1.5;1.9;8.1;88;33;2;0.1;0.5;0.0;15;1;0;11.6;16.1;No recurring injuries;Below Average;3.1;29;0.1;0;0;0;0;0;0;0;0;0;0;1.1;1.3
Premier League;VTSC;Telmo Arcanjo;AM (R);M (R), AM (C);M (R), AM (RC);25;"5'11""";£2.6K - £4.2K p/w;Unknown;Very Weak;Very Weak;6.83;1;1067;5;213.4;0.4;4.01;4.01;0.99;0.3;20%;0.1604;2.1;1.0;0.6;48%;2;0;0;3;0.3;3.3;0.3;90%;44.4;0.4;1.2;3.0;9.6;1.6;16;2.9;0.6;21;3.5;11;7;16.0;5.1;2.1;1.6;8.5;89;28;0;0.2;0.3;0.0;17;4;1;10.6;14.0;No recurring injuries;Above Average;4.4;42;0.1;0;0;0;0;0;0;0;0;0;0;1.6;1.8
Second Division;Valladolid;Juanmi Latasa;ST (C);;ST (C);25;"6'4""";£13.25K - £15K p/w;£3.2M - £6.4M;Very Strong;Reasonable;7.01;1;1337;6;222.833333333333;0.4;7.73;7.73;-1.73;0.5;9%;0.115373134328358;4.5;1.8;1.3;40%;2;1;100;3;0.2;2.65;0.2;86%;25.8;0.3;1.4;1.0;0.6;0.1;22;0.6;0.1;22;0.3;26;5;15.1;2.6;0.3;0.5;2.0;100;5;0;0.0;0.1;0.0;10;0;0;10.2;7.7;No recurring injuries;Above Average;8.8;41;0.2;0;0;0;0;0;0;0;0;0;0;1.5;1.1
Eredivisie;Sparta Rotterdam;Tobias Lauritsen;ST (C);;ST (C);29;"6'4""";£3.8K - £5.5K p/w;£4.5M - £7.2M;Reasonable;Very Strong;7.04;1;1118;5;223.6;0.4;6.11;6.11;-1.11;0.5;12%;0.142093023255814;3.5;1.4;1.3;42%;0;1;100;1;0.1;0.96;0.1;89%;27.0;0.0;0.6;0.5;0.3;0.0;0;0.3;0.0;0;0.6;15;9;18.6;2.2;0.2;0.6;1.9;100;3;0;0.2;0.0;0.0;11;0;1;10.1;6.2;No recurring injuries;Average;8.1;48;0.2;0;0;0;0;0;0;0;0;0;0;1.2;1.1
Ligue 1 McDonald's;LOSC;Félix Correia;AM (L);M (R);M (R), AM (RL);25;"5'10""";£16.25K - £23.5K p/w;£6.4M - £8.2M;Fairly Strong;Very Strong;6.99;0;1128;5;225.6;0.4;2.25;2.25;2.75;0.2;21%;0.09375;1.9;0.9;0.5;46%;1;0;0;3;0.2;1.07;0.1;90%;56.1;0.1;2.7;5.1;4.5;1.4;31;4.5;1.4;32;4.8;11;8;18.3;6.5;1.8;2.0;10.3;82;28;0;0.1;0.3;0.0;15;1;0;11.9;15.4;No recurring injuries;Average;2.2;19;0.0;0;0;0;0;0;0;0;0;0;0;1.8;1.4
Eredivisie;FC Twente;Marin Ljubičić;ST (C);AM (R);AM (R), ST (C);24;"6'0""";£15.25K - £23.5K p/w;£1.8M;Strong;Very Strong;6.83;0;1150;5;230;0.4;3.14;3.14;1.86;0.2;19%;0.120769230769231;2.0;0.9;1.0;46%;1;0;0;1;0.1;0.74;0.1;87%;26.5;0.1;0.7;0.5;0.4;0.2;40;0.4;0.2;40;0.9;16;10;20.7;1.8;0.1;0.7;2.0;33;3;0;0.2;0.0;0.0;10;0;0;10.0;7.2;No recurring injuries;Above Average;6.7;31;0.1;0;0;0;0;0;0;0;0;0;0;1.3;0.9
Jupiler Pro League;RSC Anderlecht;Keisuke Goto;ST (C);;ST (C);21;"6'3""";£1.9K - £3.2K p/w;£13M - £21M;Weak;Very Strong;6.93;3;2079;9;231;0.4;10.78;9.97;-1.78;0.5;12%;0.138205128205128;3.4;1.3;0.8;40%;0;3;67;3;0.1;1.44;0.1;91%;28.5;0.2;0.9;0.6;0.1;0.0;0;0.1;0.0;0;0.7;34;24;17.1;2.4;0.1;0.7;1.4;50;4;1;0.2;0.2;0.0;26;2;0;9.9;6.2;No recurring injuries;Below Average;8.0;50;0.0;0;0;0;0;0;0;0;0;0;0;1.5;1.0
Sky Bet Championship;Preston;Mirko Marić;ST (C);AM (RC);AM (RC), ST (C);31;"6'2""";£4.9K - £7.25K p/w;£600K - £1.4M;Very Strong;Fairly Strong;6.67;0;1390;6;231.666666666667;0.4;4.93;4.93;1.07;0.3;18%;0.145;2.2;0.9;0.5;41%;0;0;0;2;0.1;2.08;0.1;90%;26.0;0.1;1.4;0.8;0.5;0.1;28;0.5;0.1;29;0.5;33;13;21.9;1.6;0.3;0.5;1.9;67;6;0;0.1;0.3;0.0;14;1;0;10.5;6.0;No recurring injuries;Average;8.2;33;0.2;0;0;0;0;0;0;0;0;0;0;0.9;1.3
Ligue 2 BKT;Grenoble;Moussa Djitté;ST (C);;ST (C);27;"5'11""";£1.7K - £3K p/w;£55K - £550K;Weak;Very Strong;6.71;0;1169;5;233.8;0.4;3.65;3.65;1.35;0.3;13%;0.09125;3.1;1.4;0.8;45%;1;0;0;2;0.2;0.42;0.0;86%;25.7;0.1;0.6;0.4;0.4;0.2;60;0.4;0.2;60;0.7;26;8;24.2;1.2;0.1;0.8;0.8;100;1;0;0.1;0.3;0.0;10;2;0;9.8;7.9;No recurring injuries;Below Average;7.2;37;0.1;0;0;0;0;0;0;0;0;0;0;1.0;0.9
First Division;Cádiz;García Pascual;ST (C);;ST (C);24;"6'3""";£7.5K - £8.75K p/w;£550K - £5.4M;Weak;Very Strong;6.79;0;1170;5;234;0.4;5.72;5.72;-0.72;0.4;11%;0.13;3.4;1.5;0.8;45%;1;0;0;0;0.0;1.22;0.1;90%;33.3;0.4;1.2;1.1;0.6;0.2;37;0.6;0.2;38;0.4;19;5;18.8;2.3;0.3;0.8;2.2;67;6;0;0.3;0.2;0.0;8;2;0;10.8;8.4;No recurring injuries;Below Average;8.6;46;0.3;0;0;0;0;0;0;0;0;0;0;1.2;1.3
Eredivisie;Ajax;Matthis Abline;AM (L);AM (L);AM (L), ST (C);23;"5'10""";£11.25K - £14K p/w;£5.8M - £8.6M;Reasonable;Very Strong;6.80;0;1182;5;236.4;0.4;4.97;4.97;0.03;0.4;10%;0.103541666666667;3.7;1.6;1.4;44%;0;0;0;1;0.1;0.7;0.1;87%;31.6;0.2;1.3;1.1;0.2;0.0;0;0.2;0.0;0;1.3;21;8;14.4;2.3;0.2;0.5;1.3;60;5;0;0.2;0.1;0.0;7;1;0;10.6;5.3;No recurring injuries;Below Average;4.6;15;0.0;0;0;0;0;0;0;0;0;0;0;1.6;1.0
First Division;Granada;Zakaria Eddahchouri;ST (C);AM (RLC);AM (RLC), ST (C);26;"6'2""";£10.25K - £14.75K p/w;£275K - £2.9M;Fairly Strong;Very Strong;6.81;1;1187;5;237.4;0.4;3.39;2.58;1.61;0.3;14%;0.0968571428571429;2.7;1.4;0.8;51%;0;1;0;1;0.1;0.65;0.0;86%;25.4;0.0;0.4;0.4;0.2;0.1;33;0.2;0.1;33;1.2;14;13;18.0;2.0;0.3;1.3;2.0;100;4;0;0.5;0.2;0.0;15;0;0;9.9;5.1;No recurring injuries;Above Average;8.2;52;0.1;0;0;0;0;0;0;0;0;0;0;1.4;1.4
Sky Bet Championship;Cardiff;Callum Marshall;ST (C);AM (RLC);AM (RLC), ST (C);22;"5'10""";£9.25K - £13.5K p/w;£45K - £475K;Very Strong;Reasonable;6.75;0;1209;5;241.8;0.4;3.75;3.75;1.25;0.3;14%;0.107142857142857;2.6;1.1;0.8;43%;0;0;0;0;0.0;0.65;0.0;90%;30.8;0.1;1.0;0.7;0.4;0.0;0;0.4;0.0;0;0.7;23;10;21.2;2.0;0.4;0.4;2.8;63;8;0;0.1;0.3;0.0;10;4;0;9.8;7.4;No recurring injuries;Below Average;7.4;31;0.1;0;0;0;0;0;0;0;0;0;0;1.3;1.2
Premier League;Brentford;Kodai Sano;M (C), AM (L);;M/AM (LC);23;"5'9""";£40K - £55K p/w;£20M - £27M;Reasonable;Very Strong;7.03;2;1467;6;244.5;0.4;3.1;3.1;2.9;0.2;16%;0.0815789473684211;2.3;1.1;1.3;47%;3;0;0;4;0.2;2.89;0.2;86%;51.9;0.4;1.8;4.5;2.0;0.7;34;2.0;0.7;34;3.9;13;3;13.7;9.1;2.2;3.4;13.0;71;51;1;0.1;0.9;0.0;7;2;0;13.5;19.6;No recurring injuries;Below Average;3.6;15;0.0;0;0;1;0;0;0;0;0;0;0;1.4;1.3
Second Division;S. Gijón;Juan Otero;AM (R);M (R);M/AM (R), ST (C);31;"5'10""";£26K - £30.5K p/w;£2.3M - £4.8M;Weak;Very Strong;7.13;4;1473;6;245.5;0.4;2.08;2.08;3.92;0.1;18%;0.063030303030303;2.0;0.9;0.9;42%;1;1;100;4;0.2;3.4;0.2;89%;52.8;0.3;2.1;3.4;3.1;0.7;24;3.1;0.7;24;3.1;17;16;15.7;4.9;0.9;1.8;8.4;60;25;0;0.1;0.2;0.0;29;1;0;11.6;17.1;No recurring injuries;Average;3.6;29;0.0;0;0;0;0;0;0;0;0;0;0;1.6;1.0
Premier League;Famalicão;Óscar Aranda;AM (L);ST (C);AM (L), ST (C);24;"6'0""";£5.25K - £8.5K p/w;£5.8M - £9.8M;Fairly Strong;Very Strong;6.64;0;1008;4;252;0.4;4.08;4.08;-0.08;0.4;11%;0.116571428571429;3.1;1.6;1.2;51%;2;0;0;0;0.0;0.73;0.1;90%;32.8;0.0;1.1;1.2;1.3;0.1;6;1.3;0.1;7;2.5;16;9;13.1;3.3;0.6;0.9;3.0;78;9;0;0.1;0.3;0.0;12;3;0;10.1;7.2;No recurring injuries;Above Average;5.6;40;0.2;0;0;0;0;0;0;0;0;0;0;1.4;1.2
Bundesliga 2;Hannover 96;Benjamin Källman;ST (C);AM (R);AM (R), ST (C);28;"6'0""";£6.25K - £9.75K p/w;£150K - £1.5M;Reasonable;Very Strong;6.73;1;1261;5;252.2;0.4;4.72;4.72;0.28;0.3;12%;0.109767441860465;3.1;1.7;0.9;56%;0;2;100;0;0.0;2.3;0.2;90%;26.9;0.3;1.2;0.8;0.4;0.0;0;0.4;0.0;0;1.1;27;15;19.8;2.4;0.2;0.6;2.1;100;3;0;0.2;0.1;0.0;17;2;0;10.4;8.1;No recurring injuries;Below Average;6.7;34;0.1;0;0;0;0;0;0;0;0;0;0;0.7;0.7
Second Division;Almería;Ibrahima Koné;ST (C);;ST (C);27;"6'3""";£6.25K - £7.5K p/w;£325K - £3.2M;Very Strong;Reasonable;6.90;1;1285;5;257;0.4;3.5;3.5;1.5;0.2;12%;0.0833333333333333;2.9;1.3;1.3;45%;1;1;100;1;0.1;1.66;0.1;90%;29.8;0.2;1.3;1.1;0.9;0.3;30;0.9;0.3;31;0.4;23;4;19.2;2.5;0.0;0.4;1.9;0;2;0;0.1;0.1;0.0;11;3;0;10.4;7.7;No recurring injuries;Average;7.8;37;0.4;0;0;0;0;0;0;0;0;0;0;1.2;1.2
Bundesliga;1. FC Nürnberg;Julian Justvan;AM (C);M (RC);M/AM (RC);28;"5'10""";£24K - £36.5K p/w;£3.5M - £7.2M;Very Strong;Weak;7.02;0;1290;5;258;0.3;3.74;3.74;1.26;0.3;18%;0.133571428571429;2.0;0.6;0.7;32%;1;0;0;2;0.1;3.12;0.2;89%;41.5;0.5;1.7;2.9;6.1;0.8;12;0.9;0.2;23;1.1;11;6;14.9;11.4;0.6;1.2;4.5;62;13;0;0.3;0.1;0.0;8;0;0;11.9;10.3;No recurring injuries;Above Average;3.8;31;0.1;0;0;0;0;0;0;0;0;0;0;1.4;1.6
Second Division;Málaga;César Palacios;AM (C);M (C), AM (L);M (C), AM (LC);22;"6'0""";£10.25K - £16.25K p/w;£75K - £750K;Reasonable;Very Strong;6.93;0;1316;5;263.2;0.3;3.71;3.71;1.29;0.3;16%;0.119677419354839;2.1;0.9;0.3;42%;0;0;0;1;0.1;3.3;0.2;89%;41.2;0.1;2.6;4.0;4.7;0.5;11;1.1;0.1;13;1.1;12;2;16.6;14.6;0.8;1.2;5.3;52;21;0;0.1;0.5;0.0;6;2;0;11.8;10.0;No recurring injuries;Above Average;2.4;34;0.1;0;0;0;0;0;0;0;0;0;0;1.4;0.7
Second Division;R. Santander;Íñigo Vicente;AM (C);M (L);M (L), AM (LC);28;"5'10""";£24K - £28K p/w;£5.2M;Weak;Very Strong;6.91;0;1601;6;266.833333333333;0.3;3.9;3.9;2.1;0.2;18%;0.118181818181818;1.9;0.8;0.6;45%;0;0;0;1;0.1;5.04;0.3;89%;41.4;0.2;1.6;3.3;1.1;0.1;10;0.7;0.1;8;1.7;19;5;13.1;11.3;0.5;1.6;5.2;69;13;1;0.3;0.2;0.0;10;0;0;11.4;10.3;No recurring injuries;Below Average;3.5;16;0.2;0;0;0;0;0;0;0;0;0;0;1.1;1.1
Bundesliga 2;SC Paderborn 07;Filip Bilbija;AM (C);AM (RL);AM (RLC);26;"6'2""";£5.5K - £9K p/w;£425K - £4.2M;Fairly Strong;Very Strong;7.01;1;1339;5;267.8;0.3;3.86;3.86;1.14;0.3;15%;0.113529411764706;2.3;0.7;0.9;32%;0;1;100;2;0.1;1.8;0.1;90%;41.1;0.3;1.6;2.2;1.1;0.2;17;1.1;0.2;18;1.4;14;3;16.9;11.0;0.6;1.4;5.4;69;13;1;0.1;0.3;0.0;15;1;0;12.1;12.8;No recurring injuries;Average;3.8;25;0.1;0;0;0;0;0;0;0;0;0;0;1.0;1.3
Jupiler Pro League;OH Leuven;Mathieu Maertens;AM (C);ST (C);M/AM (C), ST (C);31;"6'0""";£5.75K - £8.25K p/w;£140K - £1.4M;Reasonable;Very Strong;6.86;1;1086;4;271.5;0.3;4.44;4.44;-0.44;0.4;15%;0.164444444444444;2.2;1.1;0.6;48%;0;0;0;3;0.2;3.26;0.3;87%;40.2;0.2;1.8;2.2;0.7;0.2;33;0.7;0.2;33;1.1;9;3;20.6;9.0;0.2;1.4;3.9;40;5;1;0.0;0.2;0.0;8;1;0;11.1;11.1;No recurring injuries;Above Average;4.4;26;0.1;0;0;0;0;0;0;0;0;0;0;1.1;1.7
Second Division;Alavés;Gaëtan Perrin;AM (L);M (RL), ST (C);M/AM (RL), ST (C);30;"5'8""";£9.75K - £14K p/w;£400K - £3.9M;Reasonable;Very Strong;7.07;1;1376;5;275.2;0.3;4.39;4.39;0.61;0.3;15%;0.133030303030303;2.2;0.7;0.7;30%;2;1;100;3;0.2;2.78;0.2;86%;43.9;0.3;2.0;4.3;2.5;0.8;31;2.5;0.8;32;3.9;20;3;16.5;5.1;1.5;2.1;10.7;77;30;0;0.2;0.5;0.0;12;0;0;11.7;16.4;No recurring injuries;Average;3.5;13;0.1;0;0;0;0;0;0;0;0;0;0;0.8;1.1
Jupiler Pro League;RAAL La Louvière;David Henen;ST (C);AM (L);AM (RL), ST (C);30;"6'1""";£2.1K - £3K p/w;£140K - £1.4M;Fairly Strong;Very Strong;6.66;0;1386;5;277.2;0.3;3.42;3.42;1.58;0.2;24%;0.162857142857143;1.4;0.7;0.5;52%;0;0;0;0;0.0;1.64;0.1;89%;25.6;0.1;0.8;0.6;0.5;0.1;14;0.5;0.1;14;0.8;25;13;27.5;0.8;0.3;1.0;1.8;80;5;0;0.1;0.4;0.0;13;1;0;10.6;6.3;No recurring injuries;Below Average;7.4;20;0.1;0;0;0;0;0;0;0;0;0;0;0.7;1.2
Second Division;Alavés;Sambou Soumano;ST (C);AM (LC);AM (LC), ST (C);25;"6'0""";£6K - £6.75K p/w;£425K - £7M;Weak;Very Strong;6.79;0;1114;4;278.5;0.3;3.61;3.61;0.39;0.3;10%;0.0859523809523809;3.4;1.7;1.5;50%;0;0;0;0;0.0;1.7;0.1;87%;27.8;0.2;0.9;0.3;0.2;0.1;33;0.2;0.1;33;1.5;17;12;19.3;2.4;0.1;1.2;1.6;100;1;0;0.2;0.2;0.0;16;0;0;10.4;6.1;No recurring injuries;Below Average;7.9;17;0.1;0;0;0;0;0;0;0;0;0;0;1.1;0.6
Eredivisie;Feyenoord;Sem Steijn;AM (C);;M/AM (C);25;"5'8""";£9.5K - £15K p/w;£26M - £32M;Reasonable;Very Strong;6.84;0;1705;6;284.166666666667;0.3;5.9;5.9;0.1;0.3;13%;0.125531914893617;2.5;0.8;0.8;32%;1;1;100;2;0.1;3.65;0.2;88%;47.6;0.4;2.1;3.0;5.4;0.6;10;1.1;0.2;20;0.6;11;5;14.6;12.0;0.3;1.1;3.8;40;15;1;0.1;0.1;0.0;10;0;0;12.1;11.3;No recurring injuries;Below Average;2.6;16;0.1;0;0;0;0;0;0;0;0;0;0;1.3;0.9
Sky Bet Championship;QPR;Ilias Chair;AM (L);M (C);M (C), AM (LC);29;"5'5""";£19.75K - £23.5K p/w;£5M - £7.8M;Weak;Very Strong;6.99;1;1990;7;284.285714285714;0.3;5.89;5.89;1.11;0.3;15%;0.12804347826087;2.1;0.9;0.5;41%;0;0;0;3;0.1;3.55;0.2;88%;42.1;0.4;1.7;3.2;1.2;0.2;14;1.1;0.2;17;1.7;25;10;16.9;11.1;0.5;0.9;5.7;80;15;0;0.1;0.2;0.0;16;0;0;12.5;12.8;No recurring injuries;Above Average;3.2;26;0.1;0;0;0;0;0;0;0;0;0;0;1.1;1.5
Ligue 1 McDonald's;Toulouse FC;Aron Dønnum;AM (R);WB/M (R), AM (L);WB/M (R), AM (RL);28;"5'10""";£18.25K - £21K p/w;£5.8M - £7.2M;Very Strong;Reasonable;7.12;2;1150;4;287.5;0.3;3.58;3.58;0.42;0.3;18%;0.162727272727273;1.7;0.5;0.5;32%;0;0;0;1;0.1;1.46;0.1;88%;50.4;0.2;2.0;4.3;3.8;0.7;18;3.5;0.6;18;4.6;13;9;17.8;4.1;1.8;2.5;10.1;82;28;0;0.2;0.5;0.0;20;1;0;11.9;16.7;No recurring injuries;Average;2.7;49;0.0;0;0;0;0;0;0;0;0;0;0;1.1;1.3
First Division;Burgos;Mario González;ST (C);;ST (C);30;"6'0""";£4.3K - £7.25K p/w;£550K - £1.2M;Reasonable;Very Strong;6.65;0;1160;4;290;0.3;2.16;2.16;1.84;0.2;18%;0.0981818181818182;1.7;1.0;0.5;59%;0;0;0;2;0.2;0.8;0.1;88%;26.5;0.1;0.9;0.5;0.3;0.2;75;0.3;0.2;75;1.4;26;13;25.1;1.2;0.1;1.1;1.5;50;2;0;0.2;0.2;0.0;16;0;0;10.1;5.1;No recurring injuries;Below Average;7.1;27;0.1;0;0;0;0;0;0;0;0;0;0;0.9;2.0
Jupiler Pro League;Dender EH;David Toševski;ST (C);AM (C);AM (C), ST (C);25;"6'2""";£2K - £2.8K p/w;£1.3M - £2.8M;Reasonable;Very Strong;6.78;0;1450;5;290;0.3;3.55;3.55;1.45;0.2;15%;0.107575757575758;2.0;0.8;0.7;39%;1;1;100;3;0.2;1.1;0.1;92%;25.6;0.1;1.2;1.1;0.4;0.0;0;0.4;0.0;0;0.2;17;3;16.9;2.4;0.2;0.5;1.2;57;7;0;0.2;0.2;0.0;7;0;0;10.0;5.2;No recurring injuries;Below Average;7.9;28;0.1;0;0;0;0;0;0;0;0;0;0;1.1;1.4
First Division;Oviedo;Thiago Borbas;ST (C);AM (R);AM (R), ST (C);24;"5'11""";£5K - £7.5K p/w;£6.4M - £10.5M;Fairly Strong;Very Strong;6.69;1;1453;5;290.6;0.3;5.93;4.35;-0.93;0.4;13%;0.152051282051282;2.4;1.4;0.6;59%;1;2;50;1;0.1;0.68;0.0;87%;26.6;0.1;0.7;0.9;0.7;0.2;36;0.6;0.2;30;0.8;19;11;18.3;1.7;0.1;0.6;1.8;25;8;0;0.1;0.4;0.0;16;1;0;10.1;6.1;No recurring injuries;Above Average;7.4;31;0.1;0;0;0;0;0;0;0;0;0;0;1.1;2.0
Bundesliga 2;SV Elversberg;Lukas Petkov;AM (R);M (R), AM (LC);M (R), AM (RLC);26;"6'0""";£7.75K - £11.5K p/w;£300K - £2.9M;Fairly Strong;Very Strong;7.33;4;1489;5;297.8;0.3;5.6;5.6;-0.6;0.3;12%;0.136585365853659;2.5;0.9;0.7;37%;3;1;100;1;0.1;2.35;0.1;88%;41.2;0.2;2.2;4.3;3.6;1.0;28;3.6;1.0;28;5.0;17;3;20.4;4.8;1.8;2.1;9.4;73;41;1;0.1;0.7;0.0;15;0;0;11.6;16.4;No recurring injuries;Below Average;3.0;22;0.1;0;0;0;0;0;0;0;0;0;0;1.0;1.1
Premier League;Alverca SAD;Figueiredo;AM (L);ST (C);AM (RL), ST (C);25;"5'10""";£1.9K - £2.9K p/w;Unknown;Very Weak;Very Weak;6.86;1;1201;4;300.25;0.3;3.25;3.25;0.75;0.2;16%;0.13;1.9;1.0;0.6;52%;0;0;0;2;0.1;1.76;0.1;89%;35.4;0.2;1.0;2.2;1.8;0.7;37;1.7;0.7;39;3.4;18;5;18.6;3.9;0.6;1.9;5.8;73;11;0;0.2;0.4;0.0;9;0;0;10.8;10.2;No recurring injuries;Average;5.8;28;0.1;0;0;0;0;0;0;0;0;0;0;0.9;1.3
Eredivisie;Ajax;Mika Godts;AM (L);AM (C);AM (RLC);21;"5'9""";£20.5K - £33K p/w;£24M - £30M;Reasonable;Very Strong;7.15;1;1507;5;301.4;0.3;3.99;3.99;1.01;0.2;14%;0.110833333333333;2.1;0.8;0.5;36%;0;0;0;3;0.2;3.26;0.2;90%;55.2;0.4;1.8;4.1;5.0;0.8;16;4.3;0.7;17;3.1;20;6;12.4;6.0;1.5;2.0;9.2;81;31;0;0.4;0.5;0.0;20;1;0;11.5;14.9;No recurring injuries;Above Average;2.9;20;0.0;0;0;0;0;0;0;0;0;0;0;1.8;1.0
Second Division;S. Gijón;Gaspar;AM (L);M (R), AM (C);M (RL), AM (RLC);26;"5'9""";£6.25K - £10.5K p/w;£12M - £16M;Fairly Strong;Very Strong;7.02;3;1219;4;304.75;0.3;2.11;2.11;1.89;0.2;20%;0.1055;1.5;0.7;0.3;45%;0;0;0;5;0.4;2.38;0.2;88%;46.7;0.5;1.8;3.7;3.1;0.8;26;3.1;0.8;26;2.5;15;6;11.9;5.9;1.3;2.7;9.7;77;22;0;0.1;0.7;0.0;12;0;0;11.2;13.5;No recurring injuries;High;2.8;13;0.1;0;0;0;0;0;0;0;0;0;0;1.6;1.1
Second Division;Coruña;David Mella;AM (L);M (R);M/AM (RL);21;"5'6""";£13.25K - £15.25K p/w;£25M - £31M;Very Strong;Reasonable;7.22;1;1240;4;310;0.3;2.64;2.64;1.36;0.2;15%;0.0977777777777778;2.0;0.9;0.6;48%;0;0;0;3;0.2;2.07;0.2;92%;48.6;0.1;2.1;4.4;3.3;0.9;28;3.1;0.9;30;2.5;18;6;16.3;6.2;1.1;2.0;10.7;79;19;0;0.1;0.4;0.0;9;0;0;10.8;16.3;No recurring injuries;Average;3.3;18;0.1;0;0;0;0;0;0;0;0;0;0;1.1;1.2
Second Division;Valladolid;Julien Ponceau;M (C);;M (C), AM (LC);26;"5'7""";£12K - £14.25K p/w;£300K - £2.9M;Weak;Very Strong;7.12;1;1243;4;310.75;0.3;2.56;2.56;1.44;0.2;18%;0.116363636363636;1.6;0.7;0.3;41%;0;1;100;1;0.1;3.62;0.3;90%;42.0;0.4;1.7;3.0;6.2;1.4;23;3.6;1.3;36;3.8;12;8;12.8;7.9;1.0;1.6;9.5;64;22;0;0.2;0.7;0.0;12;1;0;11.5;15.1;No recurring injuries;Below Average;3.8;17;0.0;0;0;0;0;0;0;0;0;0;0;1.7;1.1
First Division;Granada;Pablo Sáenz;AM (L);M (L), ST (C);M (L), AM (RL), ST (C);25;"5'9""";£23K - £27.5K p/w;£7M - £8.6M;Very Strong;Weak;6.86;0;1260;4;315;0.3;1.14;1.14;2.86;0.1;29%;0.0814285714285714;1.0;0.5;0.1;50%;0;0;0;2;0.1;1.5;0.1;88%;45.3;0.1;1.6;4.6;3.2;0.8;24;2.2;0.5;23;3.0;20;6;20.5;4.6;1.6;2.6;10.3;85;26;0;0.2;0.5;0.0;13;0;0;11.0;15.0;No recurring injuries;Above Average;4.1;9;0.1;0;0;0;0;0;0;0;0;0;0;1.1;1.9
Serie BKT;AC Monza;Paulo Azzi;D/M (L);M (R);D/WB/M (RL);32;"6'2""";£12.5K - £21K p/w;Not for Sale;Weak;Very Strong;7.13;2;1278;4;319.5;0.3;1.51;1.51;2.49;0.1;44%;0.167777777777778;0.6;0.2;0.0;33%;0;0;0;1;0.1;1.76;0.1;70%;21.1;0.0;0.0;0.0;0.0;0.0;0;0.0;0.0;0;0.0;20;0;0.0;0.0;1.8;0.0;0.0;100;26;0;0.0;0.0;0.0;18;0;0;0.0;0.0;No recurring injuries;Very Low;0.0;0;0.0;0;0;0;0;0;0;0;0;0;0;0.0;0.0
Ligue 1 McDonald's;LOSC;Matías Fernández-Pardo;AM (L);AM (R);AM (RL), ST (C);21;"6'0""";£26.5K - £33.5K p/w;£33M - £40M;Very Weak;Very Strong;6.87;1;1282;4;320.5;0.3;4.58;4.58;-0.58;0.3;13%;0.152666666666667;2.1;1.0;0.7;47%;0;0;0;1;0.1;2.67;0.2;88%;55.2;0.4;2.6;5.5;5.1;1.0;19;4.6;1.0;22;3.5;10;10;17.1;5.8;1.7;1.7;11.6;77;31;0;0.1;0.2;0.1;13;1;0;12.3;15.2;No recurring injuries;Average;3.2;33;0.0;0;0;0;0;0;0;0;0;0;0;1.5;1.1
Eredivisie;AZ;Isak Jensen;AM (L);M (L), AM (R);M (L), AM (RL);22;"6'1""";£10K - £16.75K p/w;£10.5M - £17.5M;Fairly Strong;Very Strong;7.08;2;1647;5;329.4;0.3;4.11;4.11;0.89;0.2;15%;0.124545454545455;1.8;0.8;0.7;42%;3;0;0;3;0.2;4.02;0.2;91%;48.1;0.5;1.5;3.5;5.0;0.7;14;3.1;0.6;20;3.4;13;14;15.4;4.8;1.7;2.2;9.5;78;40;0;0.3;0.4;0.0;21;0;0;11.4;17.0;No recurring injuries;Below Average;3.6;26;0.1;0;0;0;0;0;0;0;0;0;0;1.3;0.7
Second Division;Zaragoza;Sebas Moyano;AM (R);M (L), AM (C);M (RL), AM (RLC);29;"5'8""";£8.5K - £12.5K p/w;£2.1M - £4.7M;Weak;Very Strong;7.02;1;1330;4;332.5;0.3;2.18;2.18;1.82;0.1;13%;0.068125;2.2;0.8;1.2;38%;1;0;0;0;0.0;3.05;0.2;87%;43.6;0.3;1.5;2.9;7.6;2.0;26;4.6;1.2;26;4.6;23;9;19.4;4.7;1.2;1.9;7.7;86;21;0;0.3;0.3;0.0;21;1;0;11.6;11.9;No recurring injuries;Below Average;3.5;27;0.1;0;0;0;0;0;0;0;0;0;0;0.9;1.2
Jupiler Pro League;Charleroi;Isaac Mbenza;AM (R);ST (C);AM (R), ST (C);30;"6'2""";£7.25K - £10.25K p/w;£140K - £1.4M;Reasonable;Very Strong;7.25;3;1001;3;333.666666666667;0.3;2.29;2.29;0.71;0.2;15%;0.1145;1.8;0.7;0.7;40%;0;1;100;2;0.2;2.14;0.2;94%;40.7;0.3;2.2;4.5;3.8;0.6;16;3.8;0.6;17;3.3;10;4;18.6;3.7;1.3;1.6;9.4;65;23;1;0.1;0.4;0.0;11;0;0;10.9;13.6;No recurring injuries;Low;3.7;44;0.3;0;0;0;0;0;0;0;0;0;0;1.2;1.2
Ligue 1 McDonald's;Saint-Étienne;Tatsuya Ito;AM (RL);M (RL);M/AM (RL);29;"5'6""";£29K - £46.5K p/w;£6.4M;Reasonable;Very Strong;6.97;1;1335;4;333.75;0.3;2.68;2.68;1.32;0.2;13%;0.08375;2.2;0.5;0.7;25%;0;0;0;0;0.0;1.99;0.1;88%;43.7;0.3;2.2;4.0;4.2;0.9;22;4.2;0.9;23;3.0;14;11;18.9;4.0;1.9;1.5;11.0;67;42;0;0.1;0.3;0.0;11;0;0;12.0;19.1;Recurring hamstring strain;Very High;2.0;33;0.1;0;0;0;0;0;0;0;0;0;0;0.5;1.3
Second Division;Coruña;Yeremay;AM (L);M (L), AM (R);M (L), AM (RLC);23;"5'7""";£19.75K - £30.5K p/w;£25M - £31M;Fairly Strong;Very Strong;7.18;3;1344;4;336;0.3;2.5;2.5;1.5;0.2;12%;0.0757575757575758;2.2;1.1;1.0;52%;0;1;100;2;0.1;2.82;0.2;84%;46.2;0.4;1.9;4.4;6.4;1.1;17;2.9;0.8;27;3.8;22;6;16.3;5.5;1.5;2.5;10.4;76;29;0;0.3;0.5;0.0;17;1;0;11.2;13.9;No recurring injuries;Below Average;2.0;23;0.0;0;0;0;0;0;0;0;0;0;0;0.9;1.2
Serie BKT;Reggiana;Yayah Kallon;AM (R);AM (LC), ST (C);AM (RLC), ST (C);25;"5'9""";£16.5K - £24K p/w;£70K - £700K;Very Strong;Weak;6.66;0;1350;4;337.5;0.3;3.89;3.89;0.11;0.3;9%;0.0884090909090909;2.9;0.9;0.0;32%;0;0;0;2;0.1;1.37;0.1;61%;20.0;0.0;0.0;0.0;0.0;0.0;0;0.0;0.0;0;0.0;20;0;0.0;0.0;1.0;0.0;0.0;65;23;0;0.0;0.0;0.0;12;0;0;0.0;0.0;No recurring injuries;Very Low;0.0;0;0.0;0;0;0;0;0;0;0;0;0;0;0.0;0.0
Second Division;Albacete;José Carlos Lazo;AM (L);M (RL), AM (R);M (RL), AM (RLC);30;"5'11""";£8K - £12.25K p/w;£300K - £3M;Strong;Very Strong;7.11;3;1014;3;338;0.3;3.16;3.16;-0.16;0.3;21%;0.225714285714286;1.2;0.7;0.3;57%;0;1;100;3;0.3;2.24;0.2;90%;44.1;0.4;2.0;3.6;7.8;1.2;14;3.4;0.6;18;5.8;13;1;20.0;3.5;1.2;2.8;9.5;82;17;0;0.4;0.9;0.0;8;0;0;11.4;11.9;No recurring injuries;High;2.3;15;0.0;0;0;0;0;0;0;0;0;0;0;1.2;1.2
Jupiler Pro League;Club Brugge;Nicolò Tresoldi;ST (C);;ST (C);22;"6'1""";£18.5K - £26.5K p/w;£16M - £26M;Fairly Strong;Very Strong;6.96;0;1365;4;341.25;0.3;5.68;5.68;-1.68;0.4;8%;0.109230769230769;3.4;1.5;1.5;44%;0;0;0;3;0.2;1.18;0.1;90%;28.5;0.3;1.2;1.1;0.5;0.1;25;0.5;0.1;25;0.5;40;11;18.3;2.5;0.2;0.7;1.3;75;4;0;0.0;0.1;0.0;11;1;0;10.9;6.1;No recurring injuries;Below Average;7.3;39;0.4;0;0;0;0;0;0;0;0;0;0;1.2;0.8
Sky Bet Championship;Swansea;Ethan Galbraith;AM (C);D (R);D (R), DM, M/AM (C);25;"5'9""";£7K - £9.5K p/w;£12M - £16M;Reasonable;Very Strong;7.00;1;1366;4;341.5;0.3;3.64;3.64;0.36;0.2;11%;0.101111111111111;2.4;0.9;0.7;36%;1;0;0;2;0.1;2.09;0.1;88%;47.7;0.1;2.4;3.2;1.3;0.1;10;1.3;0.1;10;0.9;14;2;16.0;13.2;0.6;1.3;5.0;50;18;1;0.2;0.2;0.1;9;1;0;12.5;11.6;No recurring injuries;Below Average;2.8;14;0.1;0;0;0;0;0;0;0;0;0;0;1.4;1.3
Sky Bet Championship;Leicester;Randy Nteka;ST (C);;AM (C), ST (C);29;"6'2""";£11.25K - £15.75K p/w;£4.7M - £9.2M;Very Strong;Reasonable;6.90;2;1370;4;342.5;0.3;5.27;4.46;-1.27;0.3;9%;0.112127659574468;3.1;1.2;1.0;40%;1;1;0;2;0.1;1.45;0.1;91%;30.5;0.0;1.4;1.1;0.3;0.1;25;0.3;0.1;25;1.2;24;8;22.2;2.2;0.1;0.9;1.4;100;2;0;0.0;0.1;0.0;11;3;0;11.0;8.7;No recurring injuries;Below Average;9.2;33;0.1;0;0;0;0;0;0;0;0;0;0;1.1;1.4
Bundesliga;FC St. Pauli;Taichi Hara;ST (C);AM (RL);AM (RL), ST (C);27;"6'3""";£20.5K - £32K p/w;£550K - £5.4M;Strong;Very Strong;6.65;1;1034;3;344.666666666667;0.3;4.72;3.91;-1.72;0.4;9%;0.134857142857143;3.0;1.5;1.2;49%;1;2;50;0;0.0;0.16;0.0;90%;29.6;0.0;0.8;0.7;0.3;0.0;0;0.3;0.0;0;0.6;25;10;21.2;1.6;0.2;0.8;1.8;67;3;0;0.3;0.2;0.0;10;0;0;9.8;4.6;No recurring injuries;Below Average;6.6;39;0.0;0;0;0;0;0;0;0;0;0;0;0.5;1.2
Serie A;Empoli FC;Faustino Anjorin;AM (C);AM (L);M (C), AM (LC);25;"6'1""";£19.75K - £31K p/w;£4.5M - £7.2M;Fairly Strong;Very Strong;6.70;0;1389;4;347.25;0.3;3.48;3.48;0.52;0.2;13%;0.112258064516129;2.0;0.7;0.6;35%;0;1;100;1;0.1;1.68;0.1;87%;24.1;0.3;0.6;1.7;3.6;0.6;18;1.2;0.3;21;1.0;25;2;10.6;7.6;1.0;0.8;3.9;79;19;0;0.1;0.3;0.0;15;2;0;5.6;6.8;No recurring injuries;Very Low;1.6;44;0.0;0;0;0;0;0;0;0;0;0;0;0.5;1.0
Eredivisie;AZ;Matěj Šín;AM (C);;M/AM (C);22;"5'10""";£3.6K - £5.5K p/w;£7.2M - £11.5M;Very Strong;Reasonable;6.99;2;2090;6;348.333333333333;0.3;4.4;4.4;1.6;0.2;13%;0.0956521739130435;2.0;0.9;0.6;43%;1;1;100;1;0.0;3.68;0.2;86%;41.9;0.2;2.2;2.7;0.6;0.2;30;0.6;0.2;31;1.8;13;6;19.5;10.0;0.7;1.3;4.6;85;20;2;0.0;0.4;0.0;11;0;0;12.0;11.7;No recurring injuries;Below Average;3.5;21;0.0;0;0;0;0;0;0;0;0;0;0;1.3;0.8
Premier League;Estrela da Amadora SAD;Abraham Marcus;AM (RL);;AM (RL);26;"5'10""";£1K - £1.8K p/w;Unknown;Very Weak;Very Weak;6.87;0;1054;3;351.333333333333;0.3;1.98;1.98;1.02;0.2;16%;0.104210526315789;1.6;0.5;0.4;32%;1;0;0;1;0.1;1.33;0.1;88%;43.5;0.5;1.7;3.4;3.3;0.8;23;3.3;0.8;23;4.1;16;4;17.1;4.3;1.7;1.6;8.1;87;23;0;0.3;0.4;0.0;17;1;0;11.3;11.9;No recurring injuries;Below Average;4.1;27;0.0;0;0;0;0;0;0;0;0;0;0;1.0;1.4
Serie A;Empoli FC;Emmanuel Gyasi;WB/M (R);AM (RL), ST (C);WB/M (R), AM (RL), ST (C);32;"6'0""";£18.25K - £27K p/w;Not for Sale;Reasonable;Very Strong;6.94;0;1416;4;354;0.3;2.76;2.76;1.24;0.2;17%;0.115;1.5;0.8;0.2;54%;0;0;0;1;0.1;0.75;0.0;89%;39.2;0.1;1.3;2.7;2.9;1.1;36;2.9;1.1;37;2.2;16;4;13.8;3.9;1.3;1.6;8.5;78;27;0;0.1;0.3;0.0;17;0;0;9.6;13.9;No recurring injuries;Very Low;3.4;40;0.1;0;0;0;0;0;0;0;0;0;0;0.5;1.0
First Division;Levante;Iván Romero;ST (C);AM (RL);AM (RL), ST (C);25;"5'8""";£28K - £32K p/w;£23M - £33M;Fairly Strong;Very Strong;6.97;0;1077;3;359;0.3;1.57;1.57;1.43;0.1;14%;0.0747619047619048;1.8;0.6;1.0;33%;0;0;0;0;0.0;1.07;0.1;88%;48.9;0.2;2.1;3.9;3.3;0.5;15;3.3;0.5;15;3.8;12;4;20.0;3.5;1.4;2.2;10.7;85;20;1;0.0;0.7;0.0;9;0;0;11.3;14.6;No recurring injuries;Above Average;2.3;41;0.0;0;0;0;0;0;0;0;0;0;0;0.7;1.5
Premier League;Gil Vicente;Santi García;AM (C);AM (R);M (C), AM (RC);25;"6'0""";£2K - £2.9K p/w;£7.2M - £12.5M;Fairly Strong;Very Strong;6.96;0;1080;3;360;0.2;4.18;4.18;-1.18;0.3;11%;0.154814814814815;2.2;0.8;0.3;37%;0;0;0;0;0.0;2.3;0.2;89%;44.8;0.3;1.5;2.9;2.8;0.6;21;2.8;0.6;21;3.9;12;12;17.5;5.2;1.3;1.6;9.8;84;19;0;0.1;0.2;0.0;25;3;0;11.4;14.0;No recurring injuries;Below Average;3.2;49;0.0;0;0;0;0;0;0;0;0;0;0;0.9;1.2
Premier League;Alverca SAD;Chiquinho;AM (RL);;AM (RL);26;"5'10""";£17K - £27.5K p/w;£6M - £7.6M;Weak;Very Strong;7.08;3;1088;3;362.666666666667;0.2;1.22;1.22;1.78;0.1;25%;0.101666666666667;1.0;0.3;0.2;33%;0;1;100;2;0.2;1.34;0.1;89%;43.9;0.3;2.1;4.1;5.2;0.8;15;2.6;0.4;16;5.3;16;6;17.0;6.2;1.2;2.6;10.3;60;25;0;0.2;0.4;0.0;16;1;0;12.4;16.9;No recurring injuries;Above Average;3.2;28;0.0;0;0;0;0;0;0;0;0;0;0;0.9;1.2
Premier League;Famalicão;Sorriso;AM (L);AM (R), ST (C);AM (RL), ST (C);25;"5'9""";£2.2K - £3.4K p/w;£8.4M - £10.5M;Reasonable;Very Strong;6.94;1;1094;3;364.666666666667;0.2;3.74;3.74;-0.74;0.3;12%;0.1496;2.1;0.7;0.7;36%;0;0;0;0;0.0;1.41;0.1;87%;42.7;0.2;1.8;3.7;7.6;1.8;23;4.4;1.2;26;4.1;15;3;19.1;5.2;1.6;2.0;10.2;63;30;0;0.1;0.6;0.0;13;1;0;12.7;16.3;No recurring injuries;Below Average;3.5;29;0.0;0;0;0;0;0;0;0;0;0;0;1.2;1.4
Jupiler Pro League;KAA Gent;Dante Vanzeir;ST (C);AM (R);AM (R), ST (C);28;"5'9""";£9.75K - £14.75K p/w;£2.1M - £4.7M;Reasonable;Very Strong;6.84;2;1096;3;365.333333333333;0.2;5.31;5.31;-2.31;0.4;8%;0.13275;3.3;1.2;1.3;38%;2;1;100;0;0.0;0.71;0.1;89%;29.8;0.1;1.5;1.3;0.7;0.2;37;0.7;0.2;38;0.2;27;3;20.0;1.6;0.5;0.2;2.0;67;9;0;0.2;0.0;0.0;6;2;0;10.0;5.5;No recurring injuries;Above Average;8.3;18;0.3;0;0;0;0;0;0;0;0;0;0;1.1;1.4
Second Division;Mallorca;Jan Virgili;AM (R);;AM (RL);20;"5'10""";£6.5K - £7.25K p/w;£17.5M;Weak;Very Strong;7.13;2;1097;3;365.666666666667;0.2;2.6;2.6;0.4;0.2;11%;0.0928571428571429;2.3;1.0;0.7;43%;0;0;0;3;0.2;1.48;0.1;88%;47.7;0.4;2.4;4.3;2.5;0.5;19;2.5;0.5;19;3.6;15;2;14.3;5.1;1.5;2.1;10.1;82;22;1;0.4;0.7;0.0;8;0;0;11.6;15.4;No recurring injuries;Below Average;3.1;32;0.0;0;0;0;0;0;0;0;0;0;0;1.7;1.0
Serie A;Udinese;Erik Botheim;ST (C);AM (RC);AM (RC), ST (C);26;"6'2""";£17K - £20K p/w;£4.4M - £8.4M;Reasonable;Very Strong;7.14;3;1111;3;370.333333333333;0.2;3.23;3.23;-0.23;0.3;10%;0.104193548387097;2.5;1.1;1.0;45%;0;0;0;5;0.4;2.71;0.2;91%;38.3;0.5;2.0;3.4;3.8;1.0;25;3.8;1.0;26;1.9;15;3;19.8;4.7;1.1;1.7;7.4;76;17;0;0.2;0.5;0.0;8;0;0;10.7;13.8;No recurring injuries;Very Low;4.5;30;0.0;0;0;0;0;0;0;0;0;0;0;1.2;1.1
Second Division;Huesca;Dani Ojeda;AM (R);M (RL), AM (L), ST (C);M/AM (RL), ST (C);32;"5'10""";£8.25K - £12K p/w;£110K - £1.1M;Fairly Strong;Very Strong;6.91;1;1139;3;379.666666666667;0.2;4.41;3.6;-1.41;0.3;12%;0.169615384615385;2.1;0.9;0.6;46%;1;3;67;0;0.0;1.37;0.1;89%;41.2;0.0;2.1;4.0;3.5;0.7;20;2.7;0.6;24;2.8;13;3;17.8;5.1;1.4;1.8;9.8;75;24;0;0.2;0.9;0.0;11;1;0;10.5;11.5;No recurring injuries;Above Average;3.5;11;0.2;0;0;0;0;0;0;0;0;0;0;0.9;0.9
Premier League;Arouca;Tiago Esgaio;D (R);D (L), WB (R);D (RL), WB (R);31;"5'9""";£2.7K - £4.5K p/w;Not for Sale;Very Weak;Very Weak;7.23;1;1170;3;390;0.2;1.25;1.25;1.75;0.1;21%;0.0892857142857143;1.1;0.2;0.5;21%;0;0;0;1;0.1;0.39;0.0;89%;53.8;0.1;0.9;5.6;1.7;0.3;18;1.7;0.3;18;0.7;5;2;13.1;13.8;1.8;3.5;6.5;83;29;1;0.5;1.0;0.9;18;0;0;11.9;16.4;No recurring injuries;Low;4.2;61;0.5;0;0;0;0;0;0;0;0;0;0;1.3;0.8
Serie BKT;Palermo;Giangiacomo Magnani;D (C);;D (C);31;"6'3""";£9K - £10.5K p/w;Not for Sale;Weak;Very Strong;7.32;1;1170;3;390;0.2;0.63;0.63;2.37;0.0;33%;0.07;0.7;0.2;0.2;22%;0;0;0;2;0.2;0.08;0.0;79%;24.8;0.0;0.0;0.7;0.1;0.0;0;0.1;0.0;0;0.0;16;0;0.9;2.8;2.0;0.4;1.0;93;28;1;0.1;0.4;0.1;10;3;0;2.3;0.9;No recurring injuries;Very Low;1.3;82;0.2;0;0;0;0;0;0;0;0;0;0;0.3;0.2
Jupiler Pro League;Club Brugge;Ibrahim Sadiq;AM (R);AM (C);AM (RLC), ST (C);26;"5'6""";£15.25K - £23K p/w;£7.2M - £9M;Weak;Very Strong;6.98;3;1184;3;394.666666666667;0.2;1.71;1.71;1.29;0.1;14%;0.0777272727272727;1.7;0.8;0.6;45%;1;0;0;0;0.0;1.46;0.1;89%;40.7;0.5;1.7;4.3;4.3;1.3;30;4.3;1.3;30;5.5;9;6;18.4;4.3;1.1;2.1;9.4;68;22;0;0.4;0.6;0.0;16;1;0;11.1;14.6;No recurring injuries;High;3.3;57;0.0;0;0;0;0;0;0;0;0;0;0;1.2;0.6
Bundesliga;1. FC Union Berlin;Ilyas Ansah;ST (C);AM (C);AM (LC), ST (C);22;"6'6""";£22K - £37K p/w;£5.4M - £8.8M;Weak;Very Strong;6.69;0;1221;3;407;0.2;4.61;4.61;-1.61;0.3;7%;0.100217391304348;3.4;1.2;1.3;35%;3;0;0;1;0.1;0.6;0.0;90%;29.2;0.1;0.9;0.7;0.4;0.0;0;0.4;0.0;0;0.7;30;5;23.1;1.5;0.1;0.6;1.3;33;3;0;0.0;0.3;0.0;12;0;0;10.3;7.0;No recurring injuries;Below Average;7.8;35;0.1;0;0;0;0;0;0;0;0;0;0;0.8;1.2
Bundesliga 2;Hertha BSC;Suleman Sani;AM (L);M (RL);M/AM (RL);20;"5'9""";£17.5K - £28K p/w;£8.2M - £11M;Reasonable;Very Strong;6.91;0;1246;3;415.333333333333;0.2;4.79;4.79;-1.79;0.3;7%;0.104130434782609;3.3;1.4;0.6;41%;0;0;0;1;0.1;1.68;0.1;90%;44.7;0.1;2.2;4.1;3.8;0.6;15;3.8;0.6;15;4.2;14;8;18.6;5.1;2.2;1.4;9.6;79;39;0;0.0;0.3;0.0;24;2;0;11.6;16.0;No recurring injuries;Above Average;3.3;44;0.0;0;0;0;0;0;0;0;0;0;0;1.4;1.0
Ligue 1 McDonald's;Toulouse FC;Frank Magri;ST (C);AM (R);AM (R), ST (C);27;"5'10""";£7.5K - £13K p/w;£2.7M - £5.8M;Reasonable;Very Strong;6.79;0;1250;3;416.666666666667;0.2;4.61;4.61;-1.61;0.3;6%;0.0903921568627451;3.7;1.6;1.2;43%;1;2;100;0;0.0;0.36;0.0;87%;30.5;0.1;1.2;0.9;0.4;0.1;20;0.4;0.1;20;0.7;26;6;18.3;1.5;0.1;0.6;1.7;20;5;0;0.1;0.2;0.0;12;0;0;10.8;9.0;No recurring injuries;Above Average;7.8;28;0.1;0;0;0;0;0;0;0;0;0;0;0.9;1.2
Serie BKT;Palermo;Dimitris Nikolaou;D (C);;D (C);28;"6'2""";£4.4K - £7.25K p/w;£1.4M - £3.1M;Very Strong;Weak;7.43;1;1260;3;420;0.2;1.3;1.3;1.7;0.1;25%;0.108333333333333;0.9;0.2;0.0;25%;0;0;0;0;0.0;0.02;0.0;82%;25.5;0.0;0.1;0.6;0.0;0.0;0;0.0;0.0;0;0.0;18;0;1.2;2.6;1.1;0.7;0.6;88;17;0;0.2;0.2;0.0;15;1;2;2.0;1.6;No recurring injuries;Very Low;1.0;71;0.0;0;0;0;0;0;0;0;0;0;0;0.3;0.1
Ligue 1 McDonald's;Paris FC;Moses Simon;AM (L);M (L);M/AM (L);31;"5'6""";£44.5K - £55K p/w;Not for Sale;Reasonable;Very Strong;6.93;0;1280;3;426.666666666667;0.2;3.11;3.11;-0.11;0.2;11%;0.115185185185185;1.9;0.9;0.5;48%;0;0;0;0;0.0;1.13;0.1;89%;42.3;0.2;1.5;3.4;4.1;1.2;29;3.7;1.2;33;4.5;9;2;16.2;4.9;1.1;2.5;10.3;63;24;0;0.3;0.9;0.1;11;0;0;12.2;16.0;No recurring injuries;Above Average;2.5;31;0.1;0;0;0;0;0;0;0;0;0;0;1.1;1.3
Second Division;Albacete;Antonio Puertas;AM (R);M (RL), AM (L);M (RL), AM (RLC);34;"6'0""";£16K - £24.5K p/w;£30K - £300K;Reasonable;Very Strong;7.20;1;1722;4;430.5;0.2;8.64;8.64;-4.64;0.5;7%;0.151578947368421;3.0;1.3;0.7;44%;1;2;100;1;0.1;2.21;0.1;88%;44.8;0.3;1.9;3.9;3.3;0.4;11;2.9;0.3;11;4.8;27;6;22.2;4.2;1.2;2.2;9.8;72;32;0;0.3;0.8;0.0;22;0;0;12.2;17.7;No recurring injuries;Low;4.0;23;0.1;0;0;0;0;0;0;0;0;0;0;0.9;1.1
Sky Bet Championship;Bristol City;Jason Knight;M/AM (C);;M/AM (C);25;"5'8""";£17.5K - £25K p/w;£7.2M - £12M;Weak;Very Strong;6.55;0;1751;4;437.75;0.2;2.16;2.16;1.84;0.1;16%;0.0864;1.3;0.6;0.4;48%;0;0;0;1;0.1;2.55;0.1;87%;2.8;0.0;0.1;0.2;0.0;0.0;0;0.0;0.0;0;0.0;5;0;10.1;14.8;0.1;0.2;0.8;50;2;0;0.1;0.1;0.1;6;4;0;0.8;0.7;No recurring injuries;Low;0.1;0;0.1;0;0;0;0;0;0;0;0;0;0;1.7;0.8
Sky Bet Championship;Middlesbrough;Riley McGree;M (C);AM (C);M (C), AM (LC);28;"5'10""";£21K - £24.5K p/w;£10M - £12M;Very Strong;Fairly Strong;6.79;0;1318;3;439.333333333333;0.2;3.41;3.41;-0.41;0.2;11%;0.121785714285714;1.9;0.8;0.6;39%;0;0;0;1;0.1;3.72;0.3;89%;43.0;0.3;1.2;2.8;2.9;0.6;20;2.9;0.6;21;2.7;11;6;19.1;4.3;1.8;2.1;9.1;77;35;0;0.3;0.4;0.0;18;0;0;11.3;15.2;No recurring injuries;High;5.0;44;0.1;0;0;0;0;0;0;0;0;0;0;1.1;1.3
Serie BKT;Pisa;Mirko Antonucci;AM (C);M (C);M (C), AM (RLC);27;"5'11""";£11.25K - £19.25K p/w;£2M - £4.3M;Fairly Strong;Very Strong;7.18;1;1341;3;447;0.2;4.95;4.95;-1.95;0.3;8%;0.12375;2.7;1.3;0.1;50%;0;0;0;4;0.3;1.4;0.1;75%;24.0;0.0;0.2;0.2;0.1;0.0;0;0.1;0.0;0;0.3;18;2;3.7;1.7;0.9;0.2;0.7;72;18;0;0.0;0.1;0.0;17;0;0;2.1;1.6;No recurring injuries;Very Low;0.7;18;0.0;0;0;0;0;0;0;0;0;0;0;0.4;0.1
Bundesliga 2;Karlsruher SC;Marvin Wanitzek;M (C);M (L);M/AM (LC);33;"5'10""";£16K - £24.5K p/w;Not for Sale;Reasonable;Very Strong;6.69;0;1342;3;447.333333333333;0.2;5.53;5.53;-2.53;0.4;8%;0.145526315789474;2.5;1.0;0.8;39%;1;1;100;5;0.3;4.05;0.3;91%;3.1;0.4;0.4;0.3;5.4;0.9;17;0.0;0.0;0;0.1;9;0;15.4;11.7;0.5;0.3;0.9;64;11;1;0.1;0.1;0.1;2;1;0;1.0;1.6;No recurring injuries;Very Low;0.1;0;0.0;0;0;0;0;0;0;0;0;0;0;1.1;0.7
Serie BKT;Cremonese;Jari Vandeputte;M (C);M (L), AM (LC);M/AM (LC);30;"5'9""";£14.5K - £22.5K p/w;£1M - £10M;Reasonable;Very Strong;7.54;1;1350;3;450;0.2;3.81;3.81;-0.81;0.3;9%;0.112058823529412;2.3;1.1;0.0;50%;0;0;0;4;0.3;0.47;0.0;71%;20.0;0.0;0.0;0.0;0.0;0.0;0;0.0;0.0;0;0.0;30;0;0.0;0.0;1.3;0.0;0.0;74;27;0;0.0;0.0;0.0;19;0;0;0.0;0.0;No recurring injuries;Very Low;0.0;0;0.0;0;0;0;0;0;0;0;0;0;0;0.0;0.0
First Division;Oviedo;Haissem Hassan;AM (R);M (R);M (R), AM (RL);24;"5'10""";£6.25K - £10.25K p/w;£11.5M - £18.5M;Very Strong;Reasonable;7.10;3;1364;3;454.666666666667;0.2;2.71;2.71;0.29;0.2;10%;0.093448275862069;1.9;0.9;0.9;45%;0;0;0;4;0.3;3.25;0.2;88%;49.8;0.5;2.0;4.8;3.4;0.8;23;3.0;0.7;22;4.8;21;9;14.6;3.6;1.1;1.8;8.7;85;20;0;0.4;0.5;0.0;20;2;0;11.2;12.8;No recurring injuries;Average;4.2;23;0.1;0;0;0;0;0;0;0;0;0;0;1.1;1.9
Eredivisie;Feyenoord;Leo Sauer;AM (L);M (RL), AM (C);M (RL), AM (RLC);20;"6'0""";£20K - £30.5K p/w;£30M - £37M;Weak;Very Strong;6.74;1;1368;3;456;0.2;3.83;3.83;-0.83;0.3;7%;0.0870454545454546;2.9;1.0;1.2;34%;1;0;0;2;0.1;2.1;0.1;90%;49.4;0.4;1.3;3.7;3.6;0.7;20;3.6;0.7;20;5.5;23;6;12.0;7.3;2.0;2.0;10.2;76;41;0;0.4;0.5;0.1;19;1;0;12.0;15.5;No recurring injuries;Below Average;3.9;53;0.1;0;0;0;0;0;0;0;0;0;0;1.4;1.0
Sky Bet Championship;Cardiff;Alex Robertson;AM (C);;M/AM (C);23;"6'0""";£11.75K - £17K p/w;£3.5M - £5.8M;Reasonable;Very Strong;6.58;0;1381;3;460.333333333333;0.2;2.02;2.02;0.98;0.1;23%;0.155384615384615;0.8;0.3;0.3;38%;0;1;100;3;0.2;2.66;0.2;0%;0.0;0.3;0.2;0.0;2.2;0.5;20;0.0;0.0;0;0.0;5;0;14.6;10.9;0.0;0.0;0.0;0;0;0;0.0;0.0;0.0;2;2;0;0.0;0.0;No recurring injuries;Average;0.0;0;0.0;0;0;0;0;0;0;0;0;0;0;1.4;1.1
Sky Bet Championship;Stockport;Salvi Sánchez;AM (R);;M/AM (R);35;"5'9""";£4.4K - £6.25K p/w;£250K - £800K;Fairly Strong;Very Strong;6.89;1;1383;3;461;0.2;2.29;2.29;0.71;0.1;12%;0.0916;1.6;0.7;0.3;40%;0;0;0;1;0.1;2.7;0.2;87%;40.0;0.3;2.2;3.9;2.4;0.2;8;2.4;0.2;8;3.5;16;5;20.6;4.8;1.7;2.0;10.4;68;38;1;0.1;0.8;0.0;13;0;0;11.6;14.4;No recurring injuries;Average;3.6;22;0.0;0;0;0;0;0;0;0;0;0;0;1.4;1.6
Ligue 1 McDonald's;AS Monaco;Motohiko Nakajima;ST (C);M (C), AM (LC);M (C), AM (LC), ST (C);27;"5'7""";£15.5K - £19K p/w;£190K - £1.9M;Reasonable;Very Strong;6.65;0;1390;3;463.333333333333;0.2;4.3;4.3;-1.3;0.3;9%;0.126470588235294;2.2;1.4;0.6;65%;0;0;0;0;0.0;0.76;0.0;89%;26.1;0.1;1.2;0.9;1.7;0.2;11;0.6;0.1;22;0.8;20;12;18.4;1.8;0.1;0.8;2.1;67;3;0;0.1;0.1;0.0;15;0;0;10.3;6.4;No recurring injuries;Average;7.1;21;0.0;0;0;0;0;0;0;0;0;0;0;1.2;0.9
Sky Bet Championship;Burnley;Loum Tchaouna;AM (R);M (RL), AM (C);M (RL), AM (RLC);23;"5'11""";£20K - £23K p/w;£14.5M - £21M;Very Strong;Reasonable;7.06;2;1854;4;463.5;0.2;6.82;6.82;-2.82;0.3;7%;0.117586206896552;2.8;0.9;1.0;33%;1;0;0;0;0.0;2.23;0.1;90%;46.8;0.3;2.2;4.9;3.3;0.8;24;3.3;0.8;25;2.8;24;10;14.2;4.6;1.7;1.7;9.8;76;45;0;0.2;0.5;0.0;17;0;0;12.2;15.6;No recurring injuries;Low;2.9;42;0.0;0;0;0;0;0;0;0;0;0;0;1.4;0.8
Jupiler Pro League;KAA Gent;Mathias Delorge;M (C);;DM, M (C);22;"6'2""";£2.2K - £3.9K p/w;£7.4M - £12M;Very Strong;Reasonable;6.54;0;1473;3;491;0.2;2.12;2.12;0.88;0.1;15%;0.106;1.2;0.4;0.3;35%;0;0;0;2;0.1;4.29;0.3;0%;0.0;0.2;0.1;0.0;0.0;0.0;0;0.0;0.0;0;0.0;6;0;13.3;12.6;0.0;0.0;0.0;0;0;0;0.0;0.0;0.0;1;1;0;0.0;0.0;No recurring injuries;Average;0.0;0;0.0;0;0;0;0;0;0;0;0;0;0;1.0;1.3
Second Division;Las Palmas;Manu Fuster;AM (L);;AM (LC);29;"5'7""";£5.75K - £9K p/w;£4.7M - £7.6M;Fairly Strong;Very Strong;6.95;0;1482;3;494;0.2;4.6;4.6;-1.6;0.3;6%;0.0901960784313725;3.1;1.2;1.2;39%;5;0;0;2;0.1;3.12;0.2;89%;42.9;0.7;1.8;3.2;9.0;2.0;22;2.2;0.6;27;2.2;27;8;14.8;4.6;1.9;1.9;8.3;91;35;1;0.2;0.4;0.1;14;0;0;11.1;12.2;No recurring injuries;Below Average;3.0;12;0.0;0;0;0;0;0;0;0;0;0;0;1.2;1.0
Sky Bet Championship;Cardiff;Rubin Colwill;AM (L);M (C);M (C), AM (LC);24;"6'2""";£27K - £30.5K p/w;£6M - £9.2M;Reasonable;Very Strong;6.78;1;1513;3;504.333333333333;0.2;2.82;2.82;0.18;0.2;12%;0.108461538461538;1.5;0.7;0.4;42%;2;0;0;1;0.1;2.91;0.2;87%;42.6;0.1;1.4;2.9;2.4;0.5;19;2.0;0.4;18;4.3;18;7;19.5;5.2;2.0;2.0;9.3;85;39;1;0.4;0.5;0.0;13;1;0;11.3;13.4;No recurring injuries;Above Average;4.9;54;0.2;0;0;0;0;0;0;0;0;0;0;1.4;1.4
Bundesliga 2;FC Schalke 04;Adil Aouchiche;AM (C);AM (L);M (C), AM (LC);24;"5'11""";£18.75K - £26.5K p/w;£2.1M - £4.5M;Reasonable;Very Strong;6.89;1;1013;2;506.5;0.2;2.84;2.03;-0.84;0.3;7%;0.101428571428571;2.5;1.4;0.8;57%;0;2;50;0;0.0;2;0.2;88%;40.3;0.4;2.0;3.2;5.4;1.0;18;1.0;0.2;18;1.5;3;2;18.7;8.8;0.3;1.3;4.6;43;7;0;0.4;0.4;0.0;6;1;0;12.2;12.1;No recurring injuries;Average;4.3;23;0.0;0;0;0;0;0;0;0;0;0;0;0.9;0.7
Sky Bet Championship;Bristol City;Yu Hirakawa;AM (R);M (R), AM (C);M (R), AM (RLC);25;"5'7""";£10K - £11K p/w;£500K - £5.8M;Fairly Strong;Very Strong;6.82;1;1528;3;509.333333333333;0.2;2.63;2.63;0.37;0.2;13%;0.114347826086957;1.4;0.4;0.5;30%;0;0;0;4;0.2;6.8;0.4;89%;39.9;0.6;1.3;5.0;3.1;1.2;38;3.1;1.2;38;2.4;15;0;13.4;5.7;1.7;2.4;11.9;67;43;0;0.0;0.6;0.0;19;3;0;11.3;10.6;No recurring injuries;Below Average;2.1;8;0.0;0;0;0;0;0;0;0;0;0;0;1.7;0.8
Second Division;Almería;Daijiro Chirino;D (R);WB (R), DM;D (RC), WB (R), DM;24;"6'1""";£21K - £26K p/w;£900K;Reasonable;Very Strong;6.73;0;1021;2;510.5;0.2;0.52;0.52;1.48;0.0;40%;0.104;0.4;0.2;0.0;40%;0;0;0;0;0.0;0.5;0.0;92%;42.0;0.2;0.0;1.7;0.1;0.0;0;0.1;0.0;0;0.3;6;0;3.0;14.7;0.3;3.8;1.9;75;4;0;0.7;1.1;0.4;4;2;0;11.1;5.4;No recurring injuries;Below Average;4.1;57;0.3;0;0;0;0;0;0;0;0;0;0;1.1;1.0
First Division;Elche;Germán Valera;AM (L);M (L), ST (C);M/AM (RL), ST (C);24;"5'7""";£36K - £51K p/w;£19M - £31M;Very Strong;Weak;6.83;1;1026;2;513;0.2;1.91;1.91;0.09;0.2;12%;0.112352941176471;1.5;0.5;0.6;35%;1;0;0;1;0.1;0.85;0.1;88%;49.2;0.0;1.8;4.3;2.4;0.5;22;2.4;0.5;22;3.6;13;5;23.9;3.2;1.2;2.1;10.1;82;17;0;0.2;0.8;0.0;13;1;0;12.5;14.3;No recurring injuries;Average;2.9;3;0.0;0;0;0;0;0;0;0;0;0;0;0.8;2.0
Second Division;S. Gijón;Àlex Corredera;M (C);;DM, M (C);30;"5'11""";£18K - £26K p/w;£275K - £2.7M;Very Strong;Reasonable;6.47;0;1027;2;513.5;0.2;2.15;2.15;-0.15;0.2;7%;0.0796296296296296;2.4;0.9;0.6;37%;0;0;0;2;0.2;2.08;0.2;0%;0.0;0.4;0.2;0.0;7.8;1.1;14;0.0;0.0;0;0.0;11;0;10.9;15.9;0.0;0.0;0.0;0;0;0;0.0;0.0;0.0;5;3;1;0.0;0.0;No recurring injuries;Average;0.0;0;0.0;0;0;0;0;0;0;0;0;0;0;1.8;1.0
Serie A;Udinese;Iker Bravo;ST (C);AM (R);AM (RC), ST (C);21;"6'0""";£19.5K - £28K p/w;£9.8M - £12M;Reasonable;Very Strong;6.89;0;1049;2;524.5;0.2;2.76;2.76;-0.76;0.2;8%;0.115;2.1;1.1;0.3;54%;0;0;0;1;0.1;0.41;0.0;90%;36.7;0.1;1.0;1.9;1.3;0.2;13;1.3;0.2;13;3.3;12;5;21.0;3.3;0.4;1.7;5.4;83;6;0;0.3;0.4;0.0;10;1;0;10.3;10.2;No recurring injuries;Very Low;5.7;39;0.1;0;0;0;0;0;0;0;0;0;0;0.9;1.2
Ligue 2 BKT;Montpellier;William Balikwisha;AM (L);M (L), AM (C);M/AM (LC);27;"5'9""";£1.6K - £2.8K p/w;£450K - £4.4M;Weak;Very Strong;6.99;2;1052;2;526;0.2;1.87;1.87;0.13;0.2;15%;0.143846153846154;1.1;0.3;0.4;31%;1;0;0;0;0.0;0.38;0.0;85%;42.9;0.0;1.3;2.8;3.3;0.5;15;3.3;0.5;15;3.3;12;6;14.1;6.4;1.0;2.8;10.9;67;18;0;0.2;0.4;0.0;15;0;0;11.2;14.6;No recurring injuries;Below Average;3.9;24;0.0;0;0;0;0;0;0;0;0;0;0;1.2;0.9
Jupiler Pro League;Union SG;Mohammed Fuseini;AM (L), ST (C);AM (R);AM (RL), ST (C);24;"5'7""";£11.5K - £19K p/w;£9M - £15M;Fairly Strong;Very Strong;6.97;1;1062;2;531;0.2;2.34;2.34;-0.34;0.2;9%;0.106363636363636;1.9;0.8;0.8;41%;0;0;0;3;0.3;3.02;0.3;88%;44.3;0.6;1.4;3.6;3.5;0.6;17;3.5;0.6;17;3.7;14;8;18.1;5.8;2.2;2.9;12.8;84;31;1;0.2;0.7;0.1;19;2;0;12.1;15.3;No recurring injuries;High;3.8;4;0.0;0;0;0;0;0;0;0;0;0;0;1.2;1.2
First Division;Levante;Roger Brugué;AM (R);AM (C), ST (C);AM (RLC), ST (C);30;"5'9""";£22K - £34K p/w;£3.6M - £7.4M;Very Strong;Fairly Strong;6.87;2;1074;2;537;0.2;1.44;1.44;0.56;0.1;18%;0.130909090909091;0.9;0.5;0.2;55%;0;1;100;1;0.1;1.24;0.1;87%;43.3;0.2;3.2;5.0;4.1;1.3;30;4.1;1.3;31;3.8;10;2;20.9;3.9;2.2;1.8;9.6;87;30;1;0.2;0.7;0.0;12;0;0;11.8;16.3;No recurring injuries;Average;3.4;50;0.0;0;0;0;0;0;0;0;0;0;0;0.7;1.8
Sky Bet Championship;Watford;Rocco Vata;AM (L);M/AM (R), ST (C);M (R), AM (RL), ST (C);21;"5'9""";£14.75K - £16.5K p/w;£2.5M - £4.8M;Fairly Strong;Very Strong;6.99;0;1074;2;537;0.2;3.96;3.96;-1.96;0.3;8%;0.1584;2.1;1.2;0.7;56%;3;0;0;2;0.2;1.12;0.1;88%;44.2;0.3;1.4;3.5;6.0;1.1;18;2.3;0.3;15;4.5;13;6;21.0;3.6;1.3;2.5;10.0;83;18;0;0.2;0.4;0.0;9;0;0;11.6;13.4;No recurring injuries;Low;4.2;30;0.0;0;0;0;0;0;0;0;0;0;0;1.2;1.3
Premier League;Moreirense;Alan;AM (C);;AM (C), ST (C);26;"5'4""";£4.7K - £7.25K p/w;Unknown;Very Weak;Very Weak;6.84;0;1094;2;547;0.2;4.4;4.4;-2.4;0.4;7%;0.157142857142857;2.3;1.2;0.5;54%;1;0;0;3;0.2;1.36;0.1;86%;27.6;0.2;1.6;1.2;5.9;1.0;16;0.1;0.1;100;1.0;36;11;20.4;1.8;0.0;0.7;1.2;0;3;0;0.1;0.1;0.0;13;0;0;10.0;5.7;No recurring injuries;Below Average;6.0;30;0.0;0;0;0;0;0;0;0;0;0;0;0.9;1.1
Sky Bet Championship;Southampton;Jay Robinson;AM (L);AM (RC);AM (RLC);19;"5'10""";£5.25K - £7.75K p/w;£10.5M - £13M;Fairly Strong;Very Strong;6.84;1;1097;2;548.5;0.2;2.38;2.38;-0.38;0.2;7%;0.085;2.3;0.8;0.7;36%;0;0;0;2;0.2;2.12;0.2;88%;41.5;0.1;1.2;3.2;2.1;0.6;28;2.1;0.6;28;4.3;9;4;14.4;5.6;1.6;2.4;8.7;83;24;0;0.2;0.3;0.0;11;1;0;10.4;13.6;No recurring injuries;Below Average;5.0;34;0.1;0;0;0;0;0;0;0;0;0;0;0.8;0.7
Eredivisie;FC Utrecht;Miguel Rodríguez;AM (R);AM (L), ST (C);AM (RL), ST (C);23;"5'10""";£2.7K - £4.4K p/w;£10M - £16.5M;Very Strong;Fairly Strong;6.99;1;1115;2;557.5;0.2;5.95;5.95;-3.95;0.5;6%;0.1859375;2.6;0.8;0.8;31%;0;0;0;0;0.0;2.36;0.2;89%;43.7;0.2;2.4;4.1;4.7;1.4;29;3.5;1.2;35;3.0;11;10;15.7;4.7;1.2;1.4;8.7;65;23;0;0.2;0.6;0.0;22;1;0;11.9;14.9;No recurring injuries;Below Average;2.9;17;0.0;0;0;0;0;0;0;0;0;0;0;1.3;1.0
Sky Bet Championship;Watford;Víctor Meseguer;M (C);DM, AM (C);DM, M/AM (C);27;"6'0""";£17K - £24K p/w;£800K - £8M;Reasonable;Very Strong;6.83;0;1683;3;561;0.2;1.79;1.79;1.21;0.1;17%;0.0994444444444444;1.0;0.3;0.4;33%;0;0;0;1;0.1;3.22;0.2;92%;47.5;0.4;0.9;4.7;3.3;0.5;14;0.4;0.1;14;0.6;11;6;10.6;9.4;0.5;2.4;5.1;60;15;0;0.4;0.5;0.1;13;1;0;11.9;12.2;No recurring injuries;Average;3.0;50;0.1;0;0;0;0;0;0;0;0;0;0;1.1;1.4
Sky Bet Championship;West Brom;Isaac Price;AM (C);AM (R);M (C), AM (RC);23;"5'10""";£11K - £12.5K p/w;£6.2M - £7.6M;Reasonable;Very Strong;6.67;0;1125;2;562.5;0.2;5.6;5.6;-3.6;0.4;7%;0.186666666666667;2.4;1.0;0.5;43%;2;0;0;0;0.0;1.3;0.1;91%;42.7;0.3;1.6;2.8;1.8;0.2;13;1.8;0.2;14;1.9;9;6;17.7;12.8;0.4;1.5;5.0;50;10;0;0.2;0.3;0.0;8;0;0;12.3;11.1;No recurring injuries;High;5.1;34;0.1;0;0;0;0;0;0;0;0;0;0;1.2;0.8
Premier League;Arouca;Alfonso Trezza;AM (R);AM (L), ST (C);M (R), AM (RL), ST (C);27;"5'7""";£4.3K - £6.25K p/w;Unknown;Very Weak;Very Weak;6.86;1;1131;2;565.5;0.2;2.67;2.67;-0.67;0.2;8%;0.1068;2.0;0.8;0.7;40%;1;0;0;1;0.1;1.57;0.1;92%;41.7;0.2;2.0;3.3;3.7;0.6;17;2.6;0.5;18;4.1;13;7;17.3;4.9;1.6;1.6;9.5;87;23;1;0.2;0.5;0.0;20;1;0;11.3;16.0;No recurring injuries;Average;3.7;26;0.0;0;0;0;0;0;0;0;0;0;0;1.5;0.9
Ligue 1 McDonald's;Rennes;Ludovic Blas;AM (C);AM (RL);M (C), AM (RLC);28;"5'11""";£39.5K - £54K p/w;£9M - £11M;Very Strong;Reasonable;6.94;1;1140;2;570;0.2;2.72;2.72;-0.72;0.2;8%;0.104615384615385;2.1;0.3;0.5;15%;1;0;0;4;0.3;1.7;0.1;86%;44.1;0.2;1.6;2.9;1.4;0.3;22;1.0;0.2;23;1.2;5;0;13.9;10.0;0.8;1.7;5.8;83;12;0;0.2;0.3;0.0;4;1;0;11.9;10.3;No recurring injuries;Below Average;2.8;14;0.1;0;0;0;0;0;0;0;0;0;0;1.2;1.1
Bundesliga 2;Hertha BSC;Michaël Cuisance;AM (C);DM, AM (R);DM, M (C), AM (RC);27;"5'11""";£14K - £21K p/w;£600K - £6.2M;Very Strong;Weak;6.87;0;1140;2;570;0.2;2.75;2.75;-0.75;0.2;7%;0.101851851851852;2.1;0.9;0.9;41%;0;0;0;1;0.1;2.91;0.2;88%;49.9;0.1;2.1;3.6;5.0;1.3;26;1.1;0.2;14;1.3;9;7;16.5;15.0;0.6;1.2;5.1;70;10;0;0.0;0.0;0.0;11;0;0;11.8;12.2;No recurring injuries;Above Average;2.8;25;0.0;0;0;0;0;0;0;0;0;0;0;1.5;0.9
Eredivisie;Fortuna Sittard;Samuel Bastien;M (C);;DM, M (C);30;"5'9""";£3K - £5K p/w;£450K - £4.5M;Weak;Very Strong;6.93;0;1189;2;594.5;0.2;0.74;0.74;1.26;0.1;20%;0.074;0.8;0.2;0.2;30%;0;0;0;1;0.1;1.71;0.1;93%;51.2;0.2;0.7;5.7;0.7;0.1;11;0.1;0.1;100;0.2;9;1;5.3;14.4;0.9;2.1;6.1;86;14;0;0.8;0.8;0.2;8;0;0;12.0;11.9;No recurring injuries;Very High;2.0;59;0.1;0;0;0;0;0;0;0;0;0;0;1.1;0.8
Sky Bet Championship;Swansea;Ronald;AM (R);;AM (RL);25;"5'10""";£19.25K - £25.5K p/w;£6.8M - £8.8M;Reasonable;Very Strong;7.10;1;1790;3;596.666666666667;0.2;5.67;5.67;-2.67;0.3;7%;0.123260869565217;2.3;0.9;0.9;37%;2;0;0;1;0.1;2.05;0.1;88%;43.1;0.1;2.0;3.3;3.2;0.7;22;3.2;0.7;22;4.6;20;4;20.9;4.7;1.4;2.5;9.3;79;34;1;0.2;0.6;0.0;18;2;0;11.3;13.2;No recurring injuries;Above Average;3.2;38;0.1;0;0;0;0;0;0;0;0;0;0;1.3;1.3
Sky Bet Championship;Derby;Derry Murkin;AM (L);;D/WB/M/AM (L);27;"6'0""";£20.5K - £28.5K p/w;£3.5M - £5.8M;Very Strong;Weak;6.97;2;1791;3;597;0.2;5.75;5.75;-2.75;0.3;7%;0.136904761904762;2.1;0.8;0.9;36%;1;0;0;2;0.1;2.34;0.1;88%;42.5;0.2;1.6;3.2;2.9;0.5;17;2.9;0.5;18;4.0;19;13;18.3;6.0;2.0;2.2;8.9;89;45;1;0.3;0.4;0.1;31;0;0;11.0;14.9;No recurring injuries;Average;4.7;37;0.0;0;0;0;0;0;0;0;0;0;0;0.9;0.8
Bundesliga 2;1. FC Heidenheim 1846;Krisztián Lisztes;AM (L);M (L), AM (R);M (L), AM (RLC);21;"6'0""";£14.75K - £16.75K p/w;Not for Sale;Reasonable;Very Strong;6.91;2;1217;2;608.5;0.1;2.46;2.46;-0.46;0.2;11%;0.129473684210526;1.4;0.7;0.5;53%;3;0;0;5;0.4;2.65;0.2;90%;45.5;0.5;1.4;2.5;2.6;0.6;22;2.6;0.6;23;4.1;17;8;18.0;4.8;1.3;1.5;10.2;86;21;0;0.5;0.6;0.0;15;1;0;11.6;12.7;No recurring injuries;Above Average;3.8;39;0.1;0;0;0;0;0;0;0;0;0;0;1.4;0.9
Eredivisie;FC Twente;Sondre Ørjasæter;AM (L);M (RL), AM (R);M/AM (RL);23;"5'11""";£5.75K - £9.5K p/w;£5.6M - £7.2M;Weak;Very Strong;7.21;2;1243;2;621.5;0.1;3.41;3.41;-1.41;0.2;6%;0.1065625;2.3;0.7;0.8;31%;1;0;0;1;0.1;1.62;0.1;91%;42.4;0.1;2.2;3.7;2.5;0.4;14;2.5;0.4;14;4.6;24;3;15.2;4.9;1.2;2.1;9.5;68;25;0;0.3;0.7;0.0;10;0;0;11.8;13.7;No recurring injuries;Below Average;3.4;26;0.0;0;0;0;0;0;0;0;0;0;0;1.3;0.9
Second Division;Zaragoza;Valery;AM (L);D/M (RL), AM (R);D/WB/M/AM (RL);27;"5'10""";£10K - £11.5K p/w;£325K - £3.2M;Fairly Strong;Very Strong;6.82;1;1253;2;626.5;0.1;1.96;1.96;0.04;0.1;11%;0.103157894736842;1.4;0.6;0.5;47%;0;0;0;1;0.1;1.6;0.1;88%;43.3;0.2;1.5;2.7;2.3;0.6;28;2.3;0.6;28;3.4;10;9;17.5;5.0;1.4;1.7;9.4;67;30;0;0.3;0.5;0.0;15;1;0;11.2;13.4;No recurring injuries;High;4.6;22;0.2;0;0;0;0;0;0;0;0;0;0;1.1;1.1
Second Division;Valladolid;Ramón;D (R);D (R);D (RC);24;"6'1""";£11K - £12.75K p/w;£650K - £7.6M;Weak;Very Strong;7.02;2;1890;3;630;0.1;2.85;2.85;0.15;0.1;20%;0.19;0.7;0.3;0.1;40%;0;0;0;2;0.1;1.38;0.1;93%;46.0;0.0;0.3;3.0;0.1;0.0;0;0.1;0.0;0;0.1;9;0;3.4;18.4;0.3;3.2;2.3;43;14;1;0.7;0.9;0.2;5;1;0;10.6;5.6;No recurring injuries;Average;4.3;60;0.8;0;0;0;0;0;0;0;0;0;0;1.5;1.2
Serie BKT;Südtirol;Salvatore Molina;M (RL);;WB/M (RL);34;"5'10""";£12K - £17K p/w;£55K - £550K;Weak;Very Strong;6.75;0;1260;2;630;0.1;0.89;0.89;1.11;0.1;22%;0.0988888888888889;0.6;0.1;0.0;22%;0;0;0;1;0.1;1.57;0.1;69%;20.0;0.0;0.0;0.0;0.0;0.0;0;0.0;0.0;0;0.0;15;0;0.0;0.0;1.9;0.0;0.0;75;36;0;0.0;0.0;0.0;22;0;0;0.0;0.0;No recurring injuries;Very Low;0.0;0;0.0;0;0;0;0;0;0;0;0;0;0;0.0;0.0
Jupiler Pro League;Union SG;Christian Burgess;D (C);;D (C);35;"6'5""";£2.9K - £4.7K p/w;£65K - £650K;Weak;Very Strong;7.10;4;1890;3;630;0.1;0.84;0.84;2.16;0.0;33%;0.0933333333333333;0.4;0.2;0.1;56%;1;0;0;3;0.1;0.62;0.0;92%;42.1;0.1;0.3;1.9;0.0;0.0;0;0.0;0.0;0;0.0;1;0;3.5;15.0;0.9;2.1;2.2;90;21;2;0.8;1.3;0.9;15;5;0;10.2;4.1;No recurring injuries;Very Low;6.0;78;1.5;0;0;0;0;0;0;0;0;0;0;1.3;1.1
First Division;Burgos;Curro;AM (R);M (R), AM (L);M (RC), AM (RLC);30;"5'8""";£19.75K - £33K p/w;£5.8M - £9.4M;Very Strong;Fairly Strong;6.79;0;1264;2;632;0.1;2.22;2.22;-0.22;0.2;10%;0.105714285714286;1.5;0.6;0.5;43%;2;0;0;1;0.1;0.95;0.1;91%;44.9;0.2;1.3;3.6;11.3;2.1;18;4.6;1.1;25;4.8;16;4;17.7;4.3;2.1;2.1;9.4;88;33;0;0.5;0.6;0.0;20;4;0;11.4;14.2;No recurring injuries;Average;3.1;30;0.1;0;0;0;0;0;0;0;0;0;0;0.9;2.1
Serie BKT;Juve Stabia;Riccardo Fiamozzi;D (R);M (R);D/WB/M (R);33;"5'9""";£8K - £13.5K p/w;£35K - £350K;Weak;Very Strong;6.74;0;1267;2;633.5;0.1;0.58;0.58;1.42;0.0;25%;0.0725;0.6;0.1;0.0;13%;0;0;0;0;0.0;1.87;0.1;65%;21.3;0.0;0.0;0.0;0.0;0.0;0;0.0;0.0;0;0.0;24;0;0.0;0.0;2.1;0.0;0.0;94;31;0;0.0;0.0;0.0;17;0;0;0.0;0.0;No recurring injuries;Very Low;0.0;0;0.0;0;0;0;0;0;0;0;0;0;0;0.0;0.0
Bundesliga 2;Hamburger SV;Nicolai Remberg;DM, M (C);;DM, M (C);26;"6'2""";£29.5K - £42.5K p/w;£5.6M - £7.4M;Weak;Very Strong;7.03;0;1289;2;644.5;0.1;1.65;1.65;0.35;0.1;14%;0.117857142857143;1.0;0.3;0.3;36%;0;0;0;1;0.1;2.06;0.1;93%;57.9;0.0;0.6;5.1;0.1;0.1;50;0.1;0.1;50;0.1;15;2;4.8;15.2;1.3;2.4;6.9;90;20;0;0.4;0.3;0.1;16;3;1;11.7;11.7;No recurring injuries;Low;3.1;59;0.7;0;0;0;0;0;0;0;0;0;0;1.5;0.7
Second Division;Mallorca;Jon Guridi;M (C);AM (C);DM, M/AM (C);31;"5'10""";£11.5K - £17.25K p/w;£325K - £3.3M;Very Strong;Reasonable;6.67;0;1292;2;646;0.1;1.95;1.95;0.05;0.1;11%;0.108333333333333;1.3;0.3;0.4;28%;1;0;0;6;0.4;3.26;0.2;0%;0.0;0.3;0.4;0.0;0.0;0.0;0;0.0;0.0;0;0.0;6;0;12.5;15.3;0.0;0.0;0.0;0;0;0;0.0;0.0;0.0;1;1;0;0.0;0.0;No recurring injuries;High;0.0;0;0.0;0;0;0;0;0;0;0;0;0;0;1.5;0.7
Sky Bet Championship;Stoke;Million Manhoef;AM (R);;M/AM (RL);24;"5'10""";£23K - £33K p/w;£6.6M - £8.8M;Very Strong;Reasonable;6.88;1;1295;2;647.5;0.1;1.21;1.21;0.79;0.1;12%;0.0711764705882353;1.2;0.4;0.3;35%;1;0;0;0;0.0;1.12;0.1;92%;43.0;0.2;1.5;2.7;3.4;0.7;20;3.4;0.7;20;3.3;14;4;17.2;4.7;1.3;1.9;8.7;76;25;0;0.1;0.5;0.0;18;1;0;11.9;14.2;No recurring injuries;Below Average;2.8;27;0.0;0;0;0;0;0;0;0;0;0;0;1.0;1.6
Second Division;Córdoba;Isma Ruiz;DM;M (C);DM, M (C);25;"5'11""";£17.75K - £21K p/w;£4.8M - £9M;Reasonable;Very Strong;6.87;1;1310;2;655;0.1;2.64;2.64;-0.64;0.2;15%;0.203076923076923;0.9;0.5;0.1;54%;0;0;0;2;0.1;2.03;0.1;91%;25.8;0.5;0.3;2.4;0.0;0.0;0;0.0;0.0;0;0.1;10;0;10.0;13.3;0.8;1.7;3.4;80;15;0;0.2;0.3;0.1;7;0;0;5.7;5.6;No recurring injuries;Below Average;1.6;70;0.3;0;0;0;0;0;0;0;0;0;0;1.2;1.1
Second Division;Leganés;Duk;AM (L);;AM (L), ST (C);26;"5'11""";£5.75K - £8.5K p/w;£180K - £1.8M;Weak;Very Strong;6.91;0;1319;2;659.5;0.1;0.96;0.96;1.04;0.1;11%;0.0505263157894737;1.3;0.5;0.8;37%;1;0;0;0;0.0;0.6;0.0;86%;43.3;0.0;1.2;3.0;3.5;0.6;17;3.5;0.6;17;6.8;12;4;23.4;3.4;1.2;1.8;8.2;75;24;0;0.4;0.8;0.0;9;0;0;11.5;12.1;No recurring injuries;Average;3.9;42;0.1;0;0;0;0;0;0;0;0;0;0;1.0;0.8
Bundesliga 2;Fortuna Düsseldorf;Satoshi Tanaka;DM;;DM, M (C);24;"5'10""";£10.5K - £15.75K p/w;£550K - £5.8M;Very Strong;Reasonable;7.05;1;1321;2;660.5;0.1;1.48;1.48;0.52;0.1;17%;0.123333333333333;0.8;0.2;0.2;25%;1;0;0;3;0.2;4.19;0.3;90%;58.9;0.5;0.5;3.1;0.2;0.0;0;0.2;0.0;0;0.1;10;0;8.3;12.9;0.6;3.1;6.8;60;15;0;0.7;1.2;0.2;6;3;0;12.4;15.0;No recurring injuries;Below Average;1.6;35;0.1;0;0;0;0;0;0;0;0;0;0;0.7;1.4
Serie BKT;Pisa;Idrissa Touré;M (RC);;WB (R), M (RC);28;"6'2""";£30.5K - £44K p/w;£6.8M - £8.4M;Weak;Very Strong;7.29;1;1350;2;675;0.1;1.68;1.68;0.32;0.1;25%;0.21;0.5;0.1;0.0;25%;0;0;0;5;0.3;1.67;0.1;80%;26.5;0.0;0.3;1.0;0.9;0.2;21;0.9;0.2;21;0.5;32;0;2.1;3.5;1.8;0.8;1.7;84;32;1;0.2;0.1;0.1;17;1;0;2.4;4.1;No recurring injuries;Very Low;0.6;56;0.0;0;0;0;0;0;0;0;0;0;0;0.4;0.1
Premier League;Wolves;Mateus Mané;AM (R), ST (C);;AM (RLC), ST (C);19;"5'9""";£1.2K - £1.6K p/w;£850K - £8.6M;Strong;Very Strong;6.50;0;1350;2;675;0.1;1.81;1.81;0.19;0.1;10%;0.0861904761904762;1.4;0.5;1.0;33%;1;0;0;2;0.1;1.12;0.1;87%;33.6;0.1;0.9;1.7;1.0;0.1;6;0.9;0.1;8;0.7;7;5;7.5;3.7;0.3;1.5;2.7;56;9;0;0.2;0.4;0.1;11;0;0;11.7;8.4;No recurring injuries;Below Average;3.7;18;0.0;0;0;0;0;0;0;0;0;0;0;1.0;1.8
Serie BKT;Cremonese;Giuseppe Pezzella;D (L);M (L);D/WB/M (L);29;"6'2""";£16.75K - £19.5K p/w;£4.1M - £8M;Very Strong;Reasonable;7.26;1;1350;2;675;0.1;2.61;2.61;-0.61;0.2;14%;0.186428571428571;0.9;0.3;0.0;29%;0;0;0;2;0.1;1.97;0.1;71%;20.0;0.0;0.0;0.0;0.0;0.0;0;0.0;0.0;0;0.0;12;0;0.0;0.0;2.2;0.0;0.0;100;33;0;0.0;0.0;0.0;19;0;0;0.0;0.0;No recurring injuries;Very Low;0.0;0;0.0;0;0;0;0;0;0;0;0;0;0;0.0;0.0
Serie BKT;Reggiana;Natan Girma;AM (C);M (C), ST (C);M/AM (C), ST (C);24;"6'3""";£8.5K - £14.25K p/w;£800K - £1.8M;Reasonable;Very Strong;6.94;0;1350;2;675;0.1;4.2;4.2;-2.2;0.3;5%;0.105;2.7;1.1;0.0;40%;0;0;0;4;0.3;1.86;0.1;61%;20.0;0.0;0.0;0.0;0.0;0.0;0;0.0;0.0;0;0.0;27;0;0.0;0.0;0.8;0.0;0.0;80;15;0;0.0;0.0;0.0;16;0;0;0.0;0.0;No recurring injuries;Very Low;0.0;0;0.0;0;0;0;0;0;0;0;0;0;0;0.0;0.0
Serie BKT;Palermo;Mattia Bani;D (C);;D (C);32;"6'2""";£13K - £19.5K p/w;Not for Sale;Weak;Very Strong;7.35;0;1350;2;675;0.1;0.55;0.55;1.45;0.0;29%;0.0785714285714286;0.5;0.1;0.0;14%;0;0;0;2;0.1;0;0.0;77%;25.7;0.0;0.1;0.9;0.8;0.1;8;0.8;0.1;8;0.2;11;0;2.7;2.3;2.1;0.5;1.8;91;34;0;0.3;0.4;0.1;16;1;1;3.0;3.7;No recurring injuries;Very Low;1.5;57;0.1;0;0;0;0;0;0;0;0;0;0;0.3;0.3
Serie BKT;Union Brescia;Manuel Marras;AM (RC);M (R), AM (L);M (R), AM (RLC);33;"5'7""";£3.8K - £6K p/w;£35K - £325K;Very Strong;Reasonable;6.98;0;1350;2;675;0.1;3.74;3.74;-1.74;0.2;6%;0.103888888888889;2.4;0.9;0.0;39%;0;0;0;2;0.1;1.47;0.1;69%;20.0;0.0;0.0;0.0;0.0;0.0;0;0.0;0.0;0;0.0;20;0;0.0;0.0;0.6;0.0;0.0;100;9;0;0.0;0.0;0.0;16;0;0;0.0;0.0;No recurring injuries;Very Low;0.0;0;0.0;0;0;0;0;0;0;0;0;0;0;0.0;0.0
Serie BKT;Palermo;Pietro Ceccaroni;D (L);D (L);D (LC);30;"6'2""";£18K - £21K p/w;£2.2M - £4.4M;Very Strong;Reasonable;7.15;0;1350;2;675;0.1;1.06;1.06;0.94;0.1;17%;0.0883333333333333;0.8;0.3;0.1;33%;0;0;0;2;0.1;0.91;0.1;79%;25.5;0.0;0.1;0.6;0.1;0.1;100;0.1;0.1;100;0.0;14;0;1.2;3.4;1.5;0.7;0.5;100;23;1;0.1;0.2;0.1;17;3;1;2.8;0.7;No recurring injuries;Very Low;1.6;71;0.1;0;0;0;0;0;0;0;0;0;0;0.3;0.3
Ligue 1 McDonald's;Brest;Mama Baldé;ST (C);M (R), AM (L);M (R), AM (RL), ST (C);31;"5'9""";£18.25K - £27K p/w;£110K - £1.1M;Weak;Very Strong;6.67;0;1352;2;676;0.1;2.45;1.68;-0.45;0.2;9%;0.111363636363636;1.5;0.6;0.3;41%;0;1;0;1;0.1;0.94;0.1;87%;40.1;0.3;2.1;3.0;5.5;0.9;15;5.5;0.9;16;5.9;20;6;19.4;4.9;1.8;1.7;11.6;68;40;1;0.1;0.6;0.1;17;0;0;11.8;15.0;No recurring injuries;Low;4.5;35;0.1;0;0;0;0;0;0;0;0;0;0;0.9;1.0
Eredivisie;FC Twente;Kristian Nökkvi Hlynsson;AM (C);M (R), AM (L);M (RC), AM (RLC);22;"5'10""";£7.25K - £11K p/w;£5.4M - £9M;Reasonable;Very Strong;6.99;1;1374;2;687;0.1;6.36;6.36;-0.27;0.4;4%;0.129795918367347;3.2;1.4;1.0;45%;1;0;0;2;0.1;3.78;0.2;88%;45.7;0.4;2.0;3.1;1.3;0.5;35;1.3;0.5;35;1.8;8;5;16.4;11.5;0.7;1.8;5.9;79;14;1;0.3;0.5;0.0;8;1;0;12.4;13.9;No recurring injuries;Low;2.8;33;0.0;0;0;0;0;0;0;0;0;0;0;1.0;0.9
Sky Bet Championship;Watford;Othmane Maamma;AM (R);ST (C);AM (R), ST (C);21;"5'11""";£24.5K - £28.5K p/w;£475K - £4.7M;Fairly Strong;Very Strong;6.88;1;1380;2;690;0.1;1.54;1.54;0.46;0.1;17%;0.128333333333333;0.8;0.3;0.1;33%;0;0;0;4;0.3;2.23;0.1;85%;42.4;0.1;1.8;3.2;3.7;0.5;14;3.7;0.5;14;4.7;11;6;19.0;4.2;1.3;2.3;9.5;65;31;2;0.3;0.5;0.0;19;2;0;11.9;13.4;No recurring injuries;Above Average;2.9;36;0.0;0;0;0;0;0;0;0;0;0;0;1.2;1.4
Serie A;U.S. Lecce;Lassana Coulibaly;DM;;DM, M (C);30;"6'0""";£37.5K - £43.5K p/w;£5.2M - £7.6M;Weak;Very Strong;6.53;0;1384;2;692;0.1;1.56;1.56;0.44;0.1;11%;0.0866666666666667;1.2;0.4;0.3;33%;0;0;0;0;0.0;1.61;0.1;92%;8.1;0.1;0.1;0.7;0.0;0.0;0;0.0;0.0;0;0.0;12;0;9.8;10.8;0.1;0.3;0.8;100;2;0;0.1;0.1;0.1;4;2;0;1.6;2.0;No recurring injuries;Very Low;0.3;100;0.0;0;0;0;0;0;0;0;0;0;0;0.5;1.0
First Division;Burgos;Florian Miguel;D (L);WB (L);D (LC), WB (L);30;"5'10""";£6.25K - £9.25K p/w;£275K - £2.7M;Very Strong;Reasonable;6.96;1;1385;2;692.5;0.1;0.43;0.43;1.57;0.0;67%;0.143333333333333;0.2;0.1;0.1;67%;0;0;0;1;0.1;1.7;0.1;90%;47.2;0.1;0.9;4.2;0.6;0.2;30;0.6;0.2;30;0.2;9;1;6.4;10.5;1.6;3.4;3.9;96;26;4;0.5;1.0;0.6;10;2;0;10.5;8.3;No recurring injuries;Below Average;3.8;74;0.5;0;0;0;0;0;0;0;0;0;0;0.9;1.6
Bundesliga;1. FC Magdeburg;Jorrit Hendrix;DM;;DM, M (C);31;"5'11""";£14.25K - £20.5K p/w;Not for Sale;Very Strong;Weak;6.91;0;1397;2;698.5;0.1;1.95;1.95;0.05;0.1;13%;0.121875;1.0;0.2;0.2;19%;0;0;0;5;0.3;0.97;0.1;92%;42.8;0.1;0.6;4.6;3.3;0.6;19;0.2;0.0;0;0.0;6;1;7.8;10.8;1.0;2.9;5.7;75;20;2;0.3;0.4;0.0;13;3;0;9.9;9.6;No recurring injuries;Above Average;2.0;35;0.1;0;0;0;0;0;0;0;0;0;0;1.0;1.4
Jupiler Pro League;KRC Genk;Yaimar Medina;WB (L);;D/WB (L);22;"5'10""";£6.5K - £9.75K p/w;£16M - £21M;Very Strong;Weak;6.93;3;1423;2;711.5;0.1;1.73;1.73;0.27;0.1;20%;0.173;0.6;0.1;0.1;20%;0;0;0;1;0.1;2.39;0.2;88%;58.5;0.4;0.8;6.6;3.9;0.7;18;0.8;0.3;31;1.4;19;2;11.8;13.9;2.6;3.3;8.7;98;42;0;0.6;0.9;0.3;18;2;0;11.3;15.9;No recurring injuries;Average;2.0;29;0.0;0;0;0;0;0;0;0;0;0;0;1.3;0.8
Bundesliga 2;1. FC Kaiserslautern;Semih Şahin;M (C);;DM, M (C);26;"5'10""";£10.25K - £15.75K p/w;£2.4M - £5.2M;Reasonable;Very Strong;6.96;0;1423;2;711.5;0.1;0.45;0.45;1.55;0.0;20%;0.045;0.6;0.2;0.2;30%;0;0;0;2;0.1;1.48;0.1;90%;51.2;0.2;0.8;5.6;0.3;0.0;0;0.3;0.0;0;0.2;11;1;7.2;12.8;1.7;2.0;5.7;82;33;1;0.4;1.3;0.1;9;4;0;11.4;11.3;No recurring injuries;Below Average;1.1;47;0.1;0;0;0;0;0;0;0;0;0;0;1.0;0.8
Bundesliga 2;1. FC Heidenheim 1846;Patrick Mainka;D (C);;D (C);32;"6'4""";£15.5K - £22.5K p/w;£700K - £6.8M;Weak;Very Strong;7.04;1;1501;2;750.5;0.1;0.93;0.93;1.07;0.1;22%;0.103333333333333;0.5;0.1;0.1;22%;0;0;0;0;0.0;1.2;0.1;93%;45.1;0.1;0.1;2.0;0.0;0.0;0;0.0;0.0;0;0.0;3;0;2.5;17.4;0.5;2.2;2.9;80;10;2;0.5;0.4;1.3;12;3;1;9.8;3.3;No recurring injuries;Very Low;6.7;77;1.3;0;0;0;0;0;0;0;0;0;0;1.3;1.0
Sky Bet Championship;Wrexham;Mario Soriano;AM (L);M (L), AM (R);M (LC), AM (RLC);24;"5'4""";£7.5K - £11K p/w;£4.6M - £6M;Fairly Strong;Very Strong;6.92;1;1505;2;752.5;0.1;2.35;2.35;-0.35;0.1;12%;0.138235294117647;1.0;0.4;0.3;41%;0;0;0;3;0.2;4.35;0.3;90%;35.0;0.4;1.3;2.5;2.5;0.4;14;2.5;0.4;15;3.1;6;7;16.5;5.3;0.8;1.4;7.4;87;15;0;0.2;0.5;0.0;25;0;0;9.6;11.1;No recurring injuries;Average;3.2;17;0.0;0;0;0;0;0;0;0;0;0;0;1.0;1.0
Second Division;Almería;Jon Morcillo;AM (L);M (R), ST (C);M/AM (RL), ST (C);28;"6'0""";£20.5K - £26K p/w;£3.5M;Very Strong;Reasonable;7.23;2;1509;2;754.5;0.1;2.84;2.84;-0.84;0.2;6%;0.08875;1.9;0.7;0.5;34%;3;0;0;5;0.3;3.63;0.2;91%;49.1;0.2;2.0;4.0;4.1;0.9;22;4.1;0.9;22;2.7;11;8;15.3;6.7;2.3;2.9;9.2;87;45;0;0.2;0.2;0.0;22;0;0;12.0;14.6;No recurring injuries;Below Average;3.5;44;0.1;0;0;0;0;0;0;0;0;0;0;1.2;1.1
Sky Bet Championship;Burnley;David Carmo;D (C);;D (C);27;"6'5""";£57K - £64K p/w;£8.4M;Very Strong;Reasonable;6.98;1;1530;2;765;0.1;1.37;1.37;0.63;0.1;18%;0.124545454545455;0.6;0.3;0.3;45%;0;0;0;0;0.0;2.48;0.1;92%;44.8;0.1;0.1;1.7;0.0;0.0;0;0.0;0.0;0;0.0;1;0;2.4;15.9;0.5;1.9;2.6;62;13;1;0.4;1.0;0.8;11;1;0;10.6;3.5;No recurring injuries;Above Average;5.4;82;1.6;0;0;0;0;0;0;0;0;0;0;1.4;0.8
Ligue 1 McDonald's;Brest;Hugo Magnetti;DM;;DM, M (C);28;"5'8""";£21K - £24K p/w;£8.2M - £10M;Reasonable;Very Strong;7.02;0;1566;2;783;0.1;0.58;0.58;1.42;0.0;17%;0.0483333333333333;0.7;0.2;0.5;33%;1;0;0;2;0.1;1.61;0.1;91%;56.1;0.3;0.5;4.5;1.7;0.5;30;0.2;0.1;67;0.3;6;0;6.0;11.8;1.6;3.0;6.0;93;29;1;0.9;1.0;0.2;10;2;0;12.3;13.9;No recurring injuries;Below Average;1.2;62;0.1;0;0;0;0;0;0;0;0;0;0;1.1;1.0
Second Division;Málaga;David Larrubia;AM (R);M (R), AM (L);M (R), AM (RLC);24;"5'8""";£4.2K - £4.9K p/w;£325K - £3.2M;Very Strong;Fairly Strong;7.13;3;1585;2;792.5;0.1;4.3;4.3;-2.3;0.2;5%;0.0977272727272727;2.5;0.9;0.8;34%;3;0;0;3;0.2;3.63;0.2;91%;43.0;0.3;1.6;3.3;6.4;1.4;22;3.9;1.0;25;4.4;14;6;13.5;6.0;0.9;1.4;8.5;67;24;0;0.4;0.4;0.0;19;0;0;10.8;11.4;No recurring injuries;Average;3.3;38;0.1;0;0;0;0;0;0;0;0;0;0;1.4;0.6
Second Division;Leonesa;Rubén Sobrino;AM (L);;AM (RL), ST (C);34;"6'1""";£6K - £8.75K p/w;£65K - £210K;Fairly Strong;Very Strong;6.97;1;1614;2;807;0.1;4.14;4.14;-2.14;0.2;7%;0.153333333333333;1.5;0.5;0.2;33%;0;1;100;2;0.1;4.56;0.3;89%;45.7;0.3;2.0;3.8;3.0;0.6;20;3.0;0.6;21;3.3;17;8;18.3;5.4;1.6;2.2;9.0;85;33;0;0.2;0.9;0.0;19;0;0;11.8;17.2;No recurring injuries;Below Average;4.4;29;0.1;0;0;0;0;0;0;0;0;0;0;0.7;1.2
Sky Bet Championship;Stoke;Sorba Thomas;AM (R);M (RL), AM (L);M/AM (RL);27;"6'1""";£28K - £33K p/w;£11M - £13.5M;Reasonable;Very Strong;6.83;0;1619;2;809.5;0.1;2.86;2.86;-0.86;0.2;6%;0.0841176470588235;1.9;0.7;0.7;38%;0;0;0;2;0.1;1.74;0.1;89%;40.7;0.2;1.3;3.2;10.2;1.6;15;3.9;0.3;9;4.4;16;6;19.2;4.3;1.2;1.9;8.7;84;25;1;0.2;0.4;0.0;35;5;0;11.5;13.9;No recurring injuries;Below Average;4.1;41;0.1;0;0;0;0;0;0;0;0;0;0;1.0;1.7
Sky Bet Championship;Burnley;Aaron Ramsey;AM (C);;M/AM (C);23;"5'10""";£15K - £20K p/w;£9.8M - £12M;Reasonable;Very Strong;6.67;1;1639;2;819.5;0.1;1.31;1.31;0.69;0.1;15%;0.100769230769231;0.7;0.2;0.3;31%;1;0;0;8;0.4;5.68;0.3;93%;10.9;0.4;0.7;1.1;0.1;0.1;50;0.1;0.1;50;0.3;12;1;13.2;10.5;0.2;0.2;0.8;60;5;0;0.1;0.0;0.1;2;1;0;1.4;1.3;No recurring injuries;Above Average;0.3;33;0.0;0;0;0;0;0;0;0;0;0;0;1.8;0.8
Ligue 1 McDonald's;Strasbourg;Diego Moreira;AM (L);WB/M (L), AM (R);WB/M (L), AM (RL);22;"5'10""";£10.75K - £12.5K p/w;£18M - £22M;Very Strong;Reasonable;7.04;3;1648;2;824;0.1;2.61;2.61;-0.61;0.1;5%;0.0636585365853659;2.2;1.0;1.1;44%;1;0;0;5;0.3;2.91;0.2;88%;49.2;0.3;1.5;3.9;3.6;1.0;28;3.6;1.0;29;4.6;19;12;22.9;4.5;1.7;1.5;9.1;78;41;1;0.2;0.4;0.0;18;2;0;12.3;17.9;No recurring injuries;Below Average;2.9;7;0.1;0;0;0;0;0;0;0;0;0;0;1.2;1.1
Jupiler Pro League;Beerschot;Michaël Heylen;D (C);DM;D (C), DM;32;"6'2""";£1.5K - £2.6K p/w;£95K - £950K;Weak;Very Strong;6.88;1;1650;2;825;0.1;1.12;1.12;0.88;0.1;22%;0.124444444444444;0.5;0.2;0.1;33%;1;0;0;0;0.0;0.32;0.0;91%;41.2;0.0;0.2;2.4;0.0;0.0;0;0.0;0.0;0;0.0;10;0;4.0;9.5;0.2;3.1;2.7;31;13;2;0.6;0.9;0.5;11;6;0;9.7;3.2;No recurring injuries;Below Average;5.1;72;0.9;0;0;0;0;0;0;0;0;0;0;0.9;1.4
Jupiler Pro League;Union SG;Anouar Ait El Hadj;AM (C);M (C), AM (L);M (C), AM (LC);24;"5'6""";£5.5K - £8.75K p/w;£250K - £2.6M;Reasonable;Very Strong;6.73;0;1675;2;837.5;0.1;3.03;3.03;-1.03;0.2;6%;0.0918181818181818;1.8;0.8;0.5;45%;0;0;0;2;0.1;2.65;0.1;89%;41.4;0.1;1.7;2.8;5.5;0.9;15;0.8;0.2;20;1.6;12;5;16.3;8.5;0.2;1.5;5.1;100;4;0;0.1;0.5;0.0;10;0;0;11.6;9.9;No recurring injuries;Below Average;3.0;16;0.0;0;0;0;0;0;0;0;0;0;0;1.2;1.3
Sky Bet Championship;Derby;Jack Stephens;D (C);D (R);D (RC);32;"6'1""";£22K - £29K p/w;Not for Sale;Reasonable;Very Strong;6.82;0;1710;2;855;0.1;2.28;2.28;-0.28;0.1;7%;0.0814285714285714;1.5;0.1;0.6;7%;1;0;0;0;0.0;1.08;0.1;92%;41.9;0.0;0.1;1.8;0.1;0.0;0;0.1;0.0;0;0.0;8;0;3.6;16.7;0.5;3.4;2.7;90;10;1;0.9;0.8;0.6;3;2;0;9.7;3.5;No recurring injuries;Below Average;5.5;65;0.8;0;0;0;0;0;0;0;0;0;0;0.7;0.7
Premier League;VTSC;Gonçalo Nogueira;DM, M (C);;DM, M (C);22;"5'11""";£1.5K - £2.4K p/w;Unknown;Very Weak;Very Weak;6.48;0;1799;2;899.5;0.1;1.52;1.52;0.48;0.1;10%;0.0723809523809524;1.1;0.4;0.3;33%;1;0;0;5;0.3;5.1;0.3;0%;0.0;0.6;0.3;0.0;0.0;0.0;0;0.0;0.0;0;0.0;12;0;13.5;10.5;0.0;0.0;0.0;0;0;0;0.0;0.0;0.0;4;4;0;0.0;0.0;No recurring injuries;Low;0.0;0;0.0;0;0;0;0;0;0;0;0;0;0;1.4;1.4
Ligue 1 McDonald's;Brest;Brendan Chardonnet;D (C);;D (C);31;"6'0""";£19K - £28K p/w;Not for Sale;Weak;Very Strong;7.21;3;1890;2;945;0.1;0.63;0.63;1.37;0.0;17%;0.0525;0.6;0.3;0.2;50%;0;0;0;1;0.0;0.24;0.0;95%;45.2;0.0;0.2;2.1;0.0;0.0;0;0.0;0.0;0;0.1;5;0;3.2;13.9;0.8;3.6;2.1;94;17;8;1.0;1.3;0.7;8;3;0;10.1;4.1;No recurring injuries;Below Average;5.6;73;1.3;0;0;0;0;0;0;0;0;0;0;1.1;1.0
Jupiler Pro League;RSC Anderlecht;Hasan Kuruçay;D (C);;D (C);29;"6'2""";£12.25K - £19.25K p/w;£4.5M - £6M;Reasonable;Very Strong;6.98;1;1980;2;990;0.1;0.88;0.88;1.12;0.0;25%;0.11;0.4;0.1;0.1;38%;0;0;0;1;0.0;2.62;0.1;91%;42.8;0.1;0.3;1.6;0.0;0.0;0;0.0;0.0;0;0.1;4;0;2.8;18.2;0.6;3.1;3.1;78;18;4;0.8;0.9;0.6;9;3;0;10.0;3.5;No recurring injuries;Below Average;5.6;67;0.7;0;0;0;0;0;0;0;0;0;0;1.5;1.0
Premier League;Gil Vicente;Joelson Fernandes;AM (L);;AM (RL);23;"5'7""";£2.2K - £3.4K p/w;Unknown;Very Weak;Very Weak;6.66;0;1001;1;1001;0.1;1.46;1.46;-0.46;0.1;7%;0.0973333333333333;1.3;0.3;0.5;20%;2;0;0;1;0.1;0.51;0.0;87%;44.8;0.0;1.6;3.1;4.0;0.9;22;3.1;0.8;26;3.5;13;4;25.3;3.2;1.0;1.8;9.4;61;18;0;0.7;0.6;0.0;13;0;0;11.5;13.8;No recurring injuries;Average;3.9;21;0.0;0;0;0;0;0;0;0;0;0;0;1.1;1.1
Serie A;Empoli FC;Ridgeciano Haps;D (L);M/AM (L);D/WB/M/AM (L);33;"5'9""";£3.7K - £5.75K p/w;£100K - £1M;Very Strong;Reasonable;6.41;0;1011;1;1011;0.1;0.55;0.55;0.45;0.0;11%;0.0611111111111111;0.8;0.4;0.3;44%;0;0;0;0;0.0;0.47;0.0;82%;45.9;0.2;1.1;5.8;1.7;0.2;10;1.7;0.2;11;1.6;17;3;12.9;6.6;2.2;2.0;6.9;83;30;0;0.1;0.4;0.3;17;0;1;10.3;13.1;No recurring injuries;Very Low;3.0;44;0.1;0;0;0;0;0;0;0;0;0;0;0.4;0.9
Eredivisie;NAC Breda;Charles Andreas Brym;AM (C);AM (R);AM (RLC), ST (C);28;"6'1""";£3K - £4.5K p/w;£750K - £7.4M;Very Strong;Weak;6.55;0;1026;1;1026;0.1;1.73;1.73;-0.73;0.2;6%;0.108125;1.4;0.5;0.4;38%;2;0;0;0;0.0;0.89;0.1;88%;26.3;0.2;0.8;0.4;0.2;0.1;50;0.2;0.1;50;1.2;20;15;29.0;0.3;0.4;0.6;2.5;100;4;0;0.2;0.2;0.0;13;1;0;10.3;5.2;No recurring injuries;Below Average;7.5;38;0.0;0;0;0;0;0;0;0;0;0;0;0.9;1.5
Bundesliga;SV Werder Bremen;Justin Njinmah;AM (R);AM (L), ST (C);AM (RL), ST (C);26;"6'1""";£35K - £54K p/w;£4.4M - £8.8M;Strong;Very Strong;6.66;0;1027;1;1027;0.1;2.11;2.11;-1.11;0.2;7%;0.150714285714286;1.2;0.1;0.3;7%;0;0;0;0;0.0;0.66;0.1;91%;46.4;0.3;1.8;3.2;3.6;0.6;17;3.6;0.6;17;4.8;15;6;17.2;3.9;1.0;1.9;9.5;73;15;0;0.3;1.1;0.0;13;0;0;12.2;14.7;No recurring injuries;Above Average;2.8;44;0.0;0;0;0;0;0;0;0;0;0;0;0.7;1.1
Bundesliga 2;SV Darmstadt 98;Cole Campbell;AM (R);M (R), AM (LC);M (R), AM (RLC);20;"5'7""";£15.25K - £22K p/w;£700K - £7.2M;Very Strong;Reasonable;6.94;0;1030;1;1030;0.1;1.68;1.68;-0.68;0.1;8%;0.14;1.0;0.3;0.3;25%;0;0;0;2;0.2;0.88;0.1;88%;42.7;0.1;1.8;3.2;4.5;1.0;21;4.5;1.0;21;4.8;14;8;19.6;3.5;1.0;2.0;8.7;65;17;0;0.0;0.3;0.0;12;0;0;12.4;12.4;No recurring injuries;Average;3.1;17;0.0;0;0;0;0;0;0;0;0;0;0;1.5;1.5
Eredivisie;PSV;Isaac Babadi;AM (C);M/AM (RL);M/AM (RLC);21;"5'10""";£16.5K - £24K p/w;£31M - £50M;Fairly Strong;Very Strong;6.54;0;1036;1;1036;0.1;2.44;2.44;-1.44;0.2;5%;0.128421052631579;1.7;0.6;0.5;37%;1;0;0;1;0.1;3.56;0.3;90%;13.1;0.4;0.3;1.0;1.0;0.2;18;0.3;0.1;33;0.6;8;0;13.6;9.6;0.1;0.3;1.7;33;3;0;0.1;0.1;0.1;0;0;0;2.2;2.7;No recurring injuries;Below Average;0.4;0;0.0;0;0;0;0;0;0;0;0;0;0;1.1;1.2
Ligue 1 McDonald's;RC Lens;Abdallah Sima;AM (L);ST (C);AM (RL), ST (C);25;"6'2""";£14.5K - £19.75K p/w;£6M - £7.8M;Weak;Very Strong;6.84;1;1036;1;1036;0.1;2.79;2.79;-1.79;0.2;3%;0.093;2.6;0.6;0.7;23%;1;0;0;1;0.1;1.69;0.1;87%;51.4;0.1;1.7;4.3;2.7;0.9;32;2.7;0.9;32;3.8;9;7;24.3;2.9;1.8;1.7;11.0;81;26;0;0.1;0.4;0.0;15;2;0;13.0;14.0;No recurring injuries;High;3.7;51;0.1;0;0;0;0;0;0;0;0;0;0;1.0;0.6
Sky Bet Championship;QPR;Jimmy Dunne;D (R);;D (RC);29;"6'0""";£20.5K - £28.5K p/w;£4.2M - £7M;Reasonable;Very Strong;6.96;1;2082;2;1041;0.1;1.27;1.27;0.73;0.1;13%;0.0846666666666667;0.6;0.2;0.3;27%;1;0;0;1;0.0;0.77;0.0;89%;49.4;0.1;0.9;6.1;1.6;0.2;10;1.6;0.2;11;0.3;7;1;11.2;14.8;1.6;3.0;5.5;78;46;2;0.7;1.5;1.3;31;4;0;11.1;12.3;No recurring injuries;Low;5.1;66;0.6;0;0;0;0;0;0;0;0;0;0;1.1;1.3
Ligue 1 McDonald's;OGC Nice;Antoniu Roca;AM (R);M (L);M/AM (RL);24;"5'11""";£4.6K - £7.25K p/w;£8M;Fairly Strong;Very Strong;6.99;1;1048;1;1048;0.1;4.22;4.22;-3.22;0.4;3%;0.127878787878788;2.8;1.5;0.4;52%;0;0;0;1;0.1;0.97;0.1;91%;46.5;0.1;1.5;3.6;3.9;0.9;24;3.9;0.9;24;5.3;15;2;19.8;4.4;1.6;2.7;9.4;76;25;0;0.3;0.6;0.0;8;0;0;11.9;15.3;Recurring partially torn groin;Very High;2.1;32;0.0;0;0;0;0;0;0;0;0;0;0;1.1;1.0
First Division;Burgos;Iñigo Córdoba;AM (L);M (L), AM (R), ST (C);M (L), AM (RL), ST (C);29;"5'11""";£6.75K - £7.5K p/w;£325K - £3.3M;Very Strong;Weak;6.84;1;1064;1;1064;0.1;1.19;1.19;-0.19;0.1;10%;0.119;0.8;0.3;0.2;30%;0;0;0;2;0.2;1.07;0.1;90%;42.1;0.2;1.6;3.0;3.5;0.4;12;3.4;0.4;13;3.2;13;5;22.5;2.6;2.0;1.5;10.7;89;27;0;0.1;0.7;0.0;13;1;0;11.2;13.3;No recurring injuries;Below Average;4.4;19;0.0;0;0;0;0;0;0;0;0;0;0;0.8;1.7
Jupiler Pro League;Beerschot;Genki Haraguchi;AM (C);AM (L);M (C), AM (LC);35;"5'10""";£2.9K - £4.4K p/w;£12K - £130K;Reasonable;Very Strong;6.56;1;1068;1;1068;0.1;0.91;0.91;0.09;0.1;11%;0.101111111111111;0.8;0.4;0.2;56%;0;0;0;6;0.5;2.94;0.2;0%;0.0;0.2;0.5;0.0;3.5;0.6;17;0.0;0.0;0;0.0;8;0;16.7;11.8;0.0;0.0;0.0;0;0;0;0.0;0.0;0.0;4;2;1;0.0;0.0;No recurring injuries;High;0.0;0;0.0;0;0;0;0;0;0;0;0;0;0;1.0;1.1
Bundesliga;FC St. Pauli;Tomoya Ando;D (C);;D (C);27;"6'3""";£13.25K - £18.75K p/w;£2.1M - £4.6M;Reasonable;Very Strong;6.89;0;1076;1;1076;0.1;0.5;0.5;0.5;0.0;13%;0.0625;0.7;0.2;0.4;25%;0;0;0;0;0.0;0.05;0.0;91%;40.6;0.1;0.1;2.6;0.0;0.0;0;0.0;0.0;0;0.1;1;0;3.9;10.6;1.1;2.4;3.5;81;16;2;0.4;1.3;1.0;14;5;0;10.3;3.7;No recurring injuries;Average;4.6;87;1.3;0;0;0;0;0;0;0;0;0;0;0.8;1.3
Ligue 1 McDonald's;FC Lorient;Joel Mvuka;AM (R);WB (R), M (RL), AM (L);WB (R), M/AM (RL);24;"5'8""";£6.75K - £10.25K p/w;£600K - £5.8M;Reasonable;Very Strong;6.84;0;1080;1;1080;0.1;1.51;1.51;-0.51;0.1;8%;0.125833333333333;1.0;0.2;0.3;25%;0;0;0;1;0.1;2.37;0.2;89%;41.2;0.4;1.8;3.2;4.8;0.4;8;4.8;0.4;9;5.7;14;7;25.5;3.7;1.0;2.2;8.7;60;20;0;0.2;0.3;0.0;16;1;0;11.3;14.1;No recurring injuries;Below Average;3.4;12;0.1;0;0;0;0;0;0;0;0;0;0;0.8;1.2
Sky Bet Championship;West Brom;Stefano Sabelli;D/WB (R);M (R);D/WB/M (R);33;"5'10""";£9K - £12.75K p/w;£90K - £900K;Reasonable;Very Strong;6.96;1;1097;1;1097;0.1;0.73;0.73;0.27;0.1;10%;0.073;0.8;0.2;0.4;30%;1;0;0;1;0.1;1.16;0.1;87%;56.9;0.2;0.7;7.8;1.6;0.2;15;1.6;0.2;16;1.1;8;1;11.6;13.9;1.1;4.5;6.5;82;17;0;0.9;0.9;0.2;20;4;0;11.8;15.7;No recurring injuries;Below Average;3.9;65;0.3;0;0;0;0;0;0;0;0;0;0;1.5;1.1
Bundesliga 2;Hannover 96;Oscar Højlund;DM;;DM, M (C);21;"6'0""";£13.25K - £14.75K p/w;Not for Sale;Reasonable;Very Strong;7.03;0;1103;1;1103;0.1;0.96;0.96;0.04;0.1;13%;0.12;0.7;0.3;0.2;50%;0;0;0;1;0.1;0.67;0.1;92%;57.0;0.2;0.8;7.5;0.0;0.0;0;0.0;0.0;0;0.4;10;0;6.3;13.1;1.6;2.9;6.4;79;24;1;0.5;0.5;0.0;13;1;0;11.4;12.0;No recurring injuries;Average;3.1;58;0.4;0;0;0;0;0;0;0;0;0;0;0.9;0.7
Serie A;Empoli FC;Nahuel Estévez;DM, M (C);AM (R);DM, M (C), AM (R);31;"5'11""";£8.25K - £14K p/w;Not for Sale;Weak;Very Strong;6.67;0;1111;1;1111;0.1;1.45;1.45;-0.45;0.1;8%;0.111538461538462;1.1;0.6;0.5;54%;0;0;0;2;0.2;1.38;0.1;82%;12.2;0.1;0.3;0.6;0.6;0.0;0;0.6;0.0;0;0.3;13;2;12.6;8.3;0.8;0.2;1.6;91;11;0;0.0;0.0;0.0;6;1;0;2.0;3.0;No recurring injuries;Very Low;1.1;43;0.1;0;0;0;0;0;0;0;0;0;0;0.6;1.1
Serie A;U.S. Lecce;Kialonda Gaspar;D (C);;D (C);29;"6'4""";£7.25K - £11.5K p/w;£6.4M - £8.4M;Fairly Strong;Very Strong;7.02;1;1120;1;1120;0.1;1.73;1.73;-0.73;0.1;9%;0.157272727272727;0.9;0.2;0.2;18%;0;0;0;0;0.0;0.43;0.0;96%;47.3;0.1;0.2;2.7;0.1;0.1;100;0.1;0.1;100;0.0;7;0;2.7;14.9;0.4;3.1;2.7;50;10;4;0.6;1.0;0.6;9;4;0;9.9;3.9;No recurring injuries;Very Low;5.5;78;1.0;0;0;0;0;0;0;0;0;0;0;0.6;1.0
Second Division;Eibar;Adu Ares;AM (R);M/AM (L);M/AM (RL);25;"6'0""";£15K - £22K p/w;£2.5M - £5.4M;Reasonable;Very Strong;7.14;3;1124;1;1124;0.1;2.25;2.25;-1.25;0.2;4%;0.0978260869565217;1.8;0.9;0.7;48%;1;0;0;3;0.2;2.56;0.2;86%;41.2;0.6;1.8;3.8;3.4;0.5;13;3.4;0.5;14;5.2;12;4;18.3;6.0;2.1;2.0;8.6;90;29;0;0.2;0.7;0.0;14;1;0;11.3;14.0;No recurring injuries;Below Average;4.0;34;0.2;0;0;0;0;0;0;0;0;0;0;1.0;1.0
Jupiler Pro League;OH Leuven;Youssef Maziz;AM (C);M (C), AM (L);M (C), AM (LC);28;"5'9""";£3.5K - £5.75K p/w;£400K - £4M;Weak;Very Strong;6.87;0;1129;1;1129;0.1;2.04;2.04;-1.04;0.2;4%;0.0816;2.0;0.8;0.3;40%;0;0;0;2;0.2;2.76;0.2;89%;41.4;0.4;2.2;2.8;0.9;0.2;18;0.9;0.2;18;1.2;7;2;20.2;10.4;0.6;1.8;6.0;78;9;0;0.3;0.3;0.0;8;1;0;11.9;9.6;No recurring injuries;Above Average;2.9;22;0.0;0;0;0;0;0;0;0;0;0;0;0.9;1.0
Eredivisie;N.E.C.;Thomas Ouwejan;D (L);D (C), M/AM (L);D (LC), WB/M/AM (L);30;"5'11""";£2.6K - £4.4K p/w;£190K - £1.9M;Very Strong;Weak;6.85;1;1136;1;1136;0.1;0.47;0.47;0.53;0.0;20%;0.094;0.4;0.1;0.1;20%;0;0;0;2;0.2;1.29;0.1;85%;45.7;0.1;1.1;4.3;10.2;1.3;12;5.2;1.0;18;1.7;13;1;14.9;10.6;2.1;3.6;7.6;76;34;3;1.0;1.3;0.1;13;2;0;11.9;21.9;No recurring injuries;Above Average;3.5;43;0.1;0;0;0;0;0;0;0;0;0;0;1.0;1.6
Serie BKT;Hellas Verona;Abdou Harroui;M (C);AM (C);DM, M/AM (C);28;"6'0""";£11K - £16.25K p/w;£275K - £2.7M;Reasonable;Very Strong;7.02;0;1146;1;1146;0.1;2.65;2.65;-1.65;0.2;4%;0.110416666666667;1.9;0.9;0.1;50%;0;0;0;3;0.2;1.49;0.1;84%;28.6;0.1;0.5;1.4;0.0;0.0;0;0.0;0.0;0;0.0;12;0;1.9;3.7;1.3;0.7;2.0;80;20;0;0.2;0.3;0.0;11;0;0;3.7;3.9;No recurring injuries;Very Low;0.2;67;0.0;0;0;0;0;0;0;0;0;0;0;0.3;0.4
Jupiler Pro League;KRC Genk;Mujaid Sadick;D (C);D (R);D (RC);26;"6'0""";£7.25K - £11K p/w;£650K - £6.6M;Weak;Very Strong;6.91;2;1147;1;1147;0.1;1.03;1.03;-0.03;0.1;11%;0.114444444444444;0.7;0.2;0.3;22%;0;0;0;1;0.1;0.29;0.0;91%;42.8;0.0;0.1;1.9;0.0;0.0;0;0.0;0.0;0;0.1;4;0;3.1;17.4;0.8;1.6;2.8;83;12;1;0.6;1.2;0.8;12;5;0;10.7;4.1;No recurring injuries;Above Average;4.9;71;0.9;0;0;0;0;0;0;0;0;0;0;1.5;0.8
Premier League;VTSC;Miguel Nóbrega;D (C);D (R), DM;D (RC), DM;26;"6'3""";£2.5K - £3.6K p/w;Unknown;Very Weak;Very Weak;6.72;0;1148;1;1148;0.1;0.68;0.68;0.32;0.1;17%;0.113333333333333;0.5;0.1;0.2;17%;0;0;0;0;0.0;0.24;0.0;86%;41.2;0.1;0.2;1.8;0.0;0.0;0;0.0;0.0;0;0.0;6;1;3.9;13.0;0.6;2.7;3.6;100;8;2;0.8;1.6;0.2;9;5;2;10.1;4.9;No recurring injuries;Average;5.3;84;0.8;0;0;0;0;0;0;0;0;0;0;1.6;1.3
Second Division;Alavés;Nahuel Tenaglia;D (R);WB (R);D (RC), WB (R);30;"6'0""";£20K - £29K p/w;£4.2M - £6.8M;Weak;Very Strong;7.01;0;1154;1;1154;0.1;0.63;0.63;0.37;0.0;14%;0.09;0.5;0.1;0.0;14%;0;0;0;0;0.0;1.46;0.1;94%;61.2;0.3;0.4;7.9;1.1;0.2;14;1.1;0.2;14;0.5;9;2;12.0;14.4;1.6;3.1;8.2;60;35;0;0.5;1.2;0.8;17;1;1;11.7;17.5;No recurring injuries;Below Average;3.9;76;0.4;0;0;0;0;0;0;0;0;0;0;1.0;1.0
First Division;Elche;Grady Diangana;AM (L);M (RL), AM (C);M (RL), AM (RLC);28;"5'11""";£19K - £28K p/w;£170K - £1.7M;Very Strong;Reasonable;6.80;1;1156;1;1156;0.1;2.66;2.66;-1.66;0.2;4%;0.115652173913043;1.8;0.5;0.5;26%;1;0;0;3;0.2;1.83;0.1;86%;40.6;0.2;1.7;3.0;8.0;2.0;25;4.7;1.4;30;5.2;12;5;21.8;2.8;1.5;1.7;8.8;86;22;0;0.2;0.4;0.0;17;2;0;12.2;15.1;No recurring injuries;Below Average;3.4;11;0.1;0;0;0;0;0;0;0;0;0;0;0.9;1.9
Second Division;Leganés;Juan Cruz;AM (R);M (R);M/AM (R);26;"5'10""";£16.5K - £25K p/w;£1.5M;Very Strong;Fairly Strong;6.70;0;1160;1;1160;0.1;2.71;2.71;-1.71;0.2;3%;0.0903333333333333;2.3;1.0;0.7;43%;2;1;100;0;0.0;1.26;0.1;89%;44.3;0.3;1.9;3.0;4.3;0.5;12;4.3;0.5;13;5.0;7;4;20.5;3.2;1.1;2.0;7.1;78;18;0;0.3;0.7;0.0;9;0;0;11.0;11.3;No recurring injuries;High;3.1;15;0.1;0;0;0;0;0;0;0;0;0;0;0.9;0.9
Bundesliga 2;Hannover 96;Enzo Leopold;M (C);;DM, M (C);26;"5'9""";£11.25K - £16.5K p/w;£450K - £4.4M;Reasonable;Very Strong;7.27;1;1163;1;1163;0.1;0.56;0.56;0.44;0.0;20%;0.112;0.4;0.2;0.1;40%;0;0;0;2;0.2;2.73;0.2;93%;55.6;0.3;0.9;6.3;6.4;0.9;13;0.2;0.0;0;0.2;12;0;6.5;13.9;1.5;2.3;6.5;66;29;5;0.7;1.1;0.3;6;0;0;12.2;13.1;No recurring injuries;Below Average;1.2;73;0.1;0;0;0;0;0;0;0;0;0;0;0.8;0.8
Bundesliga 2;Hertha BSC;Maximilian Dietz;D (C);;D (C), DM;24;"6'2""";£10.75K - £18K p/w;£1.4M - £3.2M;Reasonable;Very Strong;7.15;0;1168;1;1168;0.1;0.5;0.5;0.5;0.0;17%;0.0833333333333333;0.5;0.1;0.0;17%;0;0;0;2;0.2;3.28;0.3;93%;47.9;0.5;1.1;4.5;0.1;0.1;100;0.1;0.1;100;0.1;6;0;5.5;14.2;0.8;2.9;5.7;83;12;1;0.8;0.6;0.1;15;0;0;10.9;9.6;No recurring injuries;Average;3.5;80;0.6;0;0;0;0;0;0;0;0;0;0;1.4;1.0
Jupiler Pro League;KAA Gent;Daisuke Yokota;AM (R);M (R), AM (L);M (R), AM (RLC);26;"5'7""";£6.5K - £9.25K p/w;£400K - £4M;Very Strong;Weak;7.04;2;1178;1;1178;0.1;2.16;2.16;-1.16;0.2;6%;0.12;1.4;0.6;0.2;44%;0;0;0;3;0.2;2.58;0.2;89%;41.9;0.6;1.7;2.9;4.1;0.8;20;3.9;0.8;20;5.0;15;6;19.7;3.7;1.2;1.8;9.3;84;19;0;0.2;0.5;0.0;14;0;0;11.7;16.0;No recurring injuries;Above Average;3.4;18;0.0;0;0;0;0;0;0;0;0;0;0;0.8;1.1
Sky Bet Championship;QPR;Koki Saito;AM (L);;AM (LC);25;"5'7""";£15.25K - £21.5K p/w;£750K - £7.4M;Weak;Very Strong;6.98;1;1180;1;1180;0.1;1.68;1.68;-0.68;0.1;5%;0.0763636363636364;1.7;0.8;0.9;50%;0;0;0;1;0.1;0.97;0.1;88%;41.8;0.0;1.6;3.2;4.4;0.9;20;4.4;0.9;21;3.7;11;4;15.6;4.2;1.0;1.7;9.3;68;19;0;0.3;1.1;0.0;7;0;0;11.6;15.7;No recurring injuries;Above Average;2.7;25;0.0;0;0;0;0;0;0;0;0;0;0;1.0;1.1
Serie BKT;Pisa;Antonio Caracciolo;D (C);D/WB (R);D (RC), WB (R);36;"6'1""";£10.25K - £17.25K p/w;£45K - £150K;Reasonable;Very Strong;6.12;0;1185;1;1185;0.1;1.67;1.67;-0.67;0.1;9%;0.151818181818182;0.8;0.2;0.1;18%;1;0;0;0;0.0;0.79;0.1;76%;27.2;0.0;0.0;0.4;0.0;0.0;0;0.0;0.0;0;0.0;12;0;1.0;3.4;1.4;1.1;0.5;95;19;0;0.1;0.1;0.2;25;3;0;2.1;0.8;No recurring injuries;Very Low;1.4;79;0.2;0;0;0;0;0;0;0;0;0;0;0.5;0.2
First Division;Atlético Pamplona;Víctor Muñoz;AM (L);AM (C);AM (RLC);23;"5'8""";£24K - £39.5K p/w;£25M - £41M;Fairly Strong;Very Strong;7.08;1;1191;1;1191;0.1;3.19;3.19;-2.19;0.2;5%;0.151904761904762;1.6;0.9;0.4;57%;1;0;0;2;0.2;2.29;0.2;92%;48.9;0.5;1.8;3.7;3.1;0.8;26;3.1;0.8;27;3.3;24;4;18.8;4.0;1.7;1.5;9.1;68;34;1;0.2;0.5;0.0;11;0;0;10.8;13.1;No recurring injuries;Above Average;3.2;19;0.0;0;0;0;0;0;0;0;0;0;0;1.1;1.3
Sky Bet Championship;Cardiff;Gabriel Osho;D (C);D (R);D (RC);28;"6'1""";£24K - £32K p/w;£12.5M - £15.5M;Reasonable;Very Strong;6.92;1;1192;1;1192;0.1;0.21;0.21;0.79;0.0;33%;0.07;0.2;0.1;0.1;33%;0;0;0;0;0.0;0.92;0.1;91%;41.8;0.0;0.2;1.8;0.2;0.0;0;0.2;0.0;0;0.0;2;0;2.6;12.5;0.5;3.2;2.4;75;8;4;0.8;0.9;1.0;7;4;0;10.1;4.3;No recurring injuries;Above Average;5.3;74;0.8;0;0;0;0;0;0;0;0;0;0;1.3;1.0
Bundesliga 2;1. FC Kaiserslautern;Naatan Skyttä;AM (C);M/AM (R);M/AM (RC);24;"5'9""";£10.5K - £15.25K p/w;£400K - £3.9M;Very Strong;Weak;6.81;0;1194;1;1194;0.1;2.22;2.22;-1.22;0.2;4%;0.0822222222222222;2.0;0.8;0.4;41%;0;0;0;0;0.0;1.73;0.1;87%;40.7;0.1;2.2;3.2;3.4;0.6;17;1.5;0.2;15;1.3;12;3;19.1;10.8;0.7;1.3;5.7;69;13;0;0.1;0.4;0.0;4;0;0;12.0;10.9;No recurring injuries;Average;3.2;23;0.2;0;0;0;0;0;0;0;0;0;0;0.8;0.7
First Division;Vigo;Hugo Sotelo;M (C);M (R);DM, M (RC);22;"5'11""";£42.5K - £50K p/w;£40M - £58M;Weak;Very Strong;6.99;1;1198;1;1198;0.1;0.7;0.7;0.3;0.1;14%;0.1;0.5;0.2;0.2;29%;0;0;0;3;0.2;4.49;0.3;90%;58.2;0.4;1.1;6.5;2.3;0.3;12;0.1;0.0;0;0.1;3;0;6.8;12.5;1.3;2.2;7.1;89;19;0;0.5;0.8;0.2;7;1;0;11.4;11.8;No recurring injuries;Low;2.6;35;0.1;0;0;0;0;0;0;0;0;0;0;1.2;1.4
Jupiler Pro League;KV Kortrijk;Rasmus Carstensen;D (R);;D/WB (R);26;"6'0""";£4.8K - £7K p/w;£160K - £1.6M;Reasonable;Very Strong;7.13;1;1204;1;1204;0.1;0.72;0.72;0.28;0.1;11%;0.08;0.7;0.1;0.4;11%;0;0;0;1;0.1;2.85;0.2;88%;57.4;0.4;1.3;7.3;2.5;0.4;18;2.5;0.4;18;1.2;13;0;11.1;16.4;2.0;2.9;6.1;82;33;2;0.4;1.1;0.7;14;3;0;11.4;16.4;No recurring injuries;Below Average;4.0;68;0.2;0;0;0;0;0;0;0;0;0;0;1.6;1.0
Serie A;Sassuolo;Janis Antiste;ST (C);AM (RC);AM (RC), ST (C);24;"6'0""";£25K - £40.5K p/w;£3.6M - £5.8M;Weak;Very Strong;6.88;1;1210;1;1210;0.1;3.58;3.58;-2.58;0.3;3%;0.105294117647059;2.5;1.2;0.7;47%;1;0;0;2;0.1;1.74;0.1;88%;38.7;0.4;0.8;2.5;1.4;0.6;42;1.4;0.6;42;2.8;19;7;14.3;3.9;0.9;2.0;6.5;75;16;1;0.2;0.3;0.0;15;2;0;9.5;12.0;No recurring injuries;Very Low;3.4;50;0.0;0;0;0;0;0;0;0;0;0;0;0.8;1.4
Bundesliga;1. FSV Mainz 05;Paul Nebel;AM (C);AM (RL);M (C), AM (RLC);24;"5'7""";£27.5K - £41.5K p/w;£9.2M - £15M;Strong;Very Strong;6.56;0;1211;1;1211;0.1;1.09;1.09;-0.09;0.1;8%;0.0838461538461538;1.0;0.4;0.6;38%;0;0;0;1;0.1;2.1;0.2;91%;5.2;0.4;0.3;0.5;0.1;0.1;100;0.1;0.1;100;0.1;13;0;17.1;8.5;0.3;0.3;0.3;100;4;0;0.0;0.1;0.0;1;1;0;0.9;1.2;No recurring injuries;Very Low;0.1;0;0.0;0;0;0;0;0;0;0;0;0;0;0.7;1.4
Premier League;Estoril Praia;Jordan Holsgrove;M (C);;DM, M (C);27;"5'11""";£2K - £2.9K p/w;£8.4M;Very Strong;Weak;6.96;0;1219;1;1219;0.1;2.79;2.79;-1.79;0.2;5%;0.146842105263158;1.4;0.7;0.4;47%;1;0;0;2;0.1;2.17;0.2;92%;49.7;0.1;1.1;4.9;5.7;1.1;19;0.6;0.1;13;0.7;9;2;5.8;9.8;1.3;1.8;7.0;85;20;0;0.6;1.0;0.4;11;2;0;11.1;10.6;No recurring injuries;High;2.5;50;0.1;0;0;0;0;0;0;0;0;0;0;0.9;1.8
Bundesliga 2;1. FC Kaiserslautern;Maxim Leitsch;D (C);;D (C);28;"6'2""";£7.75K - £11.75K p/w;£325K - £3.4M;Very Strong;Weak;6.93;1;1222;1;1222;0.1;0.26;0.26;0.74;0.0;25%;0.065;0.3;0.1;0.1;50%;0;0;0;0;0.0;0;0.0;92%;42.3;0.0;0.1;1.5;0.2;0.1;33;0.2;0.1;33;0.1;2;0;3.6;13.8;0.8;3.3;2.7;100;11;1;0.9;1.0;0.4;6;1;0;10.6;5.5;Recurring tight thigh;Very High;5.0;66;0.7;0;0;0;0;0;0;0;0;0;0;1.0;0.8
Sky Bet Championship;Millwall;Alfie Doughty;WB/M (L);WB (R), DM, M (C);D (L), WB (RL), DM, M (LC), AM (RL);26;"6'0""";£22K - £30K p/w;£8M - £13M;Very Strong;Weak;6.86;0;1223;1;1223;0.1;1.49;1.49;-0.49;0.1;11%;0.165555555555556;0.7;0.4;0.1;56%;0;0;0;5;0.4;2.53;0.2;90%;46.2;0.4;1.6;3.1;3.9;0.9;22;2.6;0.8;31;3.0;14;3;13.7;6.5;1.2;2.6;8.4;89;18;1;0.1;0.6;0.1;18;1;0;11.3;13.2;No recurring injuries;Above Average;3.1;19;0.0;0;0;0;0;0;0;0;0;0;0;1.5;1.2
Jupiler Pro League;Charleroi;Aiham Ousou;D (C);;D (C);26;"6'1""";£2.4K - £3.7K p/w;£4.8M - £9.4M;Reasonable;Very Strong;6.65;0;1228;1;1228;0.1;0.91;0.91;0.09;0.1;13%;0.11375;0.6;0.1;0.2;25%;1;0;0;1;0.1;1.33;0.1;89%;43.4;0.2;0.2;1.4;0.0;0.0;0;0.0;0.0;0;0.0;2;0;2.8;16.3;0.4;2.6;2.7;83;6;1;0.6;1.0;0.7;12;5;1;9.8;4.0;No recurring injuries;Above Average;5.8;67;1.0;0;0;0;0;0;0;0;0;0;0;1.4;1.0
Serie A;Torino;Zakaria Aboukhlal;AM (R);M (L), AM (C), ST (C);M (L), AM (RLC), ST (C);26;"5'10""";£32.5K - £38K p/w;£7.8M - £11.5M;Very Strong;Fairly Strong;6.89;1;1229;1;1229;0.1;4.63;4.63;-3.63;0.3;4%;0.165357142857143;2.1;0.8;0.2;39%;2;0;0;3;0.2;1.21;0.1;87%;46.0;0.1;2.0;4.0;3.1;0.4;14;3.1;0.4;14;3.1;16;9;23.0;4.2;1.1;2.3;9.7;50;30;0;0.1;0.3;0.0;18;1;0;11.9;15.5;No recurring injuries;Very Low;2.6;31;0.0;0;0;0;0;0;0;0;0;0;0;1.1;1.2
Bundesliga;FC St. Pauli;Louis Oppie;D (L);;D/WB (L);24;"6'0""";£17K - £27.5K p/w;£4.6M - £9M;Very Strong;Reasonable;6.93;0;1244;1;1244;0.1;0.5;0.5;0.5;0.0;17%;0.0833333333333333;0.4;0.1;0.1;33%;0;0;0;1;0.1;1.23;0.1;84%;48.2;0.2;1.0;5.9;7.5;1.4;18;4.5;0.8;18;2.5;19;1;16.1;10.6;2.6;5.3;10.1;90;40;2;0.6;0.8;0.1;35;2;0;12.6;27.2;No recurring injuries;Below Average;2.7;50;0.1;0;0;0;0;0;0;0;0;0;0;0.8;1.1
Bundesliga 2;1. FC Heidenheim 1846;Niklas Dorsch;DM, M (C);;DM, M (C);28;"5'10""";£15.75K - £25K p/w;£550K - £5.6M;Reasonable;Very Strong;6.94;0;1248;1;1248;0.1;0.58;0.58;0.42;0.0;25%;0.145;0.3;0.1;0.0;25%;0;0;0;1;0.1;2.11;0.2;91%;58.9;0.2;0.9;7.9;2.5;0.2;8;0.1;0.0;0;0.1;13;0;6.3;13.5;0.6;2.8;6.3;67;12;1;0.9;1.2;0.1;11;1;0;12.1;14.0;No recurring injuries;High;1.1;20;0.0;0;0;0;0;0;0;0;0;0;0;1.2;1.0
Second Division;Coruña;Mohammed Bouldini;ST (C);;ST (C);31;"6'2""";£5.75K - £8.5K p/w;£850K - £1.9M;Reasonable;Very Strong;6.77;0;1249;1;1249;0.1;5.11;5.11;-4.11;0.4;2%;0.1022;3.6;1.2;0.9;32%;0;0;0;1;0.1;1.54;0.1;87%;27.5;0.3;1.2;0.9;0.4;0.1;40;0.4;0.1;40;0.8;27;6;25.9;1.9;0.2;0.7;2.0;100;3;0;0.1;0.2;0.0;8;0;0;10.6;8.4;Recurring partially torn ankle ligaments;Very High;7.8;21;0.1;0;0;0;0;0;0;0;0;0;0;0.9;1.1
Sky Bet Championship;Cardiff;David Turnbull;M (C);DM;DM, M/AM (C);27;"6'1""";£13.5K - £19.75K p/w;£1M;Reasonable;Very Strong;6.57;0;1250;1;1250;0.1;1.26;1.26;-0.26;0.1;7%;0.09;1.0;0.3;0.3;29%;0;0;0;5;0.4;2.23;0.2;88%;0.6;0.4;0.4;0.1;1.1;0.1;13;0.0;0.0;0;0.0;6;0;15.2;10.4;0.0;0.0;0.1;0;0;0;0.0;0.0;0.0;0;0;0;0.2;0.1;No recurring injuries;Average;0.0;0;0.0;0;0;0;0;0;0;0;0;0;0;1.4;1.4
Bundesliga 2;1. FC Köln;Sebastian Sebulonsen;D (R);D (C);D (RC), WB (R);26;"6'2""";£7.25K - £11K p/w;£3M - £6.4M;Weak;Very Strong;6.97;2;1260;1;1260;0.1;0.54;0.54;0.46;0.0;25%;0.135;0.3;0.1;0.0;25%;0;0;0;0;0.0;1.73;0.1;87%;41.0;0.3;1.1;3.7;6.4;1.6;24;6.4;1.6;24;2.9;13;0;13.6;11.2;1.9;3.0;9.8;93;28;2;0.9;1.3;0.1;25;4;0;12.9;24.9;No recurring injuries;Average;3.9;76;0.3;0;0;0;0;0;0;0;0;0;0;1.2;0.9
Serie BKT;SSC Bari;Andrea Meroni;D (C);;D (C);29;"6'2""";£13.5K - £23.5K p/w;£300K - £2.9M;Weak;Very Strong;6.76;0;1260;1;1260;0.1;0.43;0.43;0.57;0.0;25%;0.1075;0.3;0.1;0.0;25%;0;0;0;1;0.1;0;0.0;65%;20.0;0.0;0.0;0.0;0.0;0.0;0;0.0;0.0;0;0.0;23;0;0.0;0.0;1.9;0.0;0.0;96;27;0;0.0;0.0;0.0;18;0;0;0.0;0.0;No recurring injuries;Very Low;0.0;0;0.0;0;0;0;0;0;0;0;0;0;0;0.0;0.0
Bundesliga;Sport-Club Freiburg;Christian Günter;D/WB (L);;D/WB (L);33;"6'0""";£18.5K - £29K p/w;£425K - £1.4M;Very Strong;Weak;6.95;1;1262;1;1262;0.1;0.05;0.05;0.95;0.0;50%;0.025;0.1;0.1;0.1;50%;1;0;0;1;0.1;2.02;0.1;88%;56.8;0.0;0.8;7.7;2.9;0.4;12;2.8;0.4;13;0.9;7;2;14.6;12.4;2.0;3.4;7.6;78;36;0;0.4;1.2;0.3;22;2;0;11.9;17.5;No recurring injuries;Low;3.1;72;0.5;0;0;0;0;0;0;0;0;0;0;1.4;1.1
First Division;Atlético Pamplona;Jorge Herrando;D (C);;D (C);25;"6'4""";£3.3K - £3.7K p/w;£17.5M;Very Strong;Weak;6.77;1;1262;1;1262;0.1;0.34;0.34;0.66;0.0;20%;0.068;0.4;0.1;0.1;40%;0;0;0;0;0.0;0.84;0.1;94%;49.2;0.1;0.0;2.6;0.0;0.0;0;0.0;0.0;0;0.0;1;0;3.5;14.1;0.8;3.1;3.4;85;13;4;0.8;1.1;0.9;6;0;0;10.0;4.2;No recurring injuries;Above Average;6.5;75;1.1;0;0;0;0;0;0;0;0;0;0;1.2;1.1
Sky Bet Championship;Millwall;Calvin Ramsay;D (R);WB (R);D/WB (R);23;"5'10""";£14.25K - £16.25K p/w;Not for Sale;Fairly Strong;Very Strong;7.03;2;1268;1;1268;0.1;0.42;0.42;0.58;0.0;17%;0.07;0.4;0.2;0.2;50%;0;0;0;1;0.1;1.49;0.1;89%;55.0;0.1;0.6;6.7;2.6;0.1;5;2.6;0.1;5;0.9;16;1;14.8;11.9;1.5;3.0;8.2;81;26;1;0.4;1.2;0.5;21;1;0;11.5;14.5;No recurring injuries;Above Average;5.1;57;0.6;0;0;0;0;0;0;0;0;0;0;1.2;0.9
Serie BKT;Cremonese;Matteo Bianchetti;D (C);;D (C);33;"6'2""";£12.25K - £16.75K p/w;£200K - £2M;Weak;Very Strong;7.49;2;1283;1;1283;0.1;1.06;1.06;-0.06;0.1;10%;0.106;0.7;0.2;0.0;30%;0;0;0;1;0.1;0;0.0;70%;21.0;0.0;0.0;0.0;0.0;0.0;0;0.0;0.0;0;0.0;24;0;0.0;0.0;1.8;0.0;0.0;96;27;0;0.0;0.0;0.0;31;1;2;0.0;0.0;No recurring injuries;Very Low;0.0;0;0.0;0;0;0;0;0;0;0;0;0;0;0.0;0.0
Sky Bet Championship;Portsmouth;Josh Murphy;AM (L);WB/M (L), AM (R);WB/M (L), AM (RL);31;"5'8""";£11K - £15.75K p/w;£250K - £2.6M;Fairly Strong;Very Strong;6.85;0;1285;1;1285;0.1;2.01;2.01;-1.01;0.1;6%;0.125625;1.1;0.4;0.4;38%;0;0;0;2;0.1;1.99;0.1;87%;44.1;0.2;1.5;3.3;3.1;0.4;11;3.1;0.4;11;3.8;14;5;21.2;3.7;1.1;1.5;9.2;67;24;0;0.4;0.8;0.1;12;0;0;10.9;11.8;No recurring injuries;High;4.1;17;0.0;0;0;0;0;0;0;0;0;0;0;1.1;1.0
Sky Bet Championship;Southampton;Nathan Wood;D (C);;D (C);24;"6'2""";£33K - £45K p/w;£6M - £9.8M;Reasonable;Very Strong;6.89;1;1289;1;1289;0.1;0.81;0.81;0.19;0.1;14%;0.115714285714286;0.5;0.1;0.1;29%;0;0;0;0;0.0;1.47;0.1;93%;43.0;0.2;0.0;2.6;0.2;0.0;0;0.2;0.0;0;0.0;4;0;3.0;15.7;0.8;3.1;2.5;65;17;2;0.4;1.0;1.1;7;1;0;10.2;3.4;No recurring injuries;Below Average;5.9;79;1.0;0;0;0;0;0;0;0;0;0;0;1.6;1.0
Bundesliga 2;1. FC Köln;Rav van den Berg;D (C);;D (C);22;"6'3""";£11.75K - £16.75K p/w;£200K - £11M;Weak;Very Strong;6.97;1;1294;1;1294;0.1;1.32;1.32;-0.32;0.1;17%;0.22;0.4;0.2;0.1;50%;0;0;0;0;0.0;0.33;0.0;93%;41.7;0.0;0.1;1.5;0.0;0.0;0;0.0;0.0;0;0.1;4;0;3.5;12.9;0.8;2.4;2.6;79;14;3;0.6;1.3;0.3;6;2;0;10.4;4.2;No recurring injuries;Above Average;6.0;80;1.3;0;0;0;0;0;0;0;0;0;0;1.2;0.9
Sky Bet Championship;Millwall;Casper De Norre;DM, M (C);;DM, M (C);29;"5'9""";£13.5K - £19K p/w;£425K - £4.2M;Weak;Very Strong;6.84;2;1301;1;1301;0.1;1.02;1.02;-0.02;0.1;20%;0.204;0.3;0.1;0.1;40%;0;0;0;4;0.3;3.44;0.2;90%;49.6;0.3;1.7;5.0;1.5;0.3;23;0.1;0.0;0;0.1;9;1;7.0;15.8;1.1;2.6;5.4;84;19;3;0.6;1.4;0.3;6;0;0;11.5;11.2;No recurring injuries;Above Average;1.2;22;0.0;0;0;0;0;0;0;0;0;0;0;1.2;0.8
Bundesliga 2;1. FC Saarbrücken;Emir Sahiti;AM (R);M (RL);M/AM (RL);28;"5'9""";£5.25K - £8.75K p/w;£220K - £2.2M;Reasonable;Very Strong;6.90;1;1309;1;1309;0.1;1.17;1.17;-0.17;0.1;9%;0.106363636363636;0.8;0.2;0.1;27%;0;0;0;2;0.1;2.29;0.2;87%;47.6;0.1;2.2;4.1;6.5;1.3;20;2.5;0.8;30;5.2;10;6;20.4;4.4;2.0;1.6;9.0;78;37;0;0.2;0.3;0.0;27;2;0;12.0;16.8;No recurring injuries;Above Average;3.7;22;0.0;0;0;0;0;0;0;0;0;0;0;0.8;1.2
Bundesliga;VfL Bochum 1848;Philipp Strompf;D (C);;D (C);28;"6'4""";£7.25K - £12.5K p/w;£240K - £2.4M;Very Strong;Weak;6.88;0;1312;1;1312;0.1;0.47;0.47;0.53;0.0;33%;0.156666666666667;0.2;0.1;0.1;33%;0;0;0;1;0.1;0.36;0.0;91%;44.1;0.0;0.2;2.1;0.0;0.0;0;0.0;0.0;0;0.0;4;0;4.1;10.1;0.9;2.5;2.3;100;13;1;0.7;1.5;0.8;8;4;0;10.2;4.5;No recurring injuries;Above Average;5.3;66;1.4;0;0;0;0;0;0;0;0;0;0;0.9;1.4
First Division;Cádiz;Moussa Diakité;DM;M (C);DM, M (C);23;"6'2""";£9.25K - £14.75K p/w;£6M - £7.8M;Weak;Very Strong;6.97;1;1324;1;1324;0.1;1.23;1.23;-0.23;0.1;7%;0.0878571428571429;1.0;0.1;0.4;14%;0;0;0;4;0.3;1.81;0.1;93%;55.7;0.3;0.8;4.1;0.1;0.1;50;0.1;0.1;50;0.3;5;0;4.8;15.1;1.2;2.6;5.9;82;22;1;0.5;0.7;0.1;12;6;0;12.0;14.0;No recurring injuries;Below Average;3.1;49;0.4;0;0;0;0;0;0;0;0;0;0;1.2;1.2
First Division;Real San Sebastián;Jon Martín;D (C);;D (C);20;"6'2""";£21K - £24K p/w;£43M;Weak;Very Strong;6.83;2;1336;1;1336;0.1;1.4;1.4;-0.4;0.1;8%;0.107692307692308;0.9;0.1;0.4;8%;0;0;0;0;0.0;1.34;0.1;93%;47.6;0.1;0.1;1.6;0.1;0.0;0;0.1;0.0;0;0.0;3;0;2.6;18.5;0.7;3.3;2.8;100;11;2;0.5;0.9;0.7;6;2;0;10.0;4.2;No recurring injuries;Above Average;3.1;74;0.4;0;0;0;0;0;0;0;0;0;0;1.5;1.1
Jupiler Pro League;Cercle Brugge;Hannes Van Der Bruggen;M (C);;DM, M (C);33;"5'11""";£2.6K - £4.3K p/w;£30K - £300K;Very Strong;Weak;6.79;1;1343;1;1343;0.1;0.82;0.82;0.18;0.1;17%;0.136666666666667;0.4;0.2;0.2;50%;0;0;0;1;0.1;2.59;0.2;91%;48.0;0.6;0.7;4.6;0.4;0.0;0;0.1;0.0;0;0.2;8;0;7.0;13.9;1.5;2.5;6.6;74;31;1;0.6;0.3;0.1;14;0;0;11.4;11.3;No recurring injuries;Below Average;2.3;46;0.1;0;0;0;0;0;0;0;0;0;0;1.1;1.1
Bundesliga;1. FSV Mainz 05;Alexander Prass;WB (L);D (L), M (LC), AM (L);D/WB (L), M (LC), AM (L);25;"5'11""";£23.5K - £37.5K p/w;£5M;Very Strong;Reasonable;6.89;0;1348;1;1348;0.1;0.14;0.14;0.86;0.0;25%;0.035;0.3;0.1;0.3;50%;0;0;0;0;0.0;1.19;0.1;88%;51.5;0.1;1.7;5.2;7.6;1.4;18;7.6;1.4;18;2.9;13;5;19.4;8.8;3.2;2.7;11.8;83;58;1;0.2;0.7;0.1;30;4;0;12.7;27.2;No recurring injuries;Below Average;1.9;64;0.1;0;0;0;0;0;0;0;0;0;0;1.2;1.4
Ligue 1 McDonald's;Toulouse FC;Rasmus Nicolaisen;D (C);;D (C);29;"6'3""";£13.75K - £15.5K p/w;£300K - £7.8M;Very Strong;Reasonable;6.84;1;1349;1;1349;0.1;0.3;0.3;0.7;0.0;33%;0.1;0.2;0.1;0.1;33%;0;0;0;0;0.0;0.61;0.0;93%;46.6;0.0;0.1;2.0;0.1;0.1;100;0.1;0.1;100;0.1;0;0;3.1;14.1;1.1;2.9;3.5;80;20;5;0.6;0.9;0.5;7;2;0;10.6;3.6;No recurring injuries;High;6.1;78;1.1;0;0;0;0;0;0;0;0;0;0;1.1;1.1
Serie BKT;AC Monza;Patrick Ciurria;WB/M (R);D (R), WB (L), AM (R);D (R), WB (RL), M/AM (R);31;"5'11""";£24.5K - £35K p/w;£325K - £3.3M;Very Strong;Reasonable;7.02;0;1350;1;1350;0.1;1.59;1.59;-0.59;0.1;7%;0.106;1.0;0.2;0.0;20%;0;0;0;0;0.0;1.15;0.1;71%;20.0;0.0;0.0;0.0;0.0;0.0;0;0.0;0.0;0;0.0;19;0;0.0;0.0;1.7;0.0;0.0;96;26;0;0.0;0.0;0.0;17;1;1;0.0;0.0;No recurring injuries;Very Low;0.0;0;0.0;0;0;0;0;0;0;0;0;0;0;0.0;0.0
Serie BKT;Venezia;Cheick Conde;M (C);;DM, M (C);26;"6'1""";£15.25K - £23K p/w;£500K - £5M;Reasonable;Very Strong;6.99;0;1350;1;1350;0.1;0.81;0.81;0.19;0.1;8%;0.0623076923076923;0.9;0.3;0.0;31%;0;0;0;2;0.1;1.05;0.1;69%;20.0;0.0;0.0;0.0;0.0;0.0;0;0.0;0.0;0;0.0;8;0;0.0;0.0;2.1;0.0;0.0;84;38;0;0.0;0.0;0.0;17;2;0;0.0;0.0;No recurring injuries;Very Low;0.0;0;0.0;0;0;0;0;0;0;0;0;0;0;0.0;0.0
Serie BKT;Pisa;Pietro Beruatto;D (L);;D/WB (L);27;"6'1""";£9K - £13.25K p/w;£300K - £3M;Very Strong;Weak;7.16;0;1350;1;1350;0.1;0.82;0.82;0.18;0.1;13%;0.1025;0.5;0.1;0.0;25%;0;0;0;4;0.3;1.69;0.1;75%;25.2;0.0;0.3;1.0;1.2;0.2;16;1.2;0.2;17;0.3;23;0;2.6;3.1;2.3;0.5;1.6;97;35;0;0.0;0.1;0.1;23;4;0;2.9;5.6;No recurring injuries;Very Low;0.9;46;0.1;0;0;0;0;0;0;0;0;0;0;0.4;0.1
Serie BKT;Padova;Antonio Barreca;D (L);M (L);D/WB/M (L);31;"6'0""";£8.25K - £14.25K p/w;Not for Sale;Very Strong;Weak;7.03;0;1350;1;1350;0.1;1.05;1.05;-0.05;0.1;7%;0.07;1.0;0.1;0.0;13%;0;0;0;2;0.1;1.77;0.1;68%;20.0;0.0;0.0;0.0;0.0;0.0;0;0.0;0.0;0;0.0;25;0;0.0;0.0;1.9;0.0;0.0;100;29;0;0.0;0.0;0.0;15;0;0;0.0;0.0;No recurring injuries;Very Low;0.0;0;0.0;0;0;0;0;0;0;0;0;0;0;0.0;0.0
Bundesliga;FC St. Pauli;Hauke Wahl;D (C);DM;D (C), DM;32;"6'3""";£17K - £25.5K p/w;Not for Sale;Weak;Very Strong;6.99;1;1350;1;1350;0.1;0.63;0.63;0.37;0.0;17%;0.105;0.4;0.1;0.1;17%;0;0;0;0;0.0;0.69;0.0;94%;43.0;0.0;0.1;2.1;0.1;0.0;0;0.1;0.0;0;0.0;5;1;3.1;13.2;0.7;2.5;2.7;100;10;2;0.5;1.3;0.6;7;1;0;10.4;4.5;No recurring injuries;Low;5.2;77;1.1;0;0;0;0;0;0;0;0;0;0;0.7;1.3
Serie BKT;Juve Stabia;Marco Varnier;D (C);;D (C);28;"6'2""";£14.75K - £22K p/w;£250K - £2.5M;Reasonable;Very Strong;6.88;0;1350;1;1350;0.1;0.53;0.53;0.47;0.0;13%;0.06625;0.5;0.1;0.0;13%;0;0;0;3;0.2;0;0.0;69%;20.0;0.0;0.0;0.0;0.0;0.0;0;0.0;0.0;0;0.0;12;0;0.0;0.0;1.3;0.0;0.0;95;21;0;0.0;0.0;0.0;27;1;2;0.0;0.0;No recurring injuries;Very Low;0.0;0;0.0;0;0;0;0;0;0;0;0;0;0;0.0;0.0
Serie BKT;Palermo;Tommaso Augello;D (L);M (L);D/WB/M (L);32;"5'11""";£11.5K - £18.5K p/w;£200K - £2M;Very Strong;Reasonable;7.33;1;1350;1;1350;0.1;0.48;0.48;0.52;0.0;13%;0.06;0.5;0.0;0.1;0%;0;0;0;2;0.1;1.78;0.1;75%;27.1;0.1;0.3;1.1;2.0;0.3;13;2.0;0.3;13;0.3;13;2;3.5;2.6;2.2;0.6;2.8;94;35;0;0.0;0.1;0.1;13;0;0;3.3;6.9;No recurring injuries;Very Low;0.9;38;0.1;0;0;0;0;0;0;0;0;0;0;0.3;0.3
Bundesliga 2;SV Darmstadt 98;Kai Klefisch;DM;D/M (C);D (C), DM, M (C);27;"6'2""";£8K - £11.5K p/w;£425K - £4.2M;Reasonable;Very Strong;7.06;1;1350;1;1350;0.1;0.37;0.37;0.63;0.0;17%;0.0616666666666667;0.4;0.1;0.2;33%;0;0;0;0;0.0;1.62;0.1;92%;50.9;0.2;0.8;5.7;0.3;0.2;60;0.3;0.2;60;0.1;2;0;5.1;14.1;1.2;3.5;5.9;86;21;2;0.7;1.1;0.3;11;2;0;11.8;11.9;No recurring injuries;Above Average;2.2;58;0.1;0;0;0;0;0;0;0;0;0;0;1.4;1.5
Bundesliga 2;Fortuna Düsseldorf;Facundo González;D (C);;D (C);23;"6'4""";£12K - £15.5K p/w;£600K - £5.8M;Very Strong;Reasonable;6.75;1;1356;1;1356;0.1;0.26;0.26;0.74;0.0;14%;0.0371428571428571;0.5;0.1;0.3;29%;0;0;0;0;0.0;0.36;0.0;92%;42.7;0.1;0.1;1.8;0.0;0.0;0;0.0;0.0;0;0.0;5;0;3.1;11.7;0.4;3.2;2.5;86;7;1;0.9;0.9;0.6;11;5;0;10.4;3.7;No recurring injuries;Average;4.4;79;1.0;0;0;0;0;0;0;0;0;0;0;0.8;1.3
Second Division;Valladolid;Iván Alejo;D/AM (R);;D/WB/M/AM (R);31;"6'0""";£11.75K - £19.5K p/w;£110K - £1.1M;Reasonable;Very Strong;6.92;2;1364;1;1364;0.1;0.46;0.46;0.54;0.0;17%;0.0766666666666667;0.4;0.2;0.2;50%;0;0;0;1;0.1;0.64;0.0;90%;54.2;0.1;1.2;6.3;2.4;0.3;10;2.4;0.3;11;0.7;16;2;11.7;13.3;2.7;3.2;7.5;91;45;3;0.5;1.0;0.3;24;3;1;12.4;17.6;No recurring injuries;Average;4.4;71;0.2;0;0;0;0;0;0;0;0;0;0;1.7;1.3
Bundesliga 2;1. FC Köln;Timo Hübers;D (C);;D (C);30;"6'3""";£16K - £24.5K p/w;£3.5M - £7.2M;Reasonable;Very Strong;6.89;1;1403;1;1403;0.1;0.31;0.31;0.69;0.0;20%;0.062;0.3;0.1;0.1;20%;0;0;0;1;0.1;1.39;0.1;90%;42.4;0.1;0.4;1.9;0.0;0.0;0;0.0;0.0;0;0.0;4;1;3.3;15.0;0.8;2.2;2.7;76;17;5;1.0;1.9;0.7;7;2;0;9.8;4.4;No recurring injuries;High;4.7;70;0.8;0;0;0;0;0;0;0;0;0;0;1.0;1.0
First Division;Elche;Aleix Febas;M (C);DM, AM (C);DM, M/AM (C);30;"5'8""";£37K - £55K p/w;£350K - £3.5M;Fairly Strong;Very Strong;6.48;0;1408;1;1408;0.1;1.26;1.26;-0.26;0.1;11%;0.14;0.6;0.1;0.0;11%;0;0;0;3;0.2;4.41;0.3;0%;0.0;0.5;0.2;0.0;0.0;0.0;0;0.0;0.0;0;0.0;10;0;18.3;10.0;0.0;0.0;0.0;0;0;0;0.0;0.0;0.0;1;1;0;0.0;0.0;No recurring injuries;Below Average;0.0;0;0.0;0;0;0;0;0;0;0;0;0;0;0.7;1.9
Jupiler Pro League;KAA Gent;Valgeir Lunddal;D (R);D/WB (L);D/WB (RL);25;"6'3""";£6.25K - £10K p/w;£200K - £2M;Reasonable;Very Strong;6.94;0;1410;1;1410;0.1;1.22;1.22;-0.22;0.1;7%;0.0813333333333333;1.0;0.2;0.3;20%;0;0;0;0;0.0;1.26;0.1;85%;56.8;0.3;0.4;7.6;1.9;0.5;26;1.9;0.5;27;1.2;15;0;13.3;10.6;1.9;3.4;7.2;77;39;1;0.4;0.6;0.4;28;3;0;11.8;16.0;No recurring injuries;High;4.3;78;0.7;0;0;0;0;0;0;0;0;0;0;1.1;1.3
Second Division;Leganés;Enric Franquesa;D (L);WB (L);D/WB/M (L);29;"5'9""";£8.5K - £15K p/w;£900K - £9.2M;Very Strong;Reasonable;7.01;2;1425;1;1425;0.1;0.48;0.48;0.52;0.0;20%;0.096;0.3;0.2;0.1;60%;0;0;0;0;0.0;1.6;0.1;89%;55.6;0.4;0.9;7.1;2.7;0.3;9;2.7;0.3;10;1.0;14;2;12.6;12.8;2.0;2.7;7.3;78;40;1;0.6;1.1;0.7;23;1;0;12.2;17.4;No recurring injuries;Average;3.2;61;0.3;0;0;0;0;0;0;0;0;0;0;0.9;0.9
Serie A;Spezia;Filippo Bandinelli;M (C);;M (C);31;"5'11""";£9K - £14.5K p/w;Not for Sale;Very Strong;Reasonable;6.36;0;1431;1;1431;0.1;0.48;0.48;0.52;0.0;13%;0.06;0.5;0.1;0.3;13%;0;0;0;0;0.0;1.98;0.1;0%;0.0;0.3;0.0;0.0;0.5;0.2;37;0.0;0.0;0;0.0;11;0;18.9;10.2;0.0;0.0;0.0;0;0;0;0.0;0.0;0.0;2;2;0;0.0;0.0;No recurring injuries;Very Low;0.0;0;0.0;0;0;0;0;0;0;0;0;0;0;0.6;0.9
Ligue 1 McDonald's;Rennes;Lilian Brassier;D (C);D (L);D (LC);27;"6'0""";£34.5K - £39.5K p/w;£11M - £13.5M;Very Strong;Weak;6.94;1;1440;1;1440;0.1;0.63;0.63;0.37;0.0;11%;0.07;0.6;0.2;0.2;44%;0;0;0;1;0.1;1.53;0.1;91%;45.7;0.1;0.2;2.1;0.1;0.0;0;0.1;0.0;0;0.1;4;1;2.6;14.8;0.8;2.1;4.2;81;16;5;0.6;1.4;1.0;6;1;0;10.0;2.4;No recurring injuries;Below Average;4.7;79;0.6;0;0;0;0;0;0;0;0;0;0;1.1;1.1
Bundesliga 2;Hertha BSC;Linus Gechter;D (C);D (R);D (RC);22;"6'3""";£10K - £14.5K p/w;£800K - £7.8M;Reasonable;Very Strong;7.16;1;1444;1;1444;0.1;0.8;0.8;0.2;0.0;10%;0.08;0.6;0.2;0.1;30%;0;0;0;1;0.1;1.07;0.1;93%;51.7;0.1;0.4;4.4;0.4;0.2;50;0.4;0.2;50;0.2;6;0;4.7;18.9;1.9;2.8;4.5;100;31;5;0.6;1.3;0.4;6;1;0;10.5;6.7;No recurring injuries;High;4.4;59;0.7;0;0;0;0;0;0;0;0;0;0;1.4;0.9
Serie A;U.S. Lecce;Youssef Maleh;M (C);DM, M (L), AM (C);DM, M (LC), AM (C);28;"5'10""";£34.5K - £40K p/w;£4M - £6.4M;Very Strong;Reasonable;6.54;0;1445;1;1445;0.1;2.75;2.75;-1.75;0.2;5%;0.130952380952381;1.3;0.4;0.2;29%;0;1;100;5;0.3;2.67;0.2;93%;8.1;0.2;0.6;0.6;0.4;0.1;28;0.3;0.1;20;0.6;8;4;12.9;10.5;0.4;0.2;1.6;86;7;0;0.0;0.0;0.0;8;5;0;2.1;2.9;No recurring injuries;Very Low;0.9;0;0.0;0;0;0;0;0;0;0;0;0;0;0.6;1.0
Second Division;Leganés;Seydouba Cissé;M (C);M (R);M (RC);25;"5'10""";£4.4K - £6.75K p/w;£200K - £2M;Reasonable;Very Strong;6.49;0;1458;1;1458;0.1;2.46;2.46;-1.46;0.2;5%;0.123;1.2;0.4;0.6;30%;0;0;0;2;0.1;3.32;0.2;0%;0.0;0.2;0.1;0.0;0.0;0.0;0;0.0;0.0;0;0.0;9;0;15.6;11.4;0.0;0.0;0.0;0;0;0;0.0;0.0;0.0;1;1;0;0.0;0.0;No recurring injuries;Above Average;0.0;0;0.0;0;0;0;0;0;0;0;0;0;0;0.9;0.9
Sky Bet Championship;Sheffield United;Gustavo Hamer;DM;M (L), AM (LC);DM, M/AM (LC);29;"5'7""";£42.5K - £47.5K p/w;£17M - £21M;Reasonable;Very Strong;6.89;0;1465;1;1465;0.1;1.48;0.71;-0.48;0.1;13%;0.185;0.5;0.1;0.2;25%;0;1;100;4;0.2;1.82;0.1;91%;57.9;0.2;0.8;7.0;2.1;0.1;5;0.0;0.0;0;0.3;11;1;7.1;13.0;1.0;2.5;6.0;73;22;1;0.9;1.2;0.1;19;7;0;11.9;12.8;No recurring injuries;Below Average;1.4;36;0.0;0;0;0;0;0;0;0;0;0;0;1.6;1.6
Second Division;Leganés;Roberto López;AM (C);AM (R);M (C), AM (RC);26;"5'10""";£20.5K - £29K p/w;£650K - £6.6M;Very Strong;Weak;6.60;0;1466;1;1466;0.1;3.32;3.32;-2.32;0.2;3%;0.11448275862069;1.8;0.7;0.6;38%;1;1;100;3;0.2;3.47;0.2;95%;4.7;0.3;0.2;0.2;7.5;0.9;12;0.4;0.0;0;0.4;12;0;13.9;9.6;0.1;0.4;1.0;100;1;0;0.1;0.1;0.0;1;0;0;1.2;1.4;No recurring injuries;Below Average;0.6;78;0.0;0;0;0;0;0;0;0;0;0;0;0.9;0.8
Second Division;Las Palmas;Enzo Loiodice;M (C);AM (C);M/AM (C);26;"5'9""";£8.75K - £9.75K p/w;£200K - £4.6M;Very Strong;Fairly Strong;6.59;0;1469;1;1469;0.1;1.12;1.12;-0.12;0.1;7%;0.08;0.9;0.2;0.4;29%;1;0;0;3;0.2;2.71;0.2;94%;11.1;0.3;0.5;1.2;0.2;0.1;33;0.2;0.1;33;0.1;3;0;11.2;12.6;0.0;0.1;0.6;0;0;0;0.0;0.1;0.0;0;0;0;1.2;0.9;No recurring injuries;Above Average;0.4;33;0.0;0;0;0;0;0;0;0;0;0;0;1.2;0.9
Serie A;Parma;Lautaro Valenti;D (C);D/WB (L);D (LC), WB (L);27;"6'2""";£21K - £24.5K p/w;£650K - £7.6M;Very Strong;Reasonable;6.89;0;1487;1;1487;0.1;0.61;0.61;0.39;0.0;11%;0.0677777777777778;0.5;0.1;0.2;22%;0;0;0;0;0.0;0.8;0.0;91%;40.6;0.1;0.2;1.6;0.0;0.0;0;0.0;0.0;0;0.1;6;0;3.5;11.8;1.0;2.4;2.8;94;18;2;0.7;1.5;0.4;16;7;0;9.3;3.8;No recurring injuries;Very Low;5.1;79;0.9;0;0;0;0;0;0;0;0;0;0;0.7;0.9
Ligue 1 McDonald's;Strasbourg;Laurin Curda;WB (R);;D (RC), WB (R);25;"6'1""";£12.5K - £14.5K p/w;£425K - £4.4M;Reasonable;Very Strong;6.95;2;1489;1;1489;0.1;0.3;0.3;0.7;0.0;17%;0.05;0.4;0.1;0.2;17%;1;0;0;2;0.1;1.75;0.1;89%;46.8;0.1;1.9;4.9;6.9;2.2;31;6.9;2.2;32;2.8;14;1;17.5;10.5;1.9;2.7;9.9;86;37;0;0.5;1.2;0.4;28;3;0;12.3;23.8;No recurring injuries;Below Average;3.3;72;0.2;0;0;1;0;0;0;0;0;0;0;1.0;1.0
Sky Bet Championship;Norwich;Anis Ben Slimane;AM (C);;M/AM (C);25;"6'2""";£9.5K - £13.25K p/w;£5.6M - £9.2M;Reasonable;Very Strong;6.81;0;1490;1;1490;0.1;2.04;2.04;-1.04;0.1;6%;0.113333333333333;1.1;0.4;0.4;39%;1;0;0;1;0.1;2.45;0.1;87%;41.6;0.0;2.0;2.7;0.6;0.1;10;0.6;0.1;10;1.3;7;3;21.2;10.6;0.5;1.3;5.3;75;12;0;0.2;0.3;0.0;12;0;0;11.4;9.8;No recurring injuries;High;4.8;38;0.0;0;0;0;0;0;0;0;0;0;0;1.0;1.0
Second Division;Leonesa;Tomás Ribeiro;D (C);;D (C);27;"6'1""";£5K - £6K p/w;£550K - £1.2M;Very Strong;Weak;6.91;2;1505;1;1505;0.1;0.58;0.58;0.42;0.0;14%;0.0828571428571429;0.4;0.1;0.1;29%;1;0;0;0;0.0;0.47;0.0;90%;42.0;0.1;0.2;1.6;0.1;0.1;100;0.1;0.1;100;0.0;3;0;3.0;17.9;0.6;1.9;2.5;63;16;4;1.1;1.7;0.8;5;2;0;10.6;4.7;No recurring injuries;Above Average;5.6;65;0.8;0;0;0;0;0;0;0;0;0;0;0.7;1.0
Ligue 1 McDonald's;AS Monaco;Caio Henrique;WB (L);M (L);D/WB/M (L);29;"5'10""";£57K - £66K p/w;£11.5M - £14M;Very Strong;Weak;6.96;1;1509;1;1509;0.1;0.79;0.79;0.21;0.0;10%;0.079;0.6;0.3;0.4;50%;0;0;0;3;0.2;1.79;0.1;87%;49.7;0.1;2.1;5.4;12.8;1.7;13;6.9;1.0;14;3.1;27;6;20.3;11.1;3.4;2.2;11.0;89;64;4;0.7;1.0;0.3;18;1;0;12.6;26.4;No recurring injuries;Below Average;2.9;40;0.0;0;0;0;0;0;0;0;0;0;0;1.3;1.2
Ligue 2 BKT;Clermont Foot;Maguette Guèye;DM;;DM, M (C);23;"6'2""";£5.75K - £8.25K p/w;£500K - £5.2M;Very Strong;Reasonable;7.03;2;1519;1;1519;0.1;2.54;2.54;-1.54;0.2;5%;0.115454545454545;1.3;0.2;0.4;14%;1;0;0;4;0.2;4.35;0.3;93%;52.3;0.5;0.7;4.4;0.5;0.1;12;0.1;0.1;50;0.2;10;0;5.7;17.2;1.1;2.4;6.2;95;19;0;0.5;0.6;0.2;7;2;0;11.3;11.7;No recurring injuries;Below Average;3.1;49;0.4;0;0;0;0;0;0;0;0;0;0;1.2;0.5
Ligue 2 BKT;Angers SCO;Ousmane Camara;D (C);DM;D (C), DM;23;"6'6""";£9.75K - £14K p/w;£3.1M - £6.4M;Reasonable;Very Strong;6.69;1;1552;1;1552;0.1;1.45;1.45;-0.45;0.1;10%;0.145;0.6;0.2;0.2;40%;0;0;0;0;0.0;0.52;0.0;91%;42.3;0.1;0.1;1.4;0.1;0.0;0;0.1;0.0;0;0.0;3;1;2.7;20.6;0.4;4.0;2.3;58;12;1;0.5;0.7;0.6;7;3;0;9.6;4.1;No recurring injuries;Below Average;5.6;81;1.3;0;0;0;0;0;0;0;0;0;0;1.6;0.8
First Division;Girona;Alejandro Francés;D (C);D (L);D (RLC);24;"5'11""";£12.25K - £20.5K p/w;£16.5M - £27M;Fairly Strong;Very Strong;6.86;0;1572;1;1572;0.1;1.75;1.75;-0.75;0.1;8%;0.145833333333333;0.7;0.2;0.1;25%;0;0;0;1;0.1;1.22;0.1;90%;52.2;0.1;0.3;4.0;0.2;0.1;33;0.2;0.1;33;0.1;5;0;4.6;16.8;0.5;2.5;3.3;69;13;3;0.9;0.9;0.3;6;3;0;10.3;7.8;No recurring injuries;Below Average;4.0;67;0.2;0;0;0;0;0;0;0;0;0;0;1.7;1.0
Ligue 1 McDonald's;Brest;Bradley Locko;D (L);WB (L);D/WB (L);24;"5'11""";£17.75K - £20.5K p/w;£8.6M - £10M;Very Strong;Reasonable;6.95;2;1577;1;1577;0.1;0.61;0.61;0.39;0.0;20%;0.122;0.3;0.1;0.2;40%;0;0;0;2;0.1;2.81;0.2;91%;58.8;0.3;1.1;8.3;2.5;0.6;25;2.5;0.6;26;1.0;15;5;11.4;12.0;1.6;3.8;5.9;74;38;1;0.5;1.0;0.3;15;0;0;11.7;16.4;No recurring injuries;Below Average;5.6;70;0.5;0;0;0;0;0;0;0;0;0;0;1.1;1.1
Sky Bet Championship;Southampton;Will Smallbone;M/AM (C);DM;DM, M/AM (C);26;"5'8""";£23K - £32K p/w;£5.4M - £8.8M;Fairly Strong;Very Strong;6.80;0;1580;1;1580;0.1;3.39;3.39;-2.39;0.2;3%;0.109354838709677;1.8;0.7;0.4;39%;2;0;0;0;0.0;2.7;0.2;86%;40.6;0.2;1.9;2.7;1.1;0.1;10;1.1;0.1;10;1.1;7;4;16.2;12.6;0.5;1.9;4.3;50;16;0;0.3;0.6;0.0;8;1;0;12.4;11.7;No recurring injuries;Below Average;3.5;20;0.0;0;0;0;0;0;0;0;0;0;0;1.3;1.0
Jupiler Pro League;Cercle Brugge;Christiaan Ravych;D (C);;D (C);24;"6'4""";£3.4K - £5K p/w;£400K - £3.9M;Reasonable;Very Strong;6.89;0;1599;1;1599;0.1;1.33;1.33;-0.33;0.1;5%;0.0633333333333333;1.2;0.3;0.4;24%;0;0;0;1;0.1;0.53;0.0;93%;41.4;0.1;0.3;2.6;0.1;0.0;0;0.1;0.0;0;0.0;2;0;2.9;16.5;0.3;2.3;2.5;71;7;1;0.8;1.1;0.8;4;1;0;9.7;3.4;No recurring injuries;Average;5.9;84;0.8;0;0;0;0;0;0;0;0;0;0;1.0;1.1
Sky Bet Championship;Middlesbrough;Aidan Morris;M (C);;DM, M (C);25;"5'9""";£22.5K - £33K p/w;£9.6M - £15.5M;Reasonable;Very Strong;6.91;1;1608;1;1608;0.1;1.76;1.76;-0.76;0.1;8%;0.146666666666667;0.7;0.2;0.1;33%;1;0;0;1;0.1;2.17;0.1;92%;57.8;0.3;0.4;4.4;0.1;0.1;100;0.1;0.1;100;0.1;13;1;5.0;12.3;1.0;2.9;6.2;81;21;1;0.8;0.9;0.1;9;5;0;11.0;10.9;Recurring torn anterior cruciate ligament;Very High;2.1;54;0.1;0;0;0;0;0;0;0;0;0;0;0.9;1.2
Jupiler Pro League;Beerschot;Gian Marco Ferrari;D (C);;D (C);34;"6'2""";£6.75K - £10.75K p/w;£30K - £300K;Very Strong;Weak;6.78;0;1618;1;1618;0.1;0.81;0.81;0.19;0.0;11%;0.09;0.5;0.1;0.2;22%;0;0;0;0;0.0;0.83;0.0;91%;42.8;0.2;0.1;1.6;0.0;0.0;0;0.0;0.0;0;0.0;6;0;4.1;13.7;0.4;2.6;2.9;62;13;1;0.8;1.1;1.0;9;3;1;9.3;3.3;No recurring injuries;Below Average;6.0;56;0.9;0;0;0;0;0;0;0;0;0;0;1.0;1.2
Serie A;Parma;Emanuele Valeri;WB (L);M (L);D/WB/M (L);28;"5'11""";£40K - £47K p/w;£9.8M - £14.5M;Very Strong;Weak;7.14;4;1620;1;1620;0.1;0.72;0.72;0.28;0.0;17%;0.12;0.3;0.2;0.1;50%;0;0;0;2;0.1;1.66;0.1;89%;49.4;0.4;1.6;6.3;4.5;1.4;32;4.5;1.4;32;1.8;18;1;13.6;11.7;2.2;2.8;7.8;87;45;5;0.7;0.9;0.6;18;3;0;10.5;19.6;No recurring injuries;Very Low;2.3;38;0.1;0;0;0;0;0;0;0;0;0;0;0.7;0.9
Serie A;Sampdoria;Liam Henderson;M (C);DM;DM, M/AM (C);30;"6'0""";£24.5K - £35.5K p/w;£600K - £5.8M;Reasonable;Very Strong;6.49;0;1620;1;1620;0.1;2.53;2.53;-1.53;0.1;4%;0.11;1.3;0.4;0.3;30%;2;0;0;1;0.1;1.75;0.1;86%;20.2;0.2;0.7;1.1;0.4;0.0;0;0.4;0.0;0;0.7;6;4;20.9;8.2;0.3;0.7;2.0;63;8;0;0.1;0.2;0.0;18;7;0;5.9;5.9;No recurring injuries;Very Low;2.1;51;0.0;0;0;0;0;0;0;0;0;0;0;0.7;1.6
Second Division;Córdoba;Christian Carracedo;AM (R);;M/AM (R);31;"5'10""";£18K - £20.5K p/w;£11M;Weak;Very Strong;7.28;5;1620;1;1620;0.1;5.85;5.85;-4.85;0.3;2%;0.114705882352941;2.8;1.3;0.8;45%;1;0;0;4;0.2;4.62;0.3;90%;45.0;0.6;2.2;3.7;3.6;0.9;24;3.1;0.8;27;5.1;20;2;16.2;6.1;1.4;1.9;10.4;74;35;1;0.2;0.6;0.0;18;1;0;11.3;16.7;No recurring injuries;Low;3.6;36;0.2;0;0;0;0;0;0;0;0;0;0;1.3;1.1
Jupiler Pro League;Westerlo;Toni Datković;D (C);D (L);D (LC);33;"6'3""";£5.25K - £7.75K p/w;Not for Sale;Very Strong;Weak;6.74;0;1632;1;1632;0.1;0.88;0.88;0.12;0.0;14%;0.125714285714286;0.4;0.2;0.2;43%;0;0;0;0;0.0;0.73;0.0;87%;40.1;0.1;0.1;2.2;0.1;0.0;0;0.1;0.0;0;0.0;6;1;3.8;18.9;0.6;2.7;2.4;91;11;1;0.7;1.4;1.0;4;0;0;9.5;4.5;No recurring injuries;Below Average;6.0;50;1.1;0;0;0;0;0;0;0;0;0;0;1.0;1.3
Sky Bet Championship;Sunderland;Trai Hume;D (R);WB (L), M (C);D (R), WB (RL), M (C);24;"5'11""";£25K - £28K p/w;£20M - £24M;Reasonable;Very Strong;6.93;1;1702;1;1702;0.1;0.48;0.48;0.52;0.0;33%;0.16;0.2;0.1;0.1;33%;0;0;0;0;0.0;2.62;0.1;91%;50.9;0.2;1.5;6.1;8.7;1.4;16;7.8;1.3;16;2.8;22;0;12.3;9.6;2.5;3.4;10.8;80;59;1;0.7;1.1;0.3;29;4;1;12.2;24.1;No recurring injuries;Low;2.3;55;0.2;0;0;0;0;0;0;0;0;0;0;0.7;0.6
Premier League;VTSC;Beni Mukendi;DM;M (C);DM, M (C);24;"5'11""";£3.7K - £5.75K p/w;£14M - £24M;Reasonable;Very Strong;6.97;2;1704;1;1704;0.1;1.55;1.55;-0.55;0.1;8%;0.119230769230769;0.7;0.2;0.2;31%;0;0;0;2;0.1;2.74;0.1;92%;58.8;0.2;0.6;4.3;0.0;0.0;0;0.0;0.0;0;0.3;15;0;5.2;11.3;0.6;2.1;5.8;48;25;2;0.4;0.5;0.4;15;4;0;12.2;14.4;No recurring injuries;Below Average;2.1;64;0.0;0;0;0;0;0;0;0;0;0;0;1.3;1.4
Jupiler Pro League;Club Brugge;Kyriani Sabbe;D (R);;D/WB (R);21;"5'9""";£13.5K - £19.5K p/w;£6.4M - £8.4M;Reasonable;Very Strong;6.99;2;1708;1;1708;0.1;2.03;2.03;-1.03;0.1;6%;0.126875;0.8;0.1;0.2;13%;0;0;0;4;0.2;2.69;0.1;87%;51.6;0.2;1.0;7.1;1.8;0.2;8;1.8;0.2;9;1.0;12;1;12.2;12.6;1.8;3.5;8.9;92;37;1;0.8;1.3;0.3;11;3;0;11.2;15.5;No recurring injuries;Above Average;3.8;56;0.4;0;0;0;0;0;0;0;0;0;0;1.1;0.7
Sky Bet Championship;Watford;Ben Davies;D (C);;D (C);31;"6'1""";£12.25K - £17.5K p/w;Not for Sale;Very Strong;Reasonable;6.80;1;1710;1;1710;0.1;0.38;0.38;0.62;0.0;17%;0.0633333333333333;0.3;0.1;0.1;33%;0;0;0;1;0.1;1.31;0.1;90%;42.3;0.1;0.1;1.5;0.1;0.0;0;0.1;0.0;0;0.1;3;1;4.2;12.9;0.5;2.3;2.4;75;12;0;0.7;1.2;0.7;7;3;0;9.5;4.3;No recurring injuries;Above Average;5.9;52;0.9;0;0;0;0;0;0;0;0;0;0;1.1;1.3
Bundesliga;VfB Stuttgart;Finn Jeltsch;D (C);D (R), DM;D (RC), DM;20;"6'2""";£27.5K - £48K p/w;£36M - £45M;Reasonable;Very Strong;6.89;0;1722;1;1722;0.1;0.67;0.67;0.33;0.0;8%;0.0558333333333333;0.6;0.1;0.3;17%;0;0;0;0;0.0;0.78;0.0;93%;55.8;0.1;0.2;3.0;0.1;0.0;0;0.1;0.0;0;0.2;4;0;2.6;18.9;0.8;3.1;4.1;84;19;0;0.4;0.6;0.5;24;6;0;10.4;6.3;No recurring injuries;Above Average;3.7;68;0.9;0;0;0;0;0;0;0;0;0;0;1.9;1.1
Second Division;Zaragoza;Aleksandar Radovanović;D (C);;D (C);33;"6'2""";£3.3K - £5K p/w;£140K - £450K;Very Strong;Weak;6.88;1;1735;1;1735;0.1;1.22;1.22;-0.22;0.1;11%;0.135555555555556;0.5;0.1;0.1;22%;1;0;0;1;0.1;0.96;0.0;94%;41.9;0.1;0.1;2.2;0.1;0.0;0;0.1;0.0;0;0.0;5;0;4.0;13.6;0.5;2.9;3.1;77;13;2;0.6;0.8;0.7;16;3;0;9.4;3.1;No recurring injuries;High;5.2;70;1.2;0;0;0;0;0;0;0;0;0;0;0.9;1.0
Second Division;Las Palmas;Álex Suárez;D (C);;D (RC);33;"5'11""";£5.75K - £8.5K p/w;£220K - £700K;Weak;Very Strong;6.74;0;1740;1;1740;0.1;1.11;1.11;-0.11;0.1;9%;0.100909090909091;0.6;0.3;0.2;45%;0;0;0;0;0.0;0.87;0.0;93%;43.8;0.1;0.2;2.7;0.4;0.1;25;0.4;0.1;25;0.1;9;0;4.2;11.1;0.5;3.2;2.9;100;10;0;0.5;0.9;0.8;17;5;0;10.1;5.2;No recurring injuries;Below Average;3.9;51;0.5;0;0;0;0;0;0;0;0;0;0;1.1;0.8
Premier League;BRG;Vitor Carvalho;DM;D (C);D (C), DM;29;"6'1""";£6K - £10K p/w;£7.8M - £9.8M;Reasonable;Very Strong;6.85;2;1747;1;1747;0.1;0.23;0.23;0.77;0.0;13%;0.02875;0.4;0.2;0.2;38%;0;1;100;2;0.1;1.2;0.1;92%;57.3;0.1;0.7;4.5;0.0;0.0;0;0.0;0.0;0;0.2;5;0;8.3;11.7;1.2;2.0;4.5;68;34;3;0.6;0.9;0.2;21;5;0;11.1;10.9;No recurring injuries;Below Average;3.3;53;0.5;0;0;0;0;0;0;0;0;0;0;1.2;0.9
Jupiler Pro League;KV Mechelen;Tommy St. Jago;D (C);D/WB (R);D (RC), WB (R);26;"6'2""";£6.5K - £9.75K p/w;£500K - £5M;Weak;Very Strong;6.73;0;1763;1;1763;0.1;0.65;0.65;0.35;0.0;25%;0.1625;0.2;0.1;0.0;25%;0;0;0;1;0.1;0.8;0.0;92%;43.2;0.0;0.2;2.2;0.4;0.1;25;0.3;0.1;20;0.1;4;0;4.1;16.3;0.7;3.3;3.5;72;18;3;0.9;1.1;0.9;6;2;0;10.4;4.6;No recurring injuries;High;5.6;71;0.9;0;0;0;0;0;0;0;0;0;0;1.3;1.5
Second Division;Espanyol;Miguel Rubio;D (C);;D (C);28;"6'3""";£6K - £8.75K p/w;£650K - £6.6M;Reasonable;Very Strong;6.99;2;1830;1;1830;0.0;1.67;1.67;-0.67;0.1;6%;0.0927777777777778;0.9;0.1;0.4;17%;1;0;0;1;0.0;0.7;0.0;91%;45.6;0.0;0.0;2.1;0.0;0.0;0;0.0;0.0;0;0.0;5;0;3.6;12.6;0.6;2.6;3.3;65;20;3;0.5;1.1;0.4;7;0;0;10.2;4.1;No recurring injuries;Below Average;5.6;70;0.9;0;0;0;0;0;0;0;0;0;0;1.1;1.0
Second Division;R. Santander;Manu Hernando;D (C);;D (C);28;"6'0""";£5.25K - £8.25K p/w;£325K;Weak;Very Strong;6.86;1;1830;1;1830;0.0;1.74;1.74;-0.74;0.1;7%;0.116;0.7;0.3;0.1;40%;0;0;0;1;0.0;0.71;0.0;91%;42.7;0.0;0.2;1.8;0.1;0.0;0;0.1;0.0;0;0.0;0;0;2.7;12.4;0.1;2.7;2.3;75;4;1;0.8;0.8;0.7;10;4;0;10.3;4.2;No recurring injuries;Above Average;5.4;79;0.7;0;0;0;0;0;0;0;0;0;0;1.1;1.0
Second Division;R. Santander;Jorge Salinas;D (C);WB (L);D (LC), WB (L);19;"5'11""";£6.25K - £7K p/w;£4.6M - £6.2M;Very Strong;Weak;7.00;3;1899;1;1899;0.0;1.54;1.54;-0.54;0.1;9%;0.14;0.5;0.1;0.1;18%;0;0;0;0;0.0;0.34;0.0;90%;58.5;0.0;0.6;5.5;0.6;0.1;15;0.6;0.1;15;0.4;9;0;10.3;12.7;1.7;4.2;6.0;78;46;5;0.8;0.9;0.8;19;3;0;11.4;13.6;No recurring injuries;Below Average;3.8;69;0.7;0;0;0;0;0;0;0;0;0;0;1.2;1.1
Sky Bet Championship;Norwich;Ruairi McConville;D (C);;D (C);21;"6'4""";£5K - £5.5K p/w;£7.8M - £9.6M;Weak;Very Strong;6.90;2;2160;1;2160;0.0;1.64;1.64;-0.64;0.1;6%;0.0964705882352941;0.7;0.2;0.3;29%;0;0;0;1;0.0;0.85;0.0;93%;45.1;0.1;0.2;2.4;0.0;0.0;0;0.0;0.0;0;0.0;4;0;2.4;16.2;0.6;2.9;2.4;83;18;4;0.7;0.8;0.5;8;0;0;10.1;4.4;No recurring injuries;Low;5.6;72;1.2;0;0;0;0;0;0;0;0;0;0;1.0;0.9
Sky Bet Championship;QPR;Ronnie Edwards;D (C);DM;D (C), DM;23;"6'1""";£17.25K - £24K p/w;£5.2M - £8.6M;Strong;Very Strong;7.00;3;2250;1;2250;0.0;2.01;2.01;-1.01;0.1;4%;0.0773076923076923;1.0;0.3;0.3;27%;2;0;0;3;0.1;2.03;0.1;95%;53.3;0.4;0.6;3.9;0.0;0.0;0;0.0;0.0;0;0.2;10;1;3.0;18.4;0.6;2.3;3.8;80;20;1;0.6;0.5;0.3;14;4;0;11.1;7.5;No recurring injuries;Low;3.5;51;0.2;0;0;0;0;0;0;0;0;0;0;1.1;1.4
Sky Bet Championship;Hull;Paddy McNair;D (C);M (C);D (C), DM, M (C);31;"6'2""";£14.5K - £19.25K p/w;Not for Sale;Reasonable;Very Strong;6.79;0;1497;0;0;0.0;2.7;2.7;-2.7;0.2;0%;0.18;0.9;0.2;0.2;20%;0;0;0;3;0.2;2.09;0.1;91%;49.0;0.1;0.6;3.4;1.4;0.2;12;0.1;0.1;50;0.0;4;0;5.7;11.4;0.5;3.0;5.2;75;12;2;0.9;1.3;0.7;8;4;1;11.2;7.6;No recurring injuries;Average;4.1;65;0.8;0;0;0;0;0;0;0;0;0;0;1.3;1.5
Jupiler Pro League;Standard;Teddy Teuma;AM (C);DM;DM, M/AM (C);33;"5'9""";£12K - £18.75K p/w;£150K;Very Strong;Weak;6.51;0;1127;0;0;0.0;0.21;0.21;-0.21;0.0;0%;0.0525;0.3;0.0;0.1;0%;0;0;0;4;0.3;2.32;0.2;0%;0.0;0.4;0.3;0.0;7.7;1.5;19;0.0;0.0;0;0.0;7;0;13.4;12.5;0.0;0.0;0.0;0;0;0;0.0;0.0;0.0;4;4;0;0.0;0.0;No recurring injuries;Above Average;0.0;0;0.0;0;0;0;0;0;0;0;0;0;0;1.0;0.8
Ligue 1 McDonald's;Brest;Joris Chotard;M (C);;DM, M (C);25;"5'10""";£12.25K - £14.25K p/w;£8M - £9.8M;Weak;Very Strong;6.89;0;1695;0;0;0.0;0.3;0.3;-0.3;0.0;0%;0.0272727272727273;0.6;0.2;0.5;36%;0;0;0;2;0.1;1.03;0.1;93%;59.0;0.1;0.9;8.1;0.3;0.0;0;0.1;0.0;0;0.1;11;0;5.0;11.6;1.2;2.6;7.0;59;37;2;0.7;0.9;0.3;12;3;0;12.2;14.8;No recurring injuries;Average;1.6;40;0.2;0;0;0;0;0;0;0;0;0;0;1.2;1.0
Ligue 1 McDonald's;RC Lens;Adrien Thomasson;DM, M/AM (C);;DM, M/AM (C);32;"5'9""";£27.5K - £40.5K p/w;Not for Sale;Reasonable;Very Strong;6.97;0;1223;0;0;0.0;0.92;0.92;-0.92;0.1;0%;0.092;0.7;0.1;0.4;20%;0;0;0;3;0.2;3.83;0.3;93%;62.4;0.4;1.1;8.4;6.1;1.4;22;0.4;0.1;40;0.4;7;0;7.2;9.3;1.8;3.5;6.2;80;30;0;0.4;0.7;0.1;5;1;0;12.7;15.4;No recurring injuries;Below Average;1.3;44;0.1;0;0;0;0;0;0;0;0;0;0;0.9;0.7
Premier League;Famalicão;Pedro Bondo;WB (L);M (L);D/WB/M (L);22;"5'8""";£1.3K - £1.9K p/w;Unknown;Very Strong;Weak;6.98;0;1039;0;0;0.0;0.47;0.47;-0.47;0.0;0%;0.094;0.4;0.2;0.2;40%;1;0;0;2;0.2;1.54;0.1;90%;55.4;0.3;1.0;7.0;1.7;0.3;15;1.5;0.2;12;1.6;6;0;12.7;8.7;1.6;4.0;6.6;73;26;1;0.9;1.0;1.1;19;4;0;11.3;14.4;No recurring injuries;Below Average;3.1;44;0.0;0;0;0;0;0;0;0;0;0;0;1.0;1.0
Serie A;Sassuolo;Filippo Romagna;D (C);;D (C);29;"6'1""";£19.75K - £30.5K p/w;£4.6M - £9M;Weak;Very Strong;6.56;0;1250;0;0;0.0;0.55;0.55;-0.55;0.0;0%;0.11;0.4;0.0;0.1;0%;0;0;0;0;0.0;0.21;0.0;90%;40.3;0.1;0.0;1.7;0.0;0.0;0;0.0;0.0;0;0.1;4;0;3.0;11.1;0.6;1.7;3.0;73;11;0;0.6;1.2;1.0;14;2;0;8.4;2.7;No recurring injuries;Very Low;4.8;73;1.0;0;0;1;0;0;0;0;0;0;0;0.8;1.6
Serie BKT;Venezia;Antoine Hainaut;M (C);WB (R), DM, M (R), AM (C);D/WB (R), DM, M (RC), AM (C);24;"6'2""";£9.25K - £12.75K p/w;£2.4M - £5.2M;Reasonable;Very Strong;7.28;0;1283;0;0;0.0;2.56;2.56;-2.56;0.2;0%;0.0853333333333333;2.1;0.9;0.0;43%;0;0;0;0;0.0;2.76;0.2;68%;21.0;0.0;0.0;0.0;0.0;0.0;0;0.0;0.0;0;0.0;16;0;0.0;0.0;2.2;0.0;0.0;91;34;0;0.0;0.0;0.0;24;0;0;0.0;0.0;No recurring injuries;Very Low;0.0;0;0.0;0;0;0;0;0;0;0;0;0;0;0.0;0.0
Ligue 2 BKT;Amiens SC;Diawandou Diagne;DM;D (C), WB (R);D (RC), WB (R), DM;32;"5'9""";£1.3K - £2K p/w;£70K - £700K;Weak;Very Strong;6.87;0;1334;0;0;0.0;1.37;1.37;-1.37;0.1;0%;0.105384615384615;0.9;0.3;0.1;31%;0;0;0;0;0.0;1.1;0.1;90%;52.1;0.2;0.8;6.1;1.5;0.4;27;1.5;0.4;27;1.2;11;0;12.2;11.5;1.3;3.8;6.9;95;20;0;0.5;0.9;0.4;14;2;0;11.4;13.7;No recurring injuries;Below Average;3.3;57;0.2;0;0;1;0;0;0;0;0;0;0;0.9;0.9
Premier League;VIZ;Momo Mbaye;D (C);;D (C);28;"6'4""";£1.2K - £2K p/w;£100K;Very Weak;Very Weak;6.62;0;1137;0;0;0.0;0.07;0.07;-0.07;0.0;0%;0.0175;0.3;0.1;0.2;25%;0;0;0;1;0.1;0.52;0.0;90%;42.0;0.1;0.1;2.0;0.0;0.0;0;0.0;0.0;0;0.1;2;0;4.8;10.1;0.5;2.7;3.0;75;8;0;0.2;1.0;0.7;9;1;0;10.3;3.2;No recurring injuries;High;5.0;76;1.3;0;0;0;0;0;0;0;0;0;0;0.8;1.9
Eredivisie;FC Utrecht;Vasilis Barkas;GK;;GK;32;"6'5""";£3.8K - £5.75K p/w;Not for Sale;Very Strong;Weak;6.96;1;1350;0;0;0.0;0;0;0;0.0;0%;0;0.0;0.0;0.0;0%;0;0;0;0;0.0;0;0.0;81%;23.5;0.0;0.0;0.0;0.0;0.0;0;0.0;0.0;0;0.0;1;0;6.3;3.9;0.1;0.0;0.0;100;2;0;0.0;1.6;0.0;2;2;0;6.4;0.0;No recurring injuries;Below Average;0.0;0;0.0;6;9.15;0;81;13;26;10;13;2;100;1.3;0.9
Bundesliga 2;Hannover 96;Manuel Riemann;GK;;GK;38;"6'1""";£8.75K - £13.25K p/w;£9K - £85K;Reasonable;Very Strong;7.11;2;1530;0;0;0.0;0;0;0;0.0;0%;0;0.0;0.0;0.0;0%;0;0;0;0;0.0;0;0.0;87%;23.6;0.0;0.0;0.1;0.0;0.0;0;0.0;0.0;0;0.0;8;0;7.2;4.5;0.0;0.0;0.0;0;1;0;0.0;2.8;0.0;1;1;0;6.4;0.0;No recurring injuries;Low;0.0;0;0.0;8;4.57;0;78;12;22;6;11;1;0;0.8;0.6
Second Division;Coruña;Adrià Altimira;D (R);AM (R);D/WB/M/AM (R);25;"5'7""";£14.75K - £23K p/w;£600K - £5.8M;Reasonable;Very Strong;6.87;1;1390;0;0;0.0;0.25;0.25;-0.25;0.0;0%;0.125;0.1;0.1;0.1;50%;0;0;0;0;0.0;0.73;0.0;85%;43.6;0.1;1.2;4.9;5.1;1.1;21;5.1;1.1;22;3.5;13;3;15.3;9.4;2.0;3.6;7.8;89;35;0;0.5;1.1;0.3;20;0;0;13.4;26.9;No recurring injuries;Below Average;4.3;42;0.3;0;0;0;0;0;0;0;0;0;0;1.0;1.2
Ligue 1 McDonald's;LOSC;Romain Perraud;WB (L);;D/WB (L);29;"5'8""";£16.75K - £19.5K p/w;£10.5M - £12M;Very Strong;Reasonable;6.99;0;1444;0;0;0.0;0.25;0.25;-0.25;0.0;0%;0.0416666666666667;0.4;0.0;0.1;0%;0;0;0;2;0.1;2.7;0.2;89%;73.6;0.2;1.2;9.5;1.9;0.6;29;1.7;0.6;32;0.9;11;1;14.8;12.3;1.6;3.6;7.9;60;43;2;0.4;1.1;0.3;12;2;0;12.2;18.3;No recurring injuries;Below Average;2.2;53;0.1;0;0;0;0;0;0;0;0;0;0;1.7;1.1
Serie BKT;Südtirol;Alessio Cragno;GK;;GK;32;"6'0""";£15.5K - £23K p/w;Not for Sale;Weak;Very Strong;7.07;0;1350;0;0;0.0;0;0;0;0.0;0%;0;0.0;0.0;0.0;0%;0;0;0;0;0.0;0;0.0;60%;20.0;0.0;0.0;0.0;0.0;0.0;0;0.0;0.0;0;0.0;9;0;0.0;0.0;0.0;0.0;0.0;0;0;0;0.0;0.0;0.0;0;0;0;0.0;0.0;No recurring injuries;Very Low;0.0;0;0.0;3;0;0;0;0;0;0;19;0;0;0.0;0.0
Sky Bet Championship;Blackburn;Ryan Alebiosu;D/WB (R);;D/WB (R);24;"6'2""";£19.5K - £26K p/w;£7.8M - £12.5M;Weak;Very Strong;6.97;0;1755;0;0;0.0;1.6;1.6;-1.6;0.1;0%;0.123076923076923;0.7;0.1;0.2;8%;0;0;0;1;0.1;1.64;0.1;86%;52.9;0.3;1.0;7.2;1.9;0.5;23;1.9;0.5;24;1.7;15;1;14.1;10.4;2.1;2.7;8.4;80;50;2;0.7;1.2;0.5;25;1;0;11.7;16.4;No recurring injuries;Below Average;4.5;59;0.2;0;0;0;0;0;0;0;0;0;0;1.0;1.2
Bundesliga 2;Hamburger SV;Daniel Heuer Fernandes;GK;;GK;34;"6'2""";£15K - £23K p/w;£190K - £1.9M;Reasonable;Very Strong;7.13;2;1350;0;0;0.0;0;0;0;0.0;0%;0;0.0;0.0;0.0;0%;0;0;0;0;0.0;0;0.0;94%;24.5;0.0;0.0;0.0;0.0;0.0;0;0.0;0.0;0;0.0;6;0;6.6;6.0;0.1;0.0;0.0;33;3;0;0.0;2.0;0.0;0;0;0;5.2;0.0;No recurring injuries;Below Average;0.0;0;0.0;5;2.46;0;79;10;18;7;10;3;33;1.4;0.7
Bundesliga 2;SV Darmstadt 98;Marcel Schuhen;GK;;GK;33;"6'2""";£7K - £11.25K p/w;£300K - £950K;Weak;Very Strong;6.61;1;1440;0;0;0.0;0;0;0;0.0;0%;0;0.0;0.0;0.0;0%;0;0;0;0;0.0;0;0.0;79%;24.5;0.0;0.0;0.0;0.0;0.0;0;0.0;0.0;0;0.0;3;0;6.7;3.9;0.1;0.0;0.0;17;6;0;0.0;2.6;0.0;0;0;0;5.0;0.0;No recurring injuries;Below Average;0.0;0;0.0;3;0.47;1;66;14;26;4;23;6;17;1.3;1.4
Bundesliga 2;Fortuna Düsseldorf;Florian Kastenmeier;GK;;GK;29;"6'4""";£14.25K - £21K p/w;£425K - £4.2M;Reasonable;Very Strong;6.68;1;1440;0;0;0.0;0;0;0;0.0;0%;0;0.0;0.0;0.0;0%;0;0;0;0;0.0;0;0.0;88%;24.2;0.0;0.0;0.0;0.0;0.0;0;0.0;0.0;0;0.0;12;0;7.9;3.5;0.0;0.0;0.0;0;1;0;0.0;1.8;0.0;1;1;0;6.1;0.0;No recurring injuries;Below Average;0.0;0;0.0;3;-4.1;0;66;11;26;5;21;1;0;0.7;1.3
Sky Bet Championship;Watford;Marc Bola;D (L);M (L);D/WB/M (L);29;"6'1""";£12K - £17.5K p/w;£20K - £10M;Very Strong;Weak;7.00;3;1683;0;0;0.0;0.55;0.55;-0.55;0.0;0%;0.0785714285714286;0.4;0.1;0.1;29%;0;0;0;2;0.1;1.82;0.1;91%;56.9;0.1;1.2;7.8;5.1;0.5;9;2.6;0.2;8;1.0;18;2;15.0;9.8;2.0;3.2;7.3;86;44;2;0.6;1.4;0.8;19;2;0;11.2;14.3;No recurring injuries;Above Average;3.5;69;0.5;0;0;0;0;0;0;0;0;0;0;1.1;1.3
Ligue 2 BKT;Laval MFC;Mamadou Samassa;GK;;GK;36;"6'6""";£2.6K - £3.8K p/w;£0 - £45K;Weak;Very Strong;6.52;0;1262;0;0;0.0;0;0;0;0.0;0%;0;0.0;0.0;0.0;0%;0;0;0;0;0.0;0;0.0;82%;24.4;0.0;0.0;0.0;0.0;0.0;0;0.0;0.0;0;0.0;4;0;12.5;3.1;0.0;0.0;0.0;0;1;0;0.0;3.7;0.0;2;2;0;5.8;0.0;No recurring injuries;Below Average;0.0;0;0.0;3;-3.65;1;69;11;25;12;21;1;0;0.5;1.5
Sky Bet Championship;Blackburn;Todd Cantwell;M/AM (C);;M/AM (C);28;"5'10""";£16.5K - £23K p/w;£1.6M;Weak;Very Strong;6.75;0;1603;0;0;0.0;3.53;3.53;-3.53;0.2;0%;0.168095238095238;1.2;0.4;0.2;38%;0;0;0;5;0.3;3.18;0.2;88%;41.4;0.3;2.2;3.0;2.8;0.4;16;1.1;0.3;25;1.1;6;5;16.8;13.0;0.8;1.4;5.1;94;16;0;0.1;0.5;0.0;7;0;0;12.1;12.4;No recurring injuries;Below Average;2.5;7;0.1;0;0;0;0;0;0;0;0;0;0;1.1;1.3
Eredivisie;FC Twente;Lars Unnerstall;GK;;GK;36;"6'6""";£2.9K - £4.5K p/w;£110K - £1.1M;Weak;Very Strong;6.82;2;1800;0;0;0.0;0;0;0;0.0;0%;0;0.0;0.0;0.0;0%;0;0;0;0;0.0;0;0.0;84%;24.1;0.0;0.0;0.0;0.0;0.0;0;0.0;0.0;0;0.0;4;0;6.2;4.2;0.1;0.0;0.0;50;2;0;0.0;1.4;0.0;1;1;0;5.3;0.0;No recurring injuries;Low;0.0;0;0.0;10;8.81;3;76;18;27;9;18;2;50;1.2;0.9
Ligue 2 BKT;Montpellier;Modibo Sagnan;D (C);;D (C);27;"6'2""";£6K - £9.5K p/w;£230K - £2.3M;Very Strong;Weak;6.76;0;1185;0;0;0.0;0.27;0.27;-0.27;0.0;0%;0.054;0.4;0.2;0.4;60%;0;0;0;0;0.0;0.42;0.0;89%;39.3;0.0;0.1;2.1;0.0;0.0;0;0.0;0.0;0;0.2;0;0;2.7;17.0;0.6;2.6;2.2;89;9;1;0.6;1.1;0.9;13;4;0;9.5;3.7;No recurring injuries;Above Average;6.6;76;1.3;0;0;0;0;0;0;0;0;0;0;1.4;0.7
Eredivisie;Fortuna Sittard;Tuomas Ollila;D (L);M (L);D/WB/M (L);26;"5'8""";£2.8K - £4.2K p/w;£650K - £1.5M;Very Strong;Reasonable;6.73;0;1332;0;0;0.0;0.26;0.26;-0.26;0.0;0%;0.0866666666666667;0.2;0.0;0.1;0%;0;0;0;0;0.0;0.55;0.0;84%;54.7;0.1;0.9;6.4;4.2;1.1;25;1.6;0.3;17;1.2;7;3;13.4;10.1;1.6;3.1;7.7;72;32;2;0.5;0.9;0.3;15;2;0;12.0;15.3;No recurring injuries;Above Average;2.6;53;0.1;0;0;0;0;0;0;0;0;0;0;1.0;0.9
Bundesliga 2;SG Dynamo Dresden;Robin Knoche;D (C);;D (C);34;"6'2""";£8.25K - £11.75K p/w;£275K - £900K;Reasonable;Very Strong;6.82;0;1170;0;0;0.0;0.6;0.6;-0.6;0.0;0%;0.12;0.4;0.0;0.2;0%;1;0;0;0;0.0;0.36;0.0;94%;40.5;0.1;0.2;2.1;0.1;0.0;0;0.1;0.0;0;0.0;1;0;3.8;13.5;0.4;2.5;2.1;71;7;2;0.6;1.0;1.6;7;1;0;9.7;3.0;No recurring injuries;Above Average;4.6;65;0.8;0;0;0;0;0;0;0;0;0;0;0.7;1.4
Sky Bet Championship;Wrexham;Kosuke Nakamura;GK;;GK;31;"6'1""";£5.5K - £7.25K p/w;£60K - £600K;Weak;Very Strong;6.62;1;1046;0;0;0.0;0;0;0;0.0;0%;0;0.0;0.0;0.0;0%;0;0;0;0;0.0;0;0.0;79%;23.9;0.0;0.0;0.0;0.0;0.0;0;0.0;0.0;0;0.0;3;0;8.9;3.0;0.0;0.0;0.0;0;0;0;0.0;2.8;0.0;0;0;0;5.3;0.0;No recurring injuries;Below Average;0.0;0;0.0;5;-1.73;0;69;16;12;9;16;0;0;1.1;1.4
Serie A;U.S. Lecce;Oumar Ngom;DM, M (C);;DM, M (C);22;"6'3""";£5.5K - £8.75K p/w;£2.5M - £5.4M;Reasonable;Very Strong;6.83;1;1107;0;0;0.0;0.51;0.51;-0.51;0.0;0%;0.0566666666666667;0.7;0.1;0.2;11%;0;0;0;1;0.1;0.7;0.1;93%;52.8;0.1;0.7;4.7;0.0;0.0;0;0.0;0.0;0;0.5;5;1;8.1;11.0;0.7;2.4;6.0;73;11;0;0.7;0.7;0.1;10;5;0;11.9;12.7;No recurring injuries;Very Low;2.4;50;0.5;0;0;0;0;0;0;0;0;0;0;0.7;1.0
Sky Bet Championship;Swansea;Marko Stamenić;M (C);;DM, M (C);24;"6'2""";£10.25K - £15K p/w;£5.2M - £6.8M;Reasonable;Very Strong;7.02;0;1699;0;0;0.0;0.61;0.61;-0.61;0.0;0%;0.101666666666667;0.3;0.0;0.1;0%;0;0;0;4;0.2;2.54;0.1;90%;50.7;0.2;1.0;5.3;0.1;0.0;0;0.1;0.0;0;0.3;9;1;6.4;12.7;1.4;3.1;5.7;90;30;4;0.8;1.1;0.2;18;5;0;11.2;9.7;No recurring injuries;Below Average;2.9;60;0.3;0;0;0;0;0;0;0;0;0;0;1.2;1.2
Ligue 1 McDonald's;FC Lorient;Isaak Touré;D (C);;D (C);23;"6'8""";£8.25K - £12K p/w;£500K - £4.9M;Very Strong;Weak;6.63;0;1192;0;0;0.0;0.16;0.16;-0.16;0.0;0%;0.032;0.4;0.0;0.2;0%;0;0;0;0;0.0;0.09;0.0;84%;41.8;0.0;0.2;2.9;0.1;0.1;100;0.1;0.1;100;0.0;0;0;4.8;10.0;0.2;3.5;2.4;100;3;1;0.8;0.9;0.9;2;0;0;9.7;3.6;No recurring injuries;Above Average;5.3;77;1.2;0;0;0;0;0;0;0;0;0;0;0.8;1.4
Sky Bet Championship;Norwich;José Córdoba;D (C);;D (C);25;"6'2""";£16.5K - £23K p/w;£5.4M - £7.2M;Very Strong;Very Weak;6.95;0;1466;0;0;0.0;0.7;0.7;-0.7;0.0;0%;0.14;0.3;0.1;0.0;20%;0;0;0;1;0.1;0.98;0.1;91%;42.3;0.1;0.2;1.9;0.0;0.0;0;0.0;0.0;0;0.0;5;0;2.7;16.5;0.4;3.3;2.5;78;9;1;0.8;1.4;0.6;3;1;0;10.5;4.5;No recurring injuries;Above Average;5.0;77;1.0;0;0;0;0;0;0;0;0;0;0;1.0;0.7
Sky Bet Championship;Hull;Ivor Pandur;GK;;GK;26;"6'2""";£12.75K - £15K p/w;£2.1M - £4.6M;Weak;Very Strong;6.58;2;2070;0;0;0.0;0;0;0;0.0;0%;0;0.0;0.0;0.0;0%;0;0;0;0;0.0;0;0.0;68%;25.7;0.0;0.0;0.2;0.0;0.0;0;0.0;0.0;0;0.0;6;0;9.7;3.3;0.0;0.0;0.0;0;0;0;0.0;3.7;0.0;0;0;0;5.6;0.0;No recurring injuries;Below Average;0.0;0;0.0;5;-5.75;0;64;23;27;9;33;0;0;1.3;1.4
Sky Bet Championship;Derby;Alexander Scholz;D (C);;D (C);34;"6'2""";£8.5K - £12.5K p/w;Not for Sale;Fairly Strong;Very Strong;6.90;2;1626;0;0;0.0;0.68;0.68;-0.68;0.0;0%;0.136;0.3;0.1;0.1;20%;0;0;0;0;0.0;0.81;0.0;91%;40.6;0.1;0.2;1.8;0.0;0.0;0;0.0;0.0;0;0.1;3;0;3.1;14.8;0.6;3.2;2.4;79;14;2;0.6;1.4;0.8;12;2;0;9.5;2.7;No recurring injuries;Above Average;5.6;73;0.8;0;0;0;0;0;0;0;0;0;0;0.9;0.8
Eredivisie;sc Heerenveen;Joris van Overeem;DM;AM (C);DM, M/AM (C);32;"5'11""";£2.7K - £4K p/w;Not for Sale;Reasonable;Very Strong;6.87;1;1371;0;0;0.0;0.74;0.74;-0.74;0.0;0%;0.148;0.3;0.0;0.1;0%;0;0;0;1;0.1;5.02;0.3;91%;48.6;0.5;0.7;4.6;0.1;0.0;0;0.1;0.0;0;0.3;3;1;5.6;10.8;1.0;3.0;6.4;75;20;1;0.5;0.7;0.5;9;3;0;11.3;11.7;No recurring injuries;Below Average;2.2;30;0.1;0;0;0;0;0;0;0;0;0;0;0.8;0.8
Second Division;Tenerife;Anthony Landázuri;D (C);D (R);D (RC);29;"5'10""";£7.5K - £12.75K p/w;£130K - £1.3M;Weak;Very Strong;6.65;1;1603;0;0;0.0;0.57;0.57;-0.57;0.0;0%;0.095;0.3;0.1;0.1;17%;0;0;0;0;0.0;0.8;0.0;87%;39.8;0.0;0.1;2.2;0.0;0.0;0;0.0;0.0;0;0.1;1;0;3.6;12.3;0.5;3.1;2.8;75;12;1;0.5;0.9;0.7;12;2;0;10.3;4.2;No recurring injuries;Average;5.4;68;0.8;0;0;0;0;0;0;0;0;0;0;1.1;1.3
Premier League;Famalicão;Leonardo Realpe;D (C);;D (C);25;"6'1""";£1.9K - £2.9K p/w;Unknown;Very Weak;Very Weak;6.76;1;1470;0;0;0.0;0.3;0.3;-0.3;0.0;0%;0.15;0.1;0.0;0.0;0%;0;0;0;1;0.1;1.2;0.1;91%;46.2;0.1;0.1;1.3;0.0;0.0;0;0.0;0.0;0;0.1;3;0;2.4;16.2;0.4;2.6;2.4;70;10;1;0.6;1.0;0.4;7;0;0;9.7;5.3;No recurring injuries;Below Average;5.6;57;0.8;0;0;0;0;0;0;0;0;0;0;1.2;1.2
Serie BKT;Modena F.C.;Leandro Chichizola;GK;;GK;36;"6'1""";£11K - £19K p/w;Not for Sale;Very Weak;Very Strong;6.80;0;1350;0;0;0.0;0;0;0;0.0;0%;0;0.0;0.0;0.0;0%;0;0;0;0;0.0;0;0.0;61%;20.0;0.0;0.0;0.0;0.0;0.0;0;0.0;0.0;0;0.0;12;0;0.0;0.0;0.0;0.0;0.0;0;0;0;0.0;0.0;0.0;0;0;0;0.0;0.0;No recurring injuries;Very Low;0.0;0;0.0;4;0;0;0;0;0;0;22;0;0;0.0;0.0
Sky Bet Championship;West Brom;Callum Styles;D (L);DM, M (L), AM (LC);D/WB (L), DM, M/AM (LC);26;"5'7""";£6.5K - £8.75K p/w;£5.6M - £9.2M;Very Strong;Fairly Strong;6.94;1;1828;0;0;0.0;0.06;0.06;-0.06;0.0;0%;0.06;0.0;0.0;0.0;0%;0;0;0;1;0.0;2.37;0.1;87%;54.5;0.0;1.1;6.4;1.9;0.1;7;1.0;0.0;5;1.1;14;1;13.1;13.7;1.3;2.7;7.0;74;35;4;0.8;1.6;0.3;29;4;0;10.9;14.9;No recurring injuries;Low;2.7;54;0.2;0;0;0;0;0;0;0;0;0;0;1.2;0.9
Ligue 1 McDonald's;Troyes;Mathieu Patouillet;GK;;GK;22;"6'2""";£13.5K - £19.5K p/w;£4.8M - £7.8M;Very Strong;Weak;6.72;1;1440;0;0;0.0;0;0;0;0.0;0%;0;0.0;0.0;0.0;0%;0;0;0;0;0.0;0;0.0;82%;24.6;0.0;0.0;0.0;0.0;0.0;0;0.0;0.0;0;0.0;2;0;5.8;4.4;0.1;0.1;0.0;50;2;0;0.0;2.2;0.0;0;0;0;5.4;0.0;No recurring injuries;Below Average;0.0;0;0.0;5;4.13;0;75;15;42;9;23;2;50;1.2;1.4
Serie A;Bologna;Mattia Zanotti;D/WB (R);;D/WB/M (R);23;"5'10""";£34K - £48.5K p/w;£7.8M - £10M;Fairly Strong;Very Strong;7.01;1;1580;0;0;0.0;0.75;0.75;-0.75;0.0;0%;0.15;0.3;0.0;0.1;0%;0;0;0;5;0.3;1.9;0.1;89%;60.2;0.2;0.9;7.7;1.0;0.2;22;1.0;0.2;22;0.3;17;0;14.5;13.3;1.7;3.9;7.4;78;37;4;0.5;1.1;0.5;25;4;0;11.4;16.7;No recurring injuries;Average;2.1;59;0.2;0;0;0;0;0;0;0;0;0;0;1.3;1.3
Premier League;BRG;Leonardo Lelo;M (L);;D/WB/M (L);26;"5'9""";£5.5K - £8.5K p/w;£6M - £8.2M;Very Strong;Weak;6.92;0;1542;0;0;0.0;0.35;0.35;-0.35;0.0;0%;0.116666666666667;0.2;0.1;0.1;33%;0;0;0;3;0.2;2.03;0.1;90%;51.4;0.4;2.2;5.2;10.9;1.9;17;7.4;0.9;12;3.2;13;1;14.8;13.2;1.8;2.7;9.6;69;45;1;0.4;0.6;0.6;16;1;0;11.7;23.5;No recurring injuries;Below Average;3.3;34;0.2;0;0;0;0;0;0;0;0;0;0;1.1;0.8
Ligue 1 McDonald's;OL;Abner Vinicius;WB (L);;D/WB (L);26;"6'0""";£23.5K - £27K p/w;£13.5M - £19.5M;Very Strong;Reasonable;6.82;1;1391;0;0;0.0;0.04;0.04;-0.04;0.0;0%;0.04;0.1;0.0;0.0;0%;0;0;0;1;0.1;0.68;0.0;88%;59.9;0.1;1.0;6.9;2.8;0.6;20;0.8;0.1;8;1.4;13;1;11.5;13.1;2.1;3.1;7.8;80;40;2;0.6;0.8;0.4;16;2;1;10.4;13.8;No recurring injuries;Below Average;2.5;68;0.0;0;0;0;0;0;0;0;0;0;0;1.2;1.0
Ligue 1 McDonald's;Brest;José Marsà;D (C);;D (C);24;"6'1""";£20.5K - £23.5K p/w;£11M - £13.5M;Very Strong;Reasonable;6.90;0;1890;0;0;0.0;0.78;0.78;-0.78;0.0;0%;0.111428571428571;0.3;0.1;0.2;43%;0;0;0;0;0.0;1.33;0.1;91%;41.0;0.1;0.0;2.0;0.0;0.0;0;0.0;0.0;0;0.0;3;0;3.0;13.0;0.4;2.2;2.1;73;11;2;0.5;1.0;0.6;7;0;0;10.2;4.3;No recurring injuries;Average;5.1;78;1.3;0;0;0;0;0;0;0;0;0;0;1.1;1.0
Ligue 1 McDonald's;FC Lorient;Montassar Talbi;D (C);;D (C);28;"6'3""";£15.25K - £17.5K p/w;£350K - £3.5M;Weak;Very Strong;6.74;1;1396;0;0;0.0;0.96;0.96;-0.96;0.1;0%;0.12;0.5;0.1;0.2;13%;0;0;0;0;0.0;0.49;0.0;93%;43.3;0.0;0.1;2.4;0.0;0.0;0;0.0;0.0;0;0.1;4;0;3.7;13.2;0.5;2.3;2.8;58;12;3;0.8;1.5;0.8;9;2;0;10.1;4.4;No recurring injuries;Below Average;5.5;72;0.5;0;0;0;0;0;0;0;0;0;0;0.7;1.4
Sky Bet Championship;Stoke;Junior Tchamadeu;WB (R);;D/WB (R);22;"5'11""";£14K - £15.75K p/w;£450K - £4.6M;Reasonable;Very Strong;6.74;0;1504;0;0;0.0;0.38;0.38;-0.38;0.0;0%;0.095;0.2;0.1;0.0;50%;0;0;0;1;0.1;1;0.1;90%;52.4;0.1;1.0;7.2;2.1;0.2;11;2.1;0.2;11;0.8;11;0;18.6;8.6;1.7;3.5;7.1;67;42;0;0.4;1.4;0.7;17;4;0;10.8;14.8;No recurring injuries;Average;3.3;35;0.3;0;0;1;0;0;0;0;0;0;0;1.0;1.5
Sky Bet Championship;Blackburn;Riku Yamane;DM;WB (RL), M (C);WB (RL), DM, M (C);23;"5'9""";£34.5K p/w;£11M - £12.5M;Weak;Very Strong;6.86;1;1419;0;0;0.0;0.78;0.78;-0.78;0.0;0%;0.13;0.4;0.1;0.1;17%;0;0;0;1;0.1;2.77;0.2;93%;65.5;0.3;0.6;7.2;0.1;0.0;0;0.1;0.0;0;0.0;5;0;4.7;15.6;0.9;2.9;6.5;67;21;1;1.0;0.6;0.2;4;2;0;11.1;13.4;No recurring injuries;Below Average;1.3;15;0.0;0;0;0;0;0;0;0;0;0;0;1.0;1.0
Bundesliga 2;Fortuna Düsseldorf;Emmanuel Iyoha;D (L);D/WB (R), M (RL), AM (R);D/WB/M/AM (RL);29;"6'3""";£12K - £15.25K p/w;£275K - £2.8M;Strong;Very Strong;6.84;1;1149;0;0;0.0;0.32;0.32;-0.32;0.0;0%;0.16;0.2;0.0;0.0;0%;0;0;0;1;0.1;0.75;0.1;85%;48.1;0.0;2.1;5.4;4.3;0.6;14;4.3;0.6;15;1.8;13;0;17.9;8.3;2.3;2.8;8.9;81;36;0;0.5;1.3;0.4;29;0;0;11.9;25.6;No recurring injuries;High;4.2;63;0.7;0;0;2;0;0;0;0;0;0;0;0.5;1.2
Jupiler Pro League;OH Leuven;Omar Fayed;D (C);;D (C);23;"6'4""";£5.25K - £7.75K p/w;£1M - £2.3M;Reasonable;Very Strong;6.87;2;1124;0;0;0.0;1.31;1.31;-1.31;0.1;0%;0.187142857142857;0.6;0.0;0.1;0%;0;0;0;0;0.0;0.96;0.1;89%;42.2;0.2;0.0;2.3;0.1;0.0;0;0.1;0.0;0;0.0;1;0;3.6;13.7;0.5;2.7;3.6;67;9;3;0.6;1.0;0.6;6;3;0;10.1;4.7;No recurring injuries;High;5.8;68;0.9;0;0;0;0;0;0;0;0;0;0;1.0;0.7
Ligue 2 BKT;SM Caen;Anthony Mandréa;GK;;GK;29;"6'1""";£5.75K - £9K p/w;£500K;Weak;Very Strong;6.68;3;1440;0;0;0.0;0;0;0;0.0;0%;0;0.0;0.0;0.0;0%;0;0;0;0;0.0;0;0.0;73%;24.9;0.0;0.0;0.0;0.0;0.0;0;0.0;0.0;0;0.0;7;0;7.9;3.4;0.0;0.0;0.0;0;0;0;0.0;3.6;0.0;0;0;0;5.3;0.0;No recurring injuries;Below Average;0.0;0;0.0;4;1.29;0;72;7;35;6;18;0;0;1.1;1.1
Serie BKT;Union Brescia;Frederik Sørensen;D (C);;D (C);34;"6'4""";£2.4K - £3.5K p/w;£0 - £30K;Weak;Very Strong;6.78;0;1197;0;0;0.0;0.13;0.13;-0.13;0.0;0%;0.065;0.2;0.0;0.0;0%;0;0;0;0;0.0;0;0.0;70%;21.1;0.0;0.0;0.0;0.0;0.0;0;0.0;0.0;0;0.0;14;0;0.0;0.0;1.6;0.0;0.0;100;21;0;0.0;0.0;0.0;25;0;0;0.0;0.0;No recurring injuries;Very Low;0.0;0;0.0;0;0;0;0;0;0;0;0;0;0;0.0;0.0
Premier League;Rio Ave;Andreas Ndoj;D (C), DM;;D (C), DM;23;"6'3""";£3.7K - £5.5K p/w;Unknown;Very Weak;Very Weak;6.82;0;1170;0;0;0.0;0.41;0.41;-0.41;0.0;0%;0.0683333333333333;0.5;0.0;0.2;0%;0;0;0;0;0.0;2.39;0.2;89%;46.9;0.0;0.3;3.1;0.0;0.0;0;0.0;0.0;0;0.0;2;1;4.0;14.7;0.7;2.5;4.2;90;10;0;0.2;0.5;0.5;11;2;0;10.5;8.0;No recurring injuries;Below Average;3.8;72;1.2;0;0;0;0;0;0;0;0;0;0;1.3;1.4
First Division;Atlético Pamplona;Iker Muñoz;DM;;DM, M (C);24;"5'10""";£17.5K - £20.5K p/w;£22M - £27M;Fairly Strong;Very Strong;6.92;0;1184;0;0;0.0;0.64;0.64;-0.64;0.0;0%;0.106666666666667;0.5;0.0;0.1;0%;0;0;0;2;0.2;3.17;0.2;91%;58.1;0.2;1.0;4.1;0.1;0.0;0;0.1;0.0;0;0.3;11;0;7.3;11.9;1.1;2.4;6.1;67;21;1;0.5;0.8;0.2;5;0;0;10.6;9.7;No recurring injuries;Low;1.4;22;0.0;0;0;0;0;0;0;0;0;0;0;1.3;1.2
First Division;Levante;Carlos Álvarez;AM (R);M (RC);M/AM (RC);23;"5'6""";£36K - £41K p/w;£31M - £36M;Very Strong;Reasonable;6.48;0;1338;0;0;0.0;0.71;0.71;-0.71;0.0;0%;0.0591666666666667;0.8;0.3;0.3;33%;0;0;0;2;0.1;3.47;0.2;92%;11.3;0.4;0.7;1.3;5.4;0.5;10;0.6;0.1;11;0.5;10;1;9.9;9.6;0.6;0.1;1.3;90;10;0;0.0;0.0;0.0;2;0;0;2.4;2.9;No recurring injuries;Average;0.5;13;0.0;0;0;0;0;0;0;0;0;0;0;0.5;1.7
Second Division;Eibar;Manu Fernández;D (C);;D (C), DM;25;"6'1""";£5.75K - £8.5K p/w;£400K;Weak;Very Strong;7.00;0;1250;0;0;0.0;0.94;0.94;-0.94;0.1;0%;0.1175;0.6;0.1;0.1;13%;0;0;0;1;0.1;2.44;0.2;92%;49.0;0.4;0.9;4.4;0.1;0.0;0;0.1;0.0;0;0.0;6;0;4.5;14.5;1.5;2.2;4.8;75;28;3;0.6;1.2;0.2;7;3;0;11.1;7.7;No recurring injuries;Low;3.0;79;0.4;0;0;0;0;0;0;0;0;0;0;1.2;1.2
Second Division;Huesca;Alejandro Cantero;AM (L);ST (C);AM (RL), ST (C);26;"6'0""";£3.2K - £5.25K p/w;£80K - £800K;Reasonable;Very Strong;7.07;0;1437;0;0;0.0;2.3;2.3;-2.3;0.1;0%;0.10952380952381;1.3;0.1;0.6;10%;1;0;0;0;0.0;1.47;0.1;86%;42.6;0.1;1.1;2.7;2.3;0.5;21;2.3;0.5;22;4.6;13;2;18.1;4.8;1.4;2.3;9.1;100;22;1;0.6;0.8;0.0;15;0;0;11.3;13.8;No recurring injuries;Above Average;3.4;30;0.0;0;0;0;0;0;0;0;0;0;0;0.8;1.2
Serie A;Bologna;Nicolò Casale;D (C);;D (C);28;"6'3""";£22.5K - £35.5K p/w;£4.8M - £7.8M;Reasonable;Very Strong;6.91;1;1579;0;0;0.0;0.24;0.24;-0.24;0.0;0%;0.06;0.2;0.1;0.1;25%;0;0;0;1;0.1;1.08;0.1;95%;44.7;0.0;0.1;2.2;0.1;0.0;0;0.1;0.0;0;0.1;4;0;4.4;16.2;0.6;2.6;2.7;71;14;2;0.5;0.9;0.6;13;5;0;9.7;3.4;No recurring injuries;Above Average;5.6;76;1.1;0;0;0;0;0;0;0;0;0;0;1.4;1.4
Bundesliga;FC St. Pauli;Joel Chima Fujita;DM;AM (C);DM, M/AM (C);24;"5'9""";£13K - £18.75K p/w;£8.2M - £10.5M;Weak;Very Strong;6.87;1;1247;0;0;0.0;0.24;0.24;-0.24;0.0;0%;0.06;0.3;0.1;0.2;50%;0;0;0;2;0.1;2.51;0.2;91%;57.1;0.2;1.3;6.7;0.2;0.0;0;0.2;0.0;0;0.0;20;0;6.0;12.8;1.0;2.5;6.7;70;20;1;0.6;1.0;0.3;10;0;0;12.0;14.4;No recurring injuries;Very Low;1.4;30;0.1;0;0;0;0;0;0;0;0;0;0;0.7;1.2
Premier League;Alverca SAD;Bastien Meupiyou;D (C);DM;D (C), DM;20;"6'3""";£3.6K - £5K p/w;£20M - £32M;Very Strong;Weak;6.91;0;1260;0;0;0.0;1.71;1.71;-1.71;0.1;0%;0.171;0.7;0.1;0.4;10%;0;0;0;1;0.1;1.55;0.1;91%;48.4;0.2;0.1;2.0;0.1;0.1;100;0.1;0.1;100;0.1;4;0;2.7;17.1;0.7;2.3;2.1;100;10;1;0.9;1.1;0.6;7;3;0;10.2;4.5;No recurring injuries;Low;3.6;76;0.5;0;0;0;0;0;0;0;0;0;0;0.9;1.2
Bundesliga 2;SV Darmstadt 98;Hiroki Akiyama;DM;;DM, M (C);26;"5'9""";£8K - £11.5K p/w;£140K - £1.4M;Fairly Strong;Very Strong;6.93;0;1395;0;0;0.0;2.1;2.1;-2.1;0.1;0%;0.0954545454545455;1.4;0.0;0.3;0%;0;0;0;1;0.1;0.89;0.1;90%;51.9;0.1;1.3;5.9;0.1;0.0;0;0.1;0.0;0;0.3;9;1;5.1;14.2;1.4;2.3;5.2;81;27;1;0.8;1.3;0.0;2;0;0;12.3;12.4;No recurring injuries;Below Average;1.5;43;0.2;0;0;0;0;0;0;0;0;0;0;1.4;1.5
Sky Bet Championship;Burnley;Hjalmar Ekdal;D (C);D (R);D (RC);28;"6'2""";£25K - £35K p/w;£4.2M - £6.8M;Reasonable;Very Strong;6.84;0;1446;0;0;0.0;0.69;0.69;-0.69;0.0;0%;0.138;0.3;0.1;0.0;40%;0;0;0;2;0.1;0.75;0.0;93%;41.0;0.2;0.6;3.0;0.0;0.0;0;0.0;0.0;0;0.0;4;0;4.2;12.9;0.2;2.9;1.9;60;5;0;1.0;1.1;0.6;2;2;0;9.9;4.9;No recurring injuries;Average;4.9;75;0.5;0;0;0;0;0;0;0;0;0;0;1.6;0.7
Premier League;Famalicão;Rodrigo Pinheiro;D (R);D (L), WB (R);D (RL), WB (R);24;"6'0""";£4.8K - £7.25K p/w;Unknown;Very Weak;Very Weak;6.76;0;1243;0;0;0.0;0.29;0.29;-0.29;0.0;0%;0.0725;0.3;0.2;0.1;75%;0;0;0;2;0.1;0.93;0.1;88%;58.2;0.0;0.9;8.1;1.4;0.2;15;1.3;0.2;17;0.9;9;0;13.9;10.2;1.2;2.6;7.7;74;23;0;0.8;0.9;1.0;24;3;0;11.6;15.9;No recurring injuries;Below Average;3.5;69;0.2;0;0;0;0;0;0;0;0;0;0;1.2;1.3
Ligue 1 McDonald's;Rennes;Brice Samba;GK;;GK;32;"6'2""";£91K - £135K p/w;Not for Sale;Very Strong;Reasonable;6.78;0;1170;0;0;0.0;0;0;0;0.0;0%;0;0.0;0.0;0.0;0%;0;0;0;0;0.0;0;0.0;82%;24.7;0.0;0.0;0.2;0.0;0.0;0;0.0;0.0;0;0.0;4;0;7.7;4.9;0.0;0.1;0.0;0;1;0;0.0;2.2;0.0;1;1;0;5.6;0.1;No recurring injuries;Below Average;0.0;0;0.0;3;1.32;0;77;15;27;7;15;1;0;1.0;1.2
Premier League;Gil Vicente;Jonathan Buatu;D (C);;D (C);33;"6'2""";£2.6K - £4.1K p/w;Unknown;Very Weak;Very Weak;7.03;2;1286;0;0;0.0;0.82;0.82;-0.82;0.1;0%;0.0911111111111111;0.6;0.1;0.1;22%;0;0;0;0;0.0;0.34;0.0;93%;40.5;0.1;0.2;2.4;0.1;0.0;0;0.1;0.0;0;0.0;4;0;3.3;9.5;0.5;3.6;2.9;58;12;4;1.0;1.1;0.8;7;4;0;9.5;3.5;No recurring injuries;Below Average;5.4;73;0.8;0;0;0;0;0;0;0;0;0;0;0.8;1.0
Sky Bet Championship;Lincoln;Massimo Luongo;M (C);DM;DM, M (C);34;"5'9""";£7K - £9.5K p/w;£24K - £75K;Fairly Strong;Very Strong;6.38;0;1355;0;0;0.0;0.5;0.5;-0.5;0.0;0%;0.0714285714285714;0.5;0.3;0.1;57%;0;0;0;2;0.1;2.2;0.1;0%;0.0;0.5;0.1;0.0;0.0;0.0;0;0.0;0.0;0;0.0;7;0;16.4;9.4;0.0;0.0;0.0;0;0;0;0.0;0.0;0.0;2;2;1;0.0;0.0;No recurring injuries;High;0.0;0;0.0;0;0;0;0;0;0;0;0;0;0;0.7;1.5
Sky Bet Championship;Portsmouth;Nicolas Schmid;GK;;GK;29;"6'5""";£8.75K - £12.5K p/w;£220K - £2.2M;Strong;Very Strong;6.83;5;2070;0;0;0.0;0;0;0;0.0;0%;0;0.0;0.0;0.0;0%;0;0;0;0;0.0;0;0.0;81%;24.3;0.0;0.0;0.0;0.0;0.0;0;0.0;0.0;0;0.0;7;0;6.0;3.7;0.0;0.0;0.0;0;2;0;0.0;3.0;0.0;0;0;0;5.1;0.0;No recurring injuries;Below Average;0.0;0;0.0;9;11.76;1;78;28;48;12;24;2;0;1.0;1.0
Serie A;Sampdoria;Fabio Depaoli;D (R);WB/M/AM (R);D/WB/M/AM (R);29;"6'0""";£25K - £29.5K p/w;£425K - £4.3M;Reasonable;Very Strong;6.82;1;1303;0;0;0.0;0.54;0.54;-0.54;0.0;0%;0.09;0.4;0.1;0.2;17%;0;0;0;2;0.1;1.72;0.1;84%;41.8;0.1;1.5;4.1;4.4;1.1;25;4.4;1.1;25;3.1;18;2;20.2;4.4;1.5;2.7;8.6;95;22;0;0.6;1.0;0.1;20;0;0;11.6;20.1;No recurring injuries;Very Low;3.5;46;0.0;0;0;1;0;0;0;0;0;0;0;0.6;1.6
First Division;Villarreal;Luiz Júnior;GK;;GK;25;"6'4""";£38K - £57K p/w;£7.4M - £12M;Very Strong;Weak;6.73;3;1800;0;0;0.0;0;0;0;0.0;0%;0;0.0;0.0;0.0;0%;0;0;0;0;0.0;0;0.0;82%;24.6;0.0;0.0;0.1;0.0;0.0;0;0.0;0.0;0;0.0;6;0;10.1;4.1;0.0;0.1;0.0;0;1;0;0.0;1.5;0.0;0;0;0;6.2;0.0;No recurring injuries;Low;0.0;0;0.0;6;-7.4;1;70;19;40;10;31;1;0;1.4;1.6
Ligue 1 McDonald's;Havre AC;Arouna Sanganté;D (R);;D (C);24;"6'2""";£10.25K - £12K p/w;£6.8M - £8.4M;Weak;Very Strong;6.77;0;1350;0;0;0.0;0.21;0.21;-0.21;0.0;0%;0.042;0.3;0.0;0.1;0%;0;0;0;0;0.0;0.08;0.0;93%;44.9;0.1;0.0;2.1;0.1;0.0;0;0.1;0.0;0;0.0;3;0;2.5;13.6;0.5;2.9;2.8;62;13;2;0.2;0.8;1.3;13;5;0;10.2;3.3;No recurring injuries;Low;4.1;71;0.9;0;0;0;0;0;0;0;0;0;0;0.5;1.2
Sky Bet Championship;Swansea;Gonçalo Franco;M (C);;DM, M (C);26;"5'9""";£15.75K - £22K p/w;£5.6M - £6.8M;Reasonable;Very Strong;6.65;0;1256;0;0;0.0;0.18;0.18;-0.18;0.0;0%;0.03;0.4;0.1;0.2;33%;0;0;0;1;0.1;2.61;0.2;89%;51.9;0.4;0.4;3.9;0.2;0.0;0;0.2;0.0;0;0.1;3;1;5.1;13.2;1.4;2.5;7.5;87;23;1;0.6;0.7;0.3;15;4;0;12.5;12.0;No recurring injuries;Below Average;1.2;71;0.1;0;0;0;0;0;0;0;0;0;0;1.7;0.8
Sky Bet Championship;Wrexham;Rafik Guitane;AM (C);M (C);M (C), AM (RC);27;"5'7""";£19K - £27.5K p/w;£8M - £10.5M;Very Strong;Reasonable;6.54;0;1438;0;0;0.0;0.88;0.88;-0.88;0.1;0%;0.11;0.5;0.2;0.1;38%;1;0;0;3;0.2;3.17;0.2;89%;6.1;0.2;0.3;0.9;0.6;0.2;33;0.3;0.1;50;0.4;14;2;12.3;6.3;0.1;0.3;1.4;100;2;0;0.0;0.0;0.0;4;0;0;1.7;1.9;No recurring injuries;High;0.6;56;0.0;0;0;0;0;0;0;0;0;0;0;0.8;1.3
Bundesliga 2;FC Schalke 04;Loris Karius;GK;;GK;33;"6'3""";£7K - £10.5K p/w;£180K - £600K;Weak;Very Strong;7.04;2;1440;0;0;0.0;0;0;0;0.0;0%;0;0.0;0.0;0.0;0%;0;0;0;0;0.0;0;0.0;80%;23.8;0.0;0.0;0.0;0.0;0.0;0;0.0;0.0;0;0.0;4;0;9.5;3.2;0.0;0.0;0.0;0;1;0;0.0;2.4;0.0;0;0;0;5.5;0.0;No recurring injuries;Above Average;0.0;0;0.0;8;7.64;0;76;7;20;6;10;1;0;0.9;0.6
Ligue 1 McDonald's;FC Lorient;Yvon Mvogo;GK;;GK;32;"6'2""";£10.5K - £16K p/w;£1.3M - £3M;Weak;Very Strong;6.60;0;1440;0;0;0.0;0;0;0;0.0;0%;0;0.0;0.0;0.0;0%;0;0;0;0;0.0;0;0.0;71%;25.9;0.0;0.0;0.1;0.0;0.0;0;0.0;0.0;0;0.0;8;0;14.0;3.6;0.0;0.1;0.0;0;2;0;0.0;3.8;0.0;0;0;0;5.7;0.1;No recurring injuries;Below Average;0.0;0;0.0;4;0.37;1;72;15;28;11;22;2;0;0.7;1.4
Premier League;Crystal Palace;Jaydee Canvot;D (C);D/WB (R), DM;D (RC), WB (R), DM;20;"6'3""";£35K - £51K p/w;£20M - £26M;Fairly Strong;Very Strong;6.83;0;1097;0;0;0.0;0.9;0.9;-0.9;0.1;0%;0.1;0.7;0.2;0.2;22%;0;0;0;1;0.1;1.13;0.1;95%;72.3;0.1;0.6;5.1;0.2;0.2;66;0.2;0.2;67;0.3;1;0;5.4;10.1;1.1;3.0;3.2;88;16;3;0.4;1.1;0.3;3;1;0;11.1;9.3;No recurring injuries;Below Average;4.6;68;0.7;0;0;0;0;0;0;0;0;0;0;1.2;1.3
Premier League;Estoril Praia;Ferro;D (C);;D (C);29;"6'3""";£2.5K - £3.7K p/w;Unknown;Very Weak;Very Weak;6.72;0;1350;0;0;0.0;0.22;0.22;-0.22;0.0;0%;0.11;0.1;0.0;0.0;0%;0;0;0;1;0.1;0.33;0.0;91%;43.7;0.0;0.2;1.3;0.0;0.0;0;0.0;0.0;0;0.0;4;0;2.4;16.8;0.7;3.3;2.1;83;12;0;0.7;1.1;0.1;6;0;0;10.1;3.7;No recurring injuries;Above Average;4.8;72;1.0;0;0;0;0;0;0;0;0;0;0;0.9;1.8
Bundesliga;FC St. Pauli;Danel Sinani;AM (C);M (RC);M/AM (RC);29;"6'1""";£11K - £17.25K p/w;£250K - £2.5M;Very Strong;Reasonable;6.71;0;1210;0;0;0.0;1.66;1.66;-1.66;0.1;0%;0.0922222222222222;1.3;0.4;0.4;33%;2;0;0;2;0.1;1.24;0.1;90%;41.0;0.1;1.6;2.7;3.2;0.6;18;1.0;0.1;14;1.8;11;4;23.2;7.8;0.4;1.6;5.1;75;8;0;0.3;0.2;0.0;11;3;0;12.2;12.3;No recurring injuries;Average;3.0;15;0.0;0;0;0;0;0;0;0;0;0;0;0.8;1.3
Serie A;Genoa;Alex Amorim;M (C);DM;DM, M/AM (C);21;"5'10""";£15K - £17.25K p/w;£12.5M - £15M;Fairly Strong;Very Strong;7.06;1;1329;0;0;0.0;0.57;0.57;-0.57;0.0;0%;0.095;0.4;0.1;0.1;33%;1;0;0;5;0.3;3.53;0.2;91%;52.1;0.3;1.1;5.5;0.1;0.1;100;0.1;0.1;100;0.2;5;0;8.1;10.0;0.9;3.1;5.3;59;22;0;0.5;0.6;0.0;7;1;0;11.6;10.2;No recurring injuries;Very Low;2.0;41;0.1;0;0;0;0;0;0;0;0;0;0;0.9;1.1
Second Division;Alavés;Facundo Garcés;D (C);;D (C);27;"6'3""";£5.75K - £10K p/w;£5.4M - £8.8M;Weak;Very Strong;6.92;0;1530;0;0;0.0;1.11;1.11;-1.11;0.1;0%;0.111;0.6;0.0;0.2;0%;0;0;0;0;0.0;0.74;0.0;89%;42.4;0.1;0.1;2.5;0.0;0.0;0;0.0;0.0;0;0.0;5;0;4.0;14.7;0.6;2.1;3.2;63;16;1;0.8;1.4;0.5;10;2;0;10.0;4.2;No recurring injuries;Below Average;4.7;79;1.3;0;0;0;0;0;0;0;0;0;0;0.9;1.1
Ligue 1 McDonald's;Paris FC;Otávio;D (C);;D (C);24;"6'2""";£12.25K - £14.25K p/w;£9.6M - £11.5M;Very Strong;Weak;6.76;0;1440;0;0;0.0;0.15;0.15;-0.15;0.0;0%;0.05;0.2;0.0;0.1;0%;0;0;0;1;0.1;0.2;0.0;94%;48.2;0.1;0.2;2.8;0.0;0.0;0;0.0;0.0;0;0.0;1;0;2.3;13.9;0.7;3.2;2.8;92;12;3;0.9;1.0;0.9;3;1;0;10.1;3.9;No recurring injuries;Below Average;5.6;74;1.2;0;0;0;0;0;0;0;0;0;0;1.1;1.2
Premier League;Gil Vicente;Zé Carlos;D (R);;D/WB (R);28;"5'10""";£3.3K - £4.8K p/w;Unknown;Very Weak;Very Weak;6.92;0;1289;0;0;0.0;0.11;0.11;-0.11;0.0;0%;0.11;0.1;0.0;0.0;0%;0;0;0;2;0.1;1.34;0.1;86%;49.3;0.0;1.3;6.1;5.4;0.8;15;5.4;0.8;15;2.7;16;2;19.6;10.1;1.7;3.6;10.4;71;35;1;0.6;0.8;0.3;16;2;0;12.9;23.7;No recurring injuries;Below Average;4.0;47;0.1;0;0;0;0;0;0;0;0;0;0;0.9;1.1
Ligue 1 McDonald's;Toulouse FC;Guillaume Restes;GK;;GK;21;"6'2""";£15K - £17.25K p/w;£14.5M - £17.5M;Very Strong;Weak;6.70;1;1440;0;0;0.0;0;0;0;0.0;0%;0;0.0;0.0;0.0;0%;0;0;0;0;0.0;0;0.0;81%;23.4;0.0;0.0;0.1;0.0;0.0;0;0.0;0.0;0;0.0;4;0;7.8;4.2;0.0;0.1;0.0;0;0;0;0.0;2.0;0.0;1;1;0;5.8;0.0;No recurring injuries;Below Average;0.0;0;0.0;5;2.89;0;67;14;17;7;18;0;0;1.1;1.1
Serie BKT;Padova;Nicolas Haas;M (C);DM, AM (C);DM, M/AM (C);30;"6'0""";£16.25K - £23.5K p/w;£1.4M - £3.1M;Reasonable;Very Strong;7.11;0;1350;0;0;0.0;3.84;3.84;-3.84;0.3;0%;0.1536;1.7;0.7;0.0;44%;0;0;0;4;0.3;2.02;0.1;71%;20.0;0.0;0.0;0.0;0.0;0.0;0;0.0;0.0;0;0.0;29;0;0.0;0.0;1.4;0.0;0.0;91;23;0;0.0;0.0;0.0;18;1;0;0.0;0.0;No recurring injuries;Very Low;0.0;0;0.0;0;0;0;0;0;0;0;0;0;0;0.0;0.0
Ligue 2 BKT;FC Nantes;Chidozie Awaziem;D (C);D (R);D (RC);29;"6'2""";£5.25K - £7.75K p/w;£300K - £2.9M;Reasonable;Very Strong;6.82;0;1060;0;0;0.0;1.11;1.11;-1.11;0.1;0%;0.100909090909091;0.9;0.3;0.3;36%;1;0;0;0;0.0;0.94;0.1;90%;42.0;0.1;0.1;1.7;0.1;0.0;0;0.1;0.0;0;0.1;3;0;2.4;18.6;0.4;3.1;2.8;83;6;1;0.7;1.0;0.5;8;3;1;9.4;3.9;No recurring injuries;Below Average;5.7;66;1.4;0;0;0;0;0;0;0;0;0;0;1.8;0.7
Bundesliga 2;Hertha BSC;Paul Seguin;M (C);;DM, M (C);31;"6'1""";£11.5K - £16.75K p/w;£130K - £1.3M;Weak;Very Strong;6.87;1;1210;0;0;0.0;0.54;0.54;-0.54;0.0;0%;0.09;0.4;0.2;0.0;50%;0;0;0;3;0.2;2.45;0.2;91%;50.4;0.1;1.3;5.4;0.2;0.1;33;0.2;0.1;33;0.3;8;0;7.4;11.6;1.3;2.7;4.8;85;20;1;0.7;1.3;0.0;6;1;0;10.9;10.3;No recurring injuries;Above Average;1.8;54;0.2;0;0;0;0;0;0;0;0;0;0;1.4;1.0
Sky Bet Championship;Derby;Leart Paçarada;D (L);;D/WB (L);32;"6'0""";£11.5K - £15.75K p/w;Not for Sale;Very Strong;Weak;6.87;1;1453;0;0;0.0;0.54;0.54;-0.54;0.0;0%;0.18;0.2;0.0;0.0;0%;0;0;0;3;0.2;3.36;0.2;89%;46.6;0.4;1.1;4.8;9.6;1.7;17;4.4;0.9;20;2.0;16;1;14.4;12.2;1.4;3.2;8.1;71;31;4;0.7;1.7;0.4;23;1;0;12.0;17.8;No recurring injuries;Above Average;3.4;36;0.4;0;0;0;0;0;0;0;0;0;0;0.8;0.7
Serie BKT;Hellas Verona;Suat Serdar;M (C);;DM, M (C);29;"6'0""";£32.5K - £47K p/w;£4.8M - £8M;Weak;Very Strong;7.12;1;1059;0;0;0.0;0.68;0.68;-0.68;0.1;0%;0.113333333333333;0.5;0.0;0.0;0%;0;0;0;2;0.2;1.22;0.1;83%;32.4;0.0;0.3;1.2;0.0;0.0;0;0.0;0.0;0;0.0;12;0;2.6;4.2;1.8;1.0;1.4;88;24;1;0.2;0.3;0.1;10;2;0;3.7;3.7;No recurring injuries;Very Low;0.8;89;0.0;0;0;0;0;0;0;0;0;0;0;0.2;0.7
Jupiler Pro League;Charleroi;Yacine Titraoui;M (C);DM;DM, M (C);23;"5'7""";£3.2K - £5.25K p/w;£3.6M - £6M;Reasonable;Very Strong;6.48;0;1313;0;0;0.0;2.24;2.24;-2.24;0.2;0%;0.131764705882353;1.2;0.3;0.1;29%;0;0;0;3;0.2;4.36;0.3;0%;0.0;0.2;0.2;0.0;0.0;0.0;0;0.0;0.0;0;0.0;8;0;11.6;13.0;0.0;0.0;0.0;0;0;0;0.0;0.0;0.0;1;1;0;0.0;0.0;No recurring injuries;Below Average;0.0;0;0.0;0;0;0;0;0;0;0;0;0;0;1.3;1.0
Jupiler Pro League;Standard;Marlon Fossey;D/WB (R);;D/WB (R);28;"5'10""";£8K - £12.75K p/w;£325K - £3.2M;Reasonable;Very Strong;6.97;4;1552;0;0;0.0;0.4;0.4;-0.4;0.0;0%;0.133333333333333;0.2;0.1;0.0;33%;0;0;0;1;0.1;1.28;0.1;84%;43.8;0.1;1.3;3.7;3.8;0.5;12;3.8;0.5;12;4.0;20;1;14.2;10.0;2.9;2.3;9.5;82;61;5;0.8;1.7;0.5;9;2;0;12.8;27.1;No recurring injuries;Below Average;3.7;59;0.2;0;0;0;0;0;0;0;0;0;0;1.0;0.9
Bundesliga;1. FC Magdeburg;Diogo Brasido;D (R);WB (R);D/WB (R);23;"5'10""";£3.6K - £6K p/w;£130K - £1.3M;Weak;Very Strong;6.68;0;1298;0;0;0.0;0.97;0.97;-0.97;0.1;0%;0.097;0.7;0.1;0.2;10%;0;0;0;0;0.0;0.15;0.0;87%;52.3;0.0;0.7;7.0;3.3;0.5;14;3.3;0.5;15;1.2;13;1;19.1;7.8;2.3;3.2;7.6;92;36;1;0.5;1.0;0.7;18;3;0;11.5;16.6;No recurring injuries;Low;4.5;58;0.3;0;0;0;0;0;0;0;0;0;0;1.0;1.5
Premier League;Moreirense;Dinis Pinto;D (R);M (R);D/WB/M (R);26;"5'10""";£5.75K - £8.25K p/w;Unknown;Very Weak;Very Weak;6.89;0;1163;0;0;0.0;0.37;0.37;-0.37;0.0;0%;0.074;0.4;0.1;0.2;20%;0;0;0;1;0.1;2.8;0.2;85%;44.0;0.4;1.2;5.1;7.7;1.2;15;7.7;1.2;15;2.0;12;4;14.8;12.7;2.9;2.9;9.8;88;43;1;0.6;0.6;1.0;24;2;0;11.5;24.5;No recurring injuries;Average;3.9;72;0.5;0;0;0;0;0;0;0;0;0;0;0.9;1.0
Bundesliga 2;1. FC Heidenheim 1846;Benedikt Gimber;D (C);;D (C), DM;29;"6'2""";£11.5K - £18.75K p/w;£300K - £2.9M;Very Strong;Weak;6.81;0;1190;0;0;0.0;0.31;0.31;-0.31;0.0;0%;0.103333333333333;0.2;0.2;0.2;67%;0;0;0;0;0.0;0.6;0.0;93%;43.6;0.2;0.2;2.9;0.1;0.0;0;0.1;0.0;0;0.0;1;0;2.9;14.9;1.1;3.4;2.9;93;15;2;0.8;1.0;0.8;7;4;1;10.6;3.2;No recurring injuries;Average;5.7;67;0.6;0;0;0;0;0;0;0;0;0;0;1.3;0.8
Sky Bet Championship;Burnley;Max Weiß;GK;;GK;22;"6'3""";£8.25K - £11.75K p/w;£7M - £9.2M;Weak;Very Strong;7.09;3;1710;0;0;0.0;0;0;0;0.0;0%;0;0.0;0.0;0.0;0%;0;0;0;0;0.0;0;0.0;83%;22.7;0.0;0.0;0.1;0.0;0.0;0;0.0;0.0;0;0.0;4;0;8.8;3.8;0.0;0.0;0.0;0;0;0;0.0;4.6;0.0;0;0;0;4.9;0.0;No recurring injuries;Below Average;0.0;0;0.0;9;9.31;1;80;9;26;14;13;0;0;1.4;0.7
Premier League;VTSC;João Mendes;D (L);WB/M (L);D/WB/M (L);26;"5'10""";£4.8K - £7.5K p/w;Unknown;Very Weak;Very Weak;7.01;1;1186;0;0;0.0;0;0;0;0.0;0%;0;0.1;0.0;0.1;0%;0;0;0;1;0.1;1.27;0.1;89%;56.6;0.2;0.8;7.7;3.0;0.7;23;3.0;0.7;23;0.6;10;0;13.3;11.2;2.1;3.8;8.0;85;33;1;0.8;1.1;0.4;15;1;0;11.5;15.3;No recurring injuries;Average;4.0;47;0.5;0;0;0;0;0;0;0;0;0;0;1.4;1.3
Ligue 1 McDonald's;LOSC;Tiago Santos;AM (R);M/AM (R);D/WB/M/AM (R);24;"5'9""";£57K - £65K p/w;£16.5M - £20M;Weak;Very Strong;7.19;2;1265;0;0;0.0;0.26;0.26;-0.26;0.0;0%;0.065;0.3;0.1;0.1;25%;0;0;0;2;0.1;3.46;0.2;95%;72.5;0.2;1.7;8.8;3.0;0.9;30;3.0;0.9;31;2.3;17;1;11.1;13.0;1.9;2.8;8.0;75;36;3;0.4;0.6;0.2;8;2;1;12.3;18.1;No recurring injuries;Below Average;2.6;50;0.0;0;0;0;0;0;0;0;0;0;0;1.8;1.1
Jupiler Pro League;Standard;Boško Šutalo;D (C);D/WB (R);D (RC), WB (R);26;"6'2""";£5.5K - £9K p/w;£325K - £3.2M;Fairly Strong;Very Strong;6.63;0;1031;0;0;0.0;0.13;0.13;-0.13;0.0;0%;0.065;0.2;0.1;0.0;50%;0;0;0;0;0.0;0.19;0.0;88%;40.8;0.2;0.1;1.7;0.2;0.0;0;0.2;0.0;0;0.1;1;0;3.5;13.6;0.5;3.0;3.2;67;9;1;0.7;0.9;0.5;6;1;0;9.7;5.8;No recurring injuries;High;4.8;69;0.5;0;0;0;0;0;0;0;0;0;0;1.1;1.1
Jupiler Pro League;KAA Gent;Davy Roef;GK;;GK;32;"6'2""";£7.75K - £11.25K p/w;Not for Sale;Weak;Very Strong;6.66;1;1350;0;0;0.0;0;0;0;0.0;0%;0;0.0;0.0;0.0;0%;0;0;0;0;0.0;0;0.0;84%;23.7;0.0;0.0;0.0;0.0;0.0;0;0.0;0.0;0;0.0;3;0;6.5;3.2;0.0;0.0;0.0;0;2;0;0.0;2.6;0.0;1;1;0;5.5;0.0;No recurring injuries;Average;0.0;0;0.0;3;-1.08;0;71;8;29;10;19;2;0;0.9;1.3
Premier League;Estoril Praia;Felix Bacher;D (C);;D (C);26;"6'3""";£1.6K - £2.5K p/w;Unknown;Very Weak;Very Weak;6.71;0;1299;0;0;0.0;0.19;0.19;-0.19;0.0;0%;0.0633333333333333;0.2;0.1;0.1;67%;0;0;0;0;0.0;0.5;0.0;88%;43.9;0.2;0.1;1.5;0.0;0.0;0;0.0;0.0;0;0.0;3;0;2.9;11.6;0.5;2.6;2.7;47;15;0;0.2;0.9;1.7;7;2;0;10.1;3.3;No recurring injuries;Below Average;4.9;75;1.6;0;0;0;0;0;0;0;0;0;0;1.0;1.9
Bundesliga 2;Holstein Kiel;Jonas Meffert;DM;;DM, M (C);32;"6'1""";£7K - £10.5K p/w;Not for Sale;Reasonable;Very Strong;6.58;0;1508;0;0;0.0;0.99;0.99;-0.99;0.1;0%;0.141428571428571;0.4;0.2;0.2;43%;1;0;0;0;0.0;2.62;0.2;92%;28.7;0.2;0.5;3.7;0.1;0.0;0;0.1;0.0;0;0.0;7;0;9.6;11.6;0.5;1.3;2.3;62;13;1;0.4;0.8;0.0;7;5;0;5.6;5.6;No recurring injuries;Below Average;1.5;52;0.2;0;0;0;0;0;0;0;0;0;0;0.8;1.1
Sky Bet Championship;Southampton;Welington;D (L);WB (L);D/WB (L);25;"5'9""";£20.5K - £27K p/w;£9.4M - £12M;Very Strong;Weak;6.88;1;1665;0;0;0.0;0.24;0.24;-0.24;0.0;0%;0.12;0.1;0.0;0.0;0%;0;0;0;2;0.1;1.31;0.1;88%;54.9;0.2;0.8;7.0;3.2;0.8;25;3.2;0.8;25;1.2;15;1;12.5;11.0;1.4;2.6;7.5;66;38;2;0.5;1.1;0.4;30;1;0;11.0;16.1;No recurring injuries;Below Average;4.0;42;0.2;0;0;0;0;0;0;0;0;0;0;1.4;1.1
Ligue 1 McDonald's;Havre AC;Abdoulaye Touré;DM, M (C);;DM, M (C);32;"6'2""";£7.75K - £11.5K p/w;Not for Sale;Weak;Very Strong;6.88;0;1110;0;0;0.0;0.82;0.82;-0.82;0.1;0%;0.0546666666666667;1.2;0.3;0.5;27%;2;0;0;0;0.0;1.45;0.1;93%;51.3;0.1;0.7;5.5;0.2;0.1;50;0.1;0.1;100;0.1;8;1;5.1;9.9;0.8;3.0;6.1;59;17;0;0.7;0.9;0.3;11;2;0;11.8;11.5;No recurring injuries;Average;3.5;63;0.4;0;0;0;0;0;0;0;0;0;0;0.5;1.1
Ligue 1 McDonald's;Olympique de Marseille;CJ Egan-Riley;D (R);D/WB (R);D (RC), WB (R), DM;23;"6'0""";£72K - £83K p/w;£25M - £30M;Weak;Very Strong;6.81;0;1356;0;0;0.0;1.94;1.94;-1.94;0.1;0%;0.215555555555556;0.6;0.2;0.2;33%;0;0;0;1;0.1;1.05;0.1;93%;64.0;0.1;0.5;4.9;2.5;0.3;10;0.3;0.0;0;0.3;4;1;7.1;8.8;1.0;3.2;5.4;75;20;2;0.7;0.7;0.3;12;2;0;12.2;12.7;No recurring injuries;Average;3.3;60;0.5;0;0;0;0;0;0;0;0;0;0;0.9;1.3
Sky Bet Championship;QPR;Paul Nardi;GK;;GK;32;"6'2""";£18.5K - £24.5K p/w;£325K - £3.2M;Reasonable;Very Strong;6.64;1;2061;0;0;0.0;0;0;0;0.0;0%;0;0.0;0.0;0.0;0%;0;0;0;0;0.0;0;0.0;79%;24.8;0.0;0.0;0.2;0.0;0.0;0;0.0;0.0;0;0.0;6;0;8.8;3.9;0.0;0.0;0.0;0;1;0;0.0;2.8;0.0;0;0;0;5.5;0.0;Recurring badly fractured lower leg;Very High;0.0;0;0.0;4;-0.33;1;69;20;45;14;34;1;0;1.2;1.5
Sky Bet Championship;Sheffield United;Michael Cooper;GK;;GK;27;"6'2""";£26.5K - £31K p/w;£4.7M - £6.2M;Reasonable;Very Strong;6.77;2;2070;0;0;0.0;0;0;0;0.0;0%;0;0.0;0.0;0.0;0%;0;0;0;0;0.0;0;0.0;88%;23.7;0.0;0.0;0.0;0.0;0.0;0;0.0;0.0;0;0.0;4;0;7.3;3.4;0.0;0.0;0.0;33;3;0;0.0;1.9;0.0;0;0;0;6.2;0.0;No recurring injuries;Low;0.0;0;0.0;5;1.78;0;72;17;43;15;29;3;33;1.4;1.3
Second Division;Las Palmas;Edward Cedeño;DM;M (C);DM, M (C);23;"6'2""";£3.7K - £4.2K p/w;£150K - £1.5M;Weak;Very Strong;6.91;0;1334;0;0;0.0;1.08;1.08;-1.08;0.1;0%;0.135;0.5;0.1;0.0;25%;0;0;0;3;0.2;1.34;0.1;92%;52.6;0.1;0.7;4.0;0.1;0.1;50;0.1;0.1;50;0.1;6;1;5.7;10.9;1.3;3.1;7.1;79;24;0;0.7;0.9;0.3;22;5;2;11.9;11.7;No recurring injuries;Below Average;3.3;55;0.5;0;0;0;0;0;0;0;0;0;0;1.2;0.9
Bundesliga;FC Augsburg;Robin Fellhauer;DM;D/M (C);D (RC), WB (R), DM, M (C);28;"6'0""";£17.75K - £26K p/w;£4.2M - £8.6M;Weak;Very Strong;6.95;1;1228;0;0;0.0;1.06;1.06;-1.06;0.1;0%;0.353333333333333;0.2;0.1;0.0;33%;0;0;0;1;0.1;2.31;0.2;90%;41.6;0.1;2.3;5.5;5.4;1.1;20;5.4;1.1;21;2.5;20;4;15.8;10.5;2.1;2.9;7.7;80;35;3;0.6;0.5;0.5;25;4;0;11.8;23.2;No recurring injuries;Below Average;2.9;70;0.1;0;0;0;0;0;0;0;0;0;0;1.0;0.6
Bundesliga;VfB Stuttgart;Kimito Nono;D (R);M (R);D/WB/M (R);24;"5'10""";£21.5K - £31.5K p/w;£4.2M - £7M;Weak;Very Strong;6.89;0;1329;0;0;0.0;0.47;0.47;-0.47;0.0;0%;0.05875;0.5;0.1;0.4;13%;0;0;0;2;0.1;1.25;0.1;92%;59.6;0.1;0.6;6.8;1.8;0.2;11;1.8;0.2;11;0.8;8;1;14.3;11.2;1.8;3.9;6.8;73;37;3;0.5;1.2;0.3;25;5;0;12.2;19.5;No recurring injuries;Below Average;2.8;61;0.1;0;0;0;0;0;0;0;0;0;0;1.6;1.2
Jupiler Pro League;KRC Genk;Nikolas Sattlberger;DM;;DM, M (C);22;"6'4""";£7.5K - £10.75K p/w;£7.2M - £11.5M;Strong;Very Strong;6.88;0;1043;0;0;0.0;0.59;0.59;-0.59;0.1;0%;0.196666666666667;0.3;0.0;0.0;0%;0;0;0;1;0.1;1.68;0.1;91%;52.7;0.4;0.8;3.2;0.1;0.0;0;0.1;0.0;0;0.2;10;0;6.6;10.4;1.2;2.1;5.3;70;20;0;0.5;0.9;0.0;7;1;0;11.6;10.4;No recurring injuries;Average;3.7;60;0.6;0;0;0;0;0;0;0;0;0;0;1.5;0.8
Ligue 1 McDonald's;Saint-Étienne;Santiago Hezze;DM;;DM, M (C);25;"6'0""";£14K - £18.75K p/w;£7.4M - £9M;Weak;Very Strong;6.65;0;1050;0;0;0.0;0.59;0.59;-0.59;0.1;0%;0.118;0.4;0.0;0.2;0%;0;0;0;0;0.0;0.59;0.1;94%;53.6;0.2;0.3;3.4;0.1;0.0;0;0.1;0.0;0;0.1;5;0;6.8;12.0;1.0;2.9;6.4;71;17;0;0.4;0.6;0.3;19;5;1;11.5;11.1;No recurring injuries;Below Average;1.8;62;0.0;0;0;0;0;0;0;0;0;0;0;0.5;1.3
Bundesliga 2;Holstein Kiel;John Tolkin;D (L);;D/WB (L);24;"5'7""";£8.5K - £13.5K p/w;£1.5M - £3.4M;Very Strong;Reasonable;6.84;0;1418;0;0;0.0;0.14;0.14;-0.14;0.0;0%;0.14;0.1;0.0;0.0;0%;0;0;0;1;0.1;2.79;0.2;90%;54.0;0.3;0.9;6.4;9.3;2.0;21;2.7;0.4;14;0.8;18;3;15.9;11.4;1.6;2.7;7.4;61;41;1;0.6;1.1;0.5;18;0;0;12.1;18.0;No recurring injuries;Average;3.0;31;0.3;0;0;0;0;0;0;0;0;0;0;0.7;1.3
Bundesliga;Borussia M'gladbach;Lukas Ullrich;D (L);;D/WB (L);22;"5'11""";£22.5K - £36.5K p/w;£900K - £8.8M;Very Strong;Weak;6.80;1;1027;0;0;0.0;0.13;0.13;-0.13;0.0;0%;0.13;0.1;0.0;0.0;0%;0;0;0;1;0.1;0.32;0.0;86%;47.3;0.0;2.0;5.3;4.3;0.7;16;4.3;0.7;16;1.9;6;3;20.2;8.2;2.7;3.3;8.9;84;37;2;0.7;1.0;0.3;30;2;0;12.5;21.6;No recurring injuries;Average;2.8;47;0.5;0;0;1;0;0;0;0;0;0;0;1.0;1.5
Second Division;Leganés;Ignasi Miquel;D (C);D (L);D (LC);34;"6'2""";£9.25K - £14.25K p/w;£85K - £850K;Very Strong;Weak;6.88;0;1519;0;0;0.0;0.26;0.26;-0.26;0.0;0%;0.065;0.2;0.0;0.1;0%;0;0;0;0;0.0;0.44;0.0;96%;40.4;0.0;0.2;1.7;0.1;0.0;0;0.1;0.0;0;0.1;4;0;3.4;13.9;0.8;2.3;2.2;76;17;2;0.5;1.4;1.2;14;7;0;9.7;3.7;No recurring injuries;Average;5.7;59;1.2;0;0;0;0;0;0;0;0;0;0;1.0;0.9
First Division;Burgos;Pablo Galdames;M (C);;DM, M (C);29;"5'9""";£17.25K - £27.5K p/w;£2.1M - £4.5M;Reasonable;Very Strong;6.72;0;1435;0;0;0.0;0.36;0.36;-0.36;0.0;0%;0.045;0.5;0.2;0.4;38%;0;0;0;1;0.1;2.23;0.1;93%;47.9;0.3;0.5;5.8;0.6;0.1;11;0.3;0.1;25;0.2;9;0;8.2;7.5;0.7;2.9;5.3;92;12;0;0.9;0.6;0.4;10;0;0;10.7;11.9;No recurring injuries;Below Average;1.5;38;0.1;0;0;0;0;0;0;0;0;0;0;0.8;1.9
Sky Bet Championship;West Brom;Jayson Molumby;M (C);;DM, M (C);27;"5'9""";£11.25K - £12.75K p/w;£6.6M - £10M;Fairly Strong;Very Strong;6.89;0;1182;0;0;0.0;0.59;0.59;-0.59;0.0;0%;0.07375;0.6;0.2;0.2;25%;0;0;0;0;0.0;3.68;0.3;91%;51.9;0.1;0.9;6.5;0.2;0.1;50;0.2;0.1;50;0.2;7;0;4.9;13.7;1.1;2.1;4.8;67;21;2;0.5;0.9;0.3;17;3;0;12.1;12.5;No recurring injuries;Above Average;2.0;54;0.4;0;0;0;0;0;0;0;0;0;0;1.0;0.8
Serie A;Genoa;Brooke Norton-Cuffy;D/WB (R);M (R);D/WB/M (R);22;"5'11""";£22.5K - £33.5K p/w;£11M - £18.5M;Weak;Very Strong;6.78;2;1683;0;0;0.0;0.31;0.31;-0.31;0.0;0%;0.155;0.1;0.1;0.0;50%;0;0;0;1;0.1;1.98;0.1;86%;40.2;0.2;2.0;4.7;4.4;0.7;15;4.4;0.7;16;2.7;17;1;16.6;8.6;1.9;2.7;9.8;92;38;2;0.3;0.7;0.2;27;1;2;10.7;21.2;No recurring injuries;Very Low;2.5;65;0.2;0;0;0;0;0;0;0;0;0;0;0.8;0.9
Bundesliga;1. FC Union Berlin;Leopold Querfeld;D (C);;D (C);22;"6'3""";£29.5K - £42.5K p/w;£12M - £15M;Reasonable;Very Strong;6.94;2;1350;0;0;0.0;0.35;0.35;-0.35;0.0;0%;0.0583333333333333;0.4;0.0;0.2;0%;1;0;0;1;0.1;1.36;0.1;94%;50.5;0.1;0.2;1.9;0.0;0.0;0;0.0;0.0;0;0.0;5;0;3.5;11.3;0.8;3.4;3.1;100;12;2;0.5;0.8;0.7;6;4;0;10.5;4.2;No recurring injuries;Below Average;5.7;77;1.1;0;0;0;0;0;0;0;0;0;0;0.7;1.3
Eredivisie;AZ;Alexandre Penetra;D (C);D (R);D (RC);25;"6'0""";£12.25K - £18.5K p/w;£22M - £27M;Reasonable;Very Strong;6.95;0;2063;0;0;0.0;0.52;0.52;-0.52;0.0;0%;0.173333333333333;0.1;0.0;0.1;33%;2;0;0;1;0.0;1.26;0.1;94%;49.0;0.1;0.1;2.2;0.0;0.0;0;0.0;0.0;0;0.0;6;0;1.7;15.8;0.5;2.4;2.4;73;15;2;0.9;1.0;0.7;11;3;0;9.8;4.4;No recurring injuries;Below Average;4.2;56;0.7;0;0;0;0;0;0;0;0;0;0;1.4;0.8
Sky Bet Championship;Stoke;Ben Gibson;D (C);;D (C);33;"6'1""";£11.75K - £16.75K p/w;£95K - £325K;Very Strong;Weak;6.69;0;1866;0;0;0.0;0.17;0.17;-0.17;0.0;0%;0.0566666666666667;0.1;0.0;0.0;0%;0;0;0;0;0.0;1.28;0.1;88%;41.1;0.3;0.2;1.5;0.0;0.0;0;0.0;0.0;0;0.0;1;0;4.1;13.4;0.5;2.7;2.2;71;14;3;0.9;1.5;1.4;2;0;1;9.5;3.7;No recurring injuries;Below Average;5.8;70;0.7;0;0;0;0;0;0;0;0;0;0;0.8;1.5
Ligue 1 McDonald's;FC Lorient;Laurent Abergel;DM, M (C);;DM, M (C);33;"5'7""";£4.4K - £7.5K p/w;Not for Sale;Weak;Very Strong;6.94;1;1428;0;0;0.0;0.83;0.83;-0.83;0.1;0%;0.0754545454545455;0.7;0.1;0.3;18%;0;0;0;0;0.0;1.69;0.1;93%;51.7;0.3;0.8;6.6;0.1;0.0;0;0.1;0.0;0;0.1;8;0;7.4;10.7;1.2;2.6;6.7;76;25;1;1.2;0.9;0.4;12;2;0;11.8;11.2;No recurring injuries;Below Average;1.4;36;0.0;0;0;0;0;0;0;0;0;0;0;0.7;1.4
Second Division;Alavés;Victor Parada;D (L);D (C), WB (L);D (LC), WB (L);24;"6'2""";£6.25K - £9.25K p/w;£900K - £8.8M;Very Strong;Fairly Strong;6.77;1;1676;0;0;0.0;0.38;0.38;-0.38;0.0;0%;0.126666666666667;0.2;0.0;0.1;0%;0;0;0;2;0.1;0.94;0.1;87%;52.4;0.2;0.4;5.6;1.0;0.2;22;1.0;0.2;22;0.5;10;0;14.1;12.0;1.3;3.4;6.8;83;29;2;0.9;1.2;0.5;30;2;0;11.3;13.0;No recurring injuries;Below Average;4.1;79;0.3;0;0;0;0;0;0;0;0;0;0;1.1;1.0
Eredivisie;Telstar;Raí Lopes;D (L);;D (L);26;"6'0""";£1.6K - £2.5K p/w;£240K - £2.4M;Very Strong;Weak;6.85;0;1201;0;0;0.0;0.52;0.52;-0.52;0.0;0%;0.26;0.1;0.0;0.0;0%;0;0;0;2;0.1;0.9;0.1;86%;56.2;0.1;1.5;7.6;2.8;0.4;13;2.8;0.4;13;0.4;9;0;12.6;10.2;2.5;3.7;7.6;94;35;2;0.3;0.9;0.5;7;1;0;10.8;14.0;No recurring injuries;Average;2.6;54;0.1;0;0;0;0;0;0;0;0;0;0;0.7;1.3
Serie A;Empoli FC;Jean-Daniel Akpa Akpro;DM, M (C);WB (L);WB (L), DM, M (C);34;"5'11""";£12K - £19.25K p/w;Not for Sale;Weak;Very Strong;6.30;0;1024;0;0;0.0;0.71;0.71;-0.71;0.1;0%;0.142;0.4;0.2;0.0;40%;0;0;0;1;0.1;0.76;0.1;78%;15.1;0.1;0.2;1.4;0.3;0.0;0;0.3;0.0;0;0.1;15;0;10.3;9.3;0.7;0.3;1.1;67;12;0;0.1;0.1;0.1;9;1;2;1.9;2.6;No recurring injuries;Very Low;0.6;86;0.0;0;0;0;0;0;0;0;0;0;0;0.6;1.2
Eredivisie;FC Twente;Stav Lemkin;D (C);;D (C);23;"6'3""";£5.25K - £8.75K p/w;£450K - £4.4M;Fairly Strong;Very Strong;6.73;0;1082;0;0;0.0;0.15;0.15;-0.15;0.0;0%;0.03;0.4;0.1;0.2;20%;0;0;0;0;0.0;0.26;0.0;89%;40.8;0.1;0.2;2.4;0.2;0.1;50;0.2;0.1;50;0.1;2;0;2.2;18.7;0.4;1.7;2.5;71;7;2;0.7;1.2;0.8;3;0;0;10.0;3.7;No recurring injuries;High;5.7;38;0.8;0;0;0;0;0;0;0;0;0;0;1.6;0.7
Ligue 1 McDonald's;Strasbourg;Andrew Omobamidele;D (C);;D (C);24;"6'3""";£10.25K - £12K p/w;£1.2M - £4.7M;Reasonable;Very Strong;6.97;1;1980;0;0;0.0;1.26;1.26;-1.26;0.1;0%;0.09;0.6;0.0;0.4;0%;0;0;0;1;0.0;0.46;0.0;94%;45.7;0.1;0.4;2.0;0.0;0.0;0;0.0;0.0;0;0.1;4;0;4.0;13.9;0.1;2.7;2.4;60;5;1;1.0;1.3;0.5;6;3;0;10.4;4.5;No recurring injuries;Low;5.0;69;1.0;0;0;0;0;0;0;0;0;0;0;1.2;1.1
Ligue 1 McDonald's;Brest;Kenny Lala;D (R);;D/WB (R);35;"5'10""";£8K - £13K p/w;£35K - £350K;Reasonable;Very Strong;6.75;0;1328;0;0;0.0;0.32;0.32;-0.32;0.0;0%;0.0533333333333333;0.4;0.1;0.3;33%;0;0;0;1;0.1;1.34;0.1;87%;54.3;0.1;1.2;7.2;3.2;0.3;10;1.4;0.1;10;0.6;6;0;11.2;11.8;2.5;3.1;7.2;93;40;2;0.6;1.4;0.4;13;2;0;11.2;15.0;No recurring injuries;Below Average;3.5;53;0.3;0;0;0;0;0;0;0;0;0;0;0.9;1.2
Bundesliga;VfB Stuttgart;Dennis Seimen;GK;;GK;21;"6'3""";£18.25K - £31K p/w;£24M - £39M;Very Strong;Reasonable;6.83;2;1770;0;0;0.0;0;0;0;0.0;0%;0;0.0;0.0;0.0;0%;0;0;0;0;0.0;0;0.0;94%;25.1;0.0;0.0;0.0;0.0;0.0;0;0.0;0.0;0;0.0;7;0;5.0;6.2;0.0;0.1;0.0;0;1;0;0.0;1.6;0.0;2;2;0;5.9;0.0;No recurring injuries;Average;0.0;0;0.0;7;-2.09;2;72;12;28;16;21;1;0;1.9;1.1
Premier League;VTSC;Rodrigo Abascal;D (C);;D (C);32;"6'1""";£4K - £6K p/w;Unknown;Very Weak;Very Weak;6.53;0;1011;0;0;0.0;0;0;0;0.0;0%;0;0.0;0.0;0.0;0%;0;0;0;0;0.0;0.14;0.0;83%;44.2;0.1;0.2;1.5;0.0;0.0;0;0.0;0.0;0;0.0;1;0;3.0;13.7;0.4;2.2;2.5;57;7;1;1.0;2.0;1.4;7;2;2;10.3;4.2;No recurring injuries;Above Average;5.0;86;0.8;0;0;0;0;0;0;0;0;0;0;1.8;1.2
Jupiler Pro League;KRC Genk;Tobias Lawal;GK;;GK;26;"6'4""";£11.25K - £16.25K p/w;£400K - £3.9M;Reasonable;Very Strong;6.92;1;1170;0;0;0.0;0;0;0;0.0;0%;0;0.0;0.0;0.0;0%;0;0;0;0;0.0;0;0.0;72%;24.8;0.0;0.0;0.0;0.0;0.0;0;0.0;0.0;0;0.0;9;0;6.9;3.2;0.0;0.0;0.0;0;1;0;0.0;2.6;0.0;0;0;0;5.0;0.0;No recurring injuries;Average;0.0;0;0.0;6;6.18;0;81;9;26;5;9;1;0;1.4;0.7
Premier League;Arouca;Ignacio de Arruabarrena;GK;;GK;29;"6'1""";£6K - £8.5K p/w;Unknown;Very Weak;Very Weak;6.82;0;1170;0;0;0.0;0;0;0;0.0;0%;0;0.0;0.0;0.0;0%;0;0;0;0;0.0;0;0.0;85%;24.2;0.0;0.0;0.0;0.0;0.0;0;0.0;0.0;0;0.0;5;0;7.5;4.0;0.0;0.0;0.0;0;1;0;0.0;3.5;0.0;3;3;0;5.2;0.0;No recurring injuries;Below Average;0.0;0;0.0;4;6.91;0;75;10;17;6;11;1;0;1.3;0.8
First Division;Elche;Léo Pétrot;D (L);;D (LC);29;"6'2""";£14.5K - £21K p/w;£150K - £1.5M;Very Strong;Weak;6.72;1;1098;0;0;0.0;0.19;0.19;-0.19;0.0;0%;0.095;0.2;0.1;0.0;50%;0;0;0;0;0.0;0.08;0.0;90%;55.9;0.0;1.3;7.3;1.4;0.2;11;1.4;0.2;12;0.3;8;4;18.9;8.4;1.6;2.5;6.1;70;27;2;1.0;1.4;0.5;14;1;0;11.2;13.6;No recurring injuries;Below Average;4.2;61;0.5;0;0;0;0;0;0;0;0;0;0;0.7;1.6
First Division;Elche;Martim Neto;M (C);AM (C);M/AM (C);23;"6'1""";£36K - £42K p/w;£8.6M - £10.5M;Reasonable;Very Strong;6.44;0;1287;0;0;0.0;1.1;1.1;-1.1;0.1;0%;0.122222222222222;0.6;0.0;0.1;0%;0;0;0;3;0.2;3.21;0.2;0%;0.0;0.4;0.2;0.0;0.0;0.0;0;0.0;0.0;0;0.0;11;0;14.8;9.2;0.0;0.0;0.0;0;0;0;0.0;0.0;0.0;0;0;0;0.0;0.0;No recurring injuries;Below Average;0.0;0;0.0;0;0;0;0;0;0;0;0;0;0;0.6;2.0
Sky Bet Championship;Stoke;Viktor Johansson;GK;;GK;28;"6'1""";£20K - £29.5K p/w;£7.4M - £12M;Weak;Very Strong;6.64;2;1977;0;0;0.0;0;0;0;0.0;0%;0;0.0;0.0;0.0;0%;0;0;0;0;0.0;0;0.0;85%;24.7;0.0;0.0;0.0;0.0;0.0;0;0.0;0.0;0;0.0;5;0;7.4;3.2;0.0;0.0;0.0;100;1;0;0.0;4.3;0.0;0;0;0;5.3;0.0;No recurring injuries;Above Average;0.0;0;0.0;4;2.56;0;70;16;47;15;33;1;100;0.8;1.5
Second Division;Málaga;Toni Lato;D (L);;D/WB (L);29;"5'8""";£4.4K - £5.5K p/w;£120K - £1.2M;Very Strong;Weak;6.93;1;1333;0;0;0.0;0.13;0.13;-0.13;0.0;0%;0.065;0.1;0.1;0.1;50%;0;0;0;2;0.1;3.15;0.2;89%;57.1;0.2;1.0;7.8;3.3;0.5;16;2.8;0.4;14;1.0;18;1;12.0;15.3;1.8;3.3;7.6;90;29;0;0.3;1.1;0.5;26;1;0;11.5;17.1;No recurring injuries;Below Average;3.9;50;0.1;0;0;0;0;0;0;0;0;0;0;1.6;0.7
Ligue 1 McDonald's;Reims;Reda Khadra;AM (R);AM (C);AM (RLC);25;"5'9""";£21.5K - £25K p/w;£6M - £7M;Weak;Very Strong;6.84;1;1025;0;0;0.0;1.5;1.5;-1.5;0.1;0%;0.115384615384615;1.1;0.2;0.2;15%;0;0;0;2;0.2;1.3;0.1;87%;40.5;0.2;2.3;3.9;5.4;0.4;8;4.7;0.4;7;5.0;10;2;19.1;4.9;1.0;1.8;9.9;69;16;1;0.1;0.5;0.0;7;0;0;11.8;14.6;No recurring injuries;Above Average;3.2;32;0.2;0;0;0;0;0;0;0;0;0;0;1.1;1.5
Jupiler Pro League;Cercle Brugge;Gary Magnée;D (R);WB (R);D/WB (R);27;"5'9""";£3.3K - £5K p/w;£1M - £2.3M;Weak;Very Strong;6.81;1;1118;0;0;0.0;0.01;0.01;-0.01;0.0;0%;0.01;0.1;0.0;0.1;0%;0;0;0;1;0.1;1.7;0.1;83%;44.0;0.1;1.4;5.3;5.5;0.6;10;4.7;0.6;12;3.0;14;1;16.2;11.4;1.7;2.7;10.2;68;31;2;0.6;1.2;0.5;29;3;0;12.0;22.6;Recurring moderate knee ligament sprain;Very High;4.2;56;0.2;0;0;1;0;0;0;0;0;0;0;0.8;1.0
Second Division;Tenerife;Nacho Gil;AM (L);M/AM (R);M (RL), AM (RLC);31;"5'7""";£10K - £11.25K p/w;£3.4M;Reasonable;Very Strong;6.75;0;1259;0;0;0.0;1.39;1.39;-1.39;0.1;0%;0.139;0.7;0.0;0.2;0%;0;0;0;3;0.2;5.27;0.4;88%;44.5;0.5;1.7;4.9;5.6;1.4;24;2.6;0.7;27;2.7;12;2;15.2;5.1;1.8;1.8;9.3;83;30;0;0.4;0.5;0.0;24;1;0;11.8;12.2;No recurring injuries;Above Average;2.2;16;0.0;0;0;0;0;0;0;0;0;0;0;1.2;1.3
Second Division;Leganés;Juan Soriano;GK;;GK;29;"6'1""";£10K - £17.25K p/w;£275K - £2.6M;Very Strong;Weak;6.94;5;1620;0;0;0.0;0;0;0;0.0;0%;0;0.0;0.0;0.0;0%;0;0;0;0;0.0;0;0.0;76%;24.1;0.0;0.0;0.0;0.0;0.0;0;0.0;0.0;0;0.0;2;0;7.9;3.4;0.0;0.0;0.0;0;1;0;0.0;1.9;0.0;0;0;0;6.6;0.0;No recurring injuries;Below Average;0.0;0;0.0;6;7.29;0;80;23;29;10;15;1;0;1.0;0.8
Premier League;Ipswich;Jacob Greaves;D (C);;D (LC);26;"6'4""";£46K - £62K p/w;£12M - £19.5M;Very Strong;Weak;6.68;0;1411;0;0;0.0;0.31;0.31;-0.31;0.0;0%;0.0516666666666667;0.4;0.2;0.0;50%;0;0;0;0;0.0;0.44;0.0;89%;35.5;0.1;0.3;2.3;0.0;0.0;0;0.0;0.0;0;0.0;1;0;4.5;8.6;0.9;2.4;2.7;82;17;4;1.7;1.4;1.4;6;4;0;10.4;5.6;No recurring injuries;Very Low;4.8;73;1.4;0;0;0;0;0;0;0;0;0;0;0.8;1.8
First Division;Oviedo;Aarón Escandell;GK;;GK;31;"6'2""";£16.75K - £27K p/w;Not for Sale;Weak;Very Strong;6.32;0;1530;0;0;0.0;0;0;0;0.0;0%;0;0.0;0.0;0.0;0%;0;0;0;0;0.0;0;0.0;90%;23.5;0.0;0.0;0.1;0.0;0.0;0;0.0;0.0;0;0.0;4;0;5.7;4.9;0.0;0.1;0.0;0;4;0;0.0;1.4;0.0;0;0;0;5.6;0.0;No recurring injuries;Below Average;0.0;0;0.0;3;-10.41;0;64;25;28;6;33;4;0;1.2;1.9
Ligue 1 McDonald's;Toulouse FC;Beñat Gerenabarrena;M (C);;DM, M (C);23;"5'8""";£9.5K - £14.5K p/w;£250K - £2.6M;Reasonable;Very Strong;6.96;0;1208;0;0;0.0;0.66;0.66;-0.66;0.0;0%;0.165;0.3;0.1;0.1;50%;0;0;0;0;0.0;1.92;0.1;91%;53.6;0.2;1.3;5.7;0.1;0.0;0;0.1;0.0;0;0.1;8;0;6.4;11.5;0.9;2.1;6.5;44;27;7;0.7;1.1;0.2;4;1;0;12.0;12.7;No recurring injuries;Below Average;1.2;44;0.1;0;0;0;0;0;0;0;0;0;0;1.2;1.2
Bundesliga;VfL Wolfsburg;Saël Kumbedi;D (R);;D/WB (R);21;"5'9""";£14.25K - £25K p/w;£14M - £18M;Weak;Very Strong;6.59;0;1095;0;0;0.0;1.05;1.05;-1.05;0.1;0%;0.21;0.4;0.1;0.1;20%;0;0;0;0;0.0;0.42;0.0;90%;58.4;0.1;1.2;7.2;1.6;0.1;5;1.6;0.1;5;0.5;12;3;17.5;12.0;2.1;3.2;7.3;84;31;1;0.3;1.0;0.7;23;4;1;12.1;15.4;No recurring injuries;Below Average;2.2;33;0.1;0;0;0;0;0;0;0;0;0;0;0.8;1.6
Second Division;R. Santander;Jokin Ezkieta;GK;;GK;30;"6'4""";£4.2K - £4.8K p/w;£650K - £1.4M;Weak;Very Strong;6.82;2;1800;0;0;0.0;0;0;0;0.0;0%;0;0.0;0.0;0.0;0%;0;0;0;0;0.0;0;0.0;85%;23.4;0.0;0.1;0.1;0.0;0.0;0;0.0;0.0;0;0.0;5;0;7.8;4.0;0.1;0.0;0.0;25;4;0;0.0;2.6;0.0;1;1;0;5.3;0.0;No recurring injuries;Average;0.0;0;0.0;5;8.62;1;72;15;30;9;21;4;25;1.1;1.1
First Division;Girona;Antal Yaakobishvili;D (C);;D (C);22;"6'4""";£10.25K - £15.5K p/w;£22M - £36M;Fairly Strong;Very Strong;6.77;0;1279;0;0;0.0;1.53;1.53;-1.53;0.1;0%;0.19125;0.6;0.1;0.1;13%;0;0;0;1;0.1;0.32;0.0;95%;46.5;0.1;0.1;2.1;0.0;0.0;0;0.0;0.0;0;0.1;3;0;3.0;16.6;0.5;2.5;2.5;70;10;0;0.4;0.8;0.6;7;2;0;9.4;3.6;No recurring injuries;Below Average;5.2;72;1.0;0;0;0;0;0;0;0;0;0;0;1.6;1.1
Second Division;Córdoba;Carlos Albarrán;D (R);D (L);D (RL), WB (R);32;"6'1""";£6.25K - £9.75K p/w;Not for Sale;Weak;Very Strong;7.05;0;1585;0;0;0.0;1.4;1.4;-1.4;0.1;0%;0.0933333333333333;0.9;0.1;0.2;13%;0;0;0;2;0.1;4.18;0.2;89%;53.8;0.3;0.9;7.6;1.6;0.2;14;1.6;0.2;14;1.0;8;2;12.1;12.3;1.9;3.5;7.6;77;44;1;0.4;0.8;0.5;34;6;0;12.2;17.0;No recurring injuries;Low;5.9;77;0.6;0;0;0;0;0;0;0;0;0;0;1.2;1.0
Premier League;Birmingham;Jonathan Panzo;D (C);;D (C);26;"6'2""";£20.5K - £28.5K p/w;£500K - £5.2M;Very Strong;Weak;6.69;0;1430;0;0;0.0;0;0;0;0.0;0%;0;0.0;0.0;0.0;0%;0;0;0;0;0.0;0.18;0.0;95%;52.3;0.0;0.3;3.0;0.0;0.0;0;0.0;0.0;0;0.0;1;0;3.8;7.1;0.9;2.6;2.8;70;20;5;0.8;1.8;0.9;11;2;0;10.6;5.3;No recurring injuries;Below Average;3.1;52;0.3;0;0;0;0;0;0;0;0;0;0;1.5;2.5
Sky Bet Championship;Norwich;Mads Pedersen;D (L);;D/WB (L);30;"5'9""";£9.25K - £12.75K p/w;£500K - £5M;Very Strong;Reasonable;6.81;1;1497;0;0;0.0;0;0;0;0.0;0%;0;0.0;0.0;0.0;0%;0;0;0;3;0.2;1.37;0.1;88%;46.3;0.1;1.6;4.6;4.9;1.4;29;4.9;1.4;29;2.2;21;3;20.3;9.4;2.3;3.5;9.3;78;49;1;0.7;1.2;0.7;41;3;0;13.0;26.6;No recurring injuries;Average;2.6;36;0.2;0;0;0;0;0;0;0;0;0;0;1.1;0.9
Premier League;Torreense;Stopira;D (C);D (L);D (LC);38;"6'0""";£1.1K - £1.8K p/w;Unknown;Very Weak;Very Weak;6.83;0;1080;0;0;0.0;0.52;0.52;-0.52;0.0;0%;0.13;0.3;0.0;0.1;0%;0;0;0;1;0.1;0.39;0.0;91%;42.2;0.1;0.2;2.8;0.2;0.0;0;0.2;0.0;0;0.0;1;0;3.4;11.8;0.6;3.0;3.3;54;13;3;0.6;1.2;1.4;7;2;0;9.9;3.3;No recurring injuries;Below Average;5.4;62;1.8;0;0;0;0;0;0;0;0;0;0;1.2;1.9
Bundesliga;VfL Bochum 1848;David Čolina;D (L);;D/WB (L);26;"5'9""";£7.75K - £11.75K p/w;£130K - £1.3M;Very Strong;Weak;6.94;1;1326;0;0;0.0;0;0;0;0.0;0%;0;0.1;0.0;0.1;0%;0;0;0;1;0.1;1.04;0.1;86%;48.7;0.1;2.3;5.7;6.3;1.3;20;5.7;1.0;17;5.7;17;0;20.9;7.7;2.2;3.4;11.0;74;43;0;0.9;1.8;0.3;8;0;0;12.4;24.8;No recurring injuries;Average;2.9;26;0.4;0;0;0;0;0;0;0;0;0;0;0.8;1.4
Second Division;Leganés;Rubén Peña;D (R);D/WB (L), M/AM (R);D/WB (RL), M/AM (R);35;"5'7""";£16.5K - £26.5K p/w;£18K - £190K;Weak;Very Strong;6.90;1;1250;0;0;0.0;2.72;2.72;-2.72;0.2;0%;0.226666666666667;0.9;0.1;0.4;17%;1;0;0;0;0.0;1.24;0.1;86%;52.9;0.1;0.6;7.8;1.9;0.1;7;1.9;0.1;8;0.9;13;1;14.8;10.7;2.0;3.1;7.5;76;37;4;0.7;1.2;0.7;18;5;0;11.7;14.5;No recurring injuries;Below Average;3.5;50;0.0;0;0;0;0;0;0;0;0;0;0;1.1;1.0
Ligue 1 McDonald's;OL;Ruben Kluivert;D (C);;D (C);25;"6'2""";£14.25K - £16.5K p/w;£5.6M - £6.8M;Weak;Very Strong;7.10;1;1294;0;0;0.0;0.11;0.11;-0.11;0.0;0%;0.055;0.1;0.0;0.1;0%;1;0;0;1;0.1;0.4;0.0;92%;49.0;0.1;0.2;3.4;0.0;0.0;0;0.0;0.0;0;0.1;2;0;2.7;16.6;1.0;2.4;2.8;83;18;8;0.6;1.2;0.6;4;0;0;9.9;3.9;No recurring injuries;Below Average;4.0;81;0.6;0;0;0;0;0;0;0;0;0;0;1.3;1.0
Serie A;Torino;Gvidas Gineitis;M (C);;DM, M (C);22;"6'3""";£16.25K - £26.5K p/w;£8M - £13M;Very Strong;Weak;6.88;0;1301;0;0;0.0;0.39;0.39;-0.39;0.0;0%;0.065;0.4;0.1;0.2;17%;0;0;0;1;0.1;2.77;0.2;95%;58.9;0.6;1.0;7.2;0.0;0.0;0;0.0;0.0;0;0.2;6;1;7.5;9.7;1.3;2.1;4.4;86;22;4;0.6;0.9;0.2;9;4;0;12.3;12.4;No recurring injuries;Very Low;1.7;56;0.0;0;0;0;0;0;0;0;0;0;0;0.8;1.0
Serie A;Cagliari;Alessandro Deiola;M (C);DM;DM, M (C);31;"6'3""";£9.75K - £15K p/w;Not for Sale;Reasonable;Very Strong;6.40;0;1620;0;0;0.0;0.55;0.55;-0.55;0.0;0%;0.0916666666666667;0.3;0.1;0.1;33%;1;0;0;0;0.0;1.66;0.1;0%;0.0;0.2;0.0;0.0;0.0;0.0;0;0.0;0.0;0;0.0;12;0;21.1;8.1;0.0;0.0;0.0;0;0;0;0.0;0.0;0.0;0;0;0;0.0;0.0;No recurring injuries;Very Low;0.0;0;0.0;0;0;0;0;0;0;0;0;0;0;0.4;1.3
Bundesliga;1. FC Magdeburg;Silas Gnaka;DM;D (LC);D (LC), DM, M (C);27;"5'10""";£5.25K - £8.25K p/w;£140K - £1.4M;Very Strong;Weak;6.35;0;1400;0;0;0.0;1.46;1.46;-1.46;0.1;0%;0.132727272727273;0.7;0.2;0.2;27%;0;0;0;1;0.1;1.72;0.1;0%;0.0;0.1;0.1;0.0;0.0;0.0;0;0.0;0.0;0;0.0;12;0;15.0;10.2;0.0;0.0;0.0;0;0;0;0.0;0.0;0.0;1;1;0;0.0;0.0;No recurring injuries;Low;0.0;0;0.0;0;0;0;0;0;0;0;0;0;0;1.0;1.4
Bundesliga 2;FC Schalke 04;Soufiane El-Faouzi;M (C);AM (C);DM, M/AM (C);24;"5'10""";£3.8K - £6.75K p/w;£450K - £4.5M;Weak;Very Strong;6.85;1;1309;0;0;0.0;1.63;1.63;-1.63;0.1;0%;0.148181818181818;0.8;0.3;0.3;36%;0;0;0;1;0.1;1.84;0.1;94%;57.4;0.5;0.8;4.3;0.9;0.1;7;0.1;0.0;0;0.2;4;0;6.4;11.3;1.0;2.5;6.5;88;17;2;0.7;1.1;0.1;13;0;0;12.1;12.4;No recurring injuries;Low;1.0;50;0.0;0;0;0;0;0;0;0;0;0;0;0.9;0.6
Sky Bet Championship;Bristol City;Ross McCrorie;D/WB (R);;D/WB (R);28;"6'1""";£16.5K - £22.5K p/w;£8.4M - £13.5M;Weak;Very Strong;6.95;1;1447;0;0;0.0;1.38;1.38;-1.38;0.1;0%;0.197142857142857;0.4;0.1;0.1;29%;0;0;0;2;0.1;0.8;0.0;87%;54.8;0.1;0.9;6.7;1.4;0.2;13;1.4;0.2;14;0.6;10;1;10.3;11.8;1.5;2.7;7.3;75;32;2;0.7;1.4;1.0;24;3;0;10.8;15.0;No recurring injuries;Average;5.2;63;1.1;0;0;0;0;0;0;0;0;0;0;1.6;0.6
Second Division;Las Palmas;Dinko Horkaš;GK;;GK;27;"6'2""";£6.25K - £8.75K p/w;£300K - £3M;Reasonable;Very Strong;7.00;5;1620;0;0;0.0;0;0;0;0.0;0%;0;0.0;0.0;0.0;0%;0;0;0;0;0.0;0;0.0;82%;24.9;0.0;0.0;0.1;0.0;0.0;0;0.0;0.0;0;0.0;4;0;6.8;4.4;0.1;0.0;0.0;25;4;0;0.0;2.6;0.0;0;0;0;5.8;0.1;No recurring injuries;Below Average;0.0;0;0.0;9;7.93;0;77;7;31;15;16;4;25;1.2;0.9
Bundesliga 2;FC Schalke 04;Ron Schallenberg;DM;D/M (C);D (C), DM, M (C);28;"6'1""";£9.5K - £16.25K p/w;£375K - £3.9M;Reasonable;Very Strong;6.89;0;1073;0;0;0.0;1.24;1.24;-1.24;0.1;0%;0.155;0.7;0.2;0.1;25%;0;0;0;1;0.1;1.41;0.1;91%;50.4;0.1;0.8;5.8;0.0;0.0;0;0.0;0.0;0;0.3;7;0;7.0;11.8;0.8;2.4;7.3;53;17;1;0.6;0.5;0.1;17;5;0;11.0;10.7;No recurring injuries;Below Average;2.9;49;0.3;0;0;0;0;0;0;0;0;0;0;1.0;0.8
Bundesliga 2;SV Elversberg;Fabian Nürnberger;M (C);DM;D/WB (L), DM, M (C);27;"5'10""";£8K - £12.75K p/w;£1.2M - £2.8M;Very Strong;Weak;6.84;0;1059;0;0;0.0;0.3;0.3;-0.3;0.0;0%;0.1;0.3;0.0;0.1;0%;1;0;0;0;0.0;0.59;0.1;86%;50.8;0.1;0.8;6.4;3.1;0.3;8;1.9;0.2;9;1.3;10;0;10.3;13.7;1.7;3.7;6.8;69;29;2;0.8;0.8;0.8;16;6;0;10.4;14.0;No recurring injuries;High;2.5;24;0.1;0;0;0;0;0;0;0;0;0;0;1.2;0.8
Serie A;U.S. Lecce;Tiago Gabriel;D (C);;D (C);21;"6'5""";£25K - £29.5K p/w;£23M;Weak;Very Strong;6.91;0;1530;0;0;0.0;0.73;0.73;-0.73;0.0;0%;0.146;0.3;0.0;0.1;0%;0;0;0;0;0.0;0.57;0.0;91%;46.4;0.0;0.2;1.9;0.0;0.0;0;0.0;0.0;0;0.0;6;0;2.0;16.7;0.4;2.4;2.9;88;8;1;0.4;0.6;1.2;9;1;0;10.3;4.1;No recurring injuries;Very Low;6.5;70;1.8;0;0;0;0;0;0;0;0;0;0;0.5;1.0
Second Division;Albacete;Carlos Neva;D (L);M/AM (L);D/WB/M/AM (L);30;"5'9""";£16K - £23K p/w;£800K - £8.2M;Very Strong;Weak;7.11;0;1700;0;0;0.0;0.27;0.27;-0.27;0.0;0%;0.09;0.2;0.1;0.1;33%;0;0;0;2;0.1;2.67;0.1;84%;57.5;0.2;1.4;8.0;4.7;1.1;23;2.7;0.7;27;0.7;19;1;14.8;11.2;2.4;2.9;7.8;88;52;2;0.4;1.3;0.9;23;3;0;11.6;15.6;No recurring injuries;Average;3.2;54;0.5;0;0;0;0;0;0;0;0;0;0;0.9;1.2
Jupiler Pro League;Union SG;Doğucan Haspolat;DM;;DM, M (C);26;"6'2""";£3.9K - £6.5K p/w;£3.3M - £7M;Reasonable;Very Strong;6.88;1;2047;0;0;0.0;1.08;1.08;-1.08;0.0;0%;0.0830769230769231;0.6;0.1;0.3;15%;0;0;0;1;0.0;2.8;0.1;93%;50.7;0.2;1.1;6.4;0.2;0.1;60;0.2;0.1;60;0.3;8;0;5.6;11.6;1.3;2.8;7.2;79;38;5;0.7;1.5;0.2;15;2;0;11.4;11.9;No recurring injuries;Below Average;1.5;42;0.2;0;0;0;0;0;0;0;0;0;0;1.2;1.1
Eredivisie;AZ;Peer Koopmeiners;DM, M (C);D (C);D (C), DM, M (C);26;"6'0""";£7.75K - £12.25K p/w;£21M - £26M;Fairly Strong;Very Strong;7.03;0;2094;0;0;0.0;0.69;0.69;-0.69;0.0;0%;0.138;0.2;0.1;0.1;40%;0;0;0;2;0.1;4.05;0.2;92%;56.9;0.1;0.6;4.1;3.2;0.1;4;0.2;0.0;25;0.1;9;0;4.0;13.3;1.5;2.3;6.2;68;50;3;0.4;0.9;0.2;21;4;0;11.0;10.7;No recurring injuries;Below Average;1.8;53;0.1;0;0;0;0;0;0;0;0;0;0;1.3;0.8
Eredivisie;Excelsior;Arthur Zagré;D (L);M/AM (L);D/WB/M/AM (L);25;"5'6""";£1.4K - £2.5K p/w;£900K - £9M;Very Strong;Weak;6.99;2;1218;0;0;0.0;0.22;0.22;-0.22;0.0;0%;0.0733333333333333;0.2;0.0;0.0;0%;0;0;0;0;0.0;0.82;0.1;87%;57.2;0.2;1.0;7.8;3.6;0.4;10;2.7;0.4;14;1.0;13;2;11.3;13.0;1.8;3.6;7.5;66;38;2;0.4;0.8;0.4;25;0;0;11.4;16.3;No recurring injuries;Average;3.5;65;0.3;0;0;0;0;0;0;0;0;0;0;0.6;1.2
Second Division;Valladolid;Miquel Parera;GK;;GK;30;"5'11""";£5K - £5.75K p/w;£500K - £5M;Weak;Very Strong;6.64;0;1779;0;0;0.0;0;0;0;0.0;0%;0;0.0;0.0;0.0;0%;0;0;0;0;0.0;0;0.0;66%;24.7;0.0;0.0;0.2;0.0;0.0;0;0.0;0.0;0;0.0;5;0;7.5;5.0;0.0;0.0;0.0;0;3;0;0.0;3.3;0.0;0;0;0;5.3;0.0;No recurring injuries;Average;0.0;0;0.0;4;-8.08;0;63;10;25;7;26;3;0;1.6;1.3
Second Division;Leganés;Lalo Aguilar;D (C);;D (C);24;"6'2""";£4.1K - £6.75K p/w;£1.2M - £2.8M;Reasonable;Very Strong;6.88;0;1650;0;0;0.0;1.57;1.57;-1.57;0.1;0%;0.120769230769231;0.7;0.1;0.3;15%;1;0;0;1;0.1;1.04;0.1;92%;44.3;0.1;0.2;2.0;0.1;0.0;0;0.1;0.0;0;0.1;4;0;3.1;14.7;0.7;2.0;2.5;86;14;2;0.5;1.6;1.1;12;5;0;9.5;3.7;No recurring injuries;Below Average;6.3;67;1.3;0;0;0;0;0;0;0;0;0;0;1.0;0.9
Serie A;Cagliari;Juan Rodríguez;D (C);;D (LC);21;"6'3""";£5.5K - £9.5K p/w;£3.9M - £5M;Very Strong;Reasonable;6.87;1;1431;0;0;0.0;0.23;0.23;-0.23;0.0;0%;0.23;0.1;0.1;0.0;100%;0;0;0;0;0.0;0.69;0.0;91%;41.1;0.1;0.1;1.1;0.1;0.0;0;0.1;0.0;0;0.0;1;0;4.5;9.5;0.2;3.5;2.6;25;12;2;1.1;1.1;0.4;5;3;0;10.0;4.6;No recurring injuries;Very Low;5.5;68;1.3;0;0;0;0;0;0;0;0;0;0;0.4;1.4
Second Division;Espanyol;Fernando Calero;D (C);;D (C);31;"6'0""";£15.5K - £25K p/w;£350K - £3.4M;Fairly Strong;Very Strong;6.92;0;1595;0;0;0.0;0.89;0.89;-0.89;0.1;0%;0.0809090909090909;0.6;0.1;0.2;18%;0;0;0;1;0.1;0.46;0.0;95%;45.4;0.0;0.3;2.7;0.1;0.0;0;0.1;0.0;0;0.0;4;0;3.9;15.5;0.5;2.9;2.5;89;9;3;0.5;0.8;0.6;8;3;0;9.9;4.0;No recurring injuries;Below Average;4.3;64;0.8;0;0;0;0;0;0;0;0;0;0;1.1;1.0
Ligue 2 BKT;Clermont Foot;Maximiliano Caufriez;D (C);D (R);D (RC);29;"6'2""";£9.5K - £14.25K p/w;£1.9M - £4.3M;Weak;Very Strong;6.75;0;1043;0;0;0.0;0.56;0.56;-0.56;0.0;0%;0.0933333333333333;0.5;0.0;0.1;0%;0;0;0;0;0.0;1.3;0.1;96%;42.3;0.1;0.2;2.1;0.0;0.0;0;0.0;0.0;0;0.0;1;0;3.0;19.2;0.5;2.9;2.2;86;7;1;0.8;1.4;0.3;13;6;1;10.1;4.0;No recurring injuries;Above Average;4.9;68;0.8;0;0;0;0;0;0;0;0;0;0;1.4;0.5
First Division;Granada;Gerard Gumbau;DM;;DM, M (C);31;"6'2""";£23K - £29.5K p/w;£3.6M;Very Strong;Reasonable;6.83;1;1255;0;0;0.0;0.04;0.04;-0.04;0.0;0%;0.02;0.1;0.1;0.1;50%;0;0;0;5;0.4;1.71;0.1;88%;53.2;0.4;0.9;6.1;3.7;0.9;25;0.1;0.1;50;0.2;7;2;6.2;15.3;1.5;2.7;5.4;75;28;0;0.4;0.6;0.1;11;0;0;11.3;11.5;No recurring injuries;Below Average;2.7;74;0.4;0;0;0;0;0;0;0;0;0;0;1.1;1.9
Bundesliga 2;1. FC Heidenheim 1846;Jan Schöppner;DM;;DM, M (C);27;"6'3""";£11.75K - £17.25K p/w;£500K - £4.9M;Reasonable;Very Strong;6.91;0;1503;0;0;0.0;0.93;0.93;-0.93;0.1;0%;0.0775;0.7;0.1;0.2;17%;0;0;0;2;0.1;2.06;0.1;90%;48.9;0.1;0.5;3.5;0.1;0.0;0;0.1;0.0;0;0.3;12;0;6.6;11.8;1.7;2.0;6.6;72;39;0;0.5;0.7;0.2;14;2;0;11.4;11.6;No recurring injuries;Low;3.1;62;0.5;0;0;0;0;0;0;0;0;0;0;1.2;1.0
Bundesliga;1. FC Magdeburg;Marcus Mathisen;D (C);;D (C), DM;30;"6'0""";£7K - £11.75K p/w;£425K - £4.4M;Reasonable;Very Strong;6.86;1;1406;0;0;0.0;0.35;0.35;-0.35;0.0;0%;0.0875;0.3;0.1;0.0;25%;0;0;0;0;0.0;0.63;0.0;94%;42.8;0.1;0.4;2.9;0.0;0.0;0;0.0;0.0;0;0.1;3;1;3.0;14.9;0.8;2.8;3.2;80;15;1;0.6;1.0;0.7;12;4;0;10.3;5.1;No recurring injuries;Below Average;4.5;77;1.6;0;0;0;0;0;0;0;0;0;0;1.0;1.3
Bundesliga 2;1. FC Heidenheim 1846;Omar Traoré;D (R);;D/WB (R);28;"6'2""";£12.5K - £20K p/w;£240K - £2.4M;Weak;Very Strong;6.99;2;1380;0;0;0.0;0.11;0.11;-0.11;0.0;0%;0.022;0.3;0.1;0.2;20%;0;0;0;2;0.1;2.88;0.2;88%;50.7;0.2;0.9;6.1;2.3;0.7;30;2.3;0.7;31;0.8;21;2;14.5;11.9;1.7;3.7;7.4;90;29;2;0.7;1.2;0.5;25;1;1;11.3;15.8;No recurring injuries;Average;3.9;72;0.5;0;0;0;0;0;0;0;0;0;0;1.2;0.8
Premier League;FC Porto;Harry Amass;D (L);;D/WB (L);19;"5'11""";£21K p/w;£20M - £25M;Very Strong;Weak;6.79;0;1149;0;0;0.0;0.37;0.37;-0.37;0.0;0%;0.074;0.4;0.0;0.1;0%;0;0;0;2;0.2;1.5;0.1;93%;67.8;0.2;0.8;9.6;0.6;0.2;37;0.6;0.2;38;0.9;8;0;11.5;11.2;2.7;4.0;10.8;71;49;1;0.7;1.0;0.2;15;3;0;12.1;17.3;No recurring injuries;Above Average;2.6;39;0.2;0;0;0;0;0;0;0;0;0;0;2.3;1.1
Jupiler Pro League;Union SG;Kjell Scherpen;GK;;GK;26;"6'9""";£9.5K - £16.5K p/w;£4.4M - £5.8M;Fairly Strong;Very Strong;6.80;0;2070;0;0;0.0;0;0;0;0.0;0%;0;0.0;0.0;0.0;0%;0;0;0;0;0.0;0;0.0;83%;24.3;0.0;0.0;0.4;0.0;0.0;0;0.0;0.0;0;0.0;4;0;6.7;5.2;0.0;0.0;0.0;0;5;0;0.0;2.5;0.0;0;0;0;5.6;0.0;No recurring injuries;Below Average;0.0;0;0.0;7;1.12;0;74;26;46;8;28;5;0;1.3;1.2
Eredivisie;FC Twente;Mees Hilgers;D (C);;D (C);25;"6'0""";£4.6K - £7.25K p/w;£160K - £8.6M;Weak;Very Strong;6.94;0;1440;0;0;0.0;1.15;1.15;-0.05;0.1;0%;0.14375;0.5;0.1;0.2;13%;0;0;0;1;0.1;1.2;0.1;94%;40.6;0.1;0.1;1.6;0.0;0.0;0;0.0;0.0;0;0.3;4;0;2.4;17.9;0.5;2.4;2.2;67;12;2;0.5;0.6;0.7;11;5;0;9.9;4.4;No recurring injuries;Above Average;5.8;62;1.2;0;0;0;0;0;0;0;0;0;0;1.1;0.9
Second Division;Mallorca;Leo Román;GK;;GK;26;"6'2""";£16K - £25K p/w;£5M - £8.2M;Weak;Very Strong;6.78;1;1440;0;0;0.0;0;0;0;0.0;0%;0;0.0;0.0;0.0;0%;0;0;0;0;0.0;0;0.0;90%;23.4;0.0;0.0;0.0;0.0;0.0;0;0.0;0.0;0;0.0;7;0;4.4;4.7;0.0;0.0;0.0;0;1;0;0.0;2.5;0.0;1;1;0;6.4;0.0;No recurring injuries;Below Average;0.0;0;0.0;6;1.61;1;69;1;23;6;13;1;0;1.5;0.8
Premier League;Famalicão;Mathias De Amorim;DM;;DM, M (C);21;"5'10""";£4.9K - £6.25K p/w;£28M;Reasonable;Very Strong;6.82;0;1195;0;0;0.0;0.35;0.35;-0.35;0.0;0%;0.07;0.4;0.1;0.2;20%;0;0;0;2;0.2;2.4;0.2;93%;71.2;0.2;1.1;8.2;0.5;0.2;28;0.4;0.1;20;0.2;6;0;6.4;12.5;0.9;2.9;5.3;57;21;1;0.7;1.1;0.3;9;1;0;11.5;12.0;No recurring injuries;Above Average;0.9;67;0.0;0;0;0;0;0;0;0;0;0;0;1.2;1.4
Sky Bet Championship;Burnley;Kilian Fischer;D (R);D (L), WB (R);D (RL), WB (R);26;"6'0""";£29.5K - £39.5K p/w;£9.2M - £11.5M;Fairly Strong;Very Strong;7.02;3;1825;0;0;0.0;1.72;1.72;-1.72;0.1;0%;0.172;0.5;0.1;0.0;20%;0;0;0;1;0.0;1.64;0.1;90%;61.3;0.0;1.2;8.1;1.4;0.2;13;1.4;0.2;14;0.6;16;1;14.4;13.1;1.9;3.2;7.7;78;49;4;0.4;1.1;0.7;25;3;0;12.1;16.7;No recurring injuries;Above Average;3.4;55;0.2;0;0;0;0;0;0;0;0;0;0;1.4;0.7
Bundesliga 2;1. FC Kaiserslautern;Jacob Rasmussen;D (C);;D (C);29;"6'3""";£7K - £11.75K p/w;£325K - £3.2M;Very Strong;Weak;6.82;0;1530;0;0;0.0;0.47;0.47;-0.47;0.0;0%;0.05875;0.5;0.1;0.4;25%;2;0;0;0;0.0;1.09;0.1;90%;43.1;0.3;0.0;0.8;0.1;0.0;0;0.1;0.0;0;0.0;3;0;3.2;15.7;0.4;2.6;2.2;67;9;1;0.6;0.7;0.5;11;3;0;10.2;3.5;No recurring injuries;Above Average;5.3;76;1.5;0;0;0;0;0;0;0;0;0;0;1.1;0.8
Bundesliga 2;1. FC Heidenheim 1846;Kevin Müller;GK;;GK;35;"6'3""";£6.5K - £11K p/w;£24K - £250K;Weak;Very Strong;6.97;4;1530;0;0;0.0;0;0;0;0.0;0%;0;0.0;0.0;0.0;0%;0;0;0;0;0.0;0;0.0;79%;24.6;0.0;0.0;0.0;0.0;0.0;0;0.0;0.0;0;0.0;3;0;9.9;3.0;0.1;0.0;0.0;100;1;0;0.0;2.8;0.0;1;1;0;5.3;0.0;No recurring injuries;Low;0.0;0;0.0;7;5.82;0;79;13;35;9;16;1;100;1.2;0.9
Bundesliga 2;Holstein Kiel;Adrián Kaprálik;AM (R);M (R), AM (LC);M (R), AM (RLC);24;"5'10""";£5.75K - £8.5K p/w;£160K - £1.6M;Fairly Strong;Very Strong;6.96;0;1155;0;0;0.0;3.72;3.72;-3.72;0.3;0%;0.143076923076923;2.0;0.8;0.5;38%;0;0;0;0;0.0;1.94;0.2;91%;43.6;0.2;2.0;3.7;5.4;1.6;30;5.4;1.6;30;5.9;15;8;22.0;4.0;1.4;1.5;9.3;78;23;0;0.2;0.4;0.0;23;1;0;11.8;14.1;No recurring injuries;Average;4.1;19;0.0;0;0;0;0;0;0;0;0;0;0;0.7;1.2
Sky Bet Championship;Blackburn;Balázs Tóth;GK;;GK;29;"6'2""";£20K - £28.5K p/w;£4M - £5.4M;Weak;Very Strong;6.63;1;1800;0;0;0.0;0;0;0;0.0;0%;0;0.0;0.0;0.0;0%;0;0;0;0;0.0;0;0.0;74%;22.6;0.0;0.1;0.0;0.0;0.0;0;0.0;0.0;0;0.0;6;0;8.2;3.2;0.1;0.0;0.0;33;3;0;0.0;2.9;0.0;0;0;0;5.6;0.0;No recurring injuries;Very Low;0.0;0;0.0;3;0.36;0;72;23;33;13;27;3;33;1.1;1.4
Ligue 1 McDonald's;Rennes;Quentin Merlin;D (L);AM (L);D/WB/M/AM (L);24;"5'9""";£14.75K - £17.25K p/w;£12.5M - £18M;Very Strong;Reasonable;6.91;0;1002;0;0;0.0;0.14;0.14;-0.14;0.0;0%;0.14;0.1;0.1;0.1;100%;0;0;0;1;0.1;0.47;0.0;92%;62.3;0.2;0.7;8.7;6.0;1.2;19;1.5;0.3;18;1.4;4;1;14.2;10.0;2.5;2.8;7.5;82;34;0;0.4;1.0;0.5;15;1;0;11.3;16.1;No recurring injuries;Below Average;2.6;21;0.1;0;0;0;0;0;0;0;0;0;0;1.3;1.3
Serie BKT;Cittadella;Nicola Pavan;DM;;DM, M (C);33;"6'1""";£1.7K - £2.9K p/w;£20K - £200K;Weak;Very Strong;6.34;0;1350;0;0;0.0;1.61;0.81;-1.61;0.1;0%;0.161;0.7;0.1;0.0;10%;0;1;0;2;0.1;0.94;0.1;65%;20.0;0.0;0.0;0.0;0.0;0.0;0;0.0;0.0;0;0.0;17;0;0.0;0.0;1.8;0.0;0.0;82;33;0;0.0;0.0;0.0;19;0;0;0.0;0.0;No recurring injuries;Very Low;0.0;0;0.0;0;0;0;0;0;0;0;0;0;0;0.0;0.0
Bundesliga;VfL Wolfsburg;Strahinja Eraković;D (C);D (R);D (RC);25;"6'0""";£24K - £37.5K p/w;£220K - £2.2M;Reasonable;Very Strong;6.69;0;1020;0;0;0.0;0.6;0.6;-0.6;0.1;0%;0.0857142857142857;0.6;0.1;0.1;14%;0;0;0;0;0.0;0.41;0.0;94%;41.6;0.1;0.1;2.9;0.0;0.0;0;0.0;0.0;0;0.1;2;0;3.4;14.3;0.7;3.0;3.1;67;12;5;0.9;1.6;0.6;3;1;0;9.8;4.0;No recurring injuries;Above Average;3.3;65;0.4;0;0;0;0;0;0;0;0;0;0;0.8;1.5
Bundesliga;SV Werder Bremen;Mio Backhaus;GK;;GK;22;"6'4""";£17.5K - £25K p/w;£6.8M - £11M;Weak;Very Strong;6.83;2;1376;0;0;0.0;0;0;0;0.0;0%;0;0.0;0.0;0.0;0%;0;0;0;0;0.0;0;0.0;78%;24.1;0.0;0.0;0.2;0.0;0.0;0;0.0;0.0;0;0.0;4;0;8.1;3.1;0.0;0.0;0.0;0;3;0;0.0;2.7;0.0;0;0;0;6.0;0.0;No recurring injuries;Average;0.0;0;0.0;4;2.17;0;70;8;15;11;14;3;0;0.9;0.9
Eredivisie;N.E.C.;Eli Dasa;D (R);;D/WB (R);34;"5'10""";£2K - £3.3K p/w;£275K;Reasonable;Very Strong;6.74;0;1265;0;0;0.0;0.03;0.03;-0.03;0.0;0%;0.03;0.1;0.1;0.0;100%;0;0;0;2;0.1;1.55;0.1;87%;44.4;0.1;1.1;4.1;4.3;0.6;13;4.3;0.6;13;3.7;9;0;15.2;10.6;2.3;3.6;9.7;80;41;0;0.6;1.2;0.2;15;1;1;12.6;24.1;No recurring injuries;High;2.9;27;0.2;0;0;0;0;0;0;0;0;0;0;1.1;1.4
Jupiler Pro League;Dender EH;Marsoni Sambu;D (R);M (R);D/WB/M (R);30;"6'0""";£2.7K - £3.9K p/w;£12K - £120K;Weak;Very Strong;6.78;1;1141;0;0;0.0;1.33;0.52;-1.33;0.1;0%;0.133;0.8;0.1;0.4;10%;0;1;0;1;0.1;0.89;0.1;90%;48.8;0.3;0.9;6.0;3.6;0.3;8;3.0;0.3;11;0.9;12;0;15.2;12.0;2.1;4.0;6.6;90;30;3;0.5;0.7;0.4;8;3;0;12.2;17.4;No recurring injuries;High;3.9;74;0.2;0;0;0;0;0;0;0;0;0;0;1.3;1.5
Bundesliga 2;Holstein Kiel;David Zec;D (C);;D (C);26;"6'2""";£6.25K - £9K p/w;£500K - £5.2M;Weak;Very Strong;7.00;1;1530;0;0;0.0;0.17;0.17;-0.17;0.0;0%;0.0425;0.2;0.1;0.1;25%;0;0;0;1;0.1;0.62;0.0;91%;41.5;0.1;0.4;2.4;0.1;0.0;0;0.1;0.0;0;0.0;0;0;2.9;14.8;0.6;2.9;2.3;71;14;5;0.7;1.1;0.7;10;4;0;10.3;3.7;No recurring injuries;Below Average;6.0;88;1.2;0;0;0;0;0;0;0;0;0;0;0.8;1.2
Serie BKT;Modena F.C.;Mattia Valoti;M (C);DM;DM, M/AM (C);33;"6'2""";£9.75K - £14.5K p/w;£160K - £550K;Reasonable;Very Strong;6.19;0;1170;0;0;0.0;3.37;3.37;-3.37;0.3;0%;0.153181818181818;1.7;0.5;0.0;32%;0;0;0;2;0.2;0.94;0.1;68%;20.0;0.0;0.0;0.0;0.0;0.0;0;0.0;0.0;0;0.0;15;0;0.0;0.0;1.2;0.0;0.0;88;17;0;0.0;0.0;0.0;16;0;1;0.0;0.0;No recurring injuries;Very Low;0.0;0;0.0;0;0;0;0;0;0;0;0;0;0;0.0;0.0
Bundesliga;VfL Bochum 1848;Erhan Mašović;D (C);DM;D (C), DM;28;"6'2""";£13K - £18.75K p/w;£950K;Reasonable;Very Strong;6.77;0;1223;0;0;0.0;0.38;0.38;-0.38;0.0;0%;0.076;0.4;0.0;0.2;0%;0;0;0;0;0.0;0.03;0.0;89%;43.6;0.0;0.1;1.8;0.1;0.0;0;0.1;0.0;0;0.0;4;0;4.7;10.7;0.5;3.1;2.7;70;10;1;0.6;1.1;0.6;10;2;0;10.5;4.3;No recurring injuries;Above Average;5.9;66;0.9;0;0;0;0;0;0;0;0;0;0;0.8;1.2
Premier League;Moreirense;André Ferreira;GK;;GK;30;"6'4""";£1.6K - £2.6K p/w;Unknown;Very Weak;Very Weak;6.91;0;1110;0;0;0.0;0;0;0;0.0;0%;0;0.0;0.0;0.0;0%;0;0;0;0;0.0;0;0.0;85%;24.5;0.0;0.0;0.0;0.0;0.0;0;0.0;0.0;0;0.0;4;0;7.5;3.1;0.0;0.0;0.0;0;1;0;0.0;3.6;0.0;0;0;0;5.2;0.0;No recurring injuries;High;0.0;0;0.0;4;5.11;0;82;17;35;4;12;1;0;0.6;1.0
Bundesliga 2;SV Darmstadt 98;Aleksandar Vukotić;D (C);;D (C);31;"6'7""";£8.25K - £12.5K p/w;Not for Sale;Very Strong;Weak;6.91;0;1350;0;0;0.0;0.92;0.92;-0.92;0.1;0%;0.23;0.3;0.1;0.0;25%;0;0;0;0;0.0;0.98;0.1;93%;43.3;0.3;0.3;2.2;0.1;0.0;0;0.1;0.0;0;0.1;7;0;2.9;16.0;0.7;3.3;2.0;92;12;1;0.9;1.4;0.7;10;4;0;10.5;3.6;No recurring injuries;Low;5.4;75;1.1;0;0;0;0;0;0;0;0;0;0;1.2;1.4
Serie A;Spezia;Mirko Pigliacelli;GK;;GK;33;"6'0""";£11.25K - £13.25K p/w;Not for Sale;Reasonable;Very Strong;6.87;3;1710;0;0;0.0;0;0;0;0.0;0%;0;0.0;0.0;0.0;0%;0;0;0;0;0.0;0;0.0;76%;24.1;0.0;0.0;0.0;0.0;0.0;0;0.0;0.0;0;0.0;7;0;9.1;2.9;0.0;0.0;0.0;0;1;0;0.0;3.4;0.0;0;0;0;5.1;0.0;No recurring injuries;Very Low;0.0;0;0.0;6;2.92;0;70;8;32;2;18;1;0;0.7;0.9
Serie BKT;Catanzaro;Jacopo Petriccione;DM, M (C);;DM, M (C);31;"5'9""";£15.75K - £23K p/w;Not for Sale;Reasonable;Very Strong;6.88;0;1350;0;0;0.0;1.95;1.95;-1.95;0.1;0%;0.114705882352941;1.1;0.3;0.0;29%;0;0;0;3;0.2;1.07;0.1;69%;20.0;0.0;0.0;0.0;0.0;0.0;0;0.0;0.0;0;0.0;26;0;0.0;0.0;1.9;0.0;0.0;85;34;0;0.0;0.0;0.0;15;0;1;0.0;0.0;No recurring injuries;Very Low;0.0;0;0.0;0;0;0;0;0;0;0;0;0;0;0.0;0.0
Serie BKT;Südtirol;Francesco Di Tacchio;DM;;DM, M (C);36;"6'1""";£2.3K - £3.3K p/w;£0 - £28K;Very Strong;Weak;6.74;0;1057;0;0;0.0;0.92;0.92;-0.92;0.1;0%;0.115;0.7;0.0;0.0;0%;0;0;0;1;0.1;1.25;0.1;66%;23.8;0.0;0.0;0.0;0.0;0.0;0;0.0;0.0;0;0.0;18;0;0.0;0.0;2.4;0.0;0.0;93;30;0;0.0;0.0;0.0;27;1;0;0.0;0.0;No recurring injuries;Very Low;0.0;0;0.0;0;0;0;0;0;0;0;0;0;0;0.0;0.0
Jupiler Pro League;RSC Anderlecht;Marco Kana;DM;;D (C), DM;24;"6'0""";£5.5K - £9K p/w;£4.7M - £7.6M;Reasonable;Very Strong;6.70;0;1610;0;0;0.0;0.66;0.66;-0.66;0.0;0%;0.11;0.3;0.0;0.1;0%;0;0;0;2;0.1;2.5;0.1;93%;45.9;0.2;0.7;3.9;0.3;0.0;0;0.3;0.0;0;0.1;6;0;4.7;16.0;0.7;2.4;3.9;92;13;0;1.0;1.3;0.7;7;1;0;11.1;7.2;No recurring injuries;High;2.3;66;0.2;0;0;0;0;0;0;0;0;0;0;1.5;1.2
Second Division;Alavés;Pablo Ibañez;DM;D (C);D (C), DM, M (C);28;"5'10""";£12.5K - £16K p/w;£3.3M;Reasonable;Very Strong;6.67;0;1005;0;0;0.0;1.28;1.28;-1.28;0.1;0%;0.128;0.9;0.1;0.3;10%;0;0;0;0;0.0;1.14;0.1;93%;50.9;0.5;0.9;6.1;0.0;0.0;0;0.0;0.0;0;0.2;12;0;6.1;14.1;1.3;1.9;6.6;82;17;1;0.4;0.6;0.1;12;0;0;11.5;12.5;No recurring injuries;Below Average;2.3;58;0.3;0;0;0;0;0;0;0;0;0;0;1.0;0.7
Sky Bet Championship;Sheffield United;Ben Mee;D (C);;D (C);37;"6'0""";£11.5K - £16.5K p/w;£325K - £1.1M;Very Strong;Weak;6.74;0;1514;0;0;0.0;0.59;0.59;-0.59;0.0;0%;0.1475;0.2;0.0;0.1;0%;0;0;0;1;0.1;1.87;0.1;92%;39.7;0.4;0.1;1.4;0.1;0.0;0;0.1;0.0;0;0.0;0;0;3.4;15.1;1.0;2.3;2.4;81;21;6;0.5;1.2;1.0;7;2;0;9.9;4.1;Recurring moderate knee ligament sprain;Very High;5.8;60;1.3;0;0;0;0;0;0;0;0;0;0;1.4;1.4
Bundesliga 2;Hannover 96;Ime Okon;D (C);D (R);D (RC);22;"6'2""";£8.75K - £12.75K p/w;£2.4M - £5.2M;Weak;Very Strong;6.76;0;1326;0;0;0.0;1.6;1.6;-1.6;0.1;0%;0.16;0.7;0.1;0.1;10%;0;0;0;0;0.0;0.73;0.0;93%;45.8;0.1;0.3;2.1;0.1;0.1;100;0.1;0.1;100;0.0;1;0;3.0;16.2;0.5;3.4;2.2;89;9;1;0.7;1.2;0.5;5;4;0;9.9;4.5;No recurring injuries;Above Average;5.2;66;0.7;0;0;0;0;0;0;0;0;0;0;0.9;0.6
Bundesliga;1. FSV Mainz 05;Kacper Potulski;D (C);;D (C);19;"6'5""";£9.5K - £14.5K p/w;£12.5M - £15.5M;Reasonable;Very Strong;6.87;1;1069;0;0;0.0;0.67;0.67;-0.67;0.1;0%;0.134;0.4;0.2;0.2;40%;0;0;0;1;0.1;0.42;0.0;92%;39.1;0.0;0.3;1.5;0.0;0.0;0;0.0;0.0;0;0.1;4;0;4.3;10.3;0.4;2.2;2.8;100;5;1;0.7;1.2;0.9;7;1;0;10.0;4.5;No recurring injuries;Very Low;5.2;85;1.2;0;0;0;0;0;0;0;0;0;0;1.3;1.9
Bundesliga 2;1. FC Köln;Daniel Elfadli;D (C);M (C);D (C), DM, M (C);29;"6'2""";£15.25K - £25K p/w;£375K - £3.8M;Reasonable;Very Strong;7.01;0;1404;0;0;0.0;0.09;0.09;-0.09;0.0;0%;0.03;0.2;0.1;0.1;33%;0;0;0;2;0.1;0.71;0.0;93%;42.2;0.1;0.2;2.0;0.1;0.1;100;0.1;0.1;100;0.0;8;0;3.1;16.2;0.6;2.9;3.1;82;11;2;1.0;1.0;0.9;8;4;0;9.8;3.3;No recurring injuries;Average;5.1;74;1.1;0;0;0;0;0;0;0;0;0;0;1.2;0.9
Second Division;S. Gijón;Rubén Yáñez;GK;;GK;33;"6'3""";£10K - £16.25K p/w;Not for Sale;Reasonable;Very Strong;6.84;3;1710;0;0;0.0;0;0;0;0.0;0%;0;0.0;0.0;0.0;0%;0;0;0;0;0.0;0;0.0;84%;24.1;0.0;0.0;0.0;0.0;0.0;0;0.0;0.0;0;0.0;10;0;5.9;4.7;0.0;0.0;0.0;0;3;0;0.0;2.3;0.0;0;0;0;4.9;0.0;No recurring injuries;Below Average;0.0;0;0.0;5;0.73;1;72;13;28;10;19;3;0;1.4;1.0
First Division;Cádiz;David Gil;GK;;GK;32;"6'1""";£7K - £10.25K p/w;Not for Sale;Very Strong;Weak;6.89;1;1440;0;0;0.0;0;0;0;0.0;0%;0;0.0;0.0;0.0;0%;0;0;0;0;0.0;0;0.0;80%;24.8;0.0;0.0;0.3;0.0;0.0;0;0.0;0.0;0;0.0;3;0;8.9;4.9;0.0;0.2;0.0;0;4;0;0.0;3.8;0.0;0;0;0;4.6;0.0;No recurring injuries;Below Average;0.0;0;0.0;3;6.81;0;74;18;26;8;19;4;0;1.2;1.2
Jupiler Pro League;Antwerp;César De la Hoz;DM;D (C);D (C), DM, M (C);34;"5'10""";£5K - £7.75K p/w;£50K - £475K;Weak;Very Strong;6.86;0;1225;0;0;0.0;1.17;1.17;-1.17;0.1;0%;0.13;0.7;0.2;0.4;33%;0;0;0;1;0.1;1.99;0.1;92%;59.7;0.4;0.5;5.7;0.2;0.1;66;0.2;0.1;67;0.4;4;0;6.7;11.5;1.5;2.3;7.1;75;28;0;0.4;0.5;0.4;9;2;0;11.2;10.7;No recurring injuries;Low;2.6;57;0.4;0;0;0;0;0;0;0;0;0;0;1.0;1.9
First Division;Sevilla;Tanguy Nianzou;D (C);DM;D (C), DM;24;"6'3""";£68K - £77K p/w;£17M - £20M;Reasonable;Very Strong;6.84;1;1239;0;0;0.0;1.49;1.49;-1.49;0.1;0%;0.165555555555556;0.7;0.1;0.3;11%;0;0;0;1;0.1;0.72;0.1;92%;47.8;0.0;0.1;2.0;0.0;0.0;0;0.0;0.0;0;0.0;4;0;3.6;12.2;0.4;3.1;2.3;83;6;2;0.9;0.9;1.2;8;4;0;9.8;4.1;No recurring injuries;High;4.7;82;0.9;0;0;0;0;0;0;0;0;0;0;1.1;1.4
Eredivisie;Feyenoord;Jeyland Mitchell;D (C);;D (C);22;"6'2""";£7K - £10.75K p/w;£5.6M - £9.2M;Reasonable;Very Strong;6.85;0;1454;0;0;0.0;2.05;2.05;-2.05;0.1;0%;0.292857142857143;0.4;0.1;0.1;14%;0;0;0;2;0.1;0.35;0.0;85%;41.7;0.0;0.4;2.5;0.0;0.0;0;0.0;0.0;0;0.1;1;0;3.8;17.5;0.5;2.8;2.0;80;10;3;0.9;1.1;0.4;4;2;0;10.2;3.3;No recurring injuries;Average;5.5;67;0.9;0;0;0;0;0;0;0;0;0;0;1.7;0.8
Sky Bet Championship;Preston;Daniel Iversen;GK;;GK;29;"6'4""";£10.75K - £16K p/w;£450K - £4.4M;Weak;Very Strong;6.78;2;1980;0;0;0.0;0;0;0;0.0;0%;0;0.0;0.0;0.0;0%;0;0;0;0;0.0;0;0.0;83%;24.4;0.0;0.0;0.0;0.0;0.0;0;0.0;0.0;0;0.0;10;0;7.6;3.7;0.0;0.0;0.0;0;2;0;0.0;3.1;0.0;2;2;0;5.1;0.0;No recurring injuries;Low;0.0;0;0.0;7;5.54;1;72;19;35;15;26;2;0;1.0;1.2
Second Division;Zaragoza;Pablo Insua;D (C);;D (C);33;"6'2""";£5.25K - £8.25K p/w;Not for Sale;Weak;Very Strong;6.81;0;1476;0;0;0.0;0.04;0.04;-0.04;0.0;0%;0.02;0.1;0.0;0.1;0%;0;0;0;2;0.1;1.63;0.1;93%;42.0;0.3;0.2;1.9;0.1;0.0;0;0.1;0.0;0;0.1;4;0;3.1;13.5;0.6;2.9;2.5;67;15;2;0.4;1.0;1.0;5;2;0;9.9;3.3;No recurring injuries;High;5.4;72;1.2;0;0;0;0;0;0;0;0;0;0;1.0;1.1
Second Division;Huesca;Dani Jiménez;GK;;GK;36;"5'10""";£7K - £11.75K p/w;£12K - £130K;Weak;Very Strong;6.78;2;1641;0;0;0.0;0;0;0;0.0;0%;0;0.0;0.0;0.0;0%;0;0;0;0;0.0;0;0.0;79%;23.6;0.0;0.0;0.0;0.0;0.0;0;0.0;0.0;0;0.0;10;0;9.0;4.2;0.0;0.0;0.0;0;2;0;0.0;2.7;0.0;0;0;0;5.9;0.0;No recurring injuries;Above Average;0.0;0;0.0;9;4.93;0;74;9;31;12;18;2;0;0.8;1.0
First Division;Elche;Pedro Bigas;D (C);D (L);D (LC), DM;36;"5'11""";£13.25K - £18.75K p/w;£30K - £300K;Very Strong;Weak;6.71;0;1264;0;0;0.0;0.16;0.16;-0.16;0.0;0%;0.0533333333333333;0.2;0.0;0.1;0%;0;0;0;0;0.0;0.28;0.0;90%;42.6;0.0;0.0;1.5;0.0;0.0;0;0.0;0.0;0;0.0;5;0;5.7;8.6;0.5;2.6;2.4;70;10;1;0.5;1.4;0.9;4;1;0;9.9;3.8;No recurring injuries;High;5.8;61;1.5;0;0;0;0;0;0;0;0;0;0;0.9;1.8
Second Division;Málaga;Alfonso Herrero;GK;;GK;32;"6'0""";£4.3K - £6.25K p/w;Not for Sale;Weak;Very Strong;7.10;2;1920;0;0;0.0;0;0;0;0.0;0%;0;0.0;0.0;0.0;0%;0;0;0;0;0.0;0;0.0;82%;23.6;0.0;0.0;0.0;0.0;0.0;0;0.0;0.0;0;0.0;5;0;6.1;5.2;0.0;0.0;0.0;0;1;0;0.0;2.7;0.0;0;0;0;4.9;0.0;No recurring injuries;Below Average;0.0;0;0.0;10;8.21;0;82;11;41;8;13;1;0;1.5;0.6
Ligue 2 BKT;Amiens SC;Paul Bernardoni;GK;;GK;29;"6'3""";£5.75K - £9K p/w;£210K - £2.1M;Very Strong;Weak;6.91;4;1440;0;0;0.0;0;0;0;0.0;0%;0;0.0;0.0;0.0;0%;0;0;0;0;0.0;0;0.0;77%;23.4;0.0;0.0;0.0;0.0;0.0;0;0.0;0.0;0;0.0;7;0;5.4;4.1;0.0;0.0;0.0;0;0;0;0.0;4.2;0.0;0;0;0;6.1;0.0;No recurring injuries;Below Average;0.0;0;0.0;6;3.17;1;75;11;19;12;14;0;0;1.0;0.9
Bundesliga 2;SG Dynamo Dresden;Dominique Heintz;D (C);D (L);D (LC);33;"6'2""";£3.5K - £5.75K p/w;£50K - £475K;Very Strong;Reasonable;6.72;0;1005;0;0;0.0;0.05;0.05;-0.05;0.0;0%;0.025;0.2;0.0;0.1;0%;0;0;0;1;0.1;1.18;0.1;94%;43.4;0.0;0.4;2.6;0.2;0.0;0;0.2;0.0;0;0.0;3;0;3.4;14.9;0.4;3.0;1.8;67;6;3;0.5;0.7;0.9;4;2;1;9.5;3.7;No recurring injuries;Above Average;5.8;65;0.6;0;0;0;0;0;0;0;0;0;0;1.0;1.0
Second Division;Eibar;Sergio Álvarez;DM;;D (C), DM, M (C);34;"6'0""";£13.5K - £19K p/w;£12K - £120K;Fairly Strong;Very Strong;6.77;0;1427;0;0;0.0;0.74;0.74;-0.74;0.0;0%;0.148;0.3;0.1;0.1;20%;0;0;0;1;0.1;2.68;0.2;89%;50.0;0.1;0.9;5.7;0.1;0.0;0;0.1;0.0;0;0.4;13;0;7.1;14.1;1.4;1.8;6.5;76;29;0;0.4;0.8;0.2;13;2;0;10.9;11.0;No recurring injuries;Average;2.1;52;0.3;0;0;0;0;0;0;0;0;0;0;1.2;1.1
Second Division;Leonesa;Edgar Badía;GK;;GK;34;"5'11""";£9K - £14.5K p/w;£60K - £600K;Reasonable;Very Strong;6.70;2;1800;0;0;0.0;0;0;0;0.0;0%;0;0.0;0.0;0.0;0%;0;0;0;0;0.0;0;0.0;76%;24.3;0.0;0.0;0.0;0.0;0.0;0;0.0;0.0;0;0.0;10;0;8.4;3.4;0.1;0.0;0.0;33;3;0;0.0;2.9;0.0;0;0;0;5.8;0.0;No recurring injuries;Below Average;0.0;0;0.0;4;3.4;2;76;15;40;15;23;3;33;0.6;1.1
Premier League;Alverca SAD;Sergi Gómez;D (C);;D (C);34;"6'0""";£1.7K - £2.7K p/w;Unknown;Very Weak;Very Weak;6.73;0;1135;0;0;0.0;1.43;1.43;-1.43;0.1;0%;0.11;1.0;0.2;0.3;23%;0;0;0;0;0.0;1.4;0.1;92%;39.6;0.1;0.1;1.7;0.0;0.0;0;0.0;0.0;0;0.0;3;0;3.2;11.9;0.4;3.3;2.5;50;10;1;1.0;1.3;1.3;2;1;0;9.6;3.6;No recurring injuries;Above Average;4.8;73;1.2;0;0;0;0;0;0;0;0;0;0;1.0;1.1
Second Division;Almería;Fernando;GK;;GK;36;"6'1""";£11.5K - £16.25K p/w;Not for Sale;Weak;Very Strong;6.84;2;1447;0;0;0.0;0;0;0;0.0;0%;0;0.0;0.0;0.0;0%;0;0;0;0;0.0;0;0.0;68%;23.8;0.0;0.1;0.0;0.0;0.0;0;0.0;0.0;0;0.0;2;0;8.8;4.1;0.0;0.0;0.0;0;1;0;0.0;3.5;0.0;0;0;0;5.6;0.0;No recurring injuries;Above Average;0.0;0;0.0;4;6.32;0;75;9;29;7;15;1;0;1.5;0.9
Eredivisie;Ajax;Maarten Paes;GK;;GK;28;"6'3""";£8K - £11.5K p/w;£325K - £3.2M;Weak;Very Strong;6.79;1;2160;0;0;0.0;0;0;0;0.0;0%;0;0.0;0.0;0.0;0%;0;0;0;0;0.0;0;0.0;85%;23.5;0.0;0.0;0.0;0.0;0.0;0;0.0;0.0;0;0.0;3;0;7.0;4.2;0.0;0.0;0.0;0;2;0;0.0;3.6;0.0;1;1;0;5.6;0.1;No recurring injuries;Below Average;0.0;0;0.0;10;-0.81;0;68;20;22;6;22;2;0;1.8;0.9
First Division;Oviedo;Jeremy Toljan;D (R);M (R);D/WB/M (R);32;"6'0""";£19.25K - £32.5K p/w;£250K - £2.6M;Fairly Strong;Very Strong;6.55;0;1002;0;0;0.0;1.75;1.75;-1.75;0.2;0%;0.21875;0.7;0.2;0.2;25%;0;0;0;1;0.1;1.1;0.1;90%;56.9;0.0;0.8;7.5;1.4;0.1;6;1.4;0.1;6;0.9;12;0;13.9;10.2;2.2;3.1;6.7;76;33;0;0.2;0.7;1.1;14;2;0;11.6;14.9;No recurring injuries;High;3.7;37;0.2;0;0;0;0;0;0;0;0;0;0;1.2;1.8
Jupiler Pro League;RSC Anderlecht;Enric Llansana;DM;D/M (C);D (C), DM, M (C);25;"6'0""";£7.75K - £12K p/w;£1M - £10M;Fairly Strong;Very Strong;6.78;1;1319;0;0;0.0;0.52;0.52;-0.52;0.0;0%;0.52;0.1;0.0;0.0;0%;0;0;0;3;0.2;1.91;0.1;91%;53.2;0.3;1.4;7.1;0.1;0.0;0;0.1;0.0;0;0.1;7;0;7.4;11.8;1.2;2.6;6.3;78;23;1;0.4;1.2;0.1;10;0;0;11.3;11.6;No recurring injuries;Average;2.9;43;0.5;0;0;0;0;0;0;0;0;0;0;1.3;1.0
Sky Bet Championship;West Brom;Alfie Gilchrist;D (C);D (R);D (RC);23;"6'0""";£19.25K - £26K p/w;£3.3M - £7M;Reasonable;Very Strong;6.64;0;1097;0;0;0.0;0.76;0.76;-0.76;0.1;0%;0.253333333333333;0.2;0.0;0.1;0%;0;0;0;0;0.0;0.07;0.0;88%;52.0;0.0;0.6;6.6;2.0;0.2;8;2.0;0.2;8;0.7;5;0;12.1;13.9;1.5;2.8;6.2;78;23;0;0.7;0.8;1.1;6;0;0;11.8;14.0;No recurring injuries;Average;4.3;47;0.5;0;0;0;0;0;0;0;0;0;0;0.8;0.7
Bundesliga 2;FC Schalke 04;Timo Becker;D (C);;D (RC), WB (R);29;"6'3""";£6.75K - £11.5K p/w;£130K - £1.3M;Reasonable;Very Strong;6.81;0;1440;0;0;0.0;1.74;1.74;-1.74;0.1;0%;0.10875;1.0;0.0;0.4;0%;0;0;0;0;0.0;0.56;0.0;88%;41.3;0.0;0.1;1.1;0.0;0.0;0;0.0;0.0;0;0.1;4;0;3.3;11.9;0.6;2.8;2.2;63;16;2;0.6;1.1;0.4;8;4;0;10.7;4.2;No recurring injuries;Above Average;4.6;62;1.1;0;0;0;0;0;0;0;0;0;0;1.1;0.7
Bundesliga 2;Hannover 96;Boris Tomiak;D (C);DM;D (C), DM;28;"6'3""";£7K - £11.75K p/w;£325K - £3.3M;Weak;Very Strong;6.88;1;1440;0;0;0.0;0.47;0.47;-0.47;0.0;0%;0.0783333333333333;0.4;0.1;0.1;33%;0;0;0;1;0.1;0.23;0.0;89%;43.2;0.1;0.2;2.4;0.0;0.0;0;0.0;0.0;0;0.0;3;0;3.4;13.8;0.4;3.6;2.7;86;7;0;0.4;0.9;0.8;14;6;0;10.1;3.6;No recurring injuries;Low;6.0;69;1.1;0;0;0;0;0;0;0;0;0;0;0.8;0.7
Serie A;Sampdoria;Alex Ferrari;D (C);D (R);D (RC);32;"6'3""";£11.75K - £17K p/w;£85K - £275K;Reasonable;Very Strong;6.32;0;1286;0;0;0.0;0.05;0.05;-0.05;0.0;0%;0.025;0.1;0.0;0.1;0%;0;0;0;0;0.0;0.68;0.0;86%;40.0;0.1;0.2;1.5;0.0;0.0;0;0.0;0.0;0;0.0;4;0;6.7;6.9;0.8;2.2;2.4;86;14;3;0.7;1.4;0.6;6;2;0;8.2;2.9;No recurring injuries;Very Low;4.1;59;1.0;0;0;0;0;0;0;0;0;0;0;0.7;1.7
Bundesliga 2;SC Paderborn 07;Raphael Obermair;WB (R);D (R);D (R), WB (RL);30;"6'0""";£9K - £13.75K p/w;£200K - £2M;Reasonable;Very Strong;7.12;3;1359;0;0;0.0;2.04;2.04;-2.04;0.1;0%;0.17;0.8;0.1;0.3;17%;1;0;0;1;0.1;1.76;0.1;91%;60.8;0.3;1.1;7.7;7.0;1.9;26;1.4;0.5;38;0.8;22;1;12.5;11.3;2.1;3.6;7.2;82;39;2;0.2;0.8;0.3;10;2;0;11.5;16.6;No recurring injuries;Average;2.8;40;0.2;0;0;0;0;0;0;0;0;0;0;1.0;1.3
Second Division;S. Gijón;Guille Rosas;D (R);;D/WB (R);26;"5'9""";£24K - £27.5K p/w;£17M - £21M;Weak;Very Strong;7.21;0;1056;0;0;0.0;1.41;1.41;-1.41;0.1;0%;0.1175;1.0;0.2;0.3;17%;0;0;0;0;0.0;0.68;0.1;93%;69.3;0.1;1.2;8.2;0.9;0.1;9;0.9;0.1;9;0.8;17;0;10.3;16.2;2.0;3.3;7.9;77;30;3;0.5;1.3;0.2;11;2;0;11.2;17.3;No recurring injuries;Above Average;2.1;52;0.1;0;0;0;0;0;0;0;0;0;0;1.4;0.9
Second Division;Mallorca;Juanma Herzog;D (C);;D (C);22;"6'1""";£6.25K - £10.25K p/w;£4.8M - £7.8M;Weak;Very Strong;6.97;1;1079;0;0;0.0;0.18;0.18;-0.18;0.0;0%;0.03;0.5;0.0;0.3;0%;0;0;0;1;0.1;0.17;0.0;91%;46.2;0.0;0.3;2.8;0.0;0.0;0;0.0;0.0;0;0.2;1;0;2.7;16.7;0.9;2.4;2.6;85;13;3;0.6;0.8;0.3;8;3;0;9.9;3.3;No recurring injuries;Average;5.8;74;0.8;0;0;0;0;0;0;0;0;0;0;1.4;0.8
First Division;Vigo;Sergio Carreira;D (R);;D/WB (R);26;"5'7""";£29.5K - £34.5K p/w;£13M - £21M;Reasonable;Very Strong;6.70;0;1181;0;0;0.0;0.22;0.22;-0.22;0.0;0%;0.11;0.2;0.0;0.1;0%;0;0;0;0;0.0;0.72;0.1;88%;49.4;0.1;1.4;6.0;7.4;1.2;16;7.4;1.2;16;2.9;14;1;17.3;9.4;2.2;3.0;10.1;69;42;3;0.9;1.4;0.2;17;0;0;12.6;26.1;No recurring injuries;Above Average;2.5;48;0.2;0;0;0;0;0;0;0;0;0;0;1.2;1.2
Eredivisie;Sparta Rotterdam;Teo Quintero;D (C);DM;D (LC), DM;27;"6'3""";£1.5K - £2.6K p/w;£375K - £3.7M;Very Strong;Weak;6.85;1;1201;0;0;0.0;0.53;0.53;-0.53;0.0;0%;0.1325;0.3;0.1;0.0;25%;0;0;0;0;0.0;0.63;0.0;91%;41.3;0.2;0.2;2.8;0.3;0.1;50;0.3;0.1;50;0.1;4;0;3.4;16.1;0.6;3.4;2.9;80;10;2;0.7;1.0;1.3;4;0;0;10.5;6.1;No recurring injuries;Above Average;5.9;68;0.9;0;0;0;0;0;0;0;0;0;0;1.0;1.0
Ligue 2 BKT;FC Metz;Elias Cobbaut;D (C);;D (LC);29;"6'2""";£2.3K - £3.6K p/w;£180K - £1.8M;Very Strong;Weak;6.78;0;1327;0;0;0.0;0.74;0.74;-0.74;0.1;0%;0.0925;0.5;0.1;0.3;25%;0;0;0;3;0.2;0.97;0.1;87%;41.4;0.2;0.4;2.3;0.0;0.0;0;0.0;0.0;0;0.1;5;0;4.5;16.6;0.7;2.4;2.4;77;13;1;0.7;1.4;0.1;7;1;1;9.4;4.0;No recurring injuries;High;5.3;59;0.8;0;0;0;0;0;0;0;0;0;0;1.2;0.5
Sky Bet Championship;Derby;Sondre Tronstad;DM;;DM, M (C);31;"5'9""";£25K - £34K p/w;Not for Sale;Weak;Very Strong;7.05;0;1861;0;0;0.0;2.11;2.11;-2.11;0.1;0%;0.140666666666667;0.7;0.2;0.3;27%;0;0;0;1;0.0;2.14;0.1;92%;50.9;0.3;0.6;4.2;0.1;0.0;0;0.1;0.0;0;0.1;15;0;6.6;13.8;2.0;2.4;6.8;88;48;4;0.7;0.5;0.2;9;1;0;12.0;12.8;No recurring injuries;Below Average;2.8;31;0.4;0;0;0;0;0;0;0;0;0;0;1.0;0.7
First Division;Cádiz;Bojan Kovačević;D (C);;D (C);22;"6'4""";£4.6K - £7.25K p/w;£4.6M - £7.6M;Weak;Very Strong;6.66;0;1193;0;0;0.0;0.37;0.37;-0.37;0.0;0%;0.123333333333333;0.2;0.0;0.0;0%;0;0;0;1;0.1;0.82;0.1;91%;42.9;0.0;0.2;2.5;0.1;0.1;100;0.1;0.1;100;0.0;1;0;3.1;15.5;0.6;2.9;2.6;73;11;2;0.6;1.3;0.8;10;2;1;10.2;4.0;No recurring injuries;Average;5.7;75;1.1;0;0;1;0;0;0;0;0;0;0;1.1;1.4
Serie BKT;Hellas Verona;Lorenzo Montipò;GK;;GK;30;"6'3""";£13.75K - £16K p/w;£6.4M - £9.4M;Weak;Very Strong;7.52;3;1350;0;0;0.0;0;0;0;0.0;0%;0;0.0;0.0;0.0;0%;0;0;0;0;0.0;0;0.0;69%;21.3;0.0;0.0;0.0;0.0;0.0;0;0.0;0.0;0;0.0;7;0;2.5;1.2;0.0;0.0;0.0;0;0;0;0.0;0.4;0.0;0;0;0;2.1;0.0;No recurring injuries;Very Low;0.0;0;0.0;9;-2.74;0;61;3;6;4;12;0;0;0.3;0.5
First Division;Cádiz;Víctor Chust;D (C);;D (C);26;"6'0""";£17.25K - £19.5K p/w;£3.9M;Fairly Strong;Very Strong;6.84;0;1325;0;0;0.0;0.88;0.88;-0.88;0.1;0%;0.44;0.1;0.0;0.0;0%;0;0;0;1;0.1;0.6;0.0;90%;45.9;0.1;0.1;2.4;0.1;0.0;0;0.1;0.0;0;0.1;2;0;3.2;16.7;0.8;2.6;3.3;75;16;1;0.5;1.1;0.7;10;0;0;10.2;3.6;No recurring injuries;High;4.6;66;1.0;0;0;0;0;0;0;0;0;0;0;1.2;1.1
Eredivisie;Feyenoord;Timon Wellenreuther;GK;;GK;31;"6'1""";£17K - £26.5K p/w;Not for Sale;Weak;Very Strong;7.00;3;1800;0;0;0.0;0;0;0;0.0;0%;0;0.0;0.0;0.0;0%;0;0;0;0;0.0;0;0.0;83%;26.8;0.0;0.0;0.2;0.0;0.0;0;0.0;0.0;0;0.0;11;0;6.5;5.7;0.0;0.1;0.0;0;2;0;0.0;2.8;0.0;0;0;0;6.1;0.1;No recurring injuries;Below Average;0.0;0;0.0;10;2.45;0;71;7;24;12;18;2;0;1.4;0.9
First Division;Cádiz;Sergio Ortuño;M (C);AM (C);DM, M/AM (C);27;"5'10""";£3.5K - £5.75K p/w;£240K - £2.4M;Weak;Very Strong;6.84;1;1176;0;0;0.0;0.25;0.25;-0.25;0.0;0%;0.125;0.2;0.1;0.0;50%;0;0;0;2;0.2;2.45;0.2;90%;53.1;0.6;1.1;6.4;0.1;0.0;0;0.1;0.0;0;0.5;8;0;7.3;12.2;0.9;2.4;5.1;75;16;1;0.3;0.5;0.2;13;1;0;11.5;12.1;No recurring injuries;Below Average;1.5;15;0.1;0;0;0;0;0;0;0;0;0;0;1.0;1.1
Bundesliga 2;SC Paderborn 07;Felix Götze;D (C);DM, M (C);D (C), DM, M (C);28;"6'1""";£9.75K - £14K p/w;£375K - £3.7M;Reasonable;Very Strong;6.92;0;1210;0;0;0.0;0.75;0.75;-0.75;0.1;0%;0.15;0.4;0.1;0.0;20%;0;0;0;2;0.1;1.07;0.1;91%;43.7;0.1;0.4;2.4;0.1;0.1;50;0.1;0.1;50;0.0;2;0;3.4;15.9;1.0;2.2;3.9;93;15;2;0.9;1.7;0.9;5;1;0;10.6;5.9;No recurring injuries;Above Average;3.8;67;0.5;0;0;1;0;0;0;0;0;0;0;1.1;1.5
Second Division;S. Gijón;Eric Curbelo;D (C);D (R);D (RC);32;"5'8""";£3.8K - £5.75K p/w;£160K - £1.6M;Weak;Very Strong;6.82;0;1007;0;0;0.0;0.66;0.66;-0.66;0.1;0%;0.11;0.5;0.2;0.2;33%;0;0;0;1;0.1;0.25;0.0;93%;47.3;0.0;0.4;4.9;1.6;0.2;11;1.6;0.2;11;0.3;3;0;10.6;14.5;1.3;2.8;5.3;88;17;0;1.0;0.9;0.5;9;1;0;11.0;10.6;No recurring injuries;Above Average;4.3;46;0.3;0;0;0;0;0;0;0;0;0;0;1.7;1.2
Bundesliga 2;Fortuna Düsseldorf;Tyler Bindon;D (C);D (R);D (RC);21;"6'3""";£18K - £20K p/w;Not for Sale;Reasonable;Very Strong;6.76;0;1421;0;0;0.0;3.3;3.3;-3.3;0.2;0%;0.1375;1.5;0.4;0.3;25%;0;0;0;0;0.0;0.43;0.0;90%;42.4;0.1;0.2;2.2;0.2;0.1;33;0.2;0.1;33;0.0;6;0;3.5;11.3;0.4;2.9;2.0;75;8;3;1.0;1.1;0.6;2;0;0;10.3;4.2;No recurring injuries;Below Average;5.1;69;0.8;0;0;0;0;0;0;0;0;0;0;0.8;1.3
Sky Bet Championship;Stoke;Bosun Lawal;D/M (C);;D (C), DM, M (C);23;"5'11""";£25.5K - £34K p/w;£5.6M - £7.4M;Reasonable;Very Strong;6.74;1;1440;0;0;0.0;0.59;0.59;-0.59;0.0;0%;0.0842857142857143;0.4;0.1;0.2;14%;0;0;0;2;0.1;1.02;0.1;92%;46.8;0.1;0.4;2.1;0.1;0.0;0;0.1;0.0;0;0.1;5;0;4.9;10.8;0.4;2.8;3.9;88;8;0;0.8;0.8;0.4;8;2;2;10.7;6.2;Recurring lower back stress fracture;Very High;4.6;77;0.7;0;0;0;0;0;0;0;0;0;0;0.9;1.6
Serie A;AS Roma;Pierluigi Gollini;GK;;GK;31;"6'4""";£22K - £27.5K p/w;£170K - £1.7M;Weak;Very Strong;6.75;2;1980;0;0;0.0;0;0;0;0.0;0%;0;0.0;0.0;0.0;0%;0;0;0;0;0.0;0;0.0;76%;25.1;0.0;0.0;0.1;0.0;0.0;0;0.0;0.0;0;0.0;5;0;8.4;4.0;0.1;0.1;0.0;50;4;0;0.0;3.0;0.0;1;1;0;6.2;0.0;No recurring injuries;Below Average;0.0;0;0.0;6;-4.97;0;67;13;30;11;27;4;50;1.3;1.2
Second Division;Espanyol;Jofre Carreras;AM (R);D (R), WB/M/AM (L);D (R), WB/M/AM (RL);25;"5'9""";£2.7K - £4.7K p/w;£23M - £28M;Reasonable;Very Strong;6.82;0;1414;0;0;0.0;0.37;0.37;-0.37;0.0;0%;0.0925;0.3;0.1;0.1;25%;0;0;0;2;0.1;1.88;0.1;85%;41.6;0.0;1.3;4.3;6.6;0.4;5;6.6;0.4;6;3.0;22;2;14.0;11.2;1.9;3.0;9.7;83;36;1;0.5;1.0;0.1;18;1;0;12.3;24.1;No recurring injuries;Below Average;2.8;43;0.2;0;0;0;0;0;0;0;0;0;0;1.0;1.0
Bundesliga;Sport-Club Freiburg;Florian Müller;GK;;GK;29;"6'3""";£24.5K - £38K p/w;£750K - £1.7M;Very Strong;Weak;6.84;1;1380;0;0;0.0;0;0;0;0.0;0%;0;0.0;0.0;0.0;0%;0;0;0;0;0.0;0;0.0;85%;23.8;0.0;0.0;0.1;0.0;0.0;0;0.0;0.0;0;0.0;7;0;8.6;4.2;0.0;0.1;0.0;0;1;0;0.0;3.2;0.0;0;0;0;5.5;0.0;No recurring injuries;Below Average;0.0;0;0.0;7;5.33;0;78;19;17;12;13;1;0;1.4;0.8
Bundesliga 2;Hannover 96;Maurice Neubauer;D (L);WB (R);D (L), WB (RL);30;"5'11""";£9.75K - £14.5K p/w;£500K - £5.2M;Very Strong;Weak;7.12;0;1003;0;0;0.0;0.14;0.14;-0.14;0.0;0%;0.14;0.1;0.1;0.1;100%;0;0;0;0;0.0;1.62;0.1;90%;49.0;0.4;1.3;4.7;5.8;1.5;26;5.5;1.5;28;2.2;13;2;14.2;13.3;2.5;2.7;8.9;78;36;1;0.6;0.8;0.3;27;3;0;12.9;26.3;No recurring injuries;Above Average;2.5;86;0.3;0;0;0;0;0;0;0;0;0;0;0.7;0.8
Bundesliga;1. FC Magdeburg;Jean Hugonet;D (C);DM, M (C);D (C), DM, M (C);27;"6'1""";£16.5K - £24K p/w;£250K - £2.6M;Weak;Very Strong;6.86;0;1260;0;0;0.0;0.39;0.39;-0.39;0.0;0%;0.078;0.4;0.1;0.1;20%;0;0;0;0;0.0;0.4;0.0;90%;40.4;0.1;0.3;1.6;0.1;0.0;0;0.1;0.0;0;0.0;4;0;2.6;15.6;0.6;3.4;2.5;82;11;2;0.6;0.8;1.2;9;5;0;10.1;4.2;No recurring injuries;Above Average;5.4;68;1.0;0;0;0;0;0;0;0;0;0;0;0.9;1.5
Eredivisie;PSV;Nick Olij;GK;;GK;31;"6'2""";£4.6K - £7.5K p/w;Not for Sale;Weak;Very Strong;6.97;4;1620;0;0;0.0;0;0;0;0.0;0%;0;0.0;0.0;0.0;0%;0;0;0;0;0.0;0;0.0;92%;26.5;0.0;0.0;0.0;0.0;0.0;0;0.0;0.0;0;0.0;5;0;6.4;4.3;0.1;0.1;0.0;50;2;0;0.0;1.2;0.0;0;0;0;5.9;0.1;No recurring injuries;Below Average;0.0;0;0.0;9;0.51;0;73;12;24;10;17;2;50;1.6;0.9
Premier League;Bournemouth;Vinicius Tobias;D (R);;D/WB (R);22;"5'10""";£51K - £69K p/w;£32M - £42M;Reasonable;Very Strong;6.64;0;1333;0;0;0.0;1.08;0.31;-1.08;0.1;0%;0.27;0.3;0.1;0.1;50%;0;1;0;1;0.1;1.01;0.1;89%;57.3;0.1;0.9;6.4;1.3;0.1;5;1.2;0.0;0;0.7;3;0;8.2;11.3;1.6;3.4;5.5;71;34;4;0.9;1.1;0.3;9;3;0;12.1;13.2;No recurring injuries;Low;3.6;37;0.1;0;0;0;0;0;0;0;0;0;0;1.6;2.0
Serie A;U.S. Lecce;Christian Früchtl;GK;;GK;26;"6'4""";£9K - £13K p/w;£275K - £2.7M;Very Strong;Weak;6.86;2;1530;0;0;0.0;0;0;0;0.0;0%;0;0.0;0.0;0.0;0%;0;0;0;0;0.0;0;0.0;82%;23.1;0.0;0.0;0.0;0.0;0.0;0;0.0;0.0;0;0.0;13;0;9.2;2.8;0.1;0.0;0.0;33;3;0;0.0;3.9;0.0;0;0;0;5.9;0.0;No recurring injuries;Very Low;0.0;0;0.0;5;4.99;0;82;12;46;15;17;3;33;0.5;1.0
Premier League;TND;Bernardo Fontes;GK;;GK;24;"6'5""";£1K - £1.5K p/w;Unknown;Very Weak;Very Weak;6.70;1;1260;0;0;0.0;0;0;0;0.0;0%;0;0.0;0.0;0.0;0%;0;0;0;0;0.0;0;0.0;76%;22.1;0.0;0.0;0.0;0.0;0.0;0;0.0;0.0;0;0.0;3;0;5.6;4.7;0.0;0.0;0.0;0;1;0;0.0;3.6;0.0;1;1;0;4.8;0.0;No recurring injuries;Average;0.0;0;0.0;3;0.02;0;76;17;33;8;18;1;0;1.3;1.3
Premier League;Alverca SAD;Sabit Abdulai;M (C);;DM, M (C);27;"6'2""";£1.5K - £2.4K p/w;Unknown;Very Weak;Very Weak;6.71;1;1165;0;0;0.0;0.41;0.41;-0.41;0.0;0%;0.0683333333333333;0.5;0.1;0.1;17%;0;0;0;0;0.0;1.88;0.1;89%;53.3;0.1;0.5;3.4;0.2;0.2;100;0.2;0.2;100;0.1;7;1;7.3;10.7;1.9;3.4;5.6;78;32;3;0.5;0.6;0.1;15;0;0;11.6;11.5;No recurring injuries;Above Average;2.6;53;0.3;0;0;0;0;0;0;0;0;0;0;0.8;1.3
Second Division;Coruña;Diego Barri;DM;;DM;31;"6'2""";£5.25K - £7.75K p/w;Not for Sale;Reasonable;Very Strong;6.89;0;1498;0;0;0.0;1.22;1.22;-1.22;0.1;0%;0.0938461538461538;0.8;0.1;0.3;8%;0;0;0;2;0.1;2.41;0.1;94%;52.3;0.2;0.7;4.1;0.3;0.2;60;0.3;0.2;60;0.2;6;0;8.1;11.2;1.0;2.0;6.2;59;29;0;0.3;0.7;0.1;15;0;0;12.1;12.1;Recurring tight groin;Very High;3.0;58;0.8;0;0;0;0;0;0;0;0;0;0;1.0;1.1
Jupiler Pro League;KV Mechelen;Mory Konaté;DM;D (C);D (C), DM;33;"6'3""";£3.8K - £5.5K p/w;Not for Sale;Weak;Very Strong;6.83;0;1451;0;0;0.0;2.06;2.06;-2.06;0.1;0%;0.137333333333333;0.9;0.2;0.2;27%;2;0;0;3;0.2;0.59;0.0;91%;53.3;0.1;0.9;4.0;0.1;0.1;50;0.1;0.1;50;0.0;6;0;6.9;14.1;1.5;2.4;6.7;83;29;1;0.5;1.2;0.2;23;4;0;11.7;11.7;No recurring injuries;Below Average;3.5;75;0.2;0;0;0;0;0;0;0;0;0;0;1.0;1.2
Sky Bet Championship;Norwich;Ashley Phillips;D (C);;D (C);21;"6'4""";£24K - £31.5K p/w;£425K - £4.2M;Reasonable;Very Strong;6.86;0;1754;0;0;0.0;1.1;1.1;-1.1;0.1;0%;0.0611111111111111;0.9;0.2;0.3;17%;0;0;0;1;0.1;0.3;0.0;95%;45.1;0.0;0.2;2.4;0.0;0.0;0;0.0;0.0;0;0.0;7;0;3.0;14.7;0.2;3.1;2.7;38;8;2;0.8;1.2;0.4;2;1;1;10.3;4.2;No recurring injuries;Below Average;6.0;72;1.1;0;0;0;0;0;0;0;0;0;0;1.1;0.9
Sky Bet Championship;Derby;Jacob Widell Zetterström;GK;;GK;28;"6'6""";£16.75K - £24K p/w;£750K - £7.6M;Weak;Very Strong;6.95;4;2070;0;0;0.0;0;0;0;0.0;0%;0;0.0;0.0;0.0;0%;0;0;0;0;0.0;0;0.0;81%;24.8;0.0;0.0;0.0;0.0;0.0;0;0.0;0.0;0;0.0;3;0;7.4;4.3;0.1;0.0;0.0;50;4;0;0.0;2.5;0.0;0;0;0;5.7;0.0;No recurring injuries;Average;0.0;0;0.0;11;9.63;0;80;17;40;11;18;4;50;0.9;0.8
Second Division;S. Gijón;Lucas Perrin;D (C);;D (C);28;"6'2""";£7.5K - £11.5K p/w;£190K;Reasonable;Very Strong;6.73;1;1277;0;0;0.0;0.55;0.55;-0.55;0.0;0%;0.0916666666666667;0.4;0.1;0.3;33%;0;0;0;1;0.1;1.03;0.1;93%;43.6;0.1;0.3;2.3;0.1;0.0;0;0.1;0.0;0;0.0;5;0;3.1;17.8;0.6;2.8;3.1;75;12;1;0.6;1.3;0.9;11;3;1;9.2;2.7;No recurring injuries;Above Average;5.8;58;0.9;0;0;0;0;0;0;0;0;0;0;1.2;0.8
Eredivisie;Telstar;Robert Bauer;D (C);;D (C);31;"6'0""";£2K - £2.9K p/w;£200K - £2M;Reasonable;Very Strong;6.76;0;1315;0;0;0.0;0.71;0.71;-0.71;0.0;0%;0.118333333333333;0.4;0.1;0.2;17%;0;0;0;1;0.1;0.43;0.0;88%;43.5;0.1;0.2;2.4;0.1;0.0;0;0.1;0.0;0;0.0;2;0;2.9;12.8;0.6;3.1;3.6;69;13;1;0.6;0.8;1.2;5;2;0;9.8;4.0;No recurring injuries;Below Average;3.5;69;0.5;0;0;0;0;0;0;0;0;0;0;0.6;1.2
Serie A;Cagliari;Gabriele Zappa;D (R);D (C), M (R);D (RC), WB/M (R);26;"6'0""";£12.5K - £20.5K p/w;£8M - £13M;Reasonable;Very Strong;6.86;0;1605;0;0;0.0;0.29;0.29;-0.29;0.0;0%;0.0966666666666667;0.2;0.1;0.0;33%;0;0;0;0;0.0;1.84;0.1;86%;48.3;0.1;1.9;4.4;8.6;1.6;18;8.6;1.6;18;2.4;17;1;18.8;8.9;1.4;4.1;9.3;52;48;2;0.4;0.5;0.8;20;3;0;12.3;23.8;No recurring injuries;Very Low;3.7;55;0.3;0;0;0;0;0;0;0;0;0;0;0.3;1.3
Eredivisie;sc Heerenveen;Andries Noppert;GK;;GK;32;"6'8""";£1.5K - £2.4K p/w;£60K - £600K;Very Strong;Weak;6.76;1;1170;0;0;0.0;0;0;0;0.0;0%;0;0.0;0.0;0.0;0%;0;0;0;0;0.0;0;0.0;62%;23.2;0.0;0.1;0.0;0.0;0.0;0;0.0;0.0;0;0.0;4;0;11.9;2.8;0.0;0.0;0.0;0;1;0;0.0;2.7;0.0;0;0;0;4.7;0.0;No recurring injuries;Below Average;0.0;0;0.0;4;4.26;0;78;5;29;5;11;1;0;1.1;0.8
Premier League;Ipswich;Azor Matusiwa;DM;D/WB/M (R);D/WB (R), DM, M (RC);28;"5'8""";£68K - £79K p/w;£22M - £28M;Reasonable;Very Strong;6.67;1;1327;0;0;0.0;0.97;0.97;-0.97;0.1;0%;0.0646666666666667;1.0;0.4;0.6;40%;0;0;0;1;0.1;0.83;0.1;90%;48.0;0.1;1.1;6.6;0.5;0.1;28;0.5;0.1;29;0.7;2;0;5.6;8.2;1.8;2.6;7.5;79;33;2;0.5;1.2;0.4;22;1;0;12.6;17.8;No recurring injuries;Average;3.3;50;0.0;0;0;0;0;0;0;0;0;0;0;0.7;1.9
Jupiler Pro League;Antwerp;Yuto Tsunashima;D (C);DM;D (C), DM;26;"6'2""";£5.5K - £8.25K p/w;£1M;Fairly Strong;Very Strong;6.78;0;1043;0;0;0.0;0.25;0.25;-0.25;0.0;0%;0.0833333333333333;0.3;0.0;0.2;0%;0;0;0;0;0.0;0.26;0.0;92%;48.9;0.1;0.0;2.5;0.0;0.0;0;0.0;0.0;0;0.0;0;0;3.8;13.1;0.5;3.5;2.7;75;8;1;0.9;1.5;0.7;6;0;0;9.5;4.5;No recurring injuries;Average;5.8;52;0.9;0;0;0;0;0;0;0;0;0;0;0.9;1.8
Premier League;Ipswich;Arijanet Murić;GK;;GK;28;"6'6""";£73K - £99K p/w;£15.5M - £25M;Weak;Very Strong;6.98;2;1530;0;0;0.0;0;0;0;0.0;0%;0;0.0;0.0;0.0;0%;0;0;0;0;0.0;0;0.0;75%;18.6;0.0;0.0;1.0;0.0;0.0;0;0.0;0.0;0;0.0;0;0;10.6;7.4;0.1;0.6;0.0;25;4;0;0.0;9.1;0.0;0;0;0;5.4;0.1;No recurring injuries;Below Average;0.0;0;0.0;3;2.74;0;78;26;61;16;31;4;25;0.8;1.8
Bundesliga 2;Fortuna Düsseldorf;Tim Oberdorf;D (C);D (R), DM;D (RC), DM;30;"6'1""";£9.5K - £15K p/w;£180K - £1.8M;Reasonable;Very Strong;6.78;0;1476;0;0;0.0;1.74;1.74;-1.74;0.1;0%;0.133846153846154;0.8;0.1;0.3;15%;0;0;0;0;0.0;0.64;0.0;95%;41.0;0.1;0.4;2.1;0.0;0.0;0;0.0;0.0;0;0.0;6;0;3.7;11.8;0.4;3.2;2.0;75;8;1;0.8;1.5;0.8;5;3;0;10.1;4.6;No recurring injuries;Average;5.5;56;0.6;0;0;0;0;0;0;0;0;0;0;0.7;1.3
Second Division;Almería;Edgar;D (C);;D (C), DM;29;"6'4""";£6.25K - £10.25K p/w;£190K - £1.9M;Weak;Very Strong;7.06;0;1409;0;0;0.0;0.36;0.36;-0.36;0.0;0%;0.06;0.4;0.0;0.2;0%;0;0;0;3;0.2;1.19;0.1;93%;43.9;0.1;0.3;1.9;0.1;0.0;0;0.1;0.0;0;0.1;1;0;3.8;18.8;1.0;2.9;4.0;75;20;1;0.7;1.5;0.8;10;1;0;9.9;5.9;No recurring injuries;Average;5.4;77;1.3;0;0;0;0;0;0;0;0;0;0;1.4;1.0
First Division;Granada;Sergio Ruiz;M (C);;DM, M (C);31;"5'7""";£11.75K - £18.75K p/w;£550K - £5.4M;Fairly Strong;Very Strong;6.71;0;1006;0;0;0.0;0.27;0.27;-0.27;0.0;0%;0.0675;0.4;0.1;0.3;25%;0;0;0;5;0.4;1.72;0.2;92%;55.8;0.3;0.8;6.9;0.3;0.0;0;0.1;0.0;0;0.2;4;0;6.9;12.0;1.3;2.1;6.2;82;17;0;0.5;0.7;0.0;6;0;0;11.6;11.3;No recurring injuries;Above Average;1.7;47;0.1;0;0;0;0;0;0;0;0;0;0;1.3;1.7
Sky Bet Championship;Derby;Max Johnston;WB (R);M (RC);D/WB (R), M (RC);22;"6'1""";£13.25K - £19.25K p/w;£140K - £8.8M;Fairly Strong;Very Strong;6.97;0;1263;0;0;0.0;0.35;0.35;-0.35;0.0;0%;0.116666666666667;0.2;0.1;0.1;33%;0;0;0;3;0.2;2.81;0.2;86%;42.4;0.1;1.4;4.5;6.9;1.3;18;6.9;1.3;19;2.4;15;5;14.3;11.0;2.5;2.9;9.5;76;46;1;0.4;0.9;0.4;17;0;0;13.0;26.5;No recurring injuries;Below Average;4.3;53;0.4;0;0;0;0;0;0;0;0;0;0;1.1;0.9
First Division;Levante;Oriol Rey;DM;;DM, M (C);28;"5'11""";£12.5K - £19.25K p/w;£140K - £1.4M;Very Strong;Weak;6.66;0;1334;0;0;0.0;0.49;0.49;-0.49;0.0;0%;0.098;0.3;0.1;0.1;20%;0;0;0;0;0.0;0.62;0.0;92%;44.9;0.0;0.5;5.7;0.0;0.0;0;0.0;0.0;0;0.1;8;1;9.9;9.9;1.4;1.8;5.4;75;28;1;0.5;0.5;0.3;14;2;0;9.8;10.3;No recurring injuries;Average;3.0;45;0.3;0;0;0;0;0;0;0;0;0;0;0.5;1.6
First Division;Getafe;Juan Iglesias;D (R);D (C);D (RC), WB (R);28;"6'1""";£26.5K - £39.5K p/w;£1M - £9.8M;Weak;Very Strong;6.67;1;1271;0;0;0.0;0.2;0.2;-0.2;0.0;0%;0.2;0.1;0.0;0.0;0%;0;0;0;0;0.0;1.65;0.1;83%;47.6;0.0;1.8;5.1;5.8;1.1;19;5.8;1.1;20;2.5;11;7;18.9;7.0;1.7;2.5;9.6;73;33;1;0.4;0.4;0.7;26;3;0;11.5;23.7;No recurring injuries;Average;3.6;61;0.6;0;0;0;0;0;0;0;0;0;0;1.0;1.6
Serie A;Sampdoria;Gaëtan Coucke;GK;;GK;28;"6'2""";£17K - £28K p/w;£500K - £5.2M;Weak;Very Strong;6.53;1;1620;0;0;0.0;0;0;0;0.0;0%;0;0.0;0.0;0.0;0%;0;0;0;0;0.0;0;0.0;74%;25.3;0.0;0.1;0.0;0.0;0.0;0;0.0;0.0;0;0.0;9;0;7.7;2.2;0.1;0.0;0.0;50;2;0;0.0;2.4;0.0;0;0;0;5.2;0.0;No recurring injuries;Very Low;0.0;0;0.0;1;-1.66;0;72;18;39;13;31;2;50;0.7;1.6
Serie A;Cagliari;Michel Ndary Adopo;DM, M (C);;DM, M (C);26;"6'2""";£17K - £24.5K p/w;£15M - £19.5M;Reasonable;Very Strong;6.88;0;1566;0;0;0.0;0.27;0.27;-0.27;0.0;0%;0.045;0.3;0.0;0.2;0%;0;0;0;0;0.0;3.39;0.2;92%;57.6;0.6;0.7;6.6;0.1;0.1;50;0.1;0.1;50;0.1;10;1;7.2;11.6;0.9;3.2;4.7;73;22;1;0.5;0.7;0.2;16;1;0;12.5;11.8;No recurring injuries;Very Low;1.9;55;0.2;0;0;0;0;0;0;0;0;0;0;0.3;1.3
Jupiler Pro League;Standard;Mohammed El Hankouri;AM (L);D/WB (RL), DM, M (RL);D/WB (RL), DM, M/AM (RL);29;"5'9""";£10.25K - £15.75K p/w;£750K - £7.4M;Reasonable;Very Strong;7.06;1;1221;0;0;0.0;0.59;0.59;-0.59;0.0;0%;0.118;0.4;0.1;0.1;20%;1;0;0;3;0.2;1.58;0.1;93%;51.6;0.3;1.4;6.0;0.7;0.3;44;0.7;0.3;44;0.6;8;0;8.8;10.2;1.1;2.7;6.6;88;17;0;0.8;1.5;0.0;12;4;0;11.1;11.1;No recurring injuries;High;1.7;57;0.1;0;0;0;0;0;0;0;0;0;0;1.1;1.0
Second Division;Almería;Álex Centelles;D (L);;D/WB (L);27;"6'1""";£7.25K - £12.75K p/w;£350K - £3.5M;Very Strong;Weak;6.99;2;1737;0;0;0.0;1.2;1.2;-1.2;0.1;0%;0.24;0.3;0.1;0.1;20%;0;0;0;1;0.1;1.48;0.1;86%;54.9;0.1;1.0;8.2;2.4;0.5;21;2.4;0.5;21;0.9;10;0;13.8;13.8;1.7;3.1;7.0;78;41;0;0.4;0.9;0.2;20;2;0;11.9;15.4;No recurring injuries;Low;4.0;78;0.5;0;0;0;0;0;0;0;0;0;0;1.2;1.0
Premier League;Gil Vicente;Ali Abdi;D (L);M (L);D/WB/M (L);32;"6'0""";£8.5K - £13K p/w;Unknown;Very Weak;Very Weak;6.82;0;1123;0;0;0.0;0.02;0.02;-0.02;0.0;0%;0.02;0.1;0.0;0.1;0%;0;0;0;1;0.1;0.42;0.0;86%;49.1;0.2;1.5;5.9;5.6;1.4;25;5.6;1.4;26;1.8;12;3;18.7;10.3;3.2;3.2;8.2;85;47;0;0.2;0.9;0.2;40;3;0;12.3;21.5;No recurring injuries;Below Average;3.0;70;0.5;0;0;0;0;0;0;0;0;0;0;0.9;1.2
Serie BKT;Cremonese;Alberto Grassi;DM;;DM, M (C);31;"6'0""";£21.5K - £24.5K p/w;Not for Sale;Reasonable;Very Strong;7.35;1;1350;0;0;0.0;1;1;-1;0.1;0%;0.142857142857143;0.5;0.2;0.0;43%;0;0;0;2;0.1;1.52;0.1;70%;20.0;0.0;0.0;0.0;0.0;0.0;0;0.0;0.0;0;0.0;25;0;0.0;0.0;2.0;0.0;0.0;86;35;0;0.0;0.0;0.0;16;0;1;0.0;0.0;No recurring injuries;Very Low;0.0;0;0.0;0;0;0;0;0;0;0;0;0;0;0.0;0.0
Eredivisie;Feyenoord;Gijs Smal;D (L);M (L);D/WB/M (L);29;"6'0""";£11.5K - £19.5K p/w;£6.8M - £8.8M;Very Strong;Reasonable;7.01;2;1606;0;0;0.0;0;0;0;0.0;0%;0;0.1;0.0;0.1;0%;0;0;0;4;0.2;1.02;0.1;93%;64.4;0.1;1.1;7.6;1.0;0.3;27;1.0;0.3;28;0.4;8;4;9.5;13.0;1.8;2.6;6.4;68;47;2;0.6;1.1;0.3;16;3;0;11.6;15.1;No recurring injuries;Average;2.7;56;0.2;0;0;0;0;0;0;0;0;0;0;1.6;1.0
Second Division;Almería;Alejandro Pozo;D (R);M (R);D/WB/M/AM (R);27;"5'9""";£15K - £23K p/w;£2.8M - £6M;Reasonable;Very Strong;6.81;0;1761;0;0;0.0;0.77;0.77;-0.77;0.0;0%;0.154;0.3;0.1;0.1;20%;0;0;0;1;0.1;0.8;0.0;88%;61.1;0.1;0.6;7.5;1.2;0.2;17;1.2;0.2;17;1.3;13;2;13.3;12.5;2.1;2.9;7.3;91;45;1;0.5;0.7;0.4;18;2;0;11.7;14.3;No recurring injuries;Above Average;2.9;29;0.2;0;0;0;0;0;0;0;0;0;0;1.3;1.0
Serie BKT;Catanzaro;Rémi Oudin;AM (C);DM, AM (L);DM, M (C), AM (RLC);30;"6'1""";£8.25K - £14K p/w;£240K - £2.4M;Very Strong;Weak;6.98;0;1350;0;0;0.0;2.07;2.07;-2.07;0.1;0%;0.09;1.5;0.5;0.0;30%;0;0;0;2;0.1;1.48;0.1;64%;20.0;0.0;0.0;0.0;0.0;0.0;0;0.0;0.0;0;0.0;30;0;0.0;0.0;1.1;0.0;0.0;80;20;0;0.0;0.0;0.0;23;0;1;0.0;0.0;No recurring injuries;Very Low;0.0;0;0.0;0;0;0;0;0;0;0;0;0;0;0.0;0.0
Ligue 1 McDonald's;Strasbourg;Vítězslav Jaroš;GK;;GK;25;"6'3""";£18.75K - £29K p/w;£3.1M;Weak;Very Strong;6.75;1;1980;0;0;0.0;0;0;0;0.0;0%;0;0.0;0.0;0.0;0%;0;0;0;0;0.0;0;0.0;85%;23.0;0.0;0.0;0.3;0.0;0.0;0;0.0;0.0;0;0.0;5;0;10.3;4.4;0.0;0.1;0.0;50;2;0;0.0;2.1;0.0;0;0;0;5.7;0.0;No recurring injuries;Below Average;0.0;0;0.0;5;0.31;0;78;29;37;13;24;2;50;1.2;1.1
Bundesliga 2;Hertha BSC;Tjark Ernst;GK;;GK;23;"6'4""";£11K - £17.25K p/w;£2M - £4.4M;Weak;Very Strong;7.01;3;1350;0;0;0.0;0;0;0;0.0;0%;0;0.0;0.0;0.0;0%;0;0;0;0;0.0;0;0.0;78%;23.9;0.0;0.0;0.0;0.0;0.0;0;0.0;0.0;0;0.0;1;0;8.8;3.1;0.1;0.0;0.0;33;3;0;0.0;2.5;0.0;0;0;0;5.6;0.0;No recurring injuries;Average;0.0;0;0.0;6;6.29;0;79;11;32;4;13;3;33;1.3;0.9
Second Division;Tenerife;Dani Martín;GK;;GK;28;"6'2""";£3.3K - £5.5K p/w;£900K - £2.1M;Weak;Very Strong;6.63;1;1710;0;0;0.0;0;0;0;0.0;0%;0;0.0;0.0;0.0;0%;0;0;0;0;0.0;0;0.0;90%;23.9;0.0;0.0;0.1;0.0;0.0;0;0.0;0.0;0;0.0;7;0;7.9;5.7;0.0;0.0;0.0;0;0;0;0.0;1.5;0.0;0;0;0;5.5;0.1;No recurring injuries;Very Low;0.0;0;0.0;2;-2.58;0;73;14;37;14;24;0;0;1.0;1.3
First Division;Getafe;Juan Berrocal;D (C);;D (C);27;"6'2""";£16.25K - £25K p/w;£5M - £6.4M;Fairly Strong;Very Strong;6.84;0;1389;0;0;0.0;0.94;0.94;-0.94;0.1;0%;0.134285714285714;0.5;0.2;0.3;43%;0;0;0;2;0.1;1.15;0.1;85%;43.2;0.1;0.3;2.1;0.0;0.0;0;0.0;0.0;0;0.1;3;0;5.8;9.7;0.4;2.7;3.2;86;7;2;0.7;1.2;0.3;8;4;0;10.1;4.2;No recurring injuries;Above Average;5.5;80;1.0;0;0;0;0;0;0;0;0;0;0;0.9;1.5
Serie BKT;Cittadella;Alessio Vita;M (C);M/AM (L);M/AM (RLC);33;"5'9""";£2K - £3.1K p/w;£140K - £450K;Weak;Very Strong;6.71;0;1260;0;0;0.0;3.33;3.33;-3.33;0.2;0%;0.144782608695652;1.6;0.5;0.0;30%;0;0;0;1;0.1;1.78;0.1;72%;20.0;0.0;0.0;0.0;0.0;0.0;0;0.0;0.0;0;0.0;19;0;0.0;0.0;0.8;0.0;0.0;85;13;0;0.0;0.0;0.0;18;0;0;0.0;0.0;No recurring injuries;Very Low;0.0;0;0.0;0;0;0;0;0;0;0;0;0;0;0.0;0.0
Eredivisie;Ajax;Maher Carrizo;AM (R);;AM (R), ST (C);20;"5'11""";£31.5K - £45K p/w;£14.5M - £19.5M;Very Strong;Weak;7.09;0;1038;7;148.285714285714;0.6;4.41;4.41;2.59;0.4;21%;0.133636363636364;2.9;1.5;1.0;52%;0;1;100;1;0.1;1.62;0.1;88%;30.3;0.2;1.9;1.6;2.0;0.3;17;1.5;0.3;18;1.9;16;9;17.9;2.9;0.9;1.3;4.2;71;14;0;0.1;0.2;0.0;8;0;0;10.4;7.6;No recurring injuries;Below Average;5.9;22;0.2;0;0;0;0;0;0;0;0;0;0;1.9;0.9
Serie BKT;Pisa;Mattéo Tramoni;AM (C);AM (RL), ST (C);AM (RLC), ST (C);26;"5'9""";£21.5K - £31K p/w;£6M - £9.6M;Reasonable;Very Strong;7.11;2;1335;9;148.333333333333;0.6;5.13;5.13;3.87;0.3;23%;0.12825;2.7;1.4;0.1;53%;0;0;0;2;0.1;0.77;0.1;70%;23.3;0.0;0.2;0.2;1.6;0.1;8;0.1;0.0;0;0.2;21;2;2.7;1.8;0.6;0.5;0.5;64;14;0;0.1;0.0;0.0;14;0;0;1.9;1.2;No recurring injuries;Very Low;1.2;39;0.0;0;0;0;0;0;0;0;0;0;0;0.4;0.1
Premier League;Birmingham;August Priske;ST (C);AM (L);AM (L), ST (C);22;"6'2""";£54K - £62K p/w;£14.5M - £18M;Reasonable;Very Strong;6.89;1;1079;7;154.142857142857;0.6;3.86;3.86;3.14;0.3;30%;0.167826086956522;1.9;1.0;0.6;52%;1;0;0;2;0.2;0.62;0.1;93%;33.8;0.0;0.8;0.6;0.2;0.0;0;0.2;0.0;0;0.8;6;17;7.2;2.3;0.7;1.1;3.1;80;10;0;0.1;0.4;0.0;18;0;0;11.9;6.9;No recurring injuries;Below Average;7.0;39;0.3;0;0;0;0;0;0;0;0;0;0;1.7;2.5
Eredivisie;FC Groningen;Brynjólfur Willumsson;ST (C);AM (C);AM (C), ST (C);26;"6'1""";£2.1K - £3.3K p/w;£350K - £3.4M;Reasonable;Very Strong;7.06;0;1334;8;166.75;0.5;4.41;4.41;3.59;0.3;20%;0.107560975609756;2.8;1.2;1.1;44%;2;0;0;4;0.3;2.13;0.1;88%;24.5;0.1;0.9;0.9;0.6;0.1;22;0.6;0.1;22;0.4;23;8;19.5;2.8;0.1;0.7;1.3;50;4;0;0.2;0.2;0.0;12;0;0;9.8;5.5;No recurring injuries;Average;8.3;37;0.1;0;0;0;0;0;0;0;0;0;0;1.3;0.9
Eredivisie;sc Heerenveen;Jaka Čuber Potočnik;ST (C);;ST (C);21;"6'2""";£3.7K - £5.25K p/w;£650K - £6.8M;Reasonable;Very Strong;6.83;2;1184;7;169.142857142857;0.5;3.96;3.96;3.04;0.3;21%;0.12;2.5;1.4;0.8;55%;1;3;100;0;0.0;0.06;0.0;91%;24.5;0.1;1.1;0.8;0.2;0.1;33;0.2;0.1;33;0.5;18;7;21.4;1.0;0.2;0.5;1.5;60;5;1;0.2;0.4;0.0;14;0;0;10.0;5.2;No recurring injuries;Average;7.3;31;0.0;0;0;0;0;0;0;0;0;0;0;1.1;0.6
Second Division;Córdoba;Adrián Fuentes;ST (C);AM (L);AM (RL), ST (C);30;"6'1""";£4.8K - £7.5K p/w;£275K - £2.7M;Very Strong;Reasonable;6.98;1;1535;9;170.555555555556;0.5;7.15;7.15;1.85;0.4;12%;0.0953333333333333;4.4;1.8;1.8;41%;4;1;100;2;0.1;1.49;0.1;88%;26.5;0.2;1.0;0.9;0.6;0.0;0;0.6;0.0;0;0.8;31;15;18.4;1.8;0.4;0.9;1.4;60;10;1;0.0;0.1;0.0;16;2;0;10.5;5.0;No recurring injuries;Below Average;8.1;38;0.0;0;0;0;0;0;0;0;0;0;0;1.3;1.0
Eredivisie;FC Utrecht;David Min;ST (C);AM (C);AM (C), ST (C);27;"6'4""";£2.3K - £3.4K p/w;£750K - £7.4M;Reasonable;Very Strong;7.02;2;1029;6;171.5;0.5;7.49;7.49;-1.49;0.7;11%;0.136181818181818;4.8;2.1;1.2;44%;0;0;0;2;0.2;1.58;0.1;89%;31.0;0.2;1.0;0.9;0.3;0.0;0;0.3;0.0;0;0.9;15;10;23.1;1.5;0.2;0.8;1.9;100;2;0;0.1;0.1;0.0;12;0;0;10.2;7.5;No recurring injuries;Below Average;7.5;48;0.1;0;0;0;0;0;0;0;0;0;0;1.3;1.0
Premier League;VTSC;Gustavo Silva;AM (R);ST (C);AM (RL), ST (C);27;"5'11""";£4.1K - £6K p/w;Unknown;Very Weak;Very Weak;7.11;2;1208;7;172.571428571429;0.5;5.44;4.63;1.56;0.4;23%;0.181333333333333;2.2;1.3;0.7;57%;1;4;75;2;0.1;1.5;0.1;91%;41.9;0.3;1.9;3.5;2.8;0.4;15;2.8;0.4;16;2.9;15;5;22.9;5.7;1.5;1.5;9.8;87;23;0;0.4;0.8;0.0;16;0;0;11.6;16.5;No recurring injuries;Above Average;3.5;49;0.0;0;0;0;0;0;0;0;0;0;0;1.8;1.0
Second Division;Tenerife;Gastón Valles;ST (C);;ST (C);25;"6'4""";£3.3K - £5.75K p/w;£75K - £750K;Very Strong;Reasonable;6.76;2;1583;9;175.888888888889;0.5;6.91;6.91;2.09;0.4;17%;0.132884615384615;3.0;1.4;0.8;48%;2;0;0;1;0.1;1.6;0.1;87%;26.0;0.2;0.6;0.5;0.2;0.1;25;0.2;0.1;25;1.3;21;18;21.0;2.0;0.2;0.8;1.5;75;4;0;0.1;0.1;0.0;16;2;0;9.5;5.2;No recurring injuries;Below Average;8.3;47;0.0;0;0;0;0;0;0;0;0;0;0;1.0;1.1
Sky Bet Championship;Sheffield United;Tom Cannon;ST (C);;ST (C);23;"5'11""";£23.5K - £33.5K p/w;£6.2M - £10M;Weak;Very Strong;6.81;0;1773;10;177.3;0.5;7.79;5.36;2.21;0.4;20%;0.152745098039216;2.6;1.4;0.7;55%;1;4;25;1;0.1;0.86;0.0;86%;27.2;0.1;1.0;1.0;0.5;0.3;60;0.5;0.3;60;0.5;37;19;17.3;2.5;0.1;0.5;1.8;50;4;0;0.1;0.0;0.0;20;1;0;10.3;6.4;No recurring injuries;Below Average;6.7;24;0.2;0;0;0;0;0;0;0;0;0;0;1.6;1.4
Second Division;Tarragona;Marcos Baselga;ST (C);AM (RL);AM (RL), ST (C);27;"5'11""";£12K - £17.25K p/w;£130K - £1.3M;Reasonable;Very Strong;6.87;2;1665;9;185;0.5;6.26;5.45;2.74;0.3;19%;0.133191489361702;2.5;1.5;0.7;57%;1;2;50;1;0.1;1.27;0.1;85%;25.1;0.2;0.8;0.5;0.4;0.2;57;0.4;0.2;57;0.8;47;17;18.7;2.2;0.1;0.6;1.3;50;2;0;0.2;0.1;0.0;20;0;0;10.5;5.9;No recurring injuries;Average;7.2;26;0.1;0;0;0;0;0;0;0;0;0;0;1.2;1.5
Ligue 2 BKT;USL Dunkerque;Thomas Robinet;ST (C);;AM (C), ST (C);30;"5'11""";£3.5K - £5.75K p/w;£160K - £1.6M;Weak;Very Strong;6.99;1;1330;7;190;0.5;5.32;5.32;1.68;0.4;14%;0.104313725490196;3.5;1.9;1.2;55%;0;0;0;3;0.2;2.12;0.1;88%;27.3;0.1;0.9;0.8;0.3;0.0;0;0.3;0.0;0;0.7;26;12;16.8;2.8;0.3;0.6;1.3;80;5;0;0.1;0.3;0.0;13;0;0;9.7;7.1;No recurring injuries;Below Average;7.9;21;0.1;0;0;0;0;0;0;0;0;0;0;1.2;0.6
Serie BKT;Palermo;Jérémy Le Douaron;AM (R);AM (C);AM (RLC), ST (C);28;"6'2""";£7.75K - £9.25K p/w;£210K - £2.1M;Very Strong;Reasonable;7.05;0;1337;7;191;0.5;4.38;4.38;2.62;0.3;15%;0.09125;3.2;1.7;0.3;52%;0;0;0;1;0.1;1.63;0.1;71%;25.6;0.0;0.4;0.7;0.3;0.1;50;0.3;0.1;50;0.1;20;0;6.0;2.0;1.0;0.3;1.2;68;22;0;0.1;0.0;0.0;23;1;0;3.3;3.0;No recurring injuries;Very Low;0.7;55;0.0;0;0;0;0;0;0;0;0;0;0;0.3;0.2
Ligue 2 BKT;FC Nantes;Jeppe Erenbjerg;AM (R);M (RL), AM (LC);M (RL), AM (RLC);26;"6'0""";£4.5K - £6.75K p/w;£240K - £2.4M;Very Strong;Reasonable;7.30;3;1000;5;200;0.5;3.4;3.4;1.6;0.3;18%;0.121428571428571;2.5;1.0;1.0;39%;0;0;0;2;0.2;3.65;0.3;89%;43.3;0.5;1.8;3.6;3.2;0.5;16;3.2;0.5;17;5.2;11;1;15.3;6.8;1.1;2.4;9.5;100;12;0;0.5;0.6;0.0;8;0;0;11.0;13.6;No recurring injuries;Below Average;3.6;58;0.2;0;0;0;0;0;0;0;0;0;0;1.4;0.8
Second Division;Leganés;Diego García;ST (C);;ST (C);26;"6'1""";£5.25K - £6.25K p/w;£130K - £1.3M;Fairly Strong;Very Strong;6.99;1;1403;7;200.428571428571;0.4;3.79;3.79;3.21;0.2;22%;0.1184375;2.1;1.3;0.8;66%;0;3;100;1;0.1;1.76;0.1;91%;30.8;0.2;0.8;0.4;0.5;0.2;37;0.5;0.2;38;0.3;37;15;18.4;1.5;0.3;0.6;1.3;100;4;0;0.0;0.4;0.0;14;0;0;10.1;7.8;No recurring injuries;Average;8.0;35;0.3;0;0;0;0;0;0;0;0;0;0;1.0;0.9
Ligue 2 BKT;FC Metz;Rémi Himbert;ST (C);AM (R);AM (RL), ST (C);18;"5'10""";£1.5K - £2.6K p/w;£8M - £10.5M;Weak;Very Strong;6.82;0;1009;5;201.8;0.4;2.75;2.75;2.25;0.2;13%;0.0723684210526316;3.4;2.0;1.5;58%;2;0;0;0;0.0;1.49;0.1;90%;30.0;0.3;0.8;0.6;0.2;0.0;0;0.2;0.0;0;0.9;14;10;13.4;2.3;0.1;1.0;1.2;50;2;0;0.1;0.4;0.0;10;0;0;10.1;8.0;No recurring injuries;Above Average;8.6;35;0.0;0;0;0;0;0;0;0;0;0;0;1.2;0.5
Second Division;Valladolid;Arnu;ST (C);;ST (C);19;"6'1""";£3.1K - £4.8K p/w;£11.5M - £15.5M;Weak;Very Strong;6.81;0;1289;6;214.833333333333;0.4;3.55;3.55;2.45;0.2;14%;0.0825581395348837;3.0;1.7;1.1;58%;0;0;0;2;0.1;0.88;0.1;88%;25.6;0.1;1.3;0.9;0.7;0.2;30;0.7;0.2;30;0.6;19;7;16.3;3.0;0.1;0.8;2.2;40;5;0;0.3;0.1;0.0;12;2;1;10.6;6.1;No recurring injuries;Below Average;8.5;32;0.2;0;0;0;0;0;0;0;0;0;0;1.7;1.1
Jupiler Pro League;Standard;Grejohn Kyei;ST (C);;ST (C);31;"6'2""";£5K - £8.25K p/w;Not for Sale;Fairly Strong;Very Strong;6.87;1;1513;7;216.142857142857;0.4;6.8;6.8;0.2;0.4;12%;0.113333333333333;3.6;1.8;1.1;50%;3;3;100;1;0.1;0.92;0.1;87%;27.1;0.1;1.3;1.1;0.5;0.2;37;0.5;0.2;38;0.6;30;11;20.1;2.0;0.1;0.7;1.3;50;2;0;0.1;0.1;0.0;11;1;0;10.0;7.9;No recurring injuries;Above Average;7.3;35;0.1;0;0;0;0;0;0;0;0;0;0;1.0;0.9
Sky Bet Championship;Bristol City;Emil Riis;ST (C);;ST (C);28;"6'3""";£16.75K - £22.5K p/w;£850K - £8.2M;Reasonable;Very Strong;6.81;1;1753;8;219.125;0.4;5.66;5.66;2.34;0.3;20%;0.138048780487805;2.1;1.2;0.5;56%;1;1;100;2;0.1;0.92;0.0;88%;26.5;0.3;0.4;0.5;0.4;0.1;28;0.3;0.1;40;1.2;24;19;18.6;1.4;0.2;1.1;1.3;100;3;0;0.3;0.3;0.0;21;2;0;9.7;7.7;No recurring injuries;Below Average;7.2;19;0.1;0;0;0;0;0;0;0;0;0;0;1.7;1.1
Sky Bet Championship;QPR;Richard Koné;ST (C);AM (C);AM (C), ST (C);23;"6'1""";£12K - £17K p/w;£800K - £8M;Reasonable;Very Strong;6.83;0;2004;9;222.666666666667;0.4;7.82;7.82;1.18;0.4;15%;0.132542372881356;2.6;1.3;0.6;51%;1;0;0;3;0.1;1.51;0.1;90%;24.8;0.0;1.3;1.0;0.5;0.2;36;0.5;0.2;36;0.7;35;12;21.9;1.6;0.2;0.5;1.8;44;9;0;0.0;0.1;0.0;14;1;0;10.3;5.6;No recurring injuries;Low;8.2;40;0.1;0;0;0;0;0;0;0;0;0;0;1.1;1.4
Serie BKT;Venezia;Lion Lauberbach;ST (C);;ST (C);28;"6'4""";£4.7K - £7.75K p/w;£3.1M - £6.6M;Very Strong;Weak;7.61;0;1350;6;225;0.4;6.58;6.58;-0.58;0.4;14%;0.149545454545455;2.9;1.8;0.0;61%;0;0;0;1;0.1;0.4;0.0;60%;20.0;0.0;0.0;0.0;0.0;0.0;0;0.0;0.0;0;0.0;21;0;0.0;0.0;1.1;0.0;0.0;68;25;0;0.0;0.0;0.0;16;0;0;0.0;0.0;No recurring injuries;Very Low;0.0;0;0.0;0;0;0;0;0;0;0;0;0;0;0.0;0.0
Ligue 1 McDonald's;Reims;Keito Nakamura;AM (L);AM (RC), ST (C);AM (RLC), ST (C);26;"5'11""";£29K - £33K p/w;£11.5M - £14M;Reasonable;Very Strong;6.85;0;1127;5;225.4;0.4;2.51;2.51;2.49;0.2;17%;0.086551724137931;2.3;1.0;1.0;41%;0;0;0;4;0.3;1.72;0.1;90%;32.0;0.1;1.4;1.7;0.6;0.2;28;0.6;0.2;29;0.7;19;5;15.4;3.2;0.1;0.9;2.2;50;2;0;0.2;0.1;0.0;13;0;0;11.4;7.4;No recurring injuries;Above Average;5.7;23;0.0;0;0;0;0;0;0;0;0;0;0;1.2;1.6
Sky Bet Championship;Cardiff;Cian Ashford;AM (R);AM (LC);AM (RLC);22;"5'11""";£3.6K - £4K p/w;£4.8M - £6.2M;Weak;Very Strong;6.90;1;1609;7;229.857142857143;0.4;3.12;3.12;3.88;0.2;28%;0.1248;1.4;0.8;0.3;60%;1;0;0;1;0.1;2.38;0.1;84%;40.7;0.1;1.5;3.0;4.0;1.0;25;4.0;1.0;25;5.0;24;9;17.3;5.0;1.8;1.8;9.2;89;37;1;0.2;0.4;0.0;16;0;0;11.4;14.7;No recurring injuries;Above Average;4.6;25;0.1;0;0;0;0;0;0;0;0;0;0;1.5;1.5
Bundesliga 2;Holstein Kiel;Andu Kelati;AM (L);M (LC), AM (RC);M (LC), AM (RLC);24;"5'10""";£4.2K - £7K p/w;£200K - £2M;Weak;Very Strong;7.08;3;1381;6;230.166666666667;0.4;2.12;2.12;3.88;0.1;26%;0.0921739130434783;1.5;1.0;0.5;65%;1;1;100;2;0.1;4.91;0.3;91%;43.2;0.5;1.1;2.7;2.0;0.3;16;2.0;0.3;17;4.8;16;4;20.5;4.3;0.8;2.5;9.4;75;16;0;0.4;0.8;0.0;22;0;0;11.4;15.4;No recurring injuries;Above Average;4.2;46;0.0;0;0;0;0;0;0;0;0;0;0;0.9;1.0
Premier League;Santa Clara;João Costa;ST (C);;ST (C);26;"6'1""";£440 - £750 p/w;Unknown;Very Weak;Very Weak;6.62;0;1163;5;232.6;0.4;3.9;3.9;1.1;0.3;15%;0.118181818181818;2.6;0.8;0.9;30%;0;0;0;0;0.0;0.65;0.1;83%;25.0;0.1;0.6;0.5;0.2;0.0;0;0.2;0.0;0;0.5;22;9;24.3;2.6;0.2;0.6;1.3;40;5;0;0.1;0.2;0.0;14;0;0;10.6;9.3;No recurring injuries;Below Average;7.4;16;0.2;0;0;0;0;0;0;0;0;0;0;1.1;1.2
Jupiler Pro League;OH Leuven;Chukwubuikem Ikwuemesi;ST (C);;ST (C);25;"6'5""";£4K - £7K p/w;£300K - £3M;Reasonable;Very Strong;6.79;1;1861;8;232.625;0.4;7.43;7.43;0.57;0.4;13%;0.119838709677419;3.0;1.4;0.8;45%;0;1;100;1;0.0;1.1;0.1;91%;31.5;0.2;1.2;1.0;0.4;0.1;22;0.4;0.1;22;0.4;38;7;18.7;2.2;0.2;0.6;2.2;71;7;1;0.1;0.2;0.0;12;0;0;10.2;8.1;No recurring injuries;Below Average;8.1;31;0.1;0;0;0;0;0;0;0;0;0;0;1.1;1.2
Eredivisie;Fortuna Sittard;Sylla Sow;ST (C);;ST (C);30;"6'0""";£3.9K - £6.5K p/w;£3.7M - £7.6M;Weak;Very Strong;6.84;1;1186;5;237.2;0.4;5.13;5.13;-0.13;0.4;12%;0.119302325581395;3.3;1.8;1.2;56%;0;1;100;0;0.0;0.14;0.0;90%;26.0;0.2;1.1;1.1;0.5;0.1;16;0.5;0.1;17;0.5;24;4;15.7;2.4;0.1;0.6;1.3;25;4;0;0.2;0.2;0.0;5;0;0;10.2;5.1;No recurring injuries;Below Average;8.0;25;0.0;0;0;1;0;0;0;0;0;0;0;1.2;1.0
Jupiler Pro League;Cercle Brugge;Kaj Sierhuis;ST (C);;ST (C);28;"5'11""";£7.75K - £11.25K p/w;£130K - £1.3M;Weak;Very Strong;6.75;0;1190;5;238;0.4;3.33;3.33;1.67;0.3;14%;0.0925;2.7;1.1;1.2;42%;1;1;100;1;0.1;0.87;0.1;89%;31.2;0.2;0.2;0.2;0.2;0.1;33;0.2;0.1;33;1.2;20;15;22.1;1.9;0.1;1.5;0.7;50;2;0;0.3;0.3;0.0;13;0;0;10.7;6.7;No recurring injuries;High;7.9;33;0.0;0;0;0;0;0;0;0;0;0;0;0.8;1.1
Eredivisie;NAC Breda;Thomas Buitink;ST (C);AM (RL);AM (RL), ST (C);26;"5'9""";£3.7K - £5.25K p/w;£400K - £4M;Weak;Very Strong;6.76;0;1191;5;238.2;0.4;3.63;3.63;1.37;0.3;18%;0.129642857142857;2.1;1.0;0.8;46%;0;0;0;1;0.1;1.26;0.1;91%;26.6;0.4;1.1;0.9;0.4;0.2;60;0.4;0.2;60;0.8;28;4;27.4;1.1;0.5;0.6;1.7;100;7;0;0.2;0.2;0.0;12;1;0;10.1;4.6;No recurring injuries;Below Average;7.4;22;0.1;0;0;0;0;0;0;0;0;0;0;0.8;1.5
Sky Bet Championship;Millwall;Mihailo Ivanović;ST (C);AM (C);AM (C), ST (C);22;"6'2""";£12.25K - £17.25K p/w;£7.8M - £13M;Fairly Strong;Very Strong;6.92;1;1438;6;239.666666666667;0.4;4.19;4.19;1.81;0.3;15%;0.10475;2.5;1.1;0.8;45%;0;1;100;0;0.0;0.78;0.0;90%;29.6;0.1;1.2;0.8;0.3;0.1;40;0.3;0.1;40;0.4;36;9;15.6;2.3;0.1;0.6;1.5;33;6;0;0.0;0.2;0.0;14;1;0;10.0;5.8;No recurring injuries;High;7.3;29;0.1;0;0;0;0;0;0;0;0;0;0;1.4;0.9
Second Division;Almería;Thalys;ST (C);AM (R);AM (RC), ST (C);21;"6'0""";£4.4K - £6.75K p/w;£700K - £7.2M;Very Strong;Reasonable;6.72;0;1215;5;243;0.4;4.26;4.26;0.74;0.3;13%;0.1065;3.0;1.3;1.1;43%;1;0;0;1;0.1;1.5;0.1;83%;26.4;0.2;1.5;1.3;0.5;0.1;28;0.5;0.1;29;0.4;18;15;15.4;1.9;0.1;0.4;1.9;33;3;0;0.1;0.1;0.0;16;0;0;9.7;4.7;No recurring injuries;Average;7.6;30;0.1;0;0;0;0;0;0;0;0;0;0;1.2;1.2
Ligue 2 BKT;EA Guingamp;Gautier Ott;AM (L);M (L);M/AM (L);24;"5'10""";£1.9K - £3.1K p/w;£85K - £850K;Very Strong;Weak;7.15;1;1217;5;243.4;0.4;0.93;0.93;4.07;0.1;29%;0.0547058823529412;1.3;0.6;0.7;47%;0;0;0;0;0.0;2.92;0.2;88%;42.4;0.3;1.6;3.3;2.5;0.8;32;2.5;0.8;32;4.1;12;2;17.0;4.5;0.6;2.4;9.2;53;15;0;0.4;0.8;0.0;5;0;0;11.4;12.1;No recurring injuries;Average;3.8;25;0.1;0;0;0;0;0;0;0;0;0;0;1.0;0.9
Sky Bet Championship;Derby;Patrick Agyemang;ST (C);;ST (C);26;"6'4""";£10K - £14.25K p/w;£375K - £3.8M;Fairly Strong;Very Strong;6.83;1;1462;6;243.666666666667;0.4;4.22;4.22;1.78;0.3;16%;0.111052631578947;2.3;0.9;0.7;39%;0;0;0;0;0.0;2.06;0.1;88%;25.2;0.2;0.9;0.5;0.4;0.3;71;0.4;0.3;71;1.1;37;15;21.1;1.5;0.1;0.9;1.3;25;4;0;0.2;0.5;0.0;14;0;0;10.5;5.7;No recurring injuries;Below Average;8.7;56;0.1;0;0;0;0;0;0;0;0;0;0;0.9;0.8
Bundesliga 2;1. FC Heidenheim 1846;Francis Onyeka;AM (C);AM (RL);M (C), AM (RLC);19;"6'3""";£9.75K - £15K p/w;£5M - £6.6M;Very Strong;Weak;6.82;0;1000;4;250;0.4;3.95;3.95;0.05;0.4;13%;0.12741935483871;2.8;0.9;0.7;32%;1;0;0;1;0.1;1.08;0.1;90%;43.3;0.5;1.5;3.1;3.1;0.4;11;0.7;0.1;13;2.2;5;4;15.7;11.2;0.3;1.5;5.0;60;5;1;0.4;0.2;0.0;5;1;0;12.1;10.8;No recurring injuries;Below Average;3.3;16;0.0;0;0;0;0;0;0;0;0;0;0;1.3;1.1
Ligue 1 McDonald's;FC Lorient;Mohamed Bamba;ST (C);AM (R);AM (R), ST (C);24;"6'1""";£11K - £12.5K p/w;£13.5M - £16M;Fairly Strong;Very Strong;6.73;1;1254;5;250.8;0.4;4.29;4.29;0.71;0.3;12%;0.104634146341463;2.9;1.2;1.1;41%;2;0;0;1;0.1;0.82;0.1;90%;31.6;0.3;1.1;0.8;0.6;0.2;37;0.6;0.2;38;1.1;26;9;17.3;1.7;0.1;0.5;1.8;33;6;0;0.0;0.1;0.0;11;0;0;10.1;4.8;No recurring injuries;Average;6.8;27;0.2;0;0;0;0;0;0;0;0;0;0;0.8;1.3
Bundesliga 2;SV Elversberg;David Mokwa;ST (C);AM (RLC);AM (RLC), ST (C);22;"5'11""";£7.75K - £13K p/w;£475K - £4.6M;Fairly Strong;Very Strong;6.78;0;1258;5;251.6;0.4;5.31;5.31;-0.31;0.4;12%;0.126428571428571;3.0;1.0;0.9;33%;1;0;0;2;0.1;1.06;0.1;89%;27.6;0.1;1.0;0.7;0.4;0.1;16;0.4;0.1;17;1.0;21;9;17.5;2.4;0.4;0.6;1.9;75;8;0;0.0;0.4;0.0;9;0;0;10.1;6.4;No recurring injuries;Average;7.3;31;0.0;0;0;0;0;0;0;0;0;0;0;1.2;1.1
First Division;Oviedo;Ilyas Chaira;AM (C);;AM (RLC);25;"5'11""";£18.5K - £26.5K p/w;£700K - £7M;Reasonable;Very Strong;6.94;0;1265;5;253;0.4;2.27;2.27;2.73;0.2;22%;0.098695652173913;1.6;0.9;0.6;57%;1;0;0;0;0.0;1.44;0.1;90%;43.4;0.0;1.4;2.9;3.3;0.8;23;1.2;0.5;41;2.0;7;4;20.0;5.9;0.7;1.9;5.2;83;12;0;0.4;0.4;0.1;13;1;0;10.9;10.1;No recurring injuries;Below Average;3.6;42;0.1;0;0;0;0;0;0;0;0;0;0;0.9;1.9
Second Division;F.C. Andorra;Manu Nieto;ST (C);;AM (R), ST (C);28;"6'0""";£2.9K - £5K p/w;£130K - £1.3M;Fairly Strong;Very Strong;6.83;1;1774;7;253.428571428571;0.4;8;7.19;-1;0.4;15%;0.166666666666667;2.4;1.0;0.7;40%;2;3;67;0;0.0;2.13;0.1;88%;28.7;0.3;0.9;1.0;0.5;0.1;22;0.5;0.1;22;0.9;33;14;15.9;2.2;0.2;1.0;2.1;60;5;0;0.3;0.3;0.0;17;0;0;10.7;7.2;No recurring injuries;Below Average;8.4;21;0.1;0;0;0;0;0;0;0;0;0;0;1.0;1.2
Sky Bet Championship;Portsmouth;Colby Bishop;ST (C);;ST (C);30;"5'11""";£13.75K - £18.25K p/w;£160K - £1.6M;Reasonable;Very Strong;6.80;1;1778;7;254;0.4;6.73;5.92;0.27;0.3;13%;0.129423076923077;2.6;1.2;0.8;44%;1;2;50;2;0.1;1.98;0.1;89%;30.6;0.2;0.9;0.7;0.4;0.1;12;0.4;0.1;13;0.5;33;12;19.1;1.9;0.2;0.7;1.7;57;7;0;0.1;0.2;0.0;16;1;0;9.9;8.1;No recurring injuries;Below Average;7.9;27;0.1;0;0;0;0;0;0;0;0;0;0;1.0;1.0
Bundesliga 2;Holstein Kiel;Phil Harres;ST (C);;ST (C);24;"6'4""";£7.25K - £10.5K p/w;£275K - £2.8M;Reasonable;Very Strong;6.74;2;1282;5;256.4;0.4;5.42;4.61;-0.42;0.4;9%;0.102264150943396;3.7;1.6;1.3;43%;0;4;75;0;0.0;0.19;0.0;88%;26.7;0.1;0.9;0.6;0.3;0.0;0;0.3;0.0;0;0.7;29;12;21.5;1.7;0.1;0.8;1.5;67;3;0;0.2;0.4;0.0;12;1;0;11.1;9.0;No recurring injuries;Below Average;9.1;39;0.1;0;0;0;0;0;0;0;0;0;0;0.6;1.3
Ligue 2 BKT;Pau FC;Borja Garcés;ST (C);;ST (C);27;"6'0""";£3.8K - £6K p/w;£150K - £1.5M;Fairly Strong;Very Strong;6.78;0;1283;5;256.6;0.4;2.91;2.91;2.09;0.2;19%;0.111923076923077;1.8;1.0;0.6;54%;0;0;0;1;0.1;1.27;0.1;87%;27.9;0.0;1.0;0.6;0.6;0.1;12;0.6;0.1;13;0.7;24;7;22.6;2.1;0.2;0.6;1.8;100;3;0;0.0;0.2;0.0;12;4;0;10.9;8.6;No recurring injuries;Above Average;8.6;35;0.2;0;0;0;0;0;0;0;0;0;0;1.1;1.3
Bundesliga 2;Karlsruher SC;Louey Ben Farhat;AM (C);;AM (C), ST (C);20;"5'9""";£6.75K - £10K p/w;£4.3M - £7M;Reasonable;Very Strong;6.71;0;1290;5;258;0.3;2.83;2.83;2.17;0.2;15%;0.0832352941176471;2.4;1.2;1.0;50%;2;0;0;1;0.1;1.66;0.1;88%;26.4;0.1;0.9;0.9;0.6;0.1;11;0.6;0.1;11;0.8;32;7;20.7;2.2;0.8;1.0;2.4;86;14;0;0.1;0.3;0.0;11;0;0;10.8;6.6;No recurring injuries;Above Average;6.3;14;0.1;0;0;0;0;0;0;0;0;0;0;1.0;0.9
Bundesliga 2;1. FC Kaiserslautern;Daniel Hanslik;ST (C);AM (RLC);AM (RLC), ST (C);30;"6'1""";£5.25K - £8.75K p/w;£100K - £1M;Very Strong;Reasonable;6.93;0;1297;5;259.4;0.3;4.12;4.12;0.88;0.3;14%;0.117714285714286;2.4;1.1;0.7;46%;1;0;0;2;0.1;1.46;0.1;87%;28.2;0.1;1.0;0.8;0.4;0.3;66;0.4;0.3;67;0.5;30;7;22.8;2.1;0.2;0.6;1.6;100;3;0;0.0;0.1;0.0;16;0;0;10.4;8.3;No recurring injuries;Average;7.3;40;0.0;0;0;0;0;0;0;0;0;0;0;1.0;0.8
Premier League;Torreense;Iván Ayllón;ST (C);AM (RL);AM (RL), ST (C);25;"5'7""";£3.6K - £6.25K p/w;Unknown;Very Weak;Very Weak;6.63;0;1056;4;264;0.3;2.85;2.85;1.15;0.2;13%;0.095;2.6;1.4;1.1;57%;0;0;0;2;0.2;1.41;0.1;87%;25.5;0.2;0.8;0.7;0.2;0.0;0;0.2;0.0;0;0.9;17;10;21.3;2.1;0.2;0.8;1.4;67;3;0;0.1;0.3;0.0;11;0;0;10.3;5.5;No recurring injuries;Below Average;6.7;13;0.0;0;0;0;0;0;0;0;0;0;0;1.3;1.9
Eredivisie;N.E.C.;Amine Sbaï;AM (L);AM (C);AM (LC);26;"5'9""";£7.75K - £9.5K p/w;£4.2M - £8M;Reasonable;Very Strong;7.02;1;1060;4;265;0.3;3.36;3.36;0.64;0.3;15%;0.124444444444444;2.3;0.8;0.3;33%;0;0;0;0;0.0;3.52;0.3;88%;42.3;0.2;2.2;3.8;2.8;0.6;21;2.8;0.6;21;3.5;7;1;14.9;5.0;1.4;2.0;9.4;74;23;1;0.3;0.6;0.0;6;0;0;11.4;13.3;No recurring injuries;Average;3.7;18;0.1;0;0;0;0;0;0;0;0;0;0;1.0;1.5
Jupiler Pro League;STVV;Andrés Ferrari;ST (C);;ST (C);23;"6'3""";£2K - £3K p/w;£275K - £2.7M;Reasonable;Very Strong;6.63;0;1335;5;267;0.3;3.89;3.08;1.11;0.3;16%;0.1215625;2.2;1.1;0.7;53%;0;2;50;0;0.0;1.25;0.1;90%;26.8;0.2;0.9;0.8;0.7;0.1;10;0.7;0.1;10;0.7;31;6;23.5;1.6;0.3;0.7;1.8;50;10;0;0.1;0.3;0.0;9;1;0;9.9;7.7;No recurring injuries;Average;8.4;30;0.3;0;0;0;0;0;0;0;0;0;0;0.9;1.1
Bundesliga;1. FC Nürnberg;Mohamed Alì Zoma;ST (C);;AM (L), ST (C);22;"5'9""";£3.6K - £6.25K p/w;£600K - £5.8M;Weak;Very Strong;6.75;1;1068;4;267;0.3;1.75;1.75;2.25;0.1;19%;0.0833333333333333;1.8;0.6;0.5;33%;0;0;0;3;0.3;1.25;0.1;90%;25.3;0.1;1.3;0.8;0.7;0.5;75;0.7;0.5;75;0.8;26;7;18.1;1.2;0.5;0.6;1.9;75;8;0;0.2;0.2;0.0;9;1;0;11.5;6.8;No recurring injuries;Below Average;8.7;18;0.1;0;0;0;0;0;0;0;0;0;0;1.4;1.5
Jupiler Pro League;KV Mechelen;Mathis Servais;AM (C);AM (L);AM (LC);22;"6'1""";£1.1K - £1.7K p/w;£2M - £4.5M;Very Strong;Reasonable;7.03;2;1615;6;269.166666666667;0.3;3.69;3.69;2.31;0.2;15%;0.09225;2.2;0.8;1.0;35%;4;0;0;6;0.3;3.84;0.2;88%;43.1;0.4;1.8;2.6;3.2;0.8;24;0.9;0.3;29;1.7;16;5;14.7;12.6;0.4;1.4;4.9;89;9;0;0.3;0.2;0.1;14;2;0;11.4;8.6;No recurring injuries;Below Average;3.9;29;0.1;0;0;0;0;0;0;0;0;0;0;1.3;1.2
Sky Bet Championship;Wrexham;Shea Lacey;AM (R);M (R), AM (C);M (R), AM (RC);19;"5'6""";£12K p/w;£11M - £16.5M;Very Strong;Fairly Strong;7.18;2;1351;5;270.2;0.3;4.82;4.82;0.18;0.3;12%;0.112093023255814;2.9;1.1;0.9;40%;2;0;0;2;0.1;4.65;0.3;86%;47.5;0.3;1.9;3.5;6.3;1.0;15;4.2;0.7;17;4.3;11;6;17.7;4.6;1.1;2.0;10.3;68;25;1;0.1;0.6;0.0;15;0;0;11.3;16.3;No recurring injuries;Average;3.1;32;0.0;0;0;0;0;0;0;0;0;0;0;1.1;1.1
Sky Bet Championship;West Brom;Aune Heggebø;ST (C);;ST (C);25;"6'1""";£11.25K - £16.25K p/w;£9.2M - £15M;Very Strong;Weak;6.93;0;1930;7;275.714285714286;0.3;8.14;8.14;-1.14;0.4;9%;0.104358974358974;3.6;1.8;1.3;49%;3;2;100;0;0.0;1.11;0.1;88%;31.8;0.2;1.1;0.8;0.4;0.1;22;0.4;0.1;22;0.3;34;14;17.2;2.6;0.1;0.8;1.9;50;6;0;0.0;0.4;0.0;18;0;0;10.4;8.0;No recurring injuries;Below Average;8.7;54;0.1;0;0;0;0;0;0;0;0;0;0;1.2;0.9
Second Division;Leonesa;Manu Justo;ST (C);AM (RLC);AM (RLC), ST (C);30;"5'9""";£2.1K - £3K p/w;£90K - £900K;Reasonable;Very Strong;6.71;1;1388;5;277.6;0.3;6.8;5.18;-1.8;0.4;13%;0.178947368421053;2.5;1.4;0.6;58%;1;2;0;0;0.0;1.39;0.1;88%;24.8;0.0;0.9;0.5;0.3;0.1;25;0.3;0.1;25;0.9;29;14;23.1;1.6;0.1;0.7;1.8;50;4;0;0.3;0.1;0.0;15;0;0;9.8;5.5;No recurring injuries;Below Average;7.7;18;0.0;0;0;0;0;0;0;0;0;0;0;0.6;1.1
Bundesliga 2;Rot-Weiss Essen;Lars Gindorf;AM (C);M (C), ST (C);M/AM (C), ST (C);25;"5'11""";£4.9K - £7.75K p/w;£100K - £1M;Reasonable;Very Strong;7.04;1;1396;5;279.2;0.3;2.47;2.47;2.53;0.2;20%;0.0988;1.6;0.8;0.5;48%;2;1;100;2;0.1;2.37;0.2;90%;42.4;0.2;1.5;2.7;2.7;0.6;21;1.0;0.3;33;0.8;5;3;17.5;11.7;0.7;0.8;4.3;85;13;1;0.5;0.5;0.0;9;1;0;12.5;11.7;No recurring injuries;Below Average;2.6;37;0.1;0;0;0;0;0;0;0;0;0;0;1.0;1.4
Premier League;VTSC;Noah Saviolo;AM (L);M (L);M (L), AM (RL);22;"5'11""";£3.3K - £4.7K p/w;Unknown;Very Weak;Very Weak;7.02;1;1400;5;280;0.3;2.4;2.4;2.6;0.2;23%;0.109090909090909;1.4;0.6;0.5;41%;0;0;0;0;0.0;0.36;0.0;90%;43.8;0.1;2.2;4.2;3.3;0.8;25;3.3;0.8;25;5.8;16;3;19.4;3.0;1.5;2.2;9.3;74;31;1;0.1;0.7;0.0;15;3;0;11.8;12.6;No recurring injuries;Above Average;3.4;17;0.1;0;0;0;0;0;0;0;0;0;0;1.8;1.4
Eredivisie;Ajax;Rayane Bounida;AM (C);;AM (RLC);20;"5'10""";£19.75K - £31K p/w;£15.5M - £21M;Fairly Strong;Very Strong;6.93;3;1467;5;293.4;0.3;2.31;2.31;2.69;0.1;15%;0.0679411764705882;2.1;0.8;0.9;38%;0;0;0;5;0.3;4.12;0.3;91%;46.7;0.4;1.8;3.6;6.1;0.9;14;1.8;0.2;10;3.3;13;7;17.1;5.3;1.2;1.6;7.1;95;20;0;0.2;0.7;0.1;15;2;0;11.8;12.7;No recurring injuries;High;2.1;20;0.1;0;0;0;0;0;0;0;0;0;0;1.9;0.9
Jupiler Pro League;RSC Anderlecht;Tristan Degreef;AM (R);AM (C);AM (RC);21;"5'10""";£7.25K - £10.75K p/w;£8.6M;Fairly Strong;Very Strong;7.11;3;1471;5;294.2;0.3;2.72;2.72;2.28;0.2;17%;0.0906666666666667;1.8;0.8;0.9;43%;2;0;0;2;0.1;2.8;0.2;90%;49.4;0.4;2.3;4.1;5.1;0.9;16;3.4;0.5;15;3.8;10;9;15.5;5.9;1.5;2.6;9.2;73;33;0;0.4;0.5;0.0;14;0;0;12.5;16.6;No recurring injuries;Average;3.1;31;0.0;0;0;0;0;0;0;0;0;0;0;1.7;0.9
Second Division;Eibar;Jon Guruzeta;AM (R);M (L), AM (C);M (RL), AM (RLC);26;"6'1""";£4.8K - £8K p/w;£160K - £1.6M;Fairly Strong;Very Strong;6.91;1;1178;4;294.5;0.3;3.48;3.48;0.52;0.3;13%;0.116;2.3;1.5;0.6;63%;1;0;0;1;0.1;1.42;0.1;90%;43.5;0.2;1.9;4.7;3.0;0.9;30;3.0;0.9;31;4.0;16;7;17.2;6.0;2.0;1.8;9.7;87;30;0;0.3;0.7;0.0;17;0;0;11.4;12.4;No recurring injuries;Below Average;4.7;37;0.2;0;0;0;0;0;0;0;0;0;0;1.3;1.1
Jupiler Pro League;RWDM Brussels;Gaëtan Robail;AM (L);;AM (L);32;"6'0""";£4.8K - £6.75K p/w;Not for Sale;Reasonable;Very Strong;7.18;3;1475;5;295;0.3;2.92;2.92;2.08;0.2;19%;0.108148148148148;1.6;0.4;0.2;26%;1;0;0;4;0.2;3.73;0.2;89%;41.9;0.3;1.9;3.3;7.1;1.3;18;4.1;0.7;18;3.4;17;5;17.8;5.2;1.2;2.1;8.8;66;29;1;0.1;0.5;0.0;14;1;0;11.7;13.8;No recurring injuries;Average;4.2;30;0.1;0;0;0;0;0;0;0;0;0;0;1.3;0.9
Ligue 2 BKT;Angers SCO;Yassin Belkhdim;M (C);AM (LC);M (C), AM (LC);24;"5'9""";£12.25K - £14.25K p/w;£1.2M - £4.7M;Reasonable;Very Strong;7.19;3;1182;4;295.5;0.3;3.2;3.2;0.8;0.2;13%;0.1;2.4;0.8;0.5;34%;1;1;100;3;0.2;2.47;0.2;89%;56.5;0.6;2.4;5.0;3.1;0.8;24;3.1;0.8;24;1.8;13;2;14.1;8.4;2.4;1.7;9.4;76;41;0;0.2;0.8;0.0;7;0;0;11.6;17.3;No recurring injuries;Below Average;3.7;41;0.2;0;0;0;0;0;0;0;0;0;0;1.8;0.8
Second Division;Córdoba;Adilson;AM (L);M (RL), AM (R);M/AM (RL);29;"5'7""";£5.25K - £7.75K p/w;£400K - £1.3M;Weak;Very Strong;6.87;0;1496;5;299.2;0.3;3.92;3.92;1.08;0.2;19%;0.145185185185185;1.6;0.7;0.4;41%;0;2;100;0;0.0;1.11;0.1;86%;42.6;0.2;1.7;3.1;2.0;0.5;26;2.0;0.5;26;4.3;20;6;20.0;4.1;1.4;2.0;9.4;65;37;1;0.2;0.7;0.0;18;1;0;11.1;13.2;No recurring injuries;Average;2.8;13;0.1;0;0;0;0;0;0;0;0;0;0;1.1;1.1
Sky Bet Championship;Hull;Mohamed Belloumi;AM (R);;M/AM (R);24;"5'9""";£17.75K - £25.5K p/w;£9.8M - £16M;Very Strong;Reasonable;7.10;3;1504;5;300.8;0.3;6.11;6.11;-1.11;0.4;10%;0.119803921568627;3.1;1.4;1.3;45%;4;0;0;4;0.2;2.79;0.2;86%;48.4;0.4;2.4;3.9;3.3;0.5;16;3.3;0.5;16;3.8;17;19;17.4;4.9;1.7;1.8;10.0;68;41;1;0.3;0.4;0.0;34;0;0;11.7;15.6;No recurring injuries;Low;2.6;33;0.0;0;0;0;0;0;0;0;0;0;0;1.2;1.3
Second Division;F.C. Andorra;Luismi;AM (C);M (R), AM (L);M (R), AM (RLC);28;"5'8""";£1.8K - £3K p/w;£120K - £1.2M;Weak;Very Strong;7.15;4;1516;5;303.2;0.3;4.66;4.66;0.34;0.3;14%;0.133142857142857;2.1;0.9;0.7;46%;0;0;0;3;0.2;3.18;0.2;86%;45.5;0.2;2.4;3.7;6.6;1.2;17;2.9;0.7;22;3.7;14;4;17.1;5.5;1.1;2.5;9.1;69;26;1;0.2;0.5;0.0;20;1;0;11.5;14.5;No recurring injuries;Below Average;3.4;31;0.1;0;0;0;0;0;0;0;0;0;0;1.1;1.0
Sky Bet Championship;Sheffield United;Alfie Devine;AM (C);DM;DM, M/AM (C);22;"6'0""";£7.75K - £11K p/w;£80K - £800K;Fairly Strong;Very Strong;6.82;1;1542;5;308.4;0.3;6.23;6.23;-1.23;0.4;11%;0.132553191489362;2.7;0.9;0.6;34%;1;0;0;2;0.1;2.61;0.2;89%;43.4;0.1;2.1;2.7;1.1;0.2;22;1.1;0.2;22;1.0;4;6;16.8;12.1;0.2;1.1;5.5;31;13;0;0.1;0.4;0.0;15;5;0;11.6;10.3;No recurring injuries;Below Average;3.0;24;0.0;0;0;0;0;0;0;0;0;0;0;1.5;1.5
Bundesliga 2;SC Paderborn 07;Kennedy Okpala;ST (C);AM (RC);AM (RC), ST (C);21;"6'1""";£4.2K - £7K p/w;£230K - £2.3M;Reasonable;Very Strong;6.74;0;1235;4;308.75;0.3;4.41;3.6;-0.41;0.3;13%;0.147;2.2;1.0;0.5;47%;1;1;0;0;0.0;1.49;0.1;91%;24.9;0.1;0.8;0.5;0.4;0.2;50;0.4;0.2;50;0.7;25;8;19.0;1.5;0.3;0.9;1.7;67;6;1;0.0;0.1;0.0;11;0;0;11.0;6.0;No recurring injuries;Below Average;8.7;31;0.1;0;0;0;0;0;0;0;0;0;0;1.1;1.4
Eredivisie;Go Ahead Eagles;Victor Edvardsen;ST (C);AM (RL);AM (RL), ST (C);30;"6'1""";£3K - £4.5K p/w;£425K - £4.2M;Reasonable;Very Strong;6.79;0;1610;5;322;0.3;5.15;5.15;-0.15;0.3;10%;0.0990384615384615;2.9;1.3;1.0;46%;3;0;0;0;0.0;1.46;0.1;85%;27.2;0.3;1.3;0.8;0.6;0.1;20;0.6;0.1;20;1.2;25;12;20.6;2.0;0.2;0.5;2.0;60;5;0;0.1;0.2;0.0;14;0;0;11.0;9.6;No recurring injuries;Below Average;7.8;31;0.1;0;0;0;0;0;0;0;0;0;0;1.0;1.0
Serie BKT;Venezia;Antonio Casas;ST (C);;ST (C);26;"6'0""";£17.25K - £20.5K p/w;£300K - £3M;Weak;Very Strong;7.17;1;1350;4;337.5;0.3;5.81;5.81;-1.81;0.4;8%;0.113921568627451;3.4;1.7;0.0;51%;0;0;0;2;0.1;1.39;0.1;60%;20.0;0.0;0.0;0.0;0.0;0.0;0;0.0;0.0;0;0.0;21;0;0.0;0.0;1.3;0.0;0.0;67;30;0;0.0;0.0;0.0;14;0;0;0.0;0.0;No recurring injuries;Very Low;0.0;0;0.0;0;0;0;0;0;0;0;0;0;0;0.0;0.0
Ligue 1 McDonald's;Saint-Étienne;Lucas Stassin;ST (C);;ST (C);22;"6'0""";£23.5K - £35.5K p/w;£7.2M - £11.5M;Weak;Very Strong;6.66;1;1351;4;337.75;0.3;6.07;3.69;-2.07;0.4;9%;0.137954545454545;2.9;1.4;1.1;48%;2;3;33;0;0.0;0.73;0.0;90%;27.2;0.3;1.5;1.2;0.4;0.0;0;0.4;0.0;0;0.6;16;8;16.1;2.7;0.3;0.9;1.6;83;6;0;0.2;0.1;0.0;9;0;0;10.1;6.1;Recurring badly fractured lower leg;Very High;7.9;22;0.2;0;0;0;0;0;0;0;0;0;0;0.5;1.3
Premier League;Arouca;Fally Mayulu;ST (C);AM (RC);AM (RC), ST (C);24;"6'4""";£5.5K - £8.5K p/w;Unknown;Very Weak;Very Weak;6.66;0;1026;3;342;0.3;3.43;3.43;-0.43;0.3;10%;0.118275862068966;2.5;1.1;1.1;45%;0;0;0;2;0.2;0.65;0.1;87%;25.3;0.2;0.7;0.7;0.3;0.1;33;0.3;0.1;33;1.1;22;12;21.0;1.6;0.4;0.9;2.0;71;7;0;0.3;0.2;0.0;11;0;0;10.1;5.5;No recurring injuries;Below Average;7.9;27;0.0;0;0;0;0;0;0;0;0;0;0;1.0;1.0
Jupiler Pro League;KV Mechelen;Maksim Kireev;AM (L);AM (C);AM (LC);22;"6'0""";£2.7K - £4.1K p/w;£1.1M - £2.6M;Weak;Very Strong;7.09;3;2076;6;346;0.3;4.47;4.47;1.53;0.2;12%;0.0912244897959184;2.1;0.9;0.9;41%;2;0;0;8;0.3;4.32;0.2;90%;42.8;0.4;1.4;2.9;2.0;0.3;17;2.0;0.3;17;2.8;15;5;13.9;7.8;1.4;2.1;8.8;82;39;0;0.3;0.7;0.0;24;2;0;11.8;16.3;No recurring injuries;Below Average;4.6;34;0.1;0;0;0;0;0;0;0;0;0;0;1.3;1.3
Premier League;Moreirense;Cédric Teguia;AM (R);M (L);M/AM (RL);25;"5'11""";£950 - £1.6K p/w;Unknown;Very Weak;Very Weak;6.76;1;1043;3;347.666666666667;0.3;2.85;2.85;0.15;0.2;10%;0.095;2.6;0.9;0.9;37%;0;0;0;0;0.0;2.46;0.2;87%;41.7;0.3;2.2;4.1;3.5;0.7;20;3.5;0.7;20;3.9;14;5;26.7;4.3;1.2;2.5;11.0;64;22;0;0.2;0.5;0.0;10;0;0;11.6;14.2;No recurring injuries;Below Average;3.5;33;0.2;0;0;0;0;0;0;0;0;0;0;0.8;1.1
Second Division;Tarragona;Abdoulaye Keita;AM (R);M (RL);M/AM (RL);24;"6'1""";£1.6K - £2.8K p/w;£30K - £300K;Weak;Very Strong;6.94;3;1740;5;348;0.3;3.19;3.19;1.81;0.2;15%;0.0938235294117647;1.8;0.7;0.6;38%;0;0;0;3;0.2;2.09;0.1;87%;43.8;0.4;1.6;3.2;2.9;0.4;14;2.9;0.4;14;3.1;18;8;18.2;6.2;1.3;2.0;9.4;66;38;0;0.4;0.4;0.0;24;2;1;11.6;16.6;No recurring injuries;Below Average;4.8;48;0.1;0;0;0;0;0;0;0;0;0;0;1.1;1.3
Ligue 2 BKT;SC Bastia;Mehdi Merghem;AM (R);M (R), AM (LC);M (R), AM (RLC);29;"6'1""";£3.8K - £5.5K p/w;£250K - £2.5M;Very Strong;Weak;7.25;4;1402;4;350.5;0.3;3.52;3.52;0.48;0.2;12%;0.103529411764706;2.2;0.6;0.6;29%;0;0;0;7;0.4;3.07;0.2;88%;44.7;0.5;1.7;3.3;6.4;1.6;25;5.0;1.1;22;5.0;20;8;17.3;6.0;1.8;1.9;9.1;85;33;1;0.2;0.4;0.0;15;1;0;11.5;17.0;No recurring injuries;Above Average;4.2;55;0.1;0;0;0;0;0;0;0;0;0;0;1.1;1.5
Second Division;Tenerife;Jesús De Miguel;ST (C);AM (C);AM (C), ST (C);30;"6'2""";£2.4K - £3.4K p/w;£210K - £2.1M;Fairly Strong;Very Strong;6.83;0;1405;4;351.25;0.3;6.3;6.3;-2.3;0.4;7%;0.116666666666667;3.5;1.5;1.0;43%;1;0;0;3;0.2;1.19;0.1;88%;29.3;0.1;0.8;0.5;0.2;0.0;0;0.2;0.0;0;0.8;25;13;22.0;2.2;0.1;1.0;2.6;100;2;0;0.1;0.1;0.0;17;1;0;10.4;9.4;No recurring injuries;Average;6.7;45;0.1;0;0;0;0;0;0;0;0;0;0;0.8;1.3
Ligue 1 McDonald's;Reims;Axel Ngando;AM (C);AM (R);M (C), AM (RC);33;"5'10""";£2.8K - £4.6K p/w;£80K;Very Strong;Reasonable;6.77;0;1054;3;351.333333333333;0.3;1.72;1.72;1.28;0.1;19%;0.1075;1.4;0.5;0.6;38%;1;0;0;2;0.2;0.58;0.0;85%;42.7;0.1;2.0;3.0;4.0;0.4;10;1.8;0.2;10;0.9;4;5;18.4;8.9;1.5;1.3;5.6;81;21;0;0.1;0.2;0.0;9;1;0;12.5;12.1;No recurring injuries;Below Average;4.4;20;0.1;0;0;0;0;0;0;0;0;0;0;0.9;1.4
Eredivisie;Excelsior;Gonçalo Gregório;ST (C);;ST (C);31;"6'0""";£2.7K - £4.2K p/w;£850K - £2M;Fairly Strong;Very Strong;6.61;0;1057;3;352.333333333333;0.3;3.3;3.3;-0.3;0.3;9%;0.103125;2.7;1.0;1.0;38%;0;1;100;0;0.0;2.43;0.2;89%;26.7;0.2;1.4;1.3;0.9;0.3;40;0.9;0.3;40;0.2;19;7;16.3;2.8;0.3;0.3;2.4;50;6;0;0.0;0.2;0.0;15;6;0;11.0;6.7;No recurring injuries;Below Average;7.9;25;0.2;0;0;0;0;0;0;0;0;0;0;0.5;1.4
Second Division;Málaga;Aarón Ochoa;AM (R);M (C), AM (RL);M (C), AM (RLC);19;"5'6""";£3.3K - £3.8K p/w;£2M;Reasonable;Very Strong;7.08;3;1768;5;353.6;0.3;4.12;4.12;0.88;0.2;12%;0.100487804878049;2.1;0.9;0.8;44%;1;1;100;1;0.1;2.12;0.1;89%;44.8;0.2;2.7;4.6;2.8;0.4;14;2.8;0.4;15;2.6;23;4;13.6;8.6;1.4;2.1;9.5;68;41;2;0.4;0.5;0.0;11;0;0;11.6;14.6;No recurring injuries;Above Average;3.1;7;0.0;0;0;0;0;0;0;0;0;0;0;1.5;0.7
Eredivisie;Go Ahead Eagles;Mathis Suray;AM (C);AM (RL);AM (RLC);25;"5'8""";£2.3K - £3.6K p/w;£5.2M - £6.4M;Reasonable;Very Strong;6.81;0;1442;4;360.5;0.2;3.16;3.16;0.84;0.2;18%;0.143636363636364;1.4;0.7;0.4;50%;0;0;0;2;0.1;2.29;0.1;88%;42.7;0.2;2.4;2.9;1.2;0.1;10;1.2;0.1;11;1.3;2;6;20.4;11.2;0.5;1.0;5.1;57;14;0;0.0;0.2;0.0;15;1;0;11.8;10.3;No recurring injuries;Below Average;2.5;8;0.0;0;0;0;0;0;0;0;0;0;0;1.0;0.9
Bundesliga 2;SSV Jahn Regensburg;Luca Kerber;M (C);AM (C);DM, M/AM (C);24;"6'0""";£6K - £8.75K p/w;£160K - £1.6M;Reasonable;Very Strong;6.68;0;1092;3;364;0.2;0.3;0.3;2.7;0.0;50%;0.05;0.5;0.3;0.2;67%;2;0;0;3;0.2;1.37;0.1;91%;16.6;0.2;0.5;0.9;0.0;0.0;0;0.0;0.0;0;0.0;5;1;10.8;11.0;0.7;0.3;2.9;89;9;1;0.1;0.2;0.1;9;5;0;3.8;3.9;No recurring injuries;Above Average;0.7;100;0.0;0;0;0;0;0;0;0;0;0;0;0.9;1.2
Bundesliga 2;Hamburger SV;Fabio Baldé;AM (L);WB (L), M (RL);WB (L), M/AM (RL);21;"6'0""";£4.1K - £6.5K p/w;£800K - £8M;Reasonable;Very Strong;7.17;2;1098;3;366;0.2;2.23;2.23;0.77;0.2;16%;0.117368421052632;1.6;0.9;0.2;58%;0;0;0;2;0.2;1.69;0.1;86%;44.4;0.2;1.7;3.6;3.4;0.4;12;3.4;0.4;12;5.7;9;4;18.9;3.9;2.0;2.3;9.8;80;30;0;0.2;0.2;0.0;11;0;0;11.5;11.6;No recurring injuries;Above Average;3.6;30;0.0;0;0;0;0;0;0;0;0;0;0;1.3;0.8
Bundesliga 2;SSV Jahn Regensburg;Paul Hennrich;AM (L);M (LC), AM (RC);M (LC), AM (RLC);21;"5'11""";£6.25K - £9.75K p/w;£275K - £2.9M;Very Strong;Weak;7.08;1;1099;3;366.333333333333;0.2;2.78;2.78;0.22;0.2;13%;0.115833333333333;2.0;0.8;0.3;42%;1;0;0;2;0.2;2.02;0.2;92%;40.8;0.6;1.7;2.5;5.6;0.8;14;3.7;0.7;18;4.9;15;4;19.2;5.5;1.6;2.1;9.5;71;28;0;0.4;0.4;0.0;10;0;0;11.8;15.5;No recurring injuries;Average;3.9;27;0.1;0;0;0;0;0;0;0;0;0;0;1.1;1.1
Bundesliga;1. FC Nürnberg;Gustav Christensen;AM (L);M (L), AM (R);M (L), AM (RL);22;"5'10""";£10.75K - £15.25K p/w;£1.2M - £2.8M;Reasonable;Very Strong;6.76;0;1106;3;368.666666666667;0.2;1.16;1.16;1.84;0.1;20%;0.0773333333333333;1.2;0.4;0.6;33%;0;0;0;0;0.0;1.21;0.1;89%;45.3;0.2;2.0;4.2;3.2;0.8;25;2.5;0.7;26;3.3;10;6;18.4;4.9;1.0;1.6;9.0;60;20;1;0.0;0.5;0.0;10;0;0;11.0;12.9;No recurring injuries;Below Average;4.2;31;0.0;0;0;0;0;0;0;0;0;0;0;1.5;1.4
Bundesliga;1. FC Nürnberg;Tim Janisch;WB (R);D (R), AM (L);D/WB/M (R), AM (RL);21;"5'10""";£7.25K - £11.5K p/w;£425K - £4.3M;Reasonable;Very Strong;6.95;1;1481;4;370.25;0.2;2.48;2.48;1.52;0.2;24%;0.145882352941176;1.0;0.3;0.2;29%;0;0;0;1;0.1;1.68;0.1;90%;45.9;0.2;1.7;4.3;3.3;0.7;20;3.3;0.7;20;3.5;11;9;16.2;6.0;1.3;2.2;8.8;67;33;0;0.1;0.5;0.1;26;3;0;11.4;16.8;No recurring injuries;Below Average;3.8;38;0.1;0;0;0;0;0;0;0;0;0;0;1.5;1.5
Bundesliga 2;SG Dynamo Dresden;Nils Fröling;AM (C);M (C), AM (RL);M (C), AM (RLC);26;"5'11""";£8K - £11.75K p/w;£80K - £800K;Fairly Strong;Very Strong;6.80;2;1111;3;370.333333333333;0.2;2.22;2.22;0.78;0.2;20%;0.148;1.2;0.5;0.3;40%;0;1;100;1;0.1;1.35;0.1;88%;41.1;0.1;1.9;2.1;1.1;0.1;7;1.1;0.1;8;1.5;7;7;21.0;9.3;0.4;1.1;4.6;83;6;0;0.0;0.3;0.0;9;1;0;12.5;11.8;No recurring injuries;Above Average;2.8;44;0.0;0;0;0;0;0;0;0;0;0;0;1.1;1.1
Premier League;VTSC;Alioune Ndoye;ST (C);;ST (C);25;"6'3""";£1.9K - £3K p/w;Unknown;Very Weak;Very Weak;6.81;1;1493;4;373.25;0.2;4.67;4.67;-0.67;0.3;8%;0.0934;3.0;1.2;1.1;40%;1;2;100;1;0.1;0.59;0.0;88%;25.9;0.2;1.0;0.5;0.2;0.1;66;0.2;0.1;67;0.7;25;12;20.4;0.8;0.0;0.8;1.7;0;2;0;0.1;0.1;0.0;14;1;0;9.8;5.4;No recurring injuries;Below Average;8.2;45;0.1;0;0;0;0;0;0;0;0;0;0;1.4;1.4
Ligue 2 BKT;SM Caen;Lorenzo Rajot;M (C);AM (C);M/AM (C);29;"5'10""";£3.2K - £5K p/w;£28K - £275K;Very Strong;Weak;6.59;0;1155;3;385;0.2;1.69;0.88;1.31;0.1;25%;0.140833333333333;0.9;0.3;0.3;33%;0;1;0;3;0.2;0.83;0.1;0%;0.0;0.3;0.2;0.0;2.5;0.4;15;0.0;0.0;0;0.0;5;0;16.4;10.1;0.0;0.0;0.0;0;0;0;0.0;0.0;0.0;3;3;0;0.0;0.0;No recurring injuries;Above Average;0.0;0;0.0;0;0;0;0;0;0;0;0;0;0;1.1;1.2
Jupiler Pro League;Westerlo;Josimar Alcócer;AM (L);AM (R);AM (RL);22;"6'1""";£2.2K - £3.9K p/w;£350K - £3.6M;Reasonable;Very Strong;6.94;2;1545;4;386.25;0.2;3.29;3.29;0.71;0.2;14%;0.1175;1.6;0.5;0.3;32%;2;0;0;1;0.1;3.44;0.2;89%;43.1;0.5;2.2;3.7;2.2;0.4;18;2.2;0.4;18;3.0;16;5;17.2;5.0;2.1;2.0;9.9;84;43;0;0.2;0.3;0.0;10;0;0;11.4;14.3;No recurring injuries;Average;4.6;39;0.3;0;0;0;0;0;0;0;0;0;0;1.0;1.2
Premier League;Santa Clara;Vinícius Lopes;AM (R);AM (L), ST (C);AM (RL), ST (C);27;"5'11""";£1.2K - £1.9K p/w;Unknown;Very Weak;Very Weak;6.86;1;1165;3;388.333333333333;0.2;2.26;2.26;0.74;0.2;15%;0.113;1.5;0.5;0.2;35%;0;0;0;1;0.1;0.73;0.1;89%;41.9;0.0;1.6;3.2;3.5;0.5;13;3.5;0.5;13;4.2;11;8;18.5;5.3;1.2;2.6;10.0;76;21;0;0.1;0.2;0.0;26;1;0;12.3;17.7;No recurring injuries;Below Average;4.8;44;0.1;0;0;0;0;0;0;0;0;0;0;1.2;1.3
Jupiler Pro League;Westerlo;Shunsuke Saito;AM (C);M (R), AM (L), ST (C);M (RL), AM (LC), ST (C);21;"5'9""";£1.1K - £1.7K p/w;£55K - £550K;Fairly Strong;Very Strong;6.81;0;1559;4;389.75;0.2;2.6;2.6;1.4;0.2;17%;0.108333333333333;1.4;0.6;0.3;42%;0;0;0;2;0.1;1.02;0.1;91%;41.2;0.0;1.2;1.9;0.6;0.0;0;0.6;0.0;0;1.1;3;7;16.6;8.9;0.5;1.2;5.1;57;14;0;0.3;0.3;0.0;10;0;0;11.9;10.6;No recurring injuries;Below Average;3.7;16;0.1;0;0;0;0;0;0;0;0;0;0;1.0;1.3
Bundesliga 2;Rot-Weiss Essen;Marvin Obuz;AM (R);M (RL);M/AM (RL);24;"6'0""";£5.25K - £8.5K p/w;£50K - £500K;Reasonable;Very Strong;6.89;1;1176;3;392;0.2;2.51;2.51;0.49;0.2;11%;0.0896428571428571;2.1;0.7;0.9;32%;1;0;0;0;0.0;1.93;0.1;87%;42.8;0.4;1.4;2.3;5.8;1.5;26;4.7;1.1;25;4.7;11;1;19.0;4.5;1.3;2.8;8.3;74;23;0;0.4;0.6;0.0;7;0;0;11.3;12.3;No recurring injuries;Below Average;3.6;36;0.1;0;0;0;0;0;0;0;0;0;0;1.0;1.6
Sky Bet Championship;Norwich;Oscar Schwartau;AM (L);ST (C);M (C), AM (LC), ST (C);20;"6'1""";£11.25K - £15.75K p/w;£8M - £13M;Reasonable;Very Strong;6.91;1;1617;4;404.25;0.2;2.18;2.18;1.82;0.1;15%;0.0807407407407408;1.5;0.7;0.3;48%;0;0;0;1;0.1;2.38;0.1;89%;50.0;0.4;1.8;2.5;1.6;0.4;28;1.2;0.3;29;0.9;10;9;20.8;8.7;0.4;0.9;4.7;73;11;0;0.1;0.2;0.0;12;0;0;12.7;12.9;No recurring injuries;Below Average;3.4;31;0.1;0;0;0;0;0;0;0;0;0;0;0.9;0.8
Jupiler Pro League;KV Kortrijk;Jellert Van Landschoot;AM (L);;AM (L);29;"6'0""";£8.25K - £12K p/w;£220K - £2.2M;Very Strong;Reasonable;6.96;0;1237;3;412.333333333333;0.2;2.76;2.76;0.24;0.2;14%;0.125454545454545;1.6;0.4;0.2;27%;0;0;0;6;0.4;3.76;0.3;88%;44.4;0.5;1.7;3.3;2.1;0.5;24;2.1;0.5;24;2.1;15;3;15.3;6.7;1.6;2.5;9.2;85;26;0;0.4;0.4;0.0;22;0;0;12.3;14.8;Recurring abdominal strain;Very High;3.6;45;0.0;0;0;0;0;0;0;0;0;0;0;1.4;1.0
Ligue 2 BKT;FC Metz;Gauthier Hein;AM (R);M (C), AM (L);M (C), AM (RLC);30;"5'7""";£7.5K - £8.5K p/w;£3M - £6M;Very Strong;Weak;7.19;1;1241;3;413.666666666667;0.2;4.06;4.06;-1.06;0.3;6%;0.0863829787234043;3.4;1.1;1.2;32%;2;0;0;0;0.0;5;0.4;90%;43.8;0.7;2.2;3.5;9.4;2.1;22;4.3;1.1;25;4.4;8;6;16.9;5.9;1.7;1.7;8.1;83;29;0;0.1;0.6;0.0;9;1;0;11.8;17.2;No recurring injuries;Below Average;2.2;29;0.0;0;0;0;0;0;0;0;0;0;0;1.2;0.5
Bundesliga;SV Werder Bremen;Sebastian Nanasi;AM (C);WB (L), M (LC), AM (R);WB (L), M (LC), AM (RLC);24;"5'10""";£15.75K - £18K p/w;£400K - £4M;Weak;Very Strong;6.78;0;1244;3;414.666666666667;0.2;3.84;3.84;-0.84;0.3;13%;0.16;1.7;0.8;0.7;46%;0;0;0;1;0.1;2.61;0.2;89%;40.8;0.4;1.7;3.0;6.8;1.1;15;1.3;0.3;22;1.3;19;4;15.0;10.3;0.8;1.2;5.3;85;13;0;0.3;0.1;0.0;5;0;0;12.0;9.8;No recurring injuries;Below Average;3.4;15;0.0;0;0;0;0;0;0;0;0;0;0;1.0;0.9
Bundesliga 2;SV Darmstadt 98;Oliver Batista Meier;AM (C);AM (RL), ST (C);AM (RLC), ST (C);25;"5'10""";£8.25K - £12K p/w;£800K - £1.8M;Weak;Very Strong;7.02;1;1258;3;419.333333333333;0.2;2.54;2.54;0.46;0.2;23%;0.195384615384615;0.9;0.4;0.1;38%;1;0;0;4;0.3;5.05;0.4;90%;41.8;0.4;1.7;2.6;8.3;1.7;20;0.6;0.1;25;1.4;9;3;16.3;10.9;0.4;1.2;5.4;86;7;0;0.2;0.4;0.0;5;0;0;11.8;9.4;No recurring injuries;Above Average;2.7;8;0.0;0;0;0;0;0;0;0;0;0;0;1.3;1.4
Jupiler Pro League;KRC Genk;Jarne Steuckers;AM (R);M (R);M/AM (R);24;"5'11""";£10.75K - £15.75K p/w;£5.4M - £7M;Very Strong;Weak;6.94;0;1266;3;422;0.2;3.3;3.3;-0.3;0.2;11%;0.117857142857143;2.0;1.0;0.6;50%;1;0;0;0;0.0;1.88;0.1;88%;44.8;0.2;2.2;3.9;3.8;0.4;11;3.6;0.4;12;3.3;12;5;18.8;4.8;2.0;2.3;10.9;90;31;1;0.1;0.6;0.0;9;0;0;12.0;15.1;No recurring injuries;Average;4.1;46;0.1;0;0;0;0;0;0;0;0;0;0;1.4;0.9
Sky Bet Championship;Bristol City;Max Bird;M (C);DM;DM, M/AM (C);26;"6'0""";£16.75K - £24.5K p/w;£9.2M - £11.5M;Very Strong;Reasonable;6.57;0;1691;4;422.75;0.2;2.74;2.74;1.26;0.1;18%;0.124545454545455;1.2;0.4;0.4;32%;1;0;0;2;0.1;3.52;0.2;88%;2.2;0.2;0.1;0.3;2.0;0.3;15;0.0;0.0;0;0.0;10;0;11.8;13.0;0.2;0.0;1.1;100;3;1;0.0;0.0;0.0;1;1;0;0.5;1.1;No recurring injuries;Average;0.2;33;0.0;0;0;0;0;0;0;0;0;0;0;1.6;0.9
Second Division;Eibar;Jon Magunazelaia;AM (C);M (C), AM (RL), ST (C);M (C), AM (RLC), ST (C);25;"5'11""";£6.25K - £7.25K p/w;£300K - £2.9M;Reasonable;Very Strong;6.91;1;1295;3;431.666666666667;0.2;2.49;2.49;0.51;0.2;13%;0.108260869565217;1.6;0.6;0.3;39%;1;0;0;2;0.1;1.75;0.1;90%;42.9;0.1;1.7;2.0;1.6;0.3;17;1.6;0.3;17;0.8;3;8;15.5;12.6;1.3;0.7;5.6;90;21;0;0.1;0.3;0.0;12;0;0;12.1;10.6;No recurring injuries;High;4.9;24;0.1;0;0;0;0;0;0;0;0;0;0;1.1;1.3
Second Division;Espanyol;Javi Hernàndez;AM (C);AM (L), ST (C);AM (RLC), ST (C);22;"6'0""";£1.5K - £2.2K p/w;£2.8M - £6M;Very Strong;Reasonable;6.90;0;1320;3;440;0.2;3.35;3.35;-0.35;0.2;8%;0.08375;2.7;1.0;1.0;38%;2;2;100;2;0.1;0.7;0.0;90%;43.7;0.3;1.8;2.7;1.3;0.3;26;1.3;0.3;26;1.7;9;6;20.6;7.8;0.9;0.8;5.5;81;16;0;0.2;0.1;0.0;11;1;0;11.4;8.2;No recurring injuries;Below Average;3.1;11;0.1;0;0;0;0;0;0;0;0;0;0;1.3;1.0
Eredivisie;Sparta Rotterdam;Joshua Kitolano;M (C);;DM, M (C);25;"5'7""";£3K - £4.5K p/w;£6.2M - £10M;Reasonable;Very Strong;6.57;0;1326;3;442;0.2;1.41;1.41;1.59;0.1;17%;0.0783333333333333;1.2;0.7;0.5;61%;0;1;100;1;0.1;0.87;0.1;0%;0.0;0.2;0.1;0.0;0.0;0.0;0;0.0;0.0;0;0.0;9;0;13.2;11.1;0.0;0.0;0.0;0;0;0;0.0;0.0;0.0;2;2;0;0.0;0.0;No recurring injuries;Below Average;0.0;0;0.0;0;0;0;0;0;0;0;0;0;0;1.0;1.1
Second Division;Málaga;Carlos Puga;D (R);M/AM (R);D/WB/M/AM (R);26;"5'9""";£1.8K - £2.9K p/w;£650K - £1.5M;Weak;Very Strong;7.12;2;1780;4;445;0.2;1.59;1.59;2.41;0.1;27%;0.106;0.8;0.3;0.3;33%;1;0;0;1;0.1;0.53;0.0;87%;52.7;0.2;0.6;7.1;2.1;0.4;19;2.1;0.4;20;1.3;17;0;14.2;13.2;1.8;3.4;6.6;78;45;1;0.7;0.9;0.5;15;3;0;10.9;15.5;No recurring injuries;Below Average;3.7;52;0.1;0;0;0;0;0;0;0;0;0;0;1.6;0.7
Jupiler Pro League;KV Kortrijk;Youssef Challouk;AM (L);;AM (RL), ST (C);31;"5'8""";£2.5K - £3.6K p/w;Not for Sale;Weak;Very Strong;6.83;0;1337;3;445.666666666667;0.2;6.15;6.15;-3.15;0.4;7%;0.139772727272727;3.0;1.1;0.9;36%;1;1;100;1;0.1;1.98;0.1;89%;25.7;0.4;1.3;1.1;1.1;0.3;25;0.4;0.2;50;0.7;22;5;16.9;2.8;0.5;0.7;1.8;100;7;0;0.1;0.2;0.0;12;0;0;10.0;5.3;Recurring torn knee ligaments;Very High;7.7;18;0.1;0;0;0;0;0;0;0;0;0;0;1.5;1.2
Eredivisie;FC Emmen;Rodney Kongolo;M (C);;DM, M (C);28;"6'2""";£975 - £1.7K p/w;£55K - £550K;Reasonable;Very Strong;6.43;0;1338;3;446;0.2;1.37;1.37;1.63;0.1;30%;0.137;0.7;0.4;0.1;60%;0;0;0;0;0.0;1.29;0.1;0%;0.0;0.2;0.0;0.0;0.0;0.0;0;0.0;0.0;0;0.0;5;0;16.9;8.7;0.0;0.0;0.0;0;0;0;0.0;0.0;0.0;2;2;0;0.0;0.0;No recurring injuries;Low;0.0;0;0.0;0;0;0;0;0;0;0;0;0;0;0.4;1.2
Ligue 2 BKT;Angers SCO;Antoine Bernier;AM (R);AM (L);AM (RL);29;"5'7""";£2.3K - £4K p/w;£900K - £2M;Reasonable;Very Strong;7.01;1;1344;3;448;0.2;1.92;1.92;1.08;0.1;13%;0.0834782608695652;1.5;0.5;0.5;35%;2;0;0;2;0.1;1.23;0.1;87%;46.3;0.1;2.2;4.2;3.4;0.3;9;3.0;0.3;9;3.1;13;10;16.5;5.8;1.6;1.5;9.8;86;28;0;0.2;0.5;0.0;11;2;0;11.2;16.0;No recurring injuries;Below Average;3.3;34;0.0;0;0;0;0;0;0;0;0;0;0;1.8;0.9
Ligue 2 BKT;EA Guingamp;Charles Boli;AM (R);;AM (R);28;"5'9""";£4.9K - £7K p/w;£325K - £3.1M;Very Strong;Weak;6.97;1;1346;3;448.666666666667;0.2;4.81;4.81;-1.81;0.3;9%;0.145757575757576;2.2;0.8;0.7;36%;0;0;0;0;0.0;1.17;0.1;90%;41.5;0.1;2.1;3.8;3.5;0.5;13;3.5;0.5;13;3.5;16;6;20.0;4.0;0.7;1.7;9.2;71;14;1;0.1;0.7;0.0;25;4;0;10.6;13.1;No recurring injuries;Above Average;3.3;22;0.1;0;0;0;0;0;0;0;0;0;0;1.1;1.0
Eredivisie;N.E.C.;Başar Önal;AM (C);;AM (RLC);22;"5'10""";£3.1K - £5.25K p/w;£6.4M - £8M;Fairly Strong;Very Strong;7.02;2;1365;3;455;0.2;5.99;5.99;-2.99;0.4;8%;0.166388888888889;2.4;0.7;0.9;31%;2;0;0;1;0.1;2.26;0.1;90%;51.0;0.3;2.4;5.0;2.8;0.4;14;2.8;0.4;14;2.9;23;5;16.5;4.7;1.0;1.9;9.1;68;22;0;0.2;0.5;0.0;11;0;0;12.2;16.6;No recurring injuries;Low;2.8;19;0.0;0;0;0;0;0;0;0;0;0;0;1.2;1.3
Eredivisie;FC Twente;Daan Rots;AM (R);M (RL), AM (C);M (RL), AM (RLC);25;"5'10""";£5K - £7K p/w;£3.8M - £6.2M;Very Strong;Reasonable;6.81;2;1399;3;466.333333333333;0.2;5.24;5.24;0.27;0.3;7%;0.121860465116279;2.8;1.2;0.6;44%;0;0;0;1;0.1;3.15;0.2;87%;44.8;0.3;2.3;4.1;5.5;1.1;19;2.6;0.3;13;2.8;12;6;17.0;4.6;1.2;1.7;9.2;69;26;0;0.2;0.8;0.0;7;0;0;12.1;17.1;No recurring injuries;Below Average;3.7;37;0.1;0;0;0;0;0;0;0;0;0;0;1.1;0.8
Second Division;Córdoba;Pedro Ortiz;M (C);;DM, M (C);26;"6'0""";£2.6K - £4.1K p/w;£20K - £210K;Very Strong;Weak;6.60;0;1426;3;475.333333333333;0.2;2.89;2.89;0.11;0.2;13%;0.125652173913043;1.5;0.7;0.2;48%;1;0;0;2;0.1;3.71;0.2;91%;4.4;0.4;0.3;0.5;3.7;0.7;18;0.1;0.1;100;0.0;6;0;13.4;11.0;0.0;0.2;0.4;0;0;0;0.1;0.0;0.1;3;1;0;0.7;0.6;No recurring injuries;Below Average;0.3;60;0.0;0;0;0;0;0;0;0;0;0;0;1.1;1.1
Sky Bet Championship;Preston;Andrew Moran;M/AM (C);;M/AM (C);23;"5'10""";£9.25K - £13.25K p/w;£475K - £4.9M;Reasonable;Very Strong;6.75;0;1909;4;477.25;0.2;3.87;3.87;0.13;0.2;13%;0.124838709677419;1.5;0.6;0.6;42%;1;0;0;1;0.0;2.28;0.1;85%;42.0;0.1;1.5;2.7;0.9;0.2;21;0.8;0.2;24;1.6;12;4;16.5;10.5;0.6;1.7;5.8;86;14;1;0.4;0.5;0.0;9;1;0;12.3;11.6;No recurring injuries;Low;3.9;17;0.1;0;0;0;0;0;0;0;0;0;0;0.9;1.3
Sky Bet Championship;Blackburn;Oladapo Afolayan;AM (L);M (RL), ST (C);M/AM (RL), ST (C);29;"5'11""";£8K - £11.25K p/w;£65K - £650K;Fairly Strong;Very Strong;7.01;1;1474;3;491.333333333333;0.2;2.94;2.94;0.06;0.2;12%;0.1176;1.5;0.5;0.4;36%;0;1;100;3;0.2;2.93;0.2;89%;43.5;0.5;1.6;3.8;2.3;0.2;8;2.3;0.2;8;4.6;9;5;20.5;4.3;1.3;2.0;9.1;70;30;0;0.2;0.7;0.0;15;2;0;11.4;13.1;No recurring injuries;Low;3.8;27;0.1;0;0;0;0;0;0;0;0;0;0;1.1;1.5
Second Division;Albacete;Álex Rubio;ST (C);AM (RL);AM (RL), ST (C);24;"5'9""";£4.7K - £6.75K p/w;£120K - £1.2M;Reasonable;Very Strong;6.71;0;1002;2;501;0.2;2.84;2.84;-0.84;0.3;7%;0.0979310344827586;2.6;0.7;0.9;28%;1;0;0;1;0.1;2.98;0.3;84%;26.0;0.3;1.2;0.8;0.5;0.2;33;0.5;0.2;33;0.5;19;5;17.3;1.8;0.2;0.8;1.3;100;2;0;0.1;0.3;0.0;5;0;0;10.1;5.5;No recurring injuries;High;8.4;20;0.3;0;0;0;0;0;0;0;0;0;0;1.0;0.9
Ligue 1 McDonald's;Havre AC;Wesley Saïd;AM (C);AM (RL);AM (RLC), ST (C);31;"5'7""";£17.25K - £19.25K p/w;Not for Sale;Fairly Strong;Very Strong;6.69;0;1009;2;504.5;0.2;2.92;2.92;-0.92;0.3;10%;0.146;1.8;0.8;0.5;45%;0;0;0;0;0.0;0.37;0.0;92%;33.6;0.2;1.6;2.3;1.2;0.1;7;1.2;0.1;7;3.6;19;8;20.2;2.2;0.7;1.5;6.0;100;8;0;0.2;0.4;0.0;7;0;0;10.5;9.5;Recurring moderate thigh strain;Very High;4.9;20;0.0;0;0;0;0;0;0;0;0;0;0;0.6;0.9
Premier League;Santa Clara;Lucas Soares;WB (R);AM (R);D/WB/M/AM (R);28;"5'9""";£2.9K - £4.2K p/w;Unknown;Very Weak;Very Weak;7.05;3;1011;2;505.5;0.2;1.78;1.78;0.22;0.2;9%;0.0809090909090909;2.0;0.4;0.8;18%;0;0;0;1;0.1;0.9;0.1;91%;56.0;0.1;0.9;8.5;3.0;1.0;32;3.0;1.0;32;1.2;5;0;15.0;9.7;2.2;2.9;6.7;96;26;1;0.5;1.6;0.3;11;1;0;11.3;13.8;No recurring injuries;Above Average;3.3;54;0.1;0;0;0;0;0;0;0;0;0;0;1.3;1.2
Premier League;AVS SAD;Tunde;AM (R);;AM (R);23;"5'9""";£2.4K - £3.4K p/w;Unknown;Very Weak;Very Weak;7.07;1;1016;2;508;0.2;1.45;1.45;0.55;0.1;11%;0.0763157894736842;1.7;0.3;0.5;16%;1;0;0;2;0.2;0.44;0.0;86%;41.5;0.0;2.1;3.9;4.3;1.0;22;4.3;1.0;23;5.0;8;5;18.2;5.4;1.3;1.2;9.6;83;18;1;0.4;0.6;0.0;11;2;0;11.7;14.1;No recurring injuries;Below Average;2.7;17;0.0;0;0;0;0;0;0;0;0;0;0;0.8;1.8
Eredivisie;Go Ahead Eagles;Oskar Sivertsen;AM (R);AM (L);AM (RL), ST (C);22;"5'10""";£2.5K - £4.2K p/w;£4.3M - £5.6M;Reasonable;Very Strong;7.10;1;1019;2;509.5;0.2;1.85;1.85;0.15;0.2;11%;0.102777777777778;1.6;0.6;0.8;39%;1;1;100;1;0.1;1.48;0.1;89%;42.7;0.4;1.5;3.1;6.8;1.4;20;3.1;0.8;26;4.9;12;3;18.9;4.3;0.7;2.3;8.1;73;11;0;0.4;0.7;0.0;6;0;0;10.7;13.4;No recurring injuries;Above Average;3.4;11;0.0;0;0;0;0;0;0;0;0;0;0;0.5;1.1
Eredivisie;FC Emmen;Franck Evina;ST (C);M (L), AM (R);M (L), AM (RL), ST (C);26;"5'11""";£1.5K - £2.5K p/w;£650K - £6.6M;Reasonable;Very Strong;6.68;0;1040;2;520;0.2;2.35;2.35;-0.35;0.2;10%;0.111904761904762;1.8;0.5;0.5;29%;0;1;100;1;0.1;1.25;0.1;87%;26.6;0.1;1.1;1.0;1.8;0.3;14;0.5;0.0;0;1.4;22;6;21.1;1.1;0.4;1.3;1.4;100;5;0;0.3;0.3;0.0;7;0;0;10.5;6.1;No recurring injuries;High;5.9;28;0.1;0;0;0;0;0;0;0;0;0;0;0.5;1.6
Bundesliga 2;SV Elversberg;Noah Pesch;AM (L);M (L), AM (RC);M (L), AM (RLC);21;"6'0""";£4.5K - £6.5K p/w;£325K - £3.3M;Reasonable;Very Strong;6.91;0;1047;2;523.5;0.2;2.7;2.7;-0.7;0.2;11%;0.142105263157895;1.6;0.5;0.6;32%;0;0;0;0;0.0;1.74;0.1;88%;43.2;0.0;2.0;3.4;2.3;0.3;11;2.3;0.3;11;3.9;16;1;19.0;5.0;1.3;1.8;8.4;79;19;1;0.1;0.9;0.0;5;0;0;12.3;14.7;No recurring injuries;Below Average;4.6;26;0.1;0;0;0;0;0;0;0;0;0;0;1.1;1.0
Sky Bet Championship;Sheffield United;Tommy Watson;AM (L);ST (C);AM (RL), ST (C);20;"6'3""";£25.5K - £35.5K p/w;£21M - £26M;Fairly Strong;Very Strong;6.76;0;1051;2;525.5;0.2;2.6;2.6;-0.6;0.2;12%;0.152941176470588;1.5;0.8;0.3;53%;0;1;100;1;0.1;0.7;0.1;89%;47.3;0.0;2.7;5.5;3.8;0.9;22;2.4;0.5;21;3.5;11;5;16.1;5.1;1.8;2.0;10.8;84;25;0;0.1;0.6;0.0;7;0;0;11.7;14.2;No recurring injuries;Below Average;3.4;25;0.1;0;0;0;0;0;0;0;0;0;0;1.5;1.5
Ligue 2 BKT;USL Dunkerque;Enzo Bardeli;M (C);;M/AM (C);25;"5'8""";£5K - £8.25K p/w;£325K - £3.3M;Reasonable;Very Strong;6.45;0;1095;2;547.5;0.2;1.63;1.63;0.37;0.1;14%;0.116428571428571;1.2;0.4;0.6;36%;0;0;0;1;0.1;2.7;0.2;0%;0.0;0.2;0.1;0.0;4.1;0.7;16;0.0;0.0;0;0.0;6;0;12.3;14.4;0.0;0.0;0.0;0;0;0;0.0;0.0;0.0;2;2;1;0.0;0.0;No recurring injuries;Above Average;0.0;0;0.0;0;0;0;0;0;0;0;0;0;0;1.1;0.7
Premier League;Arouca;Pedro Santos;DM;;DM, M (C);26;"6'0""";£1.2K - £1.9K p/w;Unknown;Very Weak;Very Weak;6.76;0;1107;2;553.5;0.2;1.54;1.54;0.46;0.1;25%;0.1925;0.7;0.2;0.2;38%;0;1;100;4;0.3;2.2;0.2;92%;49.3;0.1;1.0;4.9;0.1;0.0;0;0.1;0.0;0;0.1;7;0;5.6;13.6;1.5;2.7;6.4;95;20;0;0.5;0.7;0.2;13;0;0;10.6;9.3;No recurring injuries;Average;2.0;33;0.1;0;0;0;0;0;0;0;0;0;0;1.5;0.9
Sky Bet Championship;Blackburn;Mathias Jørgensen;ST (C);;AM (RL), ST (C);26;"6'1""";£9.25K - £12.5K p/w;£450K - £4.6M;Reasonable;Very Strong;6.91;0;1669;3;556.333333333333;0.2;8.14;8.14;-5.14;0.4;5%;0.13344262295082;3.3;1.3;0.9;41%;1;0;0;2;0.1;1.49;0.1;89%;26.9;0.0;1.3;1.2;0.6;0.4;58;0.6;0.4;58;0.3;39;2;18.2;1.7;0.6;0.5;1.6;92;12;0;0.0;0.1;0.0;7;0;0;10.6;7.8;No recurring injuries;Below Average;8.0;43;0.2;0;0;0;0;0;0;0;0;0;0;1.1;1.4
Jupiler Pro League;RWDM Brussels;Ilyes Ziani;AM (C);;AM (C);23;"5'8""";£3K - £4.6K p/w;£250K - £2.5M;Reasonable;Very Strong;6.91;0;1115;2;557.5;0.2;2.72;2.72;-0.72;0.2;9%;0.123636363636364;1.8;0.6;0.3;32%;0;0;0;2;0.2;1.65;0.1;90%;42.9;0.2;1.8;2.8;1.5;0.3;21;0.3;0.0;0;1.5;11;0;14.0;12.2;0.2;1.5;5.7;50;4;0;0.3;1.0;0.0;1;1;0;11.9;9.4;No recurring injuries;Average;3.3;27;0.0;0;0;0;0;0;0;0;0;0;0;1.1;1.2
Ligue 2 BKT;FC Annecy;Joseph Lopy;M (C);;DM, M (C);34;"5'11""";£1.5K - £2.5K p/w;£20K - £200K;Weak;Very Strong;6.86;0;1116;2;558;0.2;0.46;0.46;1.54;0.0;29%;0.0657142857142857;0.6;0.2;0.2;29%;0;0;0;0;0.0;0.67;0.1;89%;48.5;0.2;0.9;4.6;0.3;0.0;0;0.3;0.0;0;0.2;5;0;9.1;9.5;1.5;2.0;4.6;79;24;0;0.3;0.6;0.2;6;1;0;11.4;10.0;No recurring injuries;Above Average;2.4;57;0.2;0;0;0;0;0;0;0;0;0;0;0.9;1.1
Ligue 1 McDonald's;OL;Afonso Moreira;AM (L);;AM (RL);21;"5'10""";£27K - £30.5K p/w;£14.5M - £17.5M;Reasonable;Very Strong;6.72;0;1119;2;559.5;0.2;2.96;2.96;-0.96;0.2;10%;0.140952380952381;1.7;0.6;0.5;38%;2;0;0;1;0.1;5.12;0.4;90%;52.0;0.6;2.0;3.7;3.6;1.0;28;3.5;1.0;30;3.6;12;5;15.3;5.9;1.8;2.0;11.0;79;28;0;0.4;0.6;0.1;18;3;1;12.6;18.5;No recurring injuries;Below Average;3.0;32;0.0;0;0;0;0;0;0;0;0;0;0;1.0;1.0
Premier League;Coventry;Jack Rudoni;AM (C);AM (RL);M (C), AM (RLC);25;"6'1""";£24K - £34.5K p/w;£21M - £26M;Very Strong;Reasonable;6.71;0;1128;2;564;0.2;1.68;1.68;0.32;0.1;10%;0.084;1.6;0.6;0.9;35%;0;0;0;1;0.1;1.22;0.1;89%;61.8;0.2;1.0;4.4;1.5;0.4;26;0.6;0.3;50;0.8;5;1;9.7;5.0;0.1;1.7;3.8;11;9;0;0.2;0.4;0.2;5;1;0;12.7;13.2;No recurring injuries;Below Average;2.5;58;0.1;0;0;0;0;0;0;0;0;0;0;1.4;2.0
Eredivisie;Sparta Rotterdam;Shunsuke Mito;AM (L);AM (C);M (RL), AM (RLC);24;"5'5""";£2.8K - £4.1K p/w;£1M - £10.5M;Reasonable;Very Strong;7.00;0;1134;2;567;0.2;2.13;2.13;-0.13;0.2;11%;0.112105263157895;1.5;0.7;0.6;47%;0;0;0;1;0.1;2.05;0.2;89%;45.6;0.3;2.0;3.8;3.3;0.9;26;3.3;0.9;27;3.6;11;5;14.4;4.0;1.7;1.7;9.4;75;28;0;0.2;0.7;0.0;14;0;0;12.2;17.0;No recurring injuries;Below Average;3.3;10;0.0;0;0;0;0;0;0;0;0;0;0;1.1;1.0
Ligue 1 McDonald's;Rennes;Musa Al-Tamari;AM (R);M (R);M (R), AM (RL);29;"5'10""";£13.75K - £15.75K p/w;£900K - £7.4M;Very Strong;Weak;7.02;1;1138;2;569;0.2;2.53;2.53;-0.53;0.2;9%;0.11;1.8;0.6;0.6;35%;0;0;0;0;0.0;1.19;0.1;91%;44.2;0.1;1.6;3.6;2.5;0.3;12;2.5;0.3;13;5.5;12;3;19.3;3.3;1.3;1.7;9.5;71;24;0;0.2;0.8;0.0;5;0;0;11.9;15.0;No recurring injuries;Below Average;3.3;12;0.1;0;0;0;0;0;0;0;0;0;0;1.2;1.3
Bundesliga 2;Eintracht Braunschweig;Pedro Brazão;AM (R);;AM (RLC);23;"5'10""";£5.5K - £8.25K p/w;£275K - £2.7M;Very Strong;Reasonable;6.98;0;1140;2;570;0.2;2.32;2.32;-0.32;0.2;13%;0.145;1.3;0.3;0.2;25%;0;0;0;2;0.2;3.71;0.3;87%;42.6;0.5;1.9;3.9;4.3;1.0;24;3.4;0.9;26;5.1;15;7;19.5;3.4;0.9;1.5;7.8;52;21;1;0.2;0.2;0.0;19;0;0;11.4;12.3;No recurring injuries;Average;2.7;24;0.0;0;0;0;0;0;0;0;0;0;0;1.1;0.8
Bundesliga 2;Hamburger SV;Immanuel Pherai;AM (C);DM, AM (L);DM, M (C), AM (LC);25;"5'9""";£8K - £12.5K p/w;£110K - £1.1M;Reasonable;Very Strong;7.01;3;1141;2;570.5;0.2;5.38;5.38;-3.38;0.4;7%;0.179333333333333;2.4;0.6;0.9;23%;0;0;0;3;0.2;3.15;0.2;92%;41.7;0.4;2.1;3.5;1.6;0.5;30;0.9;0.3;36;1.2;14;4;19.2;10.4;0.9;1.8;5.7;85;13;0;0.2;0.2;0.0;7;0;0;11.7;8.8;No recurring injuries;Above Average;2.6;21;0.1;0;0;0;0;0;0;0;0;0;0;1.3;0.8
Bundesliga 2;SG Dynamo Dresden;Jakob Lemmer;AM (R);M (R), AM (LC);M (R), AM (RLC);26;"5'10""";£7K - £10K p/w;£325K - £3.3M;Fairly Strong;Very Strong;6.81;0;1146;2;573;0.2;2.64;2.64;-0.64;0.2;7%;0.0977777777777778;2.1;1.0;0.5;48%;0;0;0;0;0.0;1.56;0.1;88%;40.9;0.3;1.9;4.1;3.3;0.4;11;3.3;0.4;12;3.5;14;5;22.3;4.2;1.6;2.4;9.0;83;24;0;0.5;0.1;0.0;27;0;0;11.4;16.3;No recurring injuries;Average;3.2;49;0.0;0;0;0;0;0;0;0;0;0;0;0.6;1.3
Sky Bet Championship;Swansea;Cameron Congreve;AM (R);AM (C), ST (C);AM (RC), ST (C);22;"5'11""";£9.5K - £12.75K p/w;£300K - £2.9M;Very Strong;Weak;6.92;1;1720;3;573.333333333333;0.2;2.27;2.27;0.73;0.1;14%;0.103181818181818;1.2;0.5;0.5;41%;3;0;0;2;0.1;1.56;0.1;88%;41.2;0.1;1.7;3.6;6.2;1.3;20;4.4;0.9;21;4.6;15;9;20.5;3.8;1.8;1.9;8.5;89;38;1;0.2;0.5;0.0;15;1;0;11.9;14.4;No recurring injuries;Below Average;4.7;44;0.1;0;0;0;0;0;0;0;0;0;0;1.5;1.1
Sky Bet Championship;Derby;Dion Sanderson;D (C);D (R);D (RC);26;"6'2""";£7K - £10.25K p/w;£110K - £1.1M;Weak;Very Strong;6.73;0;1149;2;574.5;0.2;0.86;0.86;1.14;0.1;29%;0.122857142857143;0.5;0.3;0.1;57%;0;0;0;0;0.0;0.16;0.0;86%;40.5;0.0;0.0;2.2;0.0;0.0;0;0.0;0.0;0;0.2;3;0;3.8;12.7;0.3;3.3;2.8;57;7;1;0.3;0.7;0.8;9;6;1;10.0;4.2;No recurring injuries;Below Average;5.6;79;0.7;0;0;0;0;0;0;0;0;0;0;1.0;0.8
Bundesliga 2;1. FC Köln;Noah Darvich;AM (C);M (R);M/AM (RC);20;"6'0""";£13.5K - £20.5K p/w;£5M - £6.6M;Very Strong;Fairly Strong;7.13;1;1162;2;581;0.2;6.58;6.58;-4.58;0.5;5%;0.160487804878049;3.2;0.9;1.1;29%;2;0;0;4;0.3;1.08;0.1;89%;44.1;0.2;1.9;4.2;3.6;1.2;34;3.6;1.2;34;4.9;6;2;19.1;4.3;1.1;1.4;8.4;70;20;0;0.4;1.0;0.0;9;0;0;11.9;16.4;No recurring injuries;Above Average;4.0;44;0.1;0;0;0;0;0;0;0;0;0;0;1.0;0.9
Second Division;S. Gijón;Maxime D'Arpino;M (C);DM, AM (C);DM, M/AM (C);30;"5'9""";£2.7K - £4K p/w;£80K - £800K;Weak;Very Strong;6.54;0;1164;2;582;0.2;2.06;2.06;-0.06;0.2;13%;0.12875;1.2;0.5;0.3;38%;0;0;0;2;0.2;1.05;0.1;0%;0.0;0.2;0.2;0.0;2.9;0.2;8;0.0;0.0;0;0.0;7;0;15.2;12.1;0.0;0.0;0.0;0;0;0;0.0;0.0;0.0;1;1;0;0.0;0.0;No recurring injuries;Below Average;0.0;0;0.0;0;0;0;0;0;0;0;0;0;0;1.2;1.1
Jupiler Pro League;KV Mechelen;Rúben Furtado;AM (R);;AM (RL);21;"5'9""";£875 - £1.3K p/w;£325K - £3.3M;Very Strong;Reasonable;7.01;2;1756;3;585.333333333333;0.2;4.4;4.4;-1.4;0.2;9%;0.125714285714286;1.8;0.7;0.5;40%;1;0;0;0;0.0;1.82;0.1;89%;43.3;0.3;2.2;3.3;8.0;1.6;19;4.5;1.1;25;5.4;18;8;18.9;3.8;1.6;2.4;8.2;78;40;0;0.3;0.5;0.1;23;1;0;11.5;11.8;No recurring injuries;Average;3.0;19;0.2;0;0;0;0;0;0;0;0;0;0;1.3;1.5
Sky Bet Championship;Bristol City;Rob Dickie;D (C);;D (C);30;"6'5""";£10K - £13.5K p/w;£400K - £4M;Weak;Very Strong;6.98;2;1181;2;590.5;0.2;0.5;0.5;1.5;0.0;29%;0.0714285714285714;0.5;0.2;0.2;29%;0;0;0;0;0.0;1.31;0.1;92%;40.5;0.1;0.2;1.4;0.0;0.0;0;0.0;0.0;0;0.0;2;0;2.8;12.6;0.2;3.0;2.1;50;4;0;0.3;0.9;0.9;1;0;0;10.1;3.4;No recurring injuries;Below Average;5.2;72;1.8;0;0;1;0;0;0;0;0;0;0;1.6;1.4
Ligue 2 BKT;FC Annecy;Valentin Jacob;AM (R);AM (LC);AM (RLC);32;"5'7""";£3.2K - £4.5K p/w;Not for Sale;Reasonable;Very Strong;6.93;0;1194;2;597;0.2;2.75;2.75;-0.75;0.2;9%;0.125;1.7;0.7;0.5;41%;1;1;100;1;0.1;3.34;0.3;88%;42.7;0.4;1.5;2.7;5.3;1.1;20;5.3;1.1;20;4.2;8;8;21.1;3.6;1.4;1.3;8.4;95;19;0;0.2;0.3;0.0;15;0;0;11.5;13.2;No recurring injuries;Above Average;3.7;31;0.1;0;0;0;0;0;0;0;0;0;0;0.8;1.2
Ligue 1 McDonald's;Toulouse FC;Mário Sauer;AM (C);;M/AM (C);22;"5'11""";£9.25K - £10.75K p/w;£5.2M - £6.2M;Reasonable;Very Strong;6.99;1;1209;2;604.5;0.1;4.41;4.41;-2.41;0.3;7%;0.152068965517241;2.2;1.0;0.6;45%;1;0;0;3;0.2;2.91;0.2;91%;41.3;0.2;2.2;3.3;4.9;0.5;10;1.0;0.2;21;1.0;8;1;17.7;10.6;0.3;1.7;3.9;80;5;0;0.2;0.4;0.0;5;0;0;12.3;12.1;No recurring injuries;Low;4.4;17;0.1;0;0;0;0;0;0;0;0;0;0;1.1;1.1
Eredivisie;sc Heerenveen;Jacob Trenskow;AM (R);;AM (RL);26;"5'10""";£1.4K - £2K p/w;£500K - £5M;Very Strong;Reasonable;6.80;0;1244;2;622;0.1;2.73;2.73;-0.73;0.2;8%;0.1092;1.8;0.5;0.6;28%;0;0;0;0;0.0;2.77;0.2;89%;41.7;0.1;1.3;3.0;2.2;0.3;13;2.2;0.3;13;3.3;6;4;20.1;3.8;1.2;1.9;9.7;73;22;0;0.3;0.7;0.0;12;0;0;11.2;13.4;No recurring injuries;Below Average;3.8;8;0.1;0;0;0;0;0;0;0;0;0;0;0.7;0.9
Bundesliga 2;Eintracht Braunschweig;Lukas Frenkert;D (C);D (RL);D (RLC);26;"6'3""";£6.75K - £10.25K p/w;£1.2M - £2.7M;Fairly Strong;Very Strong;6.85;0;1258;2;629;0.1;1.14;1.14;0.86;0.1;22%;0.126666666666667;0.6;0.4;0.4;56%;0;0;0;0;0.0;0.35;0.0;85%;42.9;0.0;0.1;2.1;0.0;0.0;0;0.0;0.0;0;0.1;2;0;2.7;14.5;0.4;2.9;2.3;67;9;0;0.8;1.4;1.1;11;5;0;10.6;4.3;No recurring injuries;Above Average;6.0;77;0.9;0;0;0;0;0;0;0;0;0;0;0.9;0.9
Sky Bet Championship;Preston;Sandro Vidigal;AM (L);M (L), AM (R);M (L), AM (RL);19;"5'8""";£3K - £3.3K p/w;Not for Sale;Fairly Strong;Very Strong;6.86;3;1284;2;642;0.1;2.82;2.82;-0.82;0.2;8%;0.1128;1.8;0.8;0.2;48%;1;0;0;4;0.3;2.8;0.2;90%;45.0;0.4;1.6;3.9;2.9;0.4;14;2.9;0.4;15;4.1;11;3;17.6;4.8;1.4;1.7;9.4;83;24;0;0.3;0.6;0.0;15;3;0;11.5;13.3;No recurring injuries;Below Average;2.7;13;0.0;0;0;0;0;0;0;0;0;0;0;1.1;1.0
Eredivisie;Ajax;Dies Janse;D (C);D (L);D (LC);20;"6'5""";£11.75K - £17K p/w;£9.4M - £12.5M;Very Strong;Weak;7.09;3;1287;2;643.5;0.1;0.82;0.82;1.18;0.1;22%;0.0911111111111111;0.6;0.2;0.1;33%;0;0;0;2;0.1;0.6;0.0;91%;48.9;0.1;0.3;2.1;0.1;0.1;50;0.1;0.1;50;0.0;1;0;3.8;15.3;0.3;2.7;2.4;42;12;4;1.0;1.0;0.4;4;3;0;9.9;4.1;No recurring injuries;High;6.2;82;1.4;0;0;0;0;0;0;0;0;0;0;1.7;0.9
Ligue 1 McDonald's;Paris FC;Ilan Kebbal;AM (R);;AM (RC);28;"5'7""";£23.5K - £27K p/w;£6M - £8.6M;Very Strong;Reasonable;6.97;0;1294;2;647;0.1;5.89;5.12;-3.89;0.4;5%;0.159189189189189;2.6;0.6;0.8;24%;1;1;100;2;0.1;2.34;0.2;88%;48.9;0.3;1.5;3.4;5.5;1.0;17;2.3;0.6;27;3.8;14;9;14.0;6.5;1.1;1.5;9.4;80;20;1;0.3;0.8;0.0;15;1;0;12.0;15.9;No recurring injuries;Average;2.3;12;0.0;0;0;0;0;0;0;0;0;0;0;1.0;1.2
Bundesliga 2;SSV Jahn Regensburg;Max Besuschkow;M (C);DM, AM (C);DM, M/AM (C);29;"6'2""";£12.25K - £19.25K p/w;£90K - £900K;Reasonable;Very Strong;6.49;0;1295;2;647.5;0.1;1.14;1.14;0.86;0.1;15%;0.0876923076923077;0.9;0.4;0.3;46%;1;0;0;2;0.1;3.21;0.2;0%;0.0;0.6;0.1;0.0;3.1;0.6;20;0.0;0.0;0;0.0;9;0;13.3;12.9;0.0;0.0;0.0;0;0;0;0.0;0.0;0.0;3;3;0;0.0;0.0;No recurring injuries;Average;0.0;0;0.0;0;0;1;0;0;0;0;0;0;0;1.0;0.9
Sky Bet Championship;Sheffield United;Oliver Arblaster;M (C);;DM, M (C);22;"5'9""";£21.5K - £25K p/w;£7M - £8.6M;Fairly Strong;Very Strong;7.00;2;1960;3;653.333333333333;0.1;1.77;1.77;1.23;0.1;20%;0.118;0.7;0.2;0.2;27%;0;0;0;5;0.2;7.14;0.3;89%;51.7;0.4;1.2;6.1;0.4;0.1;25;0.1;0.0;50;0.2;13;1;6.4;13.2;0.9;2.7;5.9;69;29;2;0.8;0.9;0.1;13;1;0;11.7;12.6;No recurring injuries;Average;1.8;46;0.0;0;0;0;0;0;0;0;0;0;0;1.5;1.4
Ligue 2 BKT;Laval MFC;Baptiste Guillaume;ST (C);AM (R);AM (R), ST (C);31;"6'3""";£3.5K - £5.25K p/w;Not for Sale;Weak;Very Strong;6.72;0;1309;2;654.5;0.1;3.9;3.9;-1.9;0.3;5%;0.0906976744186046;3.0;0.8;1.3;26%;1;1;100;0;0.0;1.17;0.1;89%;27.4;0.2;1.2;0.9;0.6;0.3;50;0.6;0.3;50;0.3;26;9;25.8;1.9;0.3;0.5;2.2;83;6;2;0.1;0.2;0.0;15;0;0;9.8;7.8;No recurring injuries;Below Average;7.4;42;0.2;0;0;0;0;0;0;0;0;0;0;0.5;1.4
Serie BKT;Südtirol;Raphael Kofler;DM;D (RC), M (C);D (RC), DM, M (C);21;"6'4""";£11.5K - £13.5K p/w;£4.4M;Reasonable;Very Strong;7.48;2;1350;2;675;0.1;0.74;0.74;1.26;0.0;25%;0.0925;0.5;0.1;0.0;25%;0;0;0;3;0.2;1.67;0.1;70%;20.0;0.0;0.0;0.0;0.0;0.0;0;0.0;0.0;0;0.0;28;0;0.0;0.0;1.9;0.0;0.0;91;32;0;0.0;0.0;0.0;16;0;3;0.0;0.0;No recurring injuries;Very Low;0.0;0;0.0;0;0;0;0;0;0;0;0;0;0;0.0;0.0
Serie BKT;Venezia;Luca Vignali;D/WB (R);;D/WB/M (R);30;"6'0""";£11.75K - £18.5K p/w;£130K - £1.3M;Weak;Very Strong;7.15;1;1350;2;675;0.1;1.35;1.35;0.65;0.1;14%;0.0964285714285714;0.9;0.2;0.0;21%;0;0;0;2;0.1;2.87;0.2;74%;20.0;0.0;0.0;0.0;0.0;0.0;0;0.0;0.0;0;0.0;18;0;0.0;0.0;1.9;0.0;0.0;100;28;0;0.0;0.0;0.0;13;1;1;0.0;0.0;No recurring injuries;Very Low;0.0;0;0.0;0;0;0;0;0;0;0;0;0;0;0.0;0.0
Sky Bet Championship;West Brom;Alex Mowatt;DM, M (C);;DM, M (C);31;"5'10""";£14.5K - £19.25K p/w;£230K - £2.3M;Very Strong;Reasonable;6.95;0;2036;3;678.666666666667;0.1;1.67;1.67;1.33;0.1;18%;0.0982352941176471;0.8;0.3;0.4;41%;0;0;0;3;0.1;5.25;0.2;89%;54.4;0.4;0.9;6.6;2.1;0.4;16;0.1;0.0;0;0.1;21;2;6.8;13.0;0.8;2.2;6.0;72;25;1;0.6;0.7;0.3;15;0;0;11.8;11.8;No recurring injuries;Below Average;1.8;51;0.1;0;0;0;0;0;0;0;0;0;0;1.2;0.9
Ligue 1 McDonald's;Brest;Romain Del Castillo;AM (R);ST (C);AM (RL), ST (C);30;"5'8""";£25.5K - £35K p/w;£8.4M - £10M;Very Strong;Reasonable;6.99;1;1386;2;693;0.1;2.99;2.99;-0.99;0.2;7%;0.103103448275862;1.9;0.8;0.6;41%;0;0;0;4;0.3;3.53;0.2;90%;51.5;0.8;1.8;4.0;5.8;1.2;21;4.2;1.0;23;4.2;28;5;17.5;6.7;1.6;2.9;11.3;78;32;0;0.2;0.7;0.0;11;2;0;12.3;16.9;No recurring injuries;Below Average;3.2;38;0.0;0;0;1;0;0;0;0;0;0;0;1.2;1.2
Ligue 1 McDonald's;Havre AC;Issa Soumaré;AM (L);AM (R), ST (C);AM (RL), ST (C);26;"6'0""";£9.75K - £11.25K p/w;£4.5M - £8.8M;Weak;Very Strong;6.66;1;1387;2;693.5;0.1;2.29;2.29;-0.29;0.1;7%;0.0789655172413793;1.9;0.7;1.0;38%;1;0;0;0;0.0;1.18;0.1;87%;44.6;0.0;1.5;3.3;2.0;0.6;32;2.0;0.6;32;3.3;14;2;18.0;3.7;1.8;2.3;9.7;78;36;0;0.3;0.6;0.0;15;0;0;11.4;15.7;No recurring injuries;Average;4.7;44;0.0;0;0;0;0;0;0;0;0;0;0;0.6;1.2
Premier League;VTSC;Óscar Rivas;D (C);;D (C);26;"6'4""";£3.4K - £5.5K p/w;Unknown;Very Weak;Very Weak;6.85;0;1396;2;698;0.1;0.74;0.74;1.26;0.0;29%;0.105714285714286;0.5;0.2;0.1;43%;0;0;0;1;0.1;0.29;0.0;93%;39.7;0.1;0.4;2.4;0.0;0.0;0;0.0;0.0;0;0.0;1;0;2.4;10.8;0.3;2.6;1.7;71;7;2;0.8;1.5;1.1;4;2;1;9.5;3.2;No recurring injuries;Below Average;5.0;61;0.6;0;0;0;0;0;0;0;0;0;0;1.4;1.4
Bundesliga 2;Hannover 96;Husseyn Chakroun;AM (L);M (L), AM (RC);M (L), AM (RLC);22;"5'9""";£8.5K - £12.5K p/w;£450K - £4.4M;Reasonable;Very Strong;6.95;0;1403;2;701.5;0.1;2.2;2.2;-0.2;0.1;9%;0.0956521739130435;1.5;0.2;0.4;13%;2;0;0;1;0.1;1.97;0.1;88%;41.1;0.4;2.1;3.8;1.7;0.6;37;1.7;0.6;37;4.5;17;4;21.0;4.7;1.5;2.0;9.8;80;30;1;0.3;0.6;0.0;24;2;0;10.8;14.1;No recurring injuries;Above Average;3.4;6;0.1;0;0;0;0;0;0;0;0;0;0;0.8;0.7
Jupiler Pro League;Club Brugge;Aleksandar Stanković;M (C);;DM, M (C);21;"6'1""";£14.75K - £22K p/w;£18M - £30M;Weak;Very Strong;7.02;1;1456;2;728;0.1;1.72;1.72;0.28;0.1;12%;0.101176470588235;1.1;0.3;0.3;29%;1;0;0;0;0.0;0.93;0.1;94%;57.2;0.2;1.1;6.4;1.2;0.2;15;0.0;0.0;0;0.1;13;0;5.9;14.8;1.0;2.0;4.9;64;25;0;0.7;0.8;0.1;6;0;0;11.1;10.3;No recurring injuries;Low;2.6;60;0.2;0;0;0;0;0;0;0;0;0;0;1.1;0.7
First Division;Burgos;Miguel Atienza;DM;;DM, M (C);27;"6'1""";£5.75K - £9K p/w;£240K - £2.4M;Reasonable;Very Strong;6.37;0;1462;2;731;0.1;1.18;1.18;0.82;0.1;17%;0.0983333333333333;0.7;0.3;0.4;42%;0;0;0;0;0.0;0.7;0.0;91%;5.0;0.1;0.1;0.2;0.0;0.0;0;0.0;0.0;0;0.1;3;0;13.3;9.0;0.1;0.2;1.0;67;3;0;0.1;0.1;0.1;4;4;0;1.4;1.4;No recurring injuries;Average;0.2;67;0.1;0;0;0;0;0;0;0;0;0;0;0.9;1.8
Sky Bet Championship;Hull;Toni Moya;M (C);;M (C);28;"5'11""";£7.5K - £8.5K p/w;£250K - £2.5M;Reasonable;Very Strong;6.51;0;1470;2;735;0.1;1.25;1.25;0.75;0.1;15%;0.0961538461538462;0.8;0.4;0.2;46%;0;0;0;0;0.0;2.36;0.1;93%;4.3;0.1;0.1;0.6;0.1;0.0;0;0.1;0.0;0;0.0;8;0;16.0;8.5;0.1;0.2;0.6;100;2;0;0.0;0.0;0.0;1;1;0;0.8;0.7;No recurring injuries;Below Average;0.3;20;0.0;0;0;0;0;0;0;0;0;0;0;1.1;1.5
Sky Bet Championship;Middlesbrough;Sontje Hansen;AM (C);M (C), AM (L);M (C), AM (RLC), ST (C);24;"5'9""";£14.75K - £20K p/w;£6.8M - £8.8M;Weak;Very Strong;6.87;1;1474;2;737;0.1;3.33;3.33;-1.33;0.2;6%;0.100909090909091;2.0;0.8;0.7;39%;0;0;0;2;0.1;1.07;0.1;86%;39.0;0.1;1.6;3.2;5.5;1.0;18;4.3;0.9;21;4.2;14;8;18.0;3.6;1.5;1.4;9.0;83;29;0;0.5;0.2;0.0;16;0;0;11.5;14.0;No recurring injuries;Below Average;3.8;40;0.1;0;0;0;0;0;0;0;0;0;0;1.0;1.2
Jupiler Pro League;RWDM Brussels;Ali Loune;DM;;DM, M (C);24;"5'11""";£3.4K - £5K p/w;£500K - £1.2M;Weak;Very Strong;6.87;0;1496;2;748;0.1;1.3;1.3;0.7;0.1;25%;0.1625;0.5;0.1;0.0;25%;0;0;0;0;0.0;1;0.1;93%;53.0;0.4;0.6;3.9;0.2;0.2;75;0.2;0.2;75;0.1;11;0;7.2;14.1;1.5;2.3;6.5;78;32;1;0.5;0.7;0.9;15;1;0;11.6;11.8;No recurring injuries;Below Average;1.6;65;0.2;0;0;0;0;0;0;0;0;0;0;1.1;0.9
Sky Bet Championship;Portsmouth;Adrian Segecic;AM (RC);M (RL);M/AM (RLC);22;"5'8""";£10.75K - £14.5K p/w;£300K - £3M;Very Strong;Weak;6.68;0;1502;2;751;0.1;1.35;1.35;0.65;0.1;10%;0.0675;1.2;0.4;0.5;30%;1;0;0;1;0.1;1.26;0.1;90%;40.9;0.3;1.5;2.7;3.2;0.5;14;3.2;0.5;15;2.9;15;10;19.1;5.2;0.8;1.7;8.3;87;15;0;0.5;0.5;0.1;16;1;0;10.9;12.3;No recurring injuries;Below Average;3.4;34;0.0;0;0;0;0;0;0;0;0;0;0;0.8;1.3
Jupiler Pro League;Charleroi;Cheick Keita;D (C);D (R);D (RC);23;"6'1""";£3.4K - £5K p/w;£3.3M - £7M;Weak;Very Strong;6.88;0;1511;2;755.5;0.1;1.5;1.5;0.5;0.1;11%;0.0789473684210526;1.1;0.2;0.5;16%;0;0;0;0;0.0;0.27;0.0;85%;52.7;0.1;1.1;6.6;1.5;0.1;7;1.5;0.1;8;0.4;12;0;12.7;11.7;1.8;3.5;6.3;75;40;2;0.5;1.2;0.6;20;5;0;10.7;11.3;No recurring injuries;Below Average;5.9;63;0.6;0;0;0;0;0;0;0;0;0;0;1.4;1.0
Jupiler Pro League;Standard;Ibrahim Karamoko;M (C);D (C);D (C), DM, M (C);25;"6'3""";£3.1K - £4.7K p/w;£750K - £7.6M;Weak;Very Strong;6.49;0;1516;2;758;0.1;3.24;3.24;-1.24;0.2;8%;0.135;1.4;0.4;0.2;29%;1;0;0;1;0.1;1.55;0.1;0%;0.0;0.1;0.1;0.0;0.0;0.0;0;0.0;0.0;0;0.0;8;0;14.1;10.6;0.0;0.0;0.0;0;0;0;0.0;0.0;0.0;1;1;0;0.0;0.0;No recurring injuries;Low;0.0;0;0.0;0;0;0;0;0;0;0;0;0;0;1.0;0.8
Ligue 2 BKT;Nancy;Nehemiah Fernandez;D (C);;D (C);21;"6'1""";£1.8K - £3.1K p/w;£800K - £8.2M;Weak;Very Strong;6.97;1;1530;2;765;0.1;2.21;2.21;-0.21;0.1;13%;0.138125;0.9;0.3;0.3;31%;0;0;0;1;0.1;0.98;0.1;92%;40.4;0.3;0.4;1.5;0.1;0.1;100;0.1;0.1;100;0.1;4;0;2.6;19.9;0.2;3.5;2.2;80;5;0;0.8;0.8;1.1;3;0;0;9.6;3.4;No recurring injuries;Below Average;5.1;65;1.0;0;0;0;0;0;0;0;0;0;0;0.6;0.6
Premier League;Sporting CP;Salvador Blopá;D/WB (R);D (L), M (RL);D/WB/M (RL), AM (R);19;"6'4""";£6.75K - £10.25K p/w;Unknown;Very Weak;Very Weak;7.00;1;1532;2;766;0.1;2.04;2.04;-0.04;0.1;10%;0.0971428571428571;1.2;0.3;0.4;24%;2;0;0;3;0.2;3.54;0.2;89%;49.1;0.2;1.6;4.2;2.9;0.4;14;2.9;0.4;14;2.6;14;14;19.8;6.2;1.5;2.0;8.5;76;33;1;0.2;0.5;0.1;23;0;0;12.2;15.9;No recurring injuries;Below Average;2.9;54;0.0;0;0;0;0;0;0;0;0;0;0;1.6;0.9
Jupiler Pro League;Union SG;Fedde Leysen;D (C);D (L);D (LC);23;"6'3""";£3.1K - £4.7K p/w;£600K - £6.2M;Very Strong;Weak;6.74;1;1662;2;831;0.1;0.06;0.06;1.94;0.0;50%;0.015;0.2;0.1;0.2;50%;1;0;0;0;0.0;1.01;0.1;90%;41.9;0.1;0.1;1.8;0.0;0.0;0;0.0;0.0;0;0.0;4;0;3.0;12.8;0.4;2.4;2.4;89;9;0;0.6;1.3;0.9;10;3;1;10.2;3.9;No recurring injuries;Average;4.7;57;1.1;0;0;0;0;0;0;0;0;0;0;1.2;1.1
Second Division;Coruña;Arnau Comas;D (C);DM;D (C), DM;26;"6'3""";£6K - £8.75K p/w;£1.1M - £2.5M;Reasonable;Very Strong;6.99;1;1677;2;838.5;0.1;1.5;1.5;0.5;0.1;17%;0.125;0.6;0.3;0.2;50%;1;0;0;0;0.0;1.54;0.1;93%;41.8;0.1;0.2;1.8;0.0;0.0;0;0.0;0.0;0;0.1;2;0;3.3;17.1;0.8;2.4;2.3;88;16;6;0.9;1.0;0.5;8;2;0;10.3;3.9;No recurring injuries;High;5.7;55;1.0;0;0;0;0;0;0;0;0;0;0;1.0;1.0
Sky Bet Championship;QPR;Nathanaël Mbuku;AM (R);M (RL);M/AM (RL);24;"5'8""";£6K - £8.75K p/w;£550K - £5.8M;Very Strong;Weak;7.11;1;1723;2;861.5;0.1;2.55;2.55;-0.55;0.1;9%;0.115909090909091;1.1;0.5;0.4;41%;0;0;0;3;0.2;3.84;0.2;87%;44.0;0.1;1.9;3.3;2.8;0.6;22;2.7;0.6;23;4.8;14;4;18.5;5.3;1.8;2.3;9.8;94;36;2;0.3;0.6;0.0;11;2;0;11.2;13.3;No recurring injuries;Below Average;3.0;7;0.1;0;0;0;0;0;0;0;0;0;0;1.3;1.3
Sky Bet Championship;Wrexham;Ben Sheaf;DM, M (C);D (C);D (C), DM, M (C);28;"6'1""";£11K - £15.75K p/w;£6M - £9.8M;Reasonable;Very Strong;6.55;0;1823;2;911.5;0.1;1.73;1.73;0.27;0.1;13%;0.115333333333333;0.7;0.2;0.1;27%;0;0;0;4;0.2;2.59;0.1;0%;0.0;0.1;0.2;0.0;0.0;0.0;0;0.0;0.0;0;0.0;13;0;13.4;12.3;0.0;0.0;0.0;0;0;0;0.0;0.0;0.0;3;3;0;0.0;0.0;No recurring injuries;Above Average;0.0;0;0.0;0;0;0;0;0;0;0;0;0;0;1.1;1.2
Eredivisie;Fortuna Sittard;Justin Hubner;D (C);DM;D (C), DM;23;"6'2""";£1.7K - £2.5K p/w;£220K - £2.2M;Very Strong;Weak;6.76;1;1000;1;1000;0.1;0.18;0.18;0.82;0.0;50%;0.09;0.2;0.1;0.0;50%;0;0;0;0;0.0;0.32;0.0;91%;39.9;0.2;0.3;1.8;0.1;0.0;0;0.1;0.0;0;0.0;1;0;3.1;16.1;0.5;2.0;2.4;83;6;1;0.8;1.4;0.7;6;1;0;9.8;3.6;No recurring injuries;Below Average;5.8;72;0.8;0;0;1;0;0;0;0;0;0;0;0.9;1.0
Premier League;VIZ;Natanaël Thio;WB (R), AM (L);WB (L), M (RL), AM (R);WB/M/AM (RL);27;"6'1""";£4.3K - £6.25K p/w;Unknown;Very Weak;Very Weak;6.86;1;1008;1;1008;0.1;1.58;1.58;-0.58;0.1;6%;0.0877777777777778;1.6;0.8;0.4;50%;0;0;0;1;0.1;1.29;0.1;85%;43.9;0.2;2.0;3.8;5.3;1.0;18;4.1;0.7;17;2.9;8;7;19.3;3.1;1.7;1.8;8.8;76;25;0;0.2;0.4;0.0;10;0;0;10.9;13.0;No recurring injuries;Below Average;4.6;38;0.2;0;0;0;0;0;0;0;0;0;0;1.0;1.9
Ligue 2 BKT;Pau FC;Anthony Briançon;D (C);DM, M (C);D (C), DM, M (C);32;"6'1""";£3.8K - £5.5K p/w;Not for Sale;Reasonable;Very Strong;6.88;0;1016;1;1016;0.1;0.41;0.41;0.59;0.0;13%;0.05125;0.7;0.3;0.1;38%;0;0;0;0;0.0;0.77;0.1;91%;45.4;0.0;0.4;2.1;0.1;0.1;100;0.1;0.1;100;0.2;4;0;4.3;16.1;0.7;3.5;3.5;89;9;2;0.4;0.7;0.4;8;1;0;10.3;4.7;No recurring injuries;Above Average;2.4;67;0.5;0;0;0;0;0;0;0;0;0;0;1.2;1.1
Eredivisie;N.E.C.;Yiğit Karademir;D (C);DM;D (C), DM;22;"6'2""";£3.9K - £6.5K p/w;£475K - £4.8M;Weak;Very Strong;6.73;1;1019;1;1019;0.1;1.02;1.02;-0.02;0.1;33%;0.34;0.3;0.1;0.0;33%;0;0;0;0;0.0;0;0.0;96%;41.0;0.0;0.3;1.5;0.0;0.0;0;0.0;0.0;0;0.0;1;0;3.9;17.6;0.4;2.5;3.0;57;7;2;0.9;1.4;0.8;3;1;0;9.3;2.5;No recurring injuries;High;5.4;66;1.4;0;0;0;0;0;0;0;0;0;0;1.1;1.5
Ligue 2 BKT;Nancy;Alimami Gory;AM (R);AM (L), ST (C);AM (RL), ST (C);30;"6'0""";£4.6K - £6.5K p/w;£65K - £650K;Reasonable;Very Strong;6.74;0;1045;1;1045;0.1;2.11;2.11;-1.11;0.2;4%;0.0844;2.2;0.4;0.9;20%;2;0;0;0;0.0;1.19;0.1;89%;39.4;0.2;2.6;4.7;3.2;0.7;21;3.2;0.7;22;2.8;7;7;16.7;4.6;1.4;1.1;10.2;94;17;0;0.2;0.6;0.0;9;0;0;11.5;16.2;No recurring injuries;Above Average;3.4;53;0.1;0;0;0;0;0;0;0;0;0;0;0.4;0.8
Second Division;F.C. Andorra;Álvaro Martín;AM (L);M (C), AM (RC);M (C), AM (RLC);25;"5'8""";£2.4K - £3.6K p/w;£95K - £950K;Very Strong;Weak;6.90;0;1047;1;1047;0.1;4.4;3.59;-3.4;0.4;5%;0.2;1.9;0.6;0.3;32%;0;1;0;0;0.0;2.33;0.2;91%;42.0;0.3;1.5;3.7;5.5;1.8;32;2.4;0.9;39;2.9;9;1;18.1;4.6;1.4;2.0;8.9;89;18;0;0.5;0.6;0.0;10;0;0;10.6;14.8;No recurring injuries;Above Average;2.4;36;0.0;0;0;0;0;0;0;0;0;0;0;1.0;1.1
Ligue 2 BKT;FC Metz;Sadibou Sané;D (C);;D (C);22;"6'0""";£9.75K - £12.5K p/w;£5.6M;Weak;Very Strong;7.12;3;1057;1;1057;0.1;1.92;1.92;-0.92;0.2;6%;0.12;1.4;0.3;0.5;25%;1;0;0;0;0.0;0.23;0.0;93%;46.2;0.2;0.1;1.8;0.0;0.0;0;0.0;0.0;0;0.1;3;0;3.1;21.5;0.6;3.2;2.4;64;11;1;0.3;0.9;0.4;8;2;0;10.2;3.2;No recurring injuries;Below Average;5.4;60;0.9;0;0;0;0;0;0;0;0;0;0;1.0;0.5
Ligue 1 McDonald's;RC Lens;Jhoanner Chávez;WB (L);;D/WB (L);24;"6'0""";£14.75K - £20K p/w;£240K - £2.4M;Very Strong;Reasonable;6.99;5;2115;2;1057.5;0.1;0.49;0.49;1.51;0.0;40%;0.098;0.2;0.1;0.1;60%;0;0;0;3;0.1;2.02;0.1;92%;48.7;0.1;2.0;4.8;5.4;0.9;15;5.4;0.9;16;1.9;15;2;17.4;9.8;2.2;3.5;11.0;73;71;3;0.9;1.7;0.1;54;5;0;13.0;24.9;No recurring injuries;High;3.5;40;0.3;0;0;1;0;0;0;0;0;0;0;1.0;0.8
Second Division;Zaragoza;Francho Serrano;M (C);M (R);DM, M (RC);25;"5'10""";£3.9K - £6.5K p/w;£150K - £1.5M;Fairly Strong;Very Strong;6.48;0;1062;1;1062;0.1;0.8;0.8;0.2;0.1;14%;0.114285714285714;0.6;0.2;0.1;29%;0;0;0;1;0.1;1.78;0.2;87%;9.7;0.1;0.2;1.3;0.0;0.0;0;0.0;0.0;0;0.0;7;0;14.2;12.2;0.2;0.3;1.2;100;2;0;0.2;0.2;0.0;3;2;0;1.9;1.8;No recurring injuries;Below Average;0.3;50;0.0;0;0;0;0;0;0;0;0;0;0;1.0;0.8
Premier League;VIZ;Henri Koudossou;D (R);D/WB (L), M (R);D/WB (RL), M (R);27;"5'11""";£8.25K - £12.5K p/w;£500K;Very Weak;Very Weak;6.63;0;1063;1;1063;0.1;1.31;1.31;-0.31;0.1;6%;0.081875;1.4;0.3;0.4;25%;0;0;0;0;0.0;0.86;0.1;88%;50.5;0.2;1.4;6.9;2.6;0.5;19;2.6;0.5;19;1.4;12;0;16.4;8.2;1.7;2.7;7.8;77;26;1;0.3;0.8;0.5;11;1;0;11.5;17.9;Recurring tight calf;Very High;4.1;40;0.1;0;0;0;0;0;0;0;0;0;0;1.1;1.5
Bundesliga 2;SV Elversberg;Ba-Muaka Simakala;AM (C);M (L), AM (RL);M (L), AM (RLC), ST (C);29;"5'11""";£4.6K - £7.25K p/w;£150K - £1.5M;Strong;Very Strong;6.82;0;1065;1;1065;0.1;2.07;2.07;-1.07;0.2;5%;0.108947368421053;1.6;0.5;0.4;32%;1;0;0;2;0.2;2.51;0.2;89%;39.3;0.2;1.6;1.9;5.1;0.7;13;1.4;0.3;24;1.8;8;3;20.9;7.5;0.6;1.4;5.7;64;11;0;0.3;0.3;0.0;9;3;0;11.4;8.9;No recurring injuries;Average;3.8;20;0.0;0;0;0;0;0;0;0;0;0;0;1.0;1.0
Eredivisie;Fortuna Sittard;Kristoffer Peterson;AM (L);M (R);M/AM (RL);32;"6'1""";£3.4K - £5.25K p/w;Not for Sale;Reasonable;Very Strong;6.77;0;1071;1;1071;0.1;1.99;1.99;-0.99;0.2;8%;0.165833333333333;1.0;0.4;0.3;42%;0;0;0;1;0.1;1.54;0.1;92%;41.3;0.3;1.8;3.5;3.5;0.8;23;2.9;0.8;29;4.5;11;6;18.0;5.5;1.8;2.1;9.1;76;29;0;0.3;0.5;0.0;13;1;0;11.7;13.7;No recurring injuries;Below Average;4.0;40;0.0;0;0;0;0;0;0;0;0;0;0;1.3;0.9
Premier League;Estrela da Amadora SAD;Jorge Meireles;AM (C);M (C), AM (L), ST (C);M (C), AM (LC), ST (C);22;"5'11""";£1.1K - £1.7K p/w;Unknown;Very Weak;Very Weak;6.74;0;1075;1;1075;0.1;0.68;0.68;0.32;0.1;9%;0.0618181818181818;0.9;0.1;0.3;9%;0;0;0;3;0.3;1.39;0.1;88%;41.6;0.1;1.9;2.8;1.0;0.2;16;1.0;0.2;17;0.9;8;4;21.3;8.8;0.6;0.9;5.4;58;12;0;0.2;0.3;0.0;12;1;0;12.1;10.2;No recurring injuries;Low;2.8;9;0.0;0;0;0;0;0;0;0;0;0;0;1.1;1.3
Sky Bet Championship;Stoke;Maksym Talovierov;D (C);DM;D (C), DM;26;"6'5""";£13.25K - £19K p/w;£3.4M - £5.6M;Fairly Strong;Very Strong;6.76;1;1078;1;1078;0.1;0.42;0.42;0.58;0.0;25%;0.105;0.3;0.1;0.1;25%;0;0;0;0;0.0;0.33;0.0;86%;41.4;0.2;0.0;1.7;0.2;0.2;100;0.2;0.2;100;0.0;0;0;3.0;11.4;0.8;3.6;2.8;91;11;1;0.8;1.2;0.6;2;1;0;10.0;4.3;No recurring injuries;Average;5.3;80;1.3;0;0;0;0;0;0;0;0;0;0;1.0;1.7
Premier League;Santa Clara;MT;D (C);D/WB (L);D (LC), WB/M (L);25;"6'1""";£3.9K - £6K p/w;Unknown;Very Weak;Very Weak;6.74;0;1080;1;1080;0.1;0.32;0.32;0.68;0.0;20%;0.064;0.4;0.1;0.2;20%;0;0;0;0;0.0;0.9;0.1;93%;43.0;0.0;0.1;1.9;0.0;0.0;0;0.0;0.0;0;0.0;3;0;2.7;15.1;0.7;3.7;2.6;100;8;0;0.3;0.8;0.4;7;1;0;9.2;3.4;No recurring injuries;Below Average;4.2;78;0.6;0;0;0;0;0;0;0;0;0;0;1.0;1.2
Eredivisie;Fortuna Sittard;Gonzalo Ávila;D (R);;D/WB (R);28;"5'9""";£4.2K - £6K p/w;£250K - £2.6M;Weak;Very Strong;6.82;1;1085;1;1085;0.1;0.59;0.59;0.41;0.0;9%;0.0536363636363636;0.9;0.1;0.7;9%;0;0;0;2;0.2;1.63;0.1;87%;51.6;0.0;0.6;6.6;2.1;0.6;28;2.1;0.6;28;1.4;11;0;15.3;13.4;1.4;3.1;8.6;100;17;1;0.9;0.7;0.5;13;1;0;10.9;15.6;No recurring injuries;Average;3.5;50;0.0;0;0;0;0;0;0;0;0;0;0;1.2;1.1
Ligue 2 BKT;Montpellier;Julien Laporte;D (C);;D (C);33;"6'1""";£7K - £10.5K p/w;Not for Sale;Weak;Very Strong;7.03;0;1090;1;1090;0.1;0.36;0.36;0.64;0.0;17%;0.06;0.5;0.1;0.3;17%;1;0;0;0;0.0;0.18;0.0;91%;41.4;0.0;0.2;1.9;0.0;0.0;0;0.0;0.0;0;0.1;1;1;3.1;17.2;0.7;2.2;2.8;82;11;2;0.4;1.5;0.9;8;1;0;9.5;3.7;No recurring injuries;Above Average;4.5;78;1.2;0;0;0;0;0;0;0;0;0;0;0.9;1.1
Jupiler Pro League;Union SG;Kamiel Van De Perre;DM;;D (C), DM, M (C);22;"5'11""";£2.9K - £5K p/w;£170K - £1.7M;Reasonable;Very Strong;6.72;0;1105;1;1105;0.1;0.78;0.78;0.22;0.1;11%;0.0866666666666667;0.7;0.2;0.2;33%;0;0;0;0;0.0;0.7;0.1;89%;47.2;0.2;0.5;3.8;0.0;0.0;0;0.0;0.0;0;0.2;4;0;5.2;9.9;1.0;2.4;3.9;67;18;2;0.5;0.7;0.6;10;2;0;11.3;11.2;No recurring injuries;Below Average;2.4;52;0.3;0;0;0;0;0;0;0;0;0;0;1.5;1.4
Eredivisie;NAC Breda;Fredrik Oldrup Jensen;DM;D/M (C);D (C), DM, M (C);33;"6'1""";£1.9K - £3.2K p/w;Not for Sale;Reasonable;Very Strong;6.85;1;1106;1;1106;0.1;1.31;1.31;-0.31;0.1;10%;0.131;0.8;0.2;0.1;20%;1;0;0;4;0.3;3.44;0.3;91%;51.7;0.4;1.0;5.9;0.2;0.1;33;0.2;0.1;33;0.1;5;0;10.6;9.2;1.2;2.5;6.4;94;16;0;0.4;0.9;0.2;5;0;0;10.8;9.3;No recurring injuries;Below Average;2.6;72;0.3;0;0;0;0;0;0;0;0;0;0;0.8;1.5
Premier League;TND;Tiago Manso;D (R);D (L), M (R);D (RL), WB/M (R);26;"5'9""";£1.3K - £2K p/w;Unknown;Very Weak;Very Weak;6.67;0;1110;1;1110;0.1;0.59;0.59;0.41;0.0;10%;0.059;0.8;0.1;0.2;10%;0;0;0;0;0.0;0.47;0.0;85%;53.1;0.1;0.7;6.9;2.1;0.2;11;2.1;0.2;12;1.4;8;2;13.7;13.1;1.7;4.2;7.1;81;26;1;0.5;0.8;0.6;23;2;0;11.1;16.7;No recurring injuries;Low;3.3;54;0.1;0;0;1;0;0;0;0;0;0;0;1.3;1.3
Bundesliga 2;1. FC Heidenheim 1846;Christian Conteh;AM (R);M (RL), AM (C);M (RL), AM (RLC);27;"6'0""";£5.25K - £8K p/w;£550K - £1.2M;Reasonable;Very Strong;6.94;0;1111;1;1111;0.1;1.52;1.52;-0.52;0.1;7%;0.101333333333333;1.2;0.3;0.4;27%;0;0;0;1;0.1;2.21;0.2;93%;44.3;0.4;1.9;4.4;3.7;1.1;28;3.7;1.1;28;6.0;15;4;21.2;4.1;1.0;1.5;8.1;80;15;0;0.2;0.8;0.0;19;0;0;11.8;12.2;No recurring injuries;High;3.8;26;0.2;0;0;0;0;0;0;0;0;0;0;1.5;0.8
Jupiler Pro League;Beerschot;Jomaine Consbruch;M (C);AM (C);DM, M/AM (C);24;"5'9""";£7.5K - £11.75K p/w;£75K - £750K;Reasonable;Very Strong;6.46;0;1118;1;1118;0.1;1.69;1.69;-0.69;0.1;6%;0.105625;1.3;0.3;0.2;25%;0;0;0;1;0.1;0.9;0.1;0%;0.0;0.2;0.1;0.0;3.9;0.3;8;0.0;0.0;0;0.0;12;0;15.5;8.5;0.0;0.0;0.0;0;0;0;0.0;0.0;0.0;2;2;0;0.0;0.0;No recurring injuries;Above Average;0.0;0;0.0;0;0;0;0;0;0;0;0;0;0;0.9;0.8
Ligue 2 BKT;Montpellier;Joel Asoro;AM (R);ST (C);AM (RL), ST (C);27;"5'9""";£3.2K - £3.6K p/w;£190K - £1.9M;Weak;Very Strong;6.96;0;1122;1;1122;0.1;1.81;1.81;-0.81;0.1;5%;0.0905;1.6;0.7;0.6;45%;1;0;0;1;0.1;1.08;0.1;88%;44.1;0.2;1.8;4.3;4.4;0.5;10;4.4;0.5;11;5.1;18;3;17.2;4.7;1.1;1.9;9.6;93;15;0;0.2;0.6;0.0;6;0;0;10.9;11.6;No recurring injuries;Average;3.9;45;0.0;0;0;0;0;0;0;0;0;0;0;1.2;1.0
Sky Bet Championship;Watford;Hector Kyprianou;DM;;DM, M (C);25;"6'3""";£9.25K - £12.5K p/w;£4.8M - £7.8M;Fairly Strong;Very Strong;7.01;1;1123;1;1123;0.1;1.08;1.08;-0.08;0.1;8%;0.09;1.0;0.1;0.3;8%;1;0;0;1;0.1;2.3;0.2;94%;48.0;0.1;0.7;4.2;0.2;0.1;33;0.2;0.1;33;0.0;5;0;6.9;10.9;0.9;2.0;4.8;79;14;0;0.3;0.9;0.0;6;3;0;11.0;11.5;No recurring injuries;High;2.9;50;0.4;0;0;0;0;0;0;0;0;0;0;1.0;1.4
Bundesliga;Borussia Dortmund;Kjell Wätjen;M (C);WB (R), AM (L);WB (R), DM, M (C), AM (L);20;"6'0""";£13.5K - £20.5K p/w;£6M - £7.4M;Reasonable;Very Strong;6.88;2;1123;1;1123;0.1;0.58;0.58;0.42;0.0;14%;0.0828571428571429;0.6;0.2;0.3;29%;1;0;0;2;0.2;1.17;0.1;88%;60.5;0.2;1.0;4.8;2.9;0.6;19;2.9;0.6;19;1.2;12;2;10.7;10.3;2.4;3.4;7.9;94;32;1;0.5;0.5;0.2;14;1;0;12.3;17.1;No recurring injuries;Average;2.0;24;0.1;0;0;0;0;0;0;0;0;0;0;1.7;1.4
Jupiler Pro League;KAA Gent;Leonardo Lopes;M (C);;DM, M (C);28;"5'9""";£1.3K - £2K p/w;£140K - £1.4M;Reasonable;Very Strong;6.61;0;1127;1;1127;0.1;0.47;0.47;0.53;0.0;33%;0.156666666666667;0.2;0.2;0.1;67%;0;0;0;2;0.2;1.71;0.1;95%;15.6;0.4;0.5;1.8;0.0;0.0;0;0.0;0.0;0;0.1;7;1;11.6;10.2;0.5;1.0;2.1;100;6;1;0.2;0.3;0.1;2;0;0;3.4;3.2;No recurring injuries;Below Average;0.5;17;0.0;0;0;0;0;0;0;0;0;0;0;1.0;1.3
Ligue 1 McDonald's;Havre AC;Rassoul Ndiaye;M (C);DM;DM, M (C);24;"5'10""";£11.75K - £16K p/w;£5.6M - £8.8M;Weak;Very Strong;6.52;0;1128;1;1128;0.1;1.23;1.23;-0.23;0.1;11%;0.136666666666667;0.7;0.2;0.1;33%;0;0;0;4;0.3;2.55;0.2;0%;0.0;0.5;0.3;0.0;0.8;0.2;20;0.0;0.0;0;0.0;7;0;13.1;11.0;0.0;0.0;0.0;0;0;0;0.0;0.0;0.0;1;1;0;0.0;0.0;No recurring injuries;Below Average;0.0;0;0.0;0;0;0;0;0;0;0;0;0;0;0.7;1.2
Bundesliga;1. FC Union Berlin;Luca Sirch;D (C);DM, M (C);D (C), DM, M (C);27;"6'1""";£10.75K - £15.25K p/w;£2.2M - £4.8M;Reasonable;Very Strong;6.81;0;1137;1;1137;0.1;1.14;1.14;-0.14;0.1;10%;0.114;0.8;0.2;0.2;30%;1;0;0;0;0.0;0.62;0.0;90%;43.4;0.2;0.0;2.4;5.0;0.7;14;0.1;0.1;100;0.0;7;0;3.7;12.7;0.2;3.0;3.5;100;3;0;0.3;0.3;0.2;4;1;0;9.8;3.3;No recurring injuries;Below Average;4.7;76;0.6;0;0;0;0;0;0;0;0;0;0;0.9;1.1
Bundesliga 2;1. FC Saarbrücken;Elijah Krahn;DM;D (C);D (C), DM, M (C);23;"6'0""";£4.8K - £7K p/w;£200K - £2M;Reasonable;Very Strong;7.02;1;1140;1;1140;0.1;0.7;0.7;0.3;0.1;20%;0.14;0.4;0.1;0.0;20%;0;0;0;2;0.2;0.88;0.1;89%;53.0;0.1;1.4;6.4;0.1;0.0;0;0.1;0.0;0;0.0;6;0;7.2;9.8;0.6;2.6;5.9;78;9;0;0.8;1.7;0.0;2;0;0;11.7;11.8;No recurring injuries;Above Average;1.8;87;0.3;0;0;0;0;0;0;0;0;0;0;0.6;1.3
Ligue 1 McDonald's;Troyes;Pedro Maranhão;AM (R);M (RL), AM (L);M/AM (RL);27;"5'8""";£5.5K - £8.25K p/w;£210K - £2.1M;Reasonable;Very Strong;6.92;1;1150;1;1150;0.1;1.6;1.6;-0.6;0.1;6%;0.0888888888888889;1.4;0.5;0.5;39%;1;0;0;1;0.1;2.22;0.2;87%;43.1;0.2;2.3;4.1;3.3;0.3;9;3.3;0.3;10;5.1;8;3;17.5;4.7;1.7;1.8;7.7;71;31;1;0.2;0.6;0.0;9;0;0;11.3;13.5;No recurring injuries;Below Average;2.6;6;0.0;0;0;0;0;0;0;0;0;0;0;1.1;1.5
Bundesliga 2;1. FC Saarbrücken;Florian Pick;AM (L);AM (RC), ST (C);AM (RLC), ST (C);31;"5'9""";£7K - £10.5K p/w;Not for Sale;Fairly Strong;Very Strong;6.80;0;1158;1;1158;0.1;1.5;1.5;-0.5;0.1;8%;0.115384615384615;1.0;0.2;0.2;23%;0;0;0;1;0.1;0.3;0.0;85%;42.7;0.2;2.0;4.0;5.4;0.8;14;4.7;0.6;13;3.3;11;7;21.5;4.1;2.6;1.4;7.4;92;36;1;0.0;0.2;0.0;14;0;0;11.9;16.2;No recurring injuries;Very Low;3.7;6;0.1;0;0;0;0;0;0;0;0;0;0;0.8;1.3
Bundesliga 2;SV Elversberg;Florian Le Joncour;D (C);DM;D (C), DM;31;"6'4""";£5K - £7.5K p/w;£120K - £375K;Very Strong;Weak;6.72;0;1160;1;1160;0.1;0.26;0.26;0.74;0.0;25%;0.065;0.3;0.1;0.0;25%;0;0;0;0;0.0;0.2;0.0;89%;42.6;0.1;0.5;2.1;0.0;0.0;0;0.0;0.0;0;0.0;1;0;2.7;16.4;0.3;2.9;2.2;50;8;2;1.3;1.2;0.9;4;1;1;10.2;3.3;No recurring injuries;Above Average;5.5;87;1.2;0;0;0;0;0;0;0;0;0;0;1.4;0.7
Sky Bet Championship;West Brom;Kaide Gordon;AM (R);AM (C);AM (RLC);22;"5'8""";£1.9K - £2.7K p/w;£300K - £950K;Very Strong;Weak;6.93;3;1167;1;1167;0.1;1.32;1.32;-0.32;0.1;8%;0.101538461538462;1.0;0.4;0.3;38%;0;0;0;3;0.2;2.77;0.2;88%;43.4;0.2;1.9;3.4;2.1;0.2;11;2.1;0.2;11;4.8;15;5;16.3;5.5;1.2;1.9;9.5;79;19;0;0.2;0.7;0.0;5;1;0;11.3;12.3;No recurring injuries;Average;2.4;19;0.0;0;0;0;0;0;0;0;0;0;0;1.4;0.9
Sky Bet Championship;Derby;Matt Clarke;D (C);;D (C);30;"6'1""";£19.75K - £27.5K p/w;£5.8M - £7.2M;Very Strong;Reasonable;7.00;0;1170;1;1170;0.1;1.89;1.89;-0.89;0.1;10%;0.189;0.8;0.2;0.2;20%;0;0;0;0;0.0;0.12;0.0;90%;41.8;0.1;0.1;2.0;0.2;0.0;0;0.2;0.0;0;0.1;5;0;3.1;19.1;0.8;2.1;2.6;77;13;3;1.0;1.5;0.9;4;1;0;10.0;4.0;Recurring damaged spine, moderate groin strain and hamstring strain;Very High;4.2;83;0.8;0;0;0;0;0;0;0;0;0;0;1.2;0.7
Ligue 1 McDonald's;Auxerre;Sinaly Diomandé;D (C);;D (C);25;"6'0""";£13K - £15K p/w;£5.6M - £8.8M;Weak;Very Strong;6.99;0;1170;1;1170;0.1;0.64;0.64;0.36;0.0;9%;0.0581818181818182;0.8;0.3;0.2;36%;0;0;0;1;0.1;0.3;0.0;95%;51.2;0.1;0.2;2.9;0.0;0.0;0;0.0;0.0;0;0.0;4;0;2.9;17.6;1.2;3.4;3.5;100;16;1;1.0;1.1;0.5;7;4;0;10.3;4.8;No recurring injuries;Below Average;3.9;78;0.5;0;0;0;0;0;0;0;0;0;0;1.3;0.8
Second Division;Las Palmas;Cristian Gutiérrez;WB (L);M/AM (L);D/WB/M/AM (L);26;"5'10""";£7.5K - £8.75K p/w;£350K - £3.6M;Very Strong;Weak;6.99;1;1182;1;1182;0.1;0.42;0.42;0.58;0.0;20%;0.084;0.4;0.1;0.1;20%;0;0;0;2;0.2;1.6;0.1;91%;58.6;0.2;1.4;8.8;2.7;0.5;17;2.6;0.5;18;1.3;12;1;11.7;13.7;1.6;3.0;7.2;78;27;2;1.0;1.3;0.3;15;2;0;12.3;16.3;No recurring injuries;Below Average;2.9;53;0.1;0;0;0;0;0;0;0;0;0;0;1.1;0.8
Ligue 1 McDonald's;FC Lorient;Pablo Pagis;AM (L);AM (R);AM (RL), ST (C);23;"5'11""";£9.5K - £11K p/w;£6.6M - £8.2M;Reasonable;Very Strong;6.71;0;1183;1;1183;0.1;4.23;3.42;-3.23;0.3;4%;0.151071428571429;2.1;1.0;0.8;46%;2;1;0;4;0.3;1.33;0.1;88%;45.8;0.2;2.2;4.1;9.5;1.5;16;2.8;0.7;24;2.9;15;8;20.3;4.6;2.2;2.3;11.1;91;32;1;0.2;0.4;0.1;11;0;0;12.9;17.0;No recurring injuries;Below Average;2.8;35;0.0;0;0;0;0;0;0;0;0;0;0;0.8;1.2
First Division;Burgos;Iván Morante;DM;;DM, M (C);25;"6'0""";£4.3K - £7.25K p/w;£2.2M - £4.8M;Very Strong;Reasonable;6.40;0;1184;1;1184;0.1;1.45;1.45;-0.45;0.1;10%;0.145;0.8;0.3;0.2;40%;1;0;0;2;0.2;0.6;0.0;0%;0.0;0.2;0.2;0.0;0.0;0.0;0;0.0;0.0;0;0.0;6;0;16.6;9.0;0.0;0.0;0.0;0;0;0;0.0;0.0;0.0;0;0;1;0.0;0.0;No recurring injuries;Above Average;0.0;0;0.0;0;0;0;0;0;0;0;0;0;0;0.9;1.4
Eredivisie;RKC Waalwijk;Denilho Cleonise;AM (R);M (R);M (R), AM (RL);25;"5'10""";£1.6K - £2.7K p/w;£3.2M - £6.8M;Weak;Very Strong;7.02;1;1188;1;1188;0.1;1.73;1.73;-0.73;0.1;6%;0.108125;1.2;0.4;0.5;31%;2;0;0;3;0.2;1.57;0.1;90%;45.3;0.2;1.6;3.2;3.0;0.5;15;3.0;0.5;15;4.3;15;6;18.3;3.2;1.6;1.7;8.2;95;22;1;0.2;0.7;0.0;10;0;0;11.5;11.7;No recurring injuries;Below Average;3.6;49;0.1;0;0;0;0;0;0;0;0;0;0;0.8;1.5
Ligue 2 BKT;Grenoble;Gaëtan Paquiez;D (C);D (RL), M (C);D (RLC), M (C);32;"6'0""";£1.9K - £3.1K p/w;£100K - £1M;Weak;Very Strong;6.94;2;1190;1;1190;0.1;0.91;0.91;0.09;0.1;14%;0.13;0.5;0.2;0.2;29%;1;0;0;0;0.0;0.68;0.1;92%;43.0;0.2;0.2;1.4;0.1;0.0;0;0.1;0.0;0;0.0;2;0;5.4;9.6;0.4;2.7;2.4;63;8;3;1.0;1.5;0.5;10;4;0;9.7;5.2;No recurring injuries;Below Average;4.3;67;0.7;0;0;0;0;0;0;0;0;0;0;0.9;0.9
Eredivisie;Sparta Rotterdam;Pelle Clement;M (C);AM (R);M (LC), AM (RLC);30;"5'10""";£2K - £3.5K p/w;£250K - £2.6M;Reasonable;Very Strong;6.86;1;1192;1;1192;0.1;1;1;0;0.1;8%;0.0769230769230769;1.0;0.2;0.5;15%;0;0;0;1;0.1;1.09;0.1;88%;32.8;0.2;1.4;2.0;2.6;0.8;32;2.6;0.8;32;2.4;15;5;17.5;4.8;1.3;1.4;7.0;89;19;0;0.2;0.4;0.0;5;0;0;8.8;11.7;No recurring injuries;Below Average;2.3;27;0.0;0;0;0;0;0;0;0;0;0;0;1.0;1.2
Jupiler Pro League;Westerlo;Lamine Guèye;AM (R);ST (C);AM (R), ST (C);28;"5'10""";£2.4K - £3.7K p/w;£230K - £2.3M;Weak;Very Strong;6.77;1;1193;1;1193;0.1;2.37;2.37;-1.37;0.2;4%;0.0948;1.9;0.5;0.8;24%;1;1;100;3;0.2;1.32;0.1;89%;37.9;0.3;1.4;2.8;3.8;0.6;15;3.8;0.6;16;3.3;19;6;17.5;4.9;1.7;1.5;7.3;85;27;0;0.2;0.2;0.0;15;2;0;11.2;13.1;No recurring injuries;Above Average;4.5;17;0.0;0;0;0;0;0;0;0;0;0;0;1.1;1.1
Eredivisie;Excelsior;Derensili Sanches Fernandes;AM (R);;AM (RL);25;"5'9""";£2K - £3.1K p/w;£4.2M - £8.6M;Very Strong;Fairly Strong;6.95;1;1196;1;1196;0.1;1.5;1.5;-0.5;0.1;5%;0.0681818181818182;1.7;0.8;0.7;45%;1;0;0;2;0.2;2.49;0.2;85%;42.7;0.5;1.8;3.6;8.1;1.1;13;4.7;0.6;13;6.5;13;8;15.4;5.6;1.3;1.6;9.9;85;20;0;0.2;0.5;0.0;19;3;0;11.5;13.8;No recurring injuries;Below Average;2.7;33;0.0;0;0;0;0;0;0;0;0;0;0;0.5;1.2
Ligue 2 BKT;SC Bastia;Tyrone Owusu;D (R);;D/WB (R), DM;27;"5'11""";£2.5K - £3.9K p/w;£190K - £650K;Reasonable;Very Strong;6.66;0;1212;1;1212;0.1;0.96;0.96;0.04;0.1;11%;0.106666666666667;0.7;0.2;0.1;33%;0;0;0;1;0.1;3.3;0.2;90%;50.4;0.1;0.8;5.9;2.8;0.4;15;1.8;0.4;21;0.5;5;1;13.4;12.5;1.9;2.8;6.6;74;35;1;0.3;0.7;0.1;9;0;0;11.7;15.1;No recurring injuries;Below Average;2.8;61;0.3;0;0;0;0;0;0;0;0;0;0;1.2;1.2
First Division;Granada;Pau Casadesús;WB (R);D (C);D (RC), WB (R);23;"6'0""";£5K - £8K p/w;£275K - £2.7M;Weak;Very Strong;6.63;0;1232;1;1232;0.1;0.69;0.69;0.31;0.1;14%;0.0985714285714286;0.5;0.2;0.1;43%;0;0;0;1;0.1;2.16;0.2;90%;53.3;0.3;0.6;6.4;2.3;0.4;18;2.3;0.4;19;1.2;8;0;12.6;12.0;1.6;3.7;6.4;85;26;0;0.5;0.7;1.2;15;0;0;11.4;15.9;No recurring injuries;High;5.1;54;0.7;0;0;0;0;0;0;0;0;0;0;1.2;1.9
Second Division;Tenerife;Josep Calavera;DM;M (C);DM, M (C);27;"5'11""";£1.5K - £2.4K p/w;£35K - £350K;Reasonable;Very Strong;6.74;1;1232;1;1232;0.1;0.43;0.43;0.57;0.0;20%;0.086;0.4;0.1;0.1;40%;0;0;0;0;0.0;1.59;0.1;88%;51.4;0.1;0.4;3.1;0.1;0.1;100;0.1;0.1;100;0.1;3;0;7.5;10.2;1.5;2.7;4.7;83;24;2;0.5;1.1;0.0;8;1;0;11.3;9.9;No recurring injuries;Below Average;2.9;58;0.4;0;0;0;0;0;0;0;0;0;0;0.9;1.2
Bundesliga 2;FC Schalke 04;Vitalie Becker;D (L);;D/WB (L);21;"5'10""";£14.75K - £21.5K p/w;£400K - £4M;Very Strong;Weak;7.05;2;1249;1;1249;0.1;0.86;0.86;0.14;0.1;13%;0.1075;0.6;0.1;0.1;13%;0;0;0;1;0.1;1.52;0.1;90%;50.9;0.2;1.9;4.9;8.1;1.5;18;7.3;1.3;18;2.2;13;1;13.9;12.1;2.1;4.0;11.2;76;38;0;0.3;1.0;0.4;22;0;0;12.5;23.4;No recurring injuries;Above Average;2.7;63;0.5;0;0;0;0;0;0;0;0;0;0;0.9;0.7
Premier League;VIZ;Carlos Nieto;D (L);WB (L);D/WB (L);30;"5'10""";£5.25K - £6.75K p/w;£1.1M - £2.5M;Very Strong;Weak;6.86;0;1252;1;1252;0.1;0.24;0.24;0.76;0.0;33%;0.08;0.2;0.1;0.1;33%;0;0;0;0;0.0;0.91;0.1;88%;54.8;0.1;1.2;6.5;3.5;0.4;10;3.5;0.4;10;1.0;7;2;17.0;8.9;3.1;2.9;7.1;96;45;1;0.2;0.9;0.4;20;4;0;11.7;19.0;No recurring injuries;Average;4.1;54;0.5;0;0;0;0;0;0;0;0;0;0;1.0;1.9
Eredivisie;sc Heerenveen;Marcus Linday;M (C);;DM, M (C);23;"6'1""";£3.7K - £5.5K p/w;£150K - £9.2M;Weak;Very Strong;6.43;0;1258;1;1258;0.1;1.97;1.97;-0.97;0.1;5%;0.0985;1.4;0.5;0.5;35%;0;0;0;0;0.0;0.43;0.0;0%;0.0;0.0;0.0;0.0;0.0;0.0;0;0.0;0.0;0;0.0;4;0;11.9;12.4;0.0;0.0;0.0;0;0;0;0.0;0.0;0.0;0;0;0;0.0;0.0;No recurring injuries;Below Average;0.0;0;0.0;0;0;0;0;0;0;0;0;0;0;0.7;0.9
Ligue 1 McDonald's;Havre AC;Yassine Kechta;M (C);;M/AM (C);24;"5'7""";£11.75K - £13.25K p/w;£500K - £4.9M;Very Strong;Weak;6.50;0;1261;1;1261;0.1;0.53;0.53;0.47;0.0;10%;0.053;0.7;0.2;0.4;30%;1;0;0;1;0.1;3.61;0.3;94%;4.9;0.3;0.5;0.4;0.2;0.1;33;0.1;0.0;0;0.3;7;0;13.8;10.2;0.0;0.2;0.6;0;0;0;0.0;0.1;0.0;1;1;0;0.9;0.6;No recurring injuries;High;0.1;0;0.0;0;0;0;0;0;0;0;0;0;0;0.6;1.1
Premier League;VIZ;Moha;DM, M (C);D (R);D (R), DM, M (C);26;"5'7""";£2.2K - £3.2K p/w;Unknown;Very Weak;Very Weak;6.47;0;1266;1;1266;0.1;0.43;0.43;0.57;0.0;10%;0.043;0.7;0.4;0.4;50%;0;0;0;3;0.2;2.13;0.2;90%;10.9;0.4;0.4;1.6;0.2;0.0;0;0.0;0.0;0;0.1;5;0;14.1;8.8;0.4;0.6;0.9;100;5;0;0.1;0.1;0.0;5;2;0;2.1;1.8;No recurring injuries;Below Average;0.2;0;0.0;0;0;0;0;0;0;0;0;0;0;0.9;1.8
Second Division;Albacete;Ale Meléndez;M (C);;M (C);27;"5'10""";£2.7K - £3.9K p/w;£170K;Fairly Strong;Very Strong;6.44;0;1281;1;1281;0.1;2.48;2.48;-1.48;0.2;6%;0.137777777777778;1.3;0.5;0.4;39%;0;0;0;0;0.0;3.1;0.2;0%;0.0;0.5;0.0;0.0;0.0;0.0;0;0.0;0.0;0;0.0;12;0;19.3;8.6;0.0;0.0;0.0;0;0;0;0.0;0.0;0.0;0;0;0;0.0;0.0;No recurring injuries;Average;0.0;0;0.0;0;0;0;0;0;0;0;0;0;0;1.0;1.1
Ligue 1 McDonald's;Troyes;Yasser Larouci;WB (L);M/AM (L);D/WB/M/AM (L);25;"5'9""";£10.5K - £12K p/w;£150K - £1.5M;Very Strong;Weak;6.89;0;1283;1;1283;0.1;0.39;0.39;0.61;0.0;33%;0.13;0.2;0.1;0.0;33%;0;0;0;1;0.1;1.86;0.1;88%;56.5;0.1;0.8;8.1;2.5;0.6;22;2.2;0.6;25;1.6;7;0;11.6;12.1;1.8;2.9;7.4;86;29;2;0.7;1.1;0.3;14;2;0;11.6;14.2;No recurring injuries;Below Average;3.2;64;0.1;0;0;0;0;0;0;0;0;0;0;1.3;1.3
Ligue 1 McDonald's;Troyes;Thierno Baldé;D (R);WB (R);D/WB (R);24;"6'0""";£7.25K - £8.25K p/w;£250K - £2.6M;Weak;Very Strong;6.81;2;1301;1;1301;0.1;0.84;0.84;0.16;0.1;8%;0.07;0.8;0.3;0.3;33%;1;0;0;4;0.3;1.93;0.1;85%;55.1;0.5;1.0;7.6;1.7;0.2;12;1.7;0.2;13;0.8;10;0;10.0;14.2;1.8;3.2;7.3;84;31;2;0.4;1.1;1.0;8;3;0;11.7;13.8;No recurring injuries;Below Average;4.2;57;0.4;0;0;0;0;0;0;0;0;0;0;1.1;1.4
Jupiler Pro League;KRC Genk;Adrián Palacios;D (C);D (L);D (LC);22;"6'2""";£2.7K - £4K p/w;£100K - £8.4M;Very Strong;Weak;6.84;0;1308;1;1308;0.1;0.68;0.68;0.32;0.0;25%;0.17;0.3;0.1;0.1;50%;1;0;0;1;0.1;0.52;0.0;91%;40.5;0.1;0.5;2.6;0.2;0.1;33;0.2;0.1;33;0.1;5;0;4.5;12.2;0.6;4.0;2.9;73;11;2;0.8;1.2;0.6;3;1;0;9.8;5.7;No recurring injuries;Below Average;3.5;59;0.3;0;0;0;0;0;0;0;0;0;0;1.4;0.8
Jupiler Pro League;Cercle Brugge;Flávio Nazinho;D (L);M/AM (L);D/WB/M/AM (L);23;"5'11""";£2.4K - £3.8K p/w;£300K - £3.1M;Very Strong;Weak;6.77;0;1309;1;1309;0.1;0.09;0.09;0.91;0.0;50%;0.045;0.1;0.1;0.1;50%;0;0;0;0;0.0;0.8;0.1;87%;50.4;0.2;1.4;3.9;5.8;0.8;12;5.8;0.8;13;4.5;21;2;17.1;11.5;2.5;3.4;9.1;90;40;0;0.3;0.6;0.1;28;4;0;12.3;22.3;No recurring injuries;Above Average;4.5;52;0.6;0;0;0;0;0;0;0;0;0;0;1.0;1.1
Bundesliga 2;Hamburger SV;Christopher Olivier;D (R);M/AM (R);D/WB/M/AM (R);20;"6'2""";£5.25K - £8.75K p/w;£650K - £6.6M;Weak;Very Strong;7.08;1;1310;1;1310;0.1;1.82;1.82;-0.82;0.1;7%;0.13;1.0;0.1;0.3;7%;0;0;0;4;0.3;2.39;0.2;89%;49.8;0.1;1.2;6.7;1.6;0.3;20;1.6;0.3;21;0.8;7;0;13.7;14.6;2.1;2.8;7.4;88;34;3;0.8;1.2;0.2;6;1;0;11.5;16.4;No recurring injuries;Above Average;5.7;57;0.5;0;0;0;0;0;0;0;0;0;0;1.4;0.8
Serie A;Parma;Mariano Troilo;D (C);;D (C);23;"6'4""";£8.5K - £14.5K p/w;£4.9M - £8M;Reasonable;Very Strong;6.85;1;1314;1;1314;0.1;1.74;1.74;-0.74;0.1;11%;0.193333333333333;0.6;0.3;0.0;56%;0;0;0;2;0.1;0.49;0.0;91%;36.7;0.1;0.2;1.2;0.1;0.0;0;0.1;0.0;0;0.0;4;0;3.2;13.2;0.8;2.9;3.2;100;11;2;0.9;1.0;0.5;8;5;1;8.3;2.7;No recurring injuries;Very Low;4.6;54;0.5;0;0;0;0;0;0;0;0;0;0;0.8;0.7
Jupiler Pro League;STVV;Ryotaro Ito;M (C);AM (LC);M (C), AM (LC);28;"5'9""";£5.5K - £8.5K p/w;£230K - £2.3M;Reasonable;Very Strong;6.46;0;1318;1;1318;0.1;2.29;2.29;-1.29;0.2;5%;0.1145;1.4;0.3;0.7;20%;4;0;0;1;0.1;1.63;0.1;0%;0.0;0.5;0.1;0.0;3.0;0.2;6;0.0;0.0;0;0.0;15;0;13.3;13.9;0.0;0.0;0.0;0;0;0;0.0;0.0;0.0;0;0;0;0.0;0.0;No recurring injuries;High;0.0;0;0.0;0;0;0;0;0;0;0;0;0;0;0.9;1.0
Ligue 1 McDonald's;RC Lens;Jonathan Gradit;D (C);D (R);D (RC);34;"5'11""";£8.75K - £14.5K p/w;£180K - £1.8M;Reasonable;Very Strong;6.88;1;1321;1;1321;0.1;0.6;0.6;0.4;0.0;14%;0.0857142857142857;0.5;0.1;0.1;14%;0;0;0;0;0.0;1.4;0.1;92%;46.8;0.1;0.4;3.6;0.1;0.0;0;0.1;0.0;0;0.1;3;0;3.4;11.2;0.4;3.3;2.4;55;11;4;1.0;1.5;0.3;6;4;0;10.1;5.2;No recurring injuries;Above Average;4.5;65;0.3;0;0;0;0;0;0;0;0;0;0;1.2;0.9
Jupiler Pro League;Antwerp;Mahamadou Diawara;M (C);;DM, M (C);21;"6'2""";£5.25K - £8.75K p/w;£65K - £8.4M;Very Strong;Weak;6.92;3;1322;1;1322;0.1;0.36;0.36;0.64;0.0;17%;0.06;0.4;0.1;0.1;33%;0;0;0;1;0.1;3.68;0.3;94%;46.2;0.1;1.0;5.3;0.1;0.1;50;0.1;0.1;50;0.2;6;0;4.9;13.3;1.0;1.8;4.4;70;20;3;0.5;0.8;0.2;6;0;0;9.2;8.3;No recurring injuries;Below Average;2.5;53;0.5;0;0;0;0;0;0;0;0;0;0;1.0;1.8
Ligue 1 McDonald's;Troyes;Junior Diaz;D (C);DM;D (C), DM;23;"6'4""";£12.75K - £14.5K p/w;£220K - £7.8M;Weak;Very Strong;6.72;1;1332;1;1332;0.1;0.17;0.17;0.83;0.0;20%;0.034;0.3;0.1;0.3;20%;1;0;0;3;0.2;1.5;0.1;91%;52.1;0.0;0.5;4.9;0.1;0.0;0;0.1;0.0;0;0.1;7;0;6.5;11.1;1.4;2.4;6.4;80;25;3;0.6;0.8;0.1;8;0;0;11.5;10.3;No recurring injuries;Below Average;2.6;62;0.5;0;0;0;0;0;0;0;0;0;0;1.3;1.4
Second Division;R. Santander;Suleiman Camara;AM (L);M (RL);M/AM (RL);25;"5'10""";£3.5K - £6K p/w;£200K - £2M;Reasonable;Very Strong;7.06;1;1334;1;1334;0.1;2.42;2.42;-1.42;0.2;4%;0.105217391304348;1.6;0.5;0.3;35%;0;0;0;2;0.1;2.18;0.1;88%;42.7;0.5;1.5;3.3;1.6;0.3;20;1.6;0.3;21;4.7;12;7;17.5;4.0;1.5;1.3;9.6;81;27;2;0.3;0.6;0.1;17;0;0;11.9;13.7;No recurring injuries;Below Average;3.5;38;0.1;0;0;0;0;0;0;0;0;0;0;1.1;1.1
Bundesliga 2;Hertha BSC;Keita Kosugi;D (L);;D/WB (L);20;"5'8""";£15.75K - £24K p/w;£5.4M - £7.2M;Very Strong;Weak;6.98;0;1340;1;1340;0.1;0.92;0.92;0.08;0.1;17%;0.153333333333333;0.4;0.1;0.3;33%;1;0;0;1;0.1;0.41;0.0;89%;56.0;0.1;0.7;7.7;2.0;0.2;10;1.6;0.1;8;1.3;16;2;17.1;11.4;1.6;3.0;7.4;63;38;2;0.5;0.6;0.5;18;1;1;11.8;17.6;No recurring injuries;Below Average;3.2;49;0.1;0;0;0;0;0;0;0;0;0;0;1.3;0.9
Bundesliga 2;SV Elversberg;Amara Condé;DM;;DM, M (C);29;"5'8""";£4K - £6.75K p/w;£100K - £1M;Reasonable;Very Strong;6.84;1;1341;1;1341;0.1;0.7;0.7;0.3;0.0;11%;0.0777777777777778;0.6;0.1;0.1;22%;0;0;0;2;0.1;1.06;0.1;88%;42.1;0.1;0.5;5.0;0.1;0.0;0;0.1;0.0;0;0.2;5;0;8.1;14.3;1.1;2.0;3.6;94;18;0;0.6;1.0;0.2;8;3;1;9.4;9.2;No recurring injuries;Below Average;1.5;52;0.0;0;0;0;0;0;0;0;0;0;0;1.3;1.0
Bundesliga 2;Rot-Weiss Essen;David Santos Daiber;DM;;DM, M (C);19;"6'1""";£3.7K - £5K p/w;£160K - £450K;Weak;Very Strong;6.82;0;1343;1;1343;0.1;0.67;0.67;0.33;0.0;17%;0.111666666666667;0.4;0.1;0.1;33%;0;0;0;1;0.1;2.11;0.1;90%;54.9;0.4;0.9;6.8;0.1;0.1;100;0.1;0.1;100;0.0;10;1;6.0;14.1;1.1;2.2;5.3;85;20;0;0.6;1.7;0.1;5;0;0;10.0;9.7;No recurring injuries;Above Average;3.1;70;0.7;0;0;0;0;0;0;0;0;0;0;1.0;1.3
Bundesliga;VfL Bochum 1848;Mats Pannewig;M (C);AM (C);DM, M/AM (C);22;"6'5""";£8.5K - £13.25K p/w;£500K - £4.9M;Very Strong;Weak;6.99;0;1344;1;1344;0.1;2.09;1.28;-1.09;0.1;7%;0.149285714285714;0.9;0.2;0.4;21%;0;2;50;0;0.0;0.99;0.1;93%;53.7;0.1;1.1;6.2;0.0;0.0;0;0.0;0.0;0;0.4;11;0;7.8;8.3;0.8;2.9;7.1;71;17;2;0.6;1.1;0.1;8;2;0;11.1;11.0;No recurring injuries;Below Average;2.8;43;0.3;0;0;0;0;0;0;0;0;0;0;0.7;1.5
Serie BKT;Palermo;Alexis Blin;DM, M (C);;DM, M (C);30;"6'0""";£13.25K - £22K p/w;£1.8M - £4M;Weak;Very Strong;7.16;0;1350;1;1350;0.1;0.55;0.55;0.45;0.0;14%;0.0785714285714286;0.5;0.1;0.0;14%;0;0;0;0;0.0;1.75;0.1;80%;27.7;0.1;0.3;1.3;0.0;0.0;0;0.0;0.0;0;0.1;11;0;2.3;3.1;2.3;0.3;1.7;81;43;1;0.2;0.3;0.1;15;1;0;2.7;2.6;No recurring injuries;Very Low;0.9;0;0.1;0;0;0;0;0;0;0;0;0;0;0.3;0.3
Ligue 2 BKT;Pau FC;Gabriel Brás;D (C);;D (C);22;"6'1""";£2K - £3.3K p/w;£3M - £6.4M;Reasonable;Very Strong;6.74;0;1350;1;1350;0.1;1.33;1.33;-0.33;0.1;11%;0.147777777777778;0.6;0.1;0.1;11%;0;0;0;0;0.0;0.4;0.0;91%;42.8;0.1;0.0;1.9;0.0;0.0;0;0.0;0.0;0;0.0;1;1;2.9;16.9;0.2;2.7;2.5;75;4;2;0.8;0.9;0.9;5;2;0;10.2;4.1;No recurring injuries;Below Average;3.9;68;0.3;0;0;0;0;0;0;0;0;0;0;1.3;1.1
Serie BKT;AC Monza;Alessandro Sersanti;M (C);WB (R), DM;WB (R), DM, M (RC);24;"6'0""";£11.75K - £18.25K p/w;£65K - £650K;Weak;Very Strong;7.23;1;1350;1;1350;0.1;1.3;1.3;-0.3;0.1;7%;0.0928571428571429;0.9;0.1;0.0;14%;0;0;0;4;0.3;1.85;0.1;73%;20.0;0.0;0.0;0.0;0.0;0.0;0;0.0;0.0;0;0.0;33;0;0.0;0.0;1.7;0.0;0.0;86;29;0;0.0;0.0;0.0;22;0;0;0.0;0.0;No recurring injuries;Very Low;0.0;0;0.0;0;0;0;0;0;0;0;0;0;0;0.0;0.0
Premier League;Arouca;Jose Fontán;D (C);D (L);D (LC);26;"6'0""";£3K - £4.5K p/w;Unknown;Very Weak;Very Weak;6.70;1;1350;1;1350;0.1;0.79;0.79;0.21;0.1;11%;0.0877777777777778;0.6;0.1;0.1;22%;0;0;0;2;0.1;2.6;0.2;93%;42.5;0.1;0.3;1.9;0.0;0.0;0;0.0;0.0;0;0.0;6;0;2.5;15.8;0.6;3.2;2.5;90;10;2;0.6;1.1;0.8;9;3;0;10.1;4.1;No recurring injuries;Below Average;3.3;61;0.3;0;0;0;0;0;0;0;0;0;0;1.5;0.8
Premier League;Gil Vicente;Marvin Elimbi;D (C);;D (C);23;"6'1""";£2.2K - £3.3K p/w;Unknown;Very Weak;Very Weak;6.93;0;1350;1;1350;0.1;1.8;1.8;-0.8;0.1;6%;0.1125;1.1;0.3;0.3;31%;0;0;0;0;0.0;0.61;0.0;88%;40.8;0.1;0.3;2.0;0.0;0.0;0;0.0;0.0;0;0.0;3;0;3.1;10.7;0.5;2.4;2.2;88;8;2;0.7;1.1;0.3;6;1;0;10.0;3.2;No recurring injuries;Low;5.6;82;0.9;0;0;0;0;0;0;0;0;0;0;0.9;1.1
Second Division;Córdoba;Ignasi Vilarrasa;D (L);AM (L);D/WB/M/AM (L);27;"6'0""";£6.5K - £9.5K p/w;£240K - £2.4M;Very Strong;Weak;7.07;2;1368;1;1368;0.1;0.41;0.41;0.59;0.0;25%;0.1025;0.3;0.1;0.1;25%;0;0;0;0;0.0;0.96;0.1;91%;56.6;0.3;1.3;7.4;1.6;0.2;12;1.6;0.2;13;1.3;15;0;18.5;11.6;2.0;2.2;6.6;79;38;2;0.5;0.9;0.2;27;2;0;11.4;14.7;No recurring injuries;Below Average;3.5;66;0.3;0;0;0;0;0;0;0;0;0;0;1.1;1.1
Ligue 1 McDonald's;Havre AC;Fodé Doucouré;WB (R);M/AM (R);D/WB/M/AM (R);25;"5'8""";£13K - £14.75K p/w;£375K - £3.3M;Weak;Very Strong;6.89;2;1378;1;1378;0.1;0.92;0.92;0.08;0.1;8%;0.0766666666666667;0.8;0.2;0.3;25%;0;0;0;2;0.1;1.71;0.1;87%;50.9;0.2;1.1;6.3;1.6;0.2;12;1.6;0.2;13;1.0;12;2;17.4;7.7;1.5;2.3;7.8;92;25;0;0.3;1.0;1.1;23;3;0;11.0;15.7;No recurring injuries;Below Average;4.3;52;0.3;0;0;0;0;0;0;0;0;0;0;0.6;1.1
Bundesliga 2;Rot-Weiss Essen;Kaito Mizuta;AM (L);AM (C);AM (RLC);26;"6'0""";£13K - £19K p/w;£55K - £550K;Very Strong;Strong;7.14;2;1379;1;1379;0.1;1.15;1.15;-0.15;0.1;6%;0.0638888888888889;1.2;0.3;0.3;22%;0;0;0;3;0.2;2.42;0.2;88%;43.5;0.2;1.6;3.4;3.9;1.1;28;2.5;0.6;23;4.0;16;1;18.2;5.2;1.6;1.5;9.0;81;31;0;0.2;0.5;0.0;15;0;0;11.0;12.6;No recurring injuries;Below Average;4.4;22;0.2;0;0;0;0;0;0;0;0;0;0;1.0;1.4
First Division;Burgos;Sergio González;D (C);;D (C), DM;29;"6'0""";£4.7K - £7.25K p/w;£20K - £210K;Weak;Very Strong;6.56;0;1381;1;1381;0.1;0.42;0.42;0.58;0.0;25%;0.105;0.3;0.1;0.1;25%;0;1;100;0;0.0;0.06;0.0;92%;42.5;0.1;0.1;2.2;0.1;0.0;0;0.1;0.0;0;0.0;2;1;4.3;9.4;0.6;2.8;3.0;69;13;3;0.6;1.4;0.7;6;0;0;10.6;4.0;No recurring injuries;Above Average;3.5;54;0.5;0;0;0;0;0;0;0;0;0;0;1.1;1.8
Ligue 2 BKT;USL Dunkerque;Bram Lagae;D (C);;D (C);22;"6'0""";£2.5K - £4.1K p/w;£1.6M - £3.6M;Very Strong;Weak;6.74;1;1391;1;1391;0.1;0.41;0.41;0.59;0.0;20%;0.082;0.3;0.1;0.0;40%;0;0;0;1;0.1;0.55;0.0;89%;42.3;0.0;0.2;1.9;0.0;0.0;0;0.0;0.0;0;0.0;6;0;3.0;17.1;0.3;3.1;2.8;80;5;0;0.4;0.8;0.9;12;3;0;10.2;3.1;No recurring injuries;Average;5.0;68;1.2;0;0;1;0;0;0;0;0;0;0;1.3;0.6
Second Division;Leonesa;Lucas Ribeiro;AM (C);AM (RL);AM (RLC);28;"5'11""";£7.75K - £13K p/w;£475K - £4.7M;Very Strong;Weak;6.72;0;1393;1;1393;0.1;3.99;3.99;-2.99;0.3;3%;0.133;1.9;0.8;0.3;40%;0;0;0;0;0.0;1.78;0.1;89%;40.0;0.0;1.4;2.5;3.5;0.9;25;0.6;0.3;40;1.6;12;1;15.6;12.3;0.4;2.3;3.8;75;8;1;0.2;0.8;0.0;3;0;0;11.8;10.7;No recurring injuries;Low;3.7;12;0.1;0;0;0;0;0;0;0;0;0;0;0.6;1.2
Ligue 2 BKT;USL Dunkerque;Vincent Sasso;D (C);;D (C);35;"6'3""";£1.6K - £2.7K p/w;£20K - £190K;Weak;Very Strong;6.84;0;1397;1;1397;0.1;1.44;1.44;-0.44;0.1;9%;0.130909090909091;0.7;0.2;0.2;27%;0;0;0;1;0.1;0.44;0.0;91%;42.9;0.1;0.2;1.5;0.1;0.0;0;0.1;0.0;0;0.1;6;0;3.4;14.9;0.2;2.4;1.8;50;6;1;0.8;1.0;0.8;13;4;0;9.5;3.1;No recurring injuries;Low;5.4;67;1.1;0;0;0;0;0;0;0;0;0;0;1.1;0.6
Serie A;Parma;Antoine Joujou;AM (R);;AM (RL);23;"6'2""";£6K - £7K p/w;£400K - £4.1M;Reasonable;Very Strong;6.91;1;1411;1;1411;0.1;2.42;2.42;-1.42;0.2;4%;0.105217391304348;1.5;0.3;0.4;17%;0;0;0;2;0.1;1.69;0.1;88%;43.0;0.1;1.9;3.4;4.6;1.4;30;4.6;1.4;31;3.6;19;10;18.1;3.1;1.1;1.7;9.8;68;25;0;0.1;0.4;0.0;17;0;0;11.5;15.8;No recurring injuries;Very Low;4.5;44;0.1;0;0;0;0;0;0;0;0;0;0;0.8;0.9
Jupiler Pro League;RAAL La Louvière;Alexis Beka Beka;DM;M (C);DM, M (C);25;"5'10""";£2.4K - £3.7K p/w;£600K - £1.4M;Reasonable;Very Strong;6.80;0;1428;1;1428;0.1;0.47;0.47;0.53;0.0;33%;0.156666666666667;0.2;0.1;0.1;33%;0;0;0;2;0.1;3.12;0.2;89%;50.4;0.6;0.8;5.5;0.9;0.0;0;0.1;0.0;0;0.2;4;0;9.9;8.4;0.7;3.0;5.2;73;15;1;0.9;1.3;0.1;18;2;0;11.5;11.0;No recurring injuries;Average;1.6;52;0.1;0;0;0;0;0;0;0;0;0;0;0.6;1.3
Jupiler Pro League;KAA Gent;Maksim Paskotši;D (C);D (R);D (RC);23;"6'2""";£4K - £5.75K p/w;£4.3M - £8.8M;Reasonable;Very Strong;6.84;1;1429;1;1429;0.1;1.58;1.58;-0.58;0.1;10%;0.158;0.6;0.1;0.2;10%;0;0;0;1;0.1;1.16;0.1;90%;40.8;0.1;0.2;1.8;0.0;0.0;0;0.0;0.0;0;0.0;3;1;3.1;13.7;0.6;2.5;2.8;82;11;0;0.4;0.9;0.8;5;1;0;10.5;4.5;No recurring injuries;High;6.1;65;1.0;0;0;0;0;0;0;0;0;0;0;0.9;1.3
Ligue 2 BKT;FC Metz;Koffi Kouao;WB (R);;D/WB (R);28;"5'8""";£6.75K - £7.75K p/w;£2.4M - £5.2M;Weak;Very Strong;7.10;3;1431;1;1431;0.1;0.74;0.74;0.26;0.0;20%;0.148;0.3;0.1;0.1;40%;0;0;0;4;0.3;2.36;0.1;84%;43.5;0.4;1.8;4.0;6.7;1.6;24;6.7;1.6;24;3.5;11;2;15.6;14.7;1.9;3.1;10.6;77;39;1;0.5;1.1;0.6;23;2;0;12.1;25.3;No recurring injuries;Below Average;3.5;41;0.3;0;0;0;0;0;0;0;0;0;0;1.0;0.6
Jupiler Pro League;Cercle Brugge;Dénys Bain;D (C);DM, M (C);D (C), DM, M (C);33;"5'11""";£4.9K - £7K p/w;Not for Sale;Weak;Very Strong;6.84;0;1440;1;1440;0.1;0.7;0.7;0.3;0.0;9%;0.0636363636363636;0.7;0.1;0.3;18%;0;0;0;1;0.1;0.29;0.0;90%;43.0;0.0;0.1;2.0;0.0;0.0;0;0.0;0.0;0;0.0;3;0;3.4;13.2;0.5;2.6;2.5;100;8;2;0.7;0.8;0.8;10;4;0;10.0;3.6;No recurring injuries;Below Average;5.9;73;0.9;0;0;0;0;0;0;0;0;0;0;0.9;1.1
Premier League;Bournemouth;Bafodé Diakité;D (C);D (R);D (RC);25;"6'1""";£52K - £75K p/w;£27M - £36M;Weak;Very Strong;6.67;0;1440;1;1440;0.1;0.32;0.32;0.68;0.0;25%;0.08;0.2;0.1;0.0;50%;0;0;0;0;0.0;0;0.0;91%;34.9;0.1;0.1;1.8;0.0;0.0;0;0.0;0.0;0;0.1;0;0;3.3;8.8;0.4;2.9;2.4;64;11;3;0.8;1.1;0.8;4;0;0;10.2;3.3;No recurring injuries;Below Average;5.6;66;1.2;0;0;2;0;0;0;0;0;0;0;1.6;2.2
Eredivisie;Telstar;Danny Bakker;DM;;D (C), DM, M (C);31;"6'0""";£1.2K - £1.7K p/w;Not for Sale;Very Strong;Reasonable;6.85;1;1446;1;1446;0.1;0.26;0.26;0.74;0.0;25%;0.065;0.2;0.1;0.1;25%;0;0;0;0;0.0;2.08;0.1;94%;46.1;0.2;0.4;3.2;0.2;0.1;50;0.2;0.1;50;0.1;4;0;5.1;12.5;1.2;2.6;3.9;100;20;2;0.5;1.0;0.9;13;3;0;10.5;6.0;No recurring injuries;Average;2.4;56;0.4;0;0;0;0;0;0;0;0;0;0;0.6;1.2
Serie A;U.S. Lecce;Danilo Veiga;D (R);M (R);D/WB/M (R);24;"6'0""";£20.5K - £33K p/w;£50K - £8.4M;Weak;Very Strong;6.97;1;1459;1;1459;0.1;2.03;2.03;-1.03;0.1;6%;0.126875;1.0;0.2;0.0;25%;0;0;0;1;0.1;2.98;0.2;89%;52.5;0.3;1.0;7.5;6.5;0.8;12;1.5;0.3;21;0.8;21;3;11.0;11.4;1.8;2.8;8.4;76;38;1;0.6;1.5;0.2;26;1;0;11.1;15.8;No recurring injuries;Very Low;4.0;65;0.4;0;0;0;0;0;0;0;0;0;0;0.5;1.0
Ligue 2 BKT;Amiens SC;Anton Tanghe;D (C);;D (C);27;"6'4""";£3.3K - £4.9K p/w;£700K - £1.6M;Weak;Very Strong;6.78;0;1501;1;1501;0.1;0.75;0.75;0.25;0.0;13%;0.09375;0.5;0.1;0.2;25%;0;0;0;0;0.0;0.74;0.0;91%;40.7;0.1;0.1;2.5;0.3;0.0;0;0.3;0.0;0;0.0;3;0;2.4;17.3;0.7;3.4;2.6;79;14;4;0.9;1.2;0.6;3;2;0;9.7;3.8;No recurring injuries;Average;3.1;65;0.3;0;0;0;0;0;0;0;0;0;0;1.0;1.0
Eredivisie;N.E.C.;Dirk Proper;DM, M (C);AM (C);DM, M/AM (C);24;"5'6""";£4.2K - £6.25K p/w;£100K - £10M;Reasonable;Very Strong;6.80;0;1505;1;1505;0.1;0.73;0.73;0.27;0.0;17%;0.121666666666667;0.4;0.1;0.0;17%;0;0;0;0;0.0;3.85;0.2;91%;51.2;0.3;1.0;5.7;1.6;0.4;26;0.5;0.2;38;0.4;9;0;5.7;11.6;1.3;2.2;5.1;63;35;0;0.3;1.0;0.0;10;3;0;11.5;12.0;No recurring injuries;Below Average;1.5;64;0.2;0;0;0;0;0;0;0;0;0;0;1.1;1.4
Second Division;Coruña;Dani Barcia;D (C);D (L);D (LC);23;"6'1""";£6.25K - £7.25K p/w;£190K - £1.9M;Very Strong;Weak;6.96;1;1506;1;1506;0.1;1.22;1.22;-0.22;0.1;13%;0.1525;0.5;0.1;0.1;25%;1;0;0;1;0.1;0.43;0.0;96%;42.2;0.1;0.2;1.7;0.0;0.0;0;0.0;0.0;0;0.1;3;0;3.2;15.4;0.7;2.5;3.1;79;14;5;0.7;0.7;0.2;10;1;0;10.1;3.2;No recurring injuries;Below Average;6.1;73;1.0;0;0;0;0;0;0;0;0;0;0;1.0;1.1
Ligue 2 BKT;Grenoble;Efe Sarıkaya;D (C);;D (C);21;"6'1""";£1.8K - £3K p/w;£400K - £4M;Very Strong;Weak;6.90;0;1530;1;1530;0.1;0.15;0.15;0.85;0.0;100%;0.15;0.1;0.1;0.0;100%;0;0;0;0;0.0;0.43;0.0;87%;41.6;0.0;0.1;1.2;0.0;0.0;0;0.0;0.0;0;0.1;3;0;3.2;14.4;0.5;2.9;1.9;80;10;2;0.9;1.2;0.6;10;5;0;10.2;4.6;No recurring injuries;Below Average;5.5;76;1.1;0;0;0;0;0;0;0;0;0;0;1.0;0.9
Second Division;Tarragona;Jaume Jardí;AM (R);AM (L), ST (C);AM (RLC), ST (C);24;"5'9""";£14.25K - £20.5K p/w;£110K - £1.1M;Very Strong;Reasonable;6.92;0;1579;1;1579;0.1;3.41;2.6;-2.41;0.2;4%;0.121785714285714;1.6;0.6;0.8;39%;0;1;0;3;0.2;3.46;0.2;87%;44.2;0.3;1.7;3.1;8.2;1.0;12;1.9;0.3;15;2.7;9;2;15.8;6.4;1.1;1.8;7.1;77;26;0;0.4;0.4;0.1;8;0;0;11.6;10.3;No recurring injuries;Below Average;2.8;32;0.1;0;0;0;0;0;0;0;0;0;0;1.2;1.5
Serie A;Torino;Emirhan İlkhan;M (C);AM (C);DM, M/AM (C);22;"5'9""";£13.5K - £15.75K p/w;£5.2M - £6.2M;Reasonable;Very Strong;6.41;0;1598;1;1598;0.1;0.59;0.59;0.41;0.0;11%;0.0655555555555555;0.5;0.3;0.1;56%;0;0;0;2;0.1;1.16;0.1;93%;7.8;0.2;0.2;0.8;0.0;0.0;0;0.0;0.0;0;0.0;13;0;18.1;9.6;0.1;0.3;1.2;100;2;0;0.2;0.1;0.0;4;0;0;1.4;1.3;No recurring injuries;Very Low;0.3;20;0.0;0;0;0;0;0;0;0;0;0;0;1.0;1.1
Serie A;Sampdoria;Salvatore Esposito;DM;;DM, M (C);26;"5'10""";£19.75K - £31.5K p/w;£4.4M - £7.2M;Reasonable;Very Strong;6.97;2;1620;1;1620;0.1;0.76;0.76;0.24;0.0;17%;0.126666666666667;0.3;0.1;0.1;33%;0;1;100;0;0.0;3.15;0.2;92%;51.6;0.4;0.9;5.1;4.9;0.7;14;0.2;0.1;25;0.0;14;0;5.1;10.3;1.3;2.9;4.9;72;32;2;0.6;0.9;0.3;7;2;0;10.0;9.5;No recurring injuries;Very Low;0.5;33;0.1;0;0;0;0;0;0;0;0;0;0;0.7;1.6
Second Division;Leonesa;Iván Calero;D (R);M/AM (RL);D/WB (R), M/AM (RL);31;"5'9""";£3.5K - £6.25K p/w;£160K - £1.6M;Weak;Very Strong;6.91;0;1622;1;1622;0.1;1.79;1.79;-0.79;0.1;8%;0.149166666666667;0.7;0.1;0.1;17%;0;0;0;1;0.1;1.57;0.1;91%;57.9;0.2;1.2;8.0;1.9;0.3;14;1.9;0.3;15;0.7;7;4;15.5;10.8;1.9;3.2;7.4;90;39;0;0.3;1.1;0.3;16;1;0;10.7;15.0;No recurring injuries;High;3.7;44;0.3;0;0;0;0;0;0;0;0;0;0;0.5;1.2
Jupiler Pro League;Charleroi;Torge Paetow;D (C);DM;D (C), DM;31;"6'2""";£4.6K - £7K p/w;£700K - £1.6M;Reasonable;Very Strong;6.86;0;1650;1;1650;0.1;1.69;1.69;-0.69;0.1;7%;0.112666666666667;0.8;0.2;0.3;20%;1;0;0;0;0.0;1.08;0.1;92%;41.9;0.1;0.1;1.3;0.1;0.0;0;0.1;0.0;0;0.1;1;0;3.1;13.0;0.3;3.2;2.4;75;8;1;0.8;1.1;0.3;4;2;0;9.9;4.4;No recurring injuries;Below Average;5.7;69;0.6;0;0;0;0;0;0;0;0;0;0;1.3;1.0
Eredivisie;Ajax;Youri Regeer;DM;D (L);D (RL), WB (R), DM, M (C);23;"5'10""";£5K - £8.75K p/w;£4.4M - £7.2M;Reasonable;Very Strong;6.89;1;1655;1;1655;0.1;1.2;1.2;-0.2;0.1;6%;0.075;0.9;0.3;0.4;31%;0;0;0;4;0.2;2.23;0.1;91%;64.2;0.2;0.7;6.3;0.2;0.0;0;0.2;0.0;0;0.3;3;0;9.6;12.3;1.0;3.2;6.6;69;26;2;0.5;0.5;0.3;18;4;0;11.1;14.7;No recurring injuries;Average;2.7;39;0.1;0;0;0;0;0;0;0;0;0;0;2.0;0.9
Eredivisie;AZ;Wouter Goes;D (C);;D (C);22;"6'2""";£9.25K - £15.75K p/w;£16M - £26M;Weak;Very Strong;6.87;0;1666;1;1666;0.1;0.91;0.91;0.09;0.0;11%;0.101111111111111;0.5;0.2;0.2;33%;0;0;0;1;0.1;0.2;0.0;96%;49.9;0.1;0.1;2.2;0.0;0.0;0;0.0;0.0;0;0.1;6;0;2.2;18.7;0.3;2.8;2.6;86;7;0;0.5;0.8;0.3;17;8;1;9.7;4.1;No recurring injuries;Below Average;4.6;60;1.1;0;0;0;0;0;0;0;0;0;0;1.4;0.6
Second Division;R. Santander;Álvaro Mantilla;D (R);WB (R);D (RC), WB (R);26;"6'0""";£8.25K - £11.75K p/w;£250K - £2.5M;Weak;Very Strong;6.95;1;1668;1;1668;0.1;0.79;0.79;0.21;0.0;11%;0.0877777777777778;0.5;0.2;0.2;33%;0;0;0;1;0.1;0.95;0.1;86%;55.5;0.1;0.9;5.8;2.5;0.6;23;2.5;0.6;23;0.5;6;0;12.5;11.3;1.9;3.6;6.3;81;43;2;0.5;0.8;0.5;20;5;0;11.0;13.5;No recurring injuries;High;3.6;73;0.7;0;0;0;0;0;0;0;0;0;0;1.3;1.2
Eredivisie;Go Ahead Eagles;Gerrit Nauber;D (C);;D (C);34;"6'1""";£2K - £2.9K p/w;£26K - £275K;Reasonable;Very Strong;6.79;0;1678;1;1678;0.1;1.39;1.39;-0.39;0.1;14%;0.198571428571429;0.4;0.1;0.1;14%;0;0;0;0;0.0;0.62;0.0;87%;41.4;0.1;0.2;2.4;0.1;0.0;0;0.1;0.0;0;0.0;4;0;3.6;15.2;0.9;2.3;2.6;80;20;2;0.8;1.1;0.6;6;1;0;10.0;4.9;No recurring injuries;Above Average;4.9;60;1.2;0;0;0;0;0;0;0;0;0;0;1.0;1.0
Eredivisie;FC Twente;Mats Rots;D (L);D (C);D (LC), WB (L);20;"6'1""";£3.4K - £5.25K p/w;£7M - £9.2M;Very Strong;Weak;7.18;2;1689;1;1689;0.1;0.34;0.34;0.66;0.0;33%;0.113333333333333;0.2;0.1;0.0;33%;0;0;0;3;0.2;2.96;0.2;90%;56.2;0.2;1.4;7.5;3.0;0.4;14;3.0;0.4;14;1.1;9;1;14.3;13.6;2.2;2.2;7.2;93;45;2;0.4;1.3;0.5;18;2;0;10.8;15.8;No recurring injuries;Below Average;3.9;60;0.5;0;0;0;0;0;0;0;0;0;0;1.2;0.8
Second Division;R. Madrid B;Álvaro Leiva;AM (L);M (L), AM (RC);M (L), AM (RLC);21;"5'8""";£750 - £1.2K p/w;£14K - £140K;Weak;Very Strong;6.80;1;1691;1;1691;0.1;1.03;1.03;-0.03;0.1;8%;0.0792307692307692;0.7;0.3;0.3;38%;0;0;0;1;0.1;0.93;0.0;86%;44.7;0.2;2.0;3.2;3.7;1.2;33;3.7;1.2;33;3.8;26;7;20.3;3.5;1.5;1.6;8.5;73;40;1;0.2;0.3;0.0;18;1;0;11.0;11.8;No recurring injuries;Above Average;3.4;30;0.0;0;0;0;0;0;0;0;0;0;0;0.7;1.4
Second Division;Tenerife;David Rodríguez;D (R);WB (RL);D/WB (RL);26;"5'10""";£1.4K - £2.1K p/w;£140K - £1.4M;Weak;Very Strong;6.94;2;1692;1;1692;0.1;0.3;0.3;0.7;0.0;25%;0.075;0.2;0.1;0.1;50%;0;0;0;0;0.0;1.37;0.1;87%;54.1;0.2;0.9;7.3;1.9;0.2;11;1.9;0.2;11;0.4;10;1;16.5;10.2;1.6;3.1;6.7;71;42;2;0.5;1.3;1.1;34;2;0;11.9;16.8;No recurring injuries;Below Average;3.0;60;0.4;0;0;1;0;0;0;0;0;0;0;1.0;1.3
Bundesliga;TSG Hoffenheim;Hennes Behrens;D (L);;D/WB (L);21;"5'9""";£11.5K - £17.5K p/w;£850K - £8.4M;Very Strong;Reasonable;6.91;2;1708;1;1708;0.1;0.58;0.58;0.42;0.0;13%;0.0725;0.4;0.1;0.1;25%;0;0;0;2;0.1;1.49;0.1;89%;55.6;0.1;0.7;7.4;3.4;0.8;25;3.2;0.8;26;1.1;18;2;16.3;9.4;2.3;3.1;7.6;88;50;2;0.5;0.8;0.3;34;3;0;11.8;17.3;No recurring injuries;Average;4.1;47;0.4;0;0;0;0;0;0;0;0;0;0;1.2;0.8
Second Division;Zaragoza;Dani Tasende;D (L);WB (L);D/WB (L);26;"5'8""";£2.6K - £4.4K p/w;£85K - £850K;Very Strong;Reasonable;6.86;0;1710;1;1710;0.1;0.68;0.68;0.32;0.0;20%;0.136;0.3;0.1;0.1;20%;1;0;0;2;0.1;1.7;0.1;87%;53.4;0.1;0.9;7.3;5.8;0.9;15;2.6;0.2;8;1.4;9;0;15.2;10.7;1.6;3.0;7.8;67;45;1;0.8;0.7;0.4;29;4;0;11.9;16.3;No recurring injuries;Below Average;3.1;46;0.2;0;0;0;0;0;0;0;0;0;0;0.9;0.9
Second Division;Eibar;Aritz Arambarri;D (C);;D (C);28;"6'1""";£5.5K - £7.75K p/w;£325K - £1M;Reasonable;Very Strong;6.85;0;1710;1;1710;0.1;1.54;1.54;-0.54;0.1;9%;0.14;0.6;0.1;0.2;18%;0;0;0;0;0.0;0.47;0.0;90%;42.6;0.1;0.3;2.2;0.0;0.0;0;0.0;0.0;0;0.0;5;0;3.5;14.7;0.5;2.7;2.7;82;11;2;0.8;1.0;0.4;8;0;0;10.6;3.8;No recurring injuries;Below Average;3.6;63;0.5;0;0;0;0;0;0;0;0;0;0;1.1;1.2
Second Division;Huesca;Álvaro Carrillo;D (R);D (RL);D (RLC);24;"6'0""";£4.6K - £5.5K p/w;£170K - £1.7M;Weak;Very Strong;6.92;1;1723;1;1723;0.1;2;2;-1;0.1;7%;0.142857142857143;0.7;0.1;0.1;14%;0;0;0;0;0.0;1.82;0.1;87%;42.7;0.1;0.0;1.8;0.6;0.0;0;0.0;0.0;0;0.1;4;0;2.8;18.5;0.5;2.6;3.2;71;14;1;0.4;1.0;0.9;11;4;0;10.0;3.7;No recurring injuries;Above Average;6.6;70;1.4;0;0;0;0;0;0;0;0;0;0;0.9;1.0
Sky Bet Championship;Norwich;Pelle Mattsson;M (C);;DM, M (C);25;"5'11""";£26K - £35K p/w;£7.2M - £12M;Weak;Very Strong;7.31;1;1750;1;1750;0.1;1.7;1.7;-0.7;0.1;7%;0.113333333333333;0.8;0.2;0.2;20%;0;0;0;7;0.4;7.56;0.4;91%;59.5;0.3;0.9;7.2;0.3;0.1;40;0.3;0.1;40;0.2;10;0;6.2;14.2;1.4;2.8;6.5;82;33;2;0.4;1.0;0.2;9;5;0;12.3;14.4;No recurring injuries;Below Average;1.2;50;0.1;0;0;0;0;0;0;0;0;0;0;1.2;0.9
Second Division;Huesca;Julio Alonso;D (L);;D/WB (L);27;"5'7""";£5.5K - £7.25K p/w;£110K - £1.1M;Very Strong;Fairly Strong;6.98;3;1800;1;1800;0.1;0.39;0.39;0.61;0.0;14%;0.0557142857142857;0.3;0.1;0.1;14%;0;0;0;2;0.1;0.92;0.0;91%;52.4;0.1;1.1;6.9;1.4;0.1;6;1.4;0.1;7;0.8;16;3;10.8;13.9;2.1;2.5;8.5;88;49;1;0.5;1.2;0.2;16;1;0;12.1;16.4;No recurring injuries;Below Average;3.6;68;0.3;0;0;0;0;0;0;0;0;0;0;0.8;0.9
Sky Bet Championship;Lincoln;Tendayi Darikwa;D/WB (R);;D/WB (R);34;"6'2""";£3.1K - £4.5K p/w;£14K - £150K;Weak;Very Strong;6.86;0;1815;1;1815;0.0;0.9;0.9;0.1;0.0;8%;0.0692307692307692;0.6;0.1;0.3;23%;1;0;0;1;0.0;2.58;0.1;90%;53.9;0.1;0.8;6.6;2.6;0.7;26;2.6;0.7;27;0.8;11;2;21.4;6.5;0.9;4.4;6.1;60;30;2;0.5;0.7;1.0;33;5;0;11.2;14.2;No recurring injuries;Low;5.4;62;0.4;0;0;0;0;0;0;0;0;0;0;0.8;1.6
Sky Bet Championship;Stockport;Oliver Norwood;DM, M (C);;DM, M (C);35;"5'11""";£8.25K - £11.5K p/w;£65K - £650K;Reasonable;Very Strong;6.72;0;1851;1;1851;0.0;1.38;1.38;-0.38;0.1;7%;0.0985714285714286;0.7;0.1;0.0;21%;0;0;0;2;0.1;3.08;0.1;91%;53.0;0.2;1.1;6.4;6.8;0.9;12;0.3;0.0;17;0.1;7;1;6.3;13.9;1.2;2.9;6.2;77;31;0;0.5;0.9;0.2;22;4;0;12.0;12.0;No recurring injuries;Low;1.7;56;0.2;0;0;0;0;0;0;0;0;0;0;1.1;1.7
Sky Bet Championship;Preston;Ben Whiteman;DM, M (C);;DM, M (C);30;"6'1""";£12.75K - £18.25K p/w;£850K - £8.2M;Fairly Strong;Very Strong;7.03;0;1871;1;1871;0.0;0.83;0.83;0.17;0.0;8%;0.0691666666666667;0.6;0.1;0.2;17%;1;0;0;2;0.1;4.27;0.2;90%;51.3;0.2;1.4;5.6;4.2;0.6;13;0.3;0.1;29;0.1;12;0;5.7;14.0;0.9;2.3;5.4;61;31;2;0.6;0.8;0.0;10;1;0;11.6;12.2;No recurring injuries;Below Average;1.8;53;0.2;0;0;0;0;0;0;0;0;0;0;0.9;1.3
Sky Bet Championship;Lincoln;Ivan Varfolomeev;DM;;DM, M (C);22;"6'0""";£3.2K - £4.3K p/w;£4.3M - £7M;Weak;Very Strong;6.85;1;1925;1;1925;0.0;0.29;0.29;0.71;0.0;11%;0.0322222222222222;0.4;0.2;0.2;44%;1;0;0;0;0.0;0.82;0.0;92%;51.1;0.1;0.3;3.5;0.2;0.0;0;0.0;0.0;0;0.3;6;0;8.2;7.6;1.0;2.5;7.1;76;29;1;0.6;0.7;0.3;19;6;0;11.8;12.0;No recurring injuries;Below Average;3.1;59;0.3;0;0;0;0;0;0;0;0;0;0;0.7;1.4
Sky Bet Championship;Lincoln;Josh Honohan;WB (L);D (RC);D (RLC), WB (L);25;"5'10""";£4.2K - £5.5K p/w;£80K - £800K;Reasonable;Very Strong;6.93;2;1931;1;1931;0.0;0.6;0.6;0.4;0.0;14%;0.0857142857142857;0.3;0.0;0.1;14%;0;0;0;3;0.1;4.09;0.2;90%;56.4;0.1;0.9;6.9;1.5;0.0;3;1.5;0.0;3;1.4;22;4;20.1;5.8;2.3;3.1;6.9;79;62;2;0.4;0.8;0.7;40;2;1;11.5;15.3;No recurring injuries;Below Average;4.2;67;0.5;0;0;0;0;0;0;0;0;0;0;0.7;1.5
Eredivisie;Ajax;Jorthy Mokio;DM;D (L), M (C);D (LC), DM, M (C);18;"6'0""";£19K - £31K p/w;£38M - £63M;Very Strong;Reasonable;7.04;2;1973;1;1973;0.0;1.44;1.44;-0.44;0.1;5%;0.0685714285714286;1.0;0.2;0.4;19%;1;0;0;3;0.1;2.87;0.1;93%;56.0;0.2;1.0;6.2;0.0;0.0;0;0.0;0.0;0;0.2;4;2;5.8;15.0;1.3;2.3;5.4;74;39;1;0.3;0.5;0.2;13;3;0;11.3;11.1;No recurring injuries;Below Average;2.3;33;0.2;0;0;0;0;0;0;0;0;0;0;1.7;1.0
Sky Bet Championship;Millwall;Jake Cooper;D (C);;D (C);31;"6'6""";£17.25K - £23K p/w;£120K - £1.2M;Very Strong;Weak;6.98;1;1980;1;1980;0.0;2.28;2.28;-1.28;0.1;7%;0.152;0.7;0.1;0.2;20%;0;0;0;0;0.0;0.12;0.0;89%;40.1;0.1;0.1;2.1;0.0;0.0;0;0.0;0.0;0;0.0;5;0;3.1;15.9;0.4;3.4;2.3;50;16;2;0.6;1.5;1.2;4;0;0;9.3;3.9;No recurring injuries;Below Average;5.0;73;1.3;0;0;0;0;0;0;0;0;0;0;1.2;1.0
Sky Bet Championship;Cardiff;Ryan Wintle;M (C);;DM, M (C);29;"5'11""";£7K - £10.25K p/w;£3.5M - £7.4M;Weak;Very Strong;6.82;1;2019;1;2019;0.0;1.33;1.33;-0.33;0.1;8%;0.102307692307692;0.6;0.0;0.2;8%;0;0;0;7;0.3;4.11;0.2;88%;39.9;0.3;0.7;3.0;3.2;0.4;13;0.1;0.0;0;0.1;15;1;8.5;11.0;1.1;1.7;5.0;92;26;1;0.3;0.7;0.1;19;4;0;9.1;9.5;No recurring injuries;Below Average;1.4;65;0.1;0;0;0;0;0;0;0;0;0;0;1.4;1.2
Sky Bet Championship;Bristol City;Luke McNally;D (C);;D (C);27;"6'4""";£10.25K - £15K p/w;£8.2M - £13.5M;Weak;Very Strong;6.77;0;2070;1;2070;0.0;0.63;0.63;0.37;0.0;14%;0.09;0.3;0.0;0.1;14%;0;0;0;0;0.0;0.19;0.0;90%;41.5;0.0;0.0;1.9;0.0;0.0;0;0.0;0.0;0;0.1;6;0;3.0;14.1;0.7;2.6;3.2;75;20;2;0.8;1.5;0.8;12;6;0;9.9;3.1;No recurring injuries;Below Average;5.4;77;1.5;0;0;0;0;0;0;0;0;0;0;1.6;0.9
Sky Bet Championship;Portsmouth;Ibane Bowat;D (C);;D (C);24;"6'3""";£6.25K - £8.5K p/w;£450K - £4.5M;Very Strong;Reasonable;6.84;0;2070;1;2070;0.0;0.77;0.77;0.23;0.0;11%;0.0855555555555556;0.4;0.1;0.3;33%;0;0;0;0;0.0;0;0.0;91%;42.6;0.0;0.1;2.3;0.0;0.0;0;0.0;0.0;0;0.0;8;0;3.0;14.2;0.4;3.3;3.0;64;14;2;0.9;1.3;1.3;6;1;0;10.4;3.9;No recurring injuries;Below Average;5.3;76;1.5;0;0;0;0;0;0;0;0;0;0;1.0;1.0
Sky Bet Championship;Wrexham;Dominic Hyam;D (C);;D (C);30;"6'2""";£21K - £28K p/w;£60K - £9.8M;Weak;Very Strong;6.88;0;2092;1;2092;0.0;1.16;1.16;-0.16;0.0;10%;0.116;0.4;0.0;0.1;10%;0;0;0;0;0.0;0.52;0.0;92%;41.4;0.0;0.0;2.0;0.0;0.0;0;0.0;0.0;0;0.0;6;3;3.1;12.9;0.6;2.3;3.0;88;17;2;0.4;1.0;0.7;8;0;0;9.6;3.4;No recurring injuries;Low;5.7;69;1.5;0;0;0;0;0;0;0;0;0;0;1.1;1.1
Sky Bet Championship;Preston;Jordan Storey;D (C);;D (C);29;"6'2""";£6.5K - £9K p/w;£275K - £2.7M;Reasonable;Very Strong;6.70;1;2160;1;2160;0.0;1.39;1.39;-0.39;0.1;9%;0.126363636363636;0.5;0.1;0.1;27%;0;0;0;1;0.0;1.73;0.1;91%;41.0;0.2;0.2;1.5;0.1;0.0;0;0.1;0.0;0;0.0;4;0;3.4;16.1;0.6;3.0;2.8;93;15;1;0.6;1.1;1.0;7;3;0;9.7;3.3;No recurring injuries;Below Average;3.4;76;0.5;0;0;1;0;0;0;0;0;0;0;0.9;1.2
Ligue 2 BKT;Nancy;Faitout Maouassa;M (L);D/AM (L);D/WB/M/AM (L);28;"5'7""";£6K - £8.75K p/w;£1.2M - £2.7M;Very Strong;Weak;6.79;0;1074;0;0;0.0;0.19;0.19;-0.19;0.0;0%;0.0475;0.3;0.2;0.1;50%;1;0;0;0;0.0;0.54;0.0;88%;48.2;0.3;1.7;5.6;9.3;1.7;18;4.9;0.8;15;2.1;11;0;15.8;12.4;2.0;3.5;10.0;77;31;1;0.2;0.7;0.3;24;2;0;12.2;21.4;No recurring injuries;Above Average;3.8;44;0.4;0;0;0;0;0;0;0;0;0;0;0.4;0.8
Ligue 1 McDonald's;Auxerre;Marvin Senaya;D (R);D (C), WB (R);D (RC), WB (R);25;"5'11""";£7K - £8.25K p/w;£750K - £4M;Weak;Very Strong;7.07;1;1272;0;0;0.0;0.49;0.49;-0.49;0.0;0%;0.163333333333333;0.2;0.0;0.1;0%;0;0;0;0;0.0;0.98;0.1;88%;54.1;0.2;1.0;8.1;2.6;0.4;13;2.6;0.4;14;0.8;13;1;14.0;10.2;2.1;3.4;7.9;83;36;4;0.4;1.1;0.7;10;0;0;11.3;16.8;No recurring injuries;Below Average;5.9;66;0.8;0;0;0;0;0;0;0;0;0;0;1.3;1.1
Ligue 1 McDonald's;RC Lens;Robin Risser;GK;;GK;22;"6'4""";£14K - £16.25K p/w;£21M - £31M;Weak;Very Strong;6.92;2;2160;0;0;0.0;0;0;0;0.0;0%;0;0.0;0.0;0.0;0%;0;0;0;0;0.0;0;0.0;91%;24.1;0.0;0.0;0.1;0.0;0.0;0;0.0;0.0;0;0.0;7;0;5.3;4.0;0.0;0.1;0.0;50;2;0;0.0;1.8;0.0;1;1;0;6.3;0.0;No recurring injuries;Above Average;0.0;0;0.0;10;11.24;0;82;24;47;12;19;2;50;0.9;0.8
Ligue 2 BKT;Red Star FC;Gaëtan Poussin;GK;;GK;27;"6'0""";£4.3K - £7.25K p/w;£190K - £1.9M;Weak;Very Strong;6.77;2;1260;0;0;0.0;0;0;0;0.0;0%;0;0.0;0.0;0.0;0%;0;0;0;0;0.0;0;0.0;75%;24.9;0.0;0.0;0.0;0.0;0.0;0;0.0;0.0;0;0.0;0;0;7.6;3.4;0.0;0.0;0.0;0;1;0;0.0;3.6;0.0;0;0;0;5.4;0.0;No recurring injuries;Below Average;0.0;0;0.0;4;5.46;0;73;7;22;7;13;1;0;0.6;0.9
Jupiler Pro League;RAAL La Louvière;Samuel Gueulette;M (C);;DM, M (C);26;"5'11""";£1.7K - £3K p/w;£110K - £1.1M;Weak;Very Strong;6.63;0;1161;0;0;0.0;0.07;0.07;-0.07;0.0;0%;0.0233333333333333;0.2;0.1;0.2;33%;0;0;0;1;0.1;1.12;0.1;88%;51.7;0.0;0.9;3.4;0.3;0.1;25;0.3;0.1;25;0.1;5;0;8.4;8.5;1.2;2.4;5.7;71;21;0;0.5;0.9;0.2;18;6;0;12.1;10.9;No recurring injuries;Above Average;1.9;28;0.3;0;0;0;0;0;0;0;0;0;0;0.5;1.3
Ligue 2 BKT;Clermont Foot;Jérémy Livolant;AM (R);;M (R), AM (RL);28;"5'9""";£4.5K - £7.75K p/w;£700K - £7M;Reasonable;Very Strong;6.82;1;1465;0;0;0.0;1.45;1.45;-1.45;0.1;0%;0.0690476190476191;1.3;0.4;0.4;33%;1;0;0;4;0.2;3.37;0.2;89%;42.9;0.2;2.6;4.3;9.3;1.1;11;3.7;0.4;10;3.1;16;4;15.7;4.7;1.5;1.7;8.5;83;30;1;0.1;0.7;0.0;19;0;0;11.3;16.2;No recurring injuries;Low;4.1;43;0.1;0;0;0;0;0;0;0;0;0;0;1.2;0.4
Jupiler Pro League;Union SG;Souleyman Doumbia;D (L);;D/WB (L);30;"5'10""";£3.8K - £6K p/w;£210K - £2.1M;Very Strong;Weak;6.96;1;1464;0;0;0.0;0.69;0.69;-0.69;0.0;0%;0.23;0.2;0.1;0.0;67%;0;0;0;1;0.1;1.24;0.1;86%;50.3;0.4;0.9;6.3;1.4;0.3;21;1.4;0.3;22;1.2;12;0;14.8;9.9;2.2;3.3;7.3;80;45;5;0.8;1.4;0.4;8;0;0;11.5;15.9;No recurring injuries;Very Low;2.5;56;0.1;0;0;0;0;0;0;0;0;0;0;1.4;1.2
Jupiler Pro League;Charleroi;Mardochée Nzita;D (L);M (L);D/WB/M (L);26;"5'10""";£2.5K - £3.8K p/w;£120K - £1.2M;Very Strong;Weak;7.03;2;1488;0;0;0.0;0.24;0.24;-0.24;0.0;0%;0.06;0.2;0.1;0.1;25%;0;0;0;1;0.1;1.33;0.1;93%;57.1;0.3;0.8;7.9;1.4;0.2;13;1.4;0.2;13;1.7;16;1;13.3;9.0;1.5;3.7;6.8;75;32;1;0.6;0.8;0.4;13;3;0;11.7;16.0;No recurring injuries;Below Average;3.3;65;0.2;0;0;0;0;0;0;0;0;0;0;1.4;1.1
Serie A;Como;Jean Butez;GK;;GK;31;"6'2""";£30K - £49K p/w;Not for Sale;Reasonable;Very Strong;6.77;1;1350;0;0;0.0;0;0;0;0.0;0%;0;0.0;0.0;0.0;0%;0;0;0;0;0.0;0;0.0;88%;22.9;0.0;0.0;0.0;0.0;0.0;0;0.0;0.0;0;0.0;4;0;9.7;2.5;0.0;0.0;0.0;0;3;0;0.0;0.9;0.0;0;0;0;5.5;0.0;No recurring injuries;Very Low;0.0;0;0.0;4;-4.6;0;66;9;19;9;19;3;0;0.8;1.3
Second Division;Albacete;Selvi;DM;;D (C), DM;21;"6'2""";£3K - £4.4K p/w;£300K - £3M;Very Strong;Reasonable;6.95;1;1622;0;0;0.0;0.35;0.35;-0.35;0.0;0%;0.0583333333333333;0.3;0.0;0.3;0%;0;0;0;1;0.1;1.49;0.1;91%;49.2;0.2;0.9;4.5;0.1;0.0;0;0.1;0.0;0;0.1;7;0;6.5;10.3;0.9;2.6;4.8;55;29;4;0.8;0.7;0.2;7;1;0;11.1;9.3;No recurring injuries;Below Average;3.9;59;0.4;0;0;0;0;0;0;0;0;0;0;1.0;1.1
Jupiler Pro League;STVV;Rihito Yamamoto;M (C);;DM, M (C);24;"5'10""";£3.7K - £5.5K p/w;£450K - £4.5M;Very Strong;Reasonable;6.40;0;1414;0;0;0.0;1.25;1.25;-1.25;0.1;0%;0.078125;1.0;0.2;0.4;19%;2;0;0;0;0.0;2.47;0.2;0%;0.0;0.3;0.0;0.0;0.0;0.0;0;0.0;0.0;0;0.0;6;0;14.0;10.6;0.0;0.0;0.0;0;0;0;0.0;0.0;0.0;0;0;0;0.0;0.0;No recurring injuries;Average;0.0;0;0.0;0;0;0;0;0;0;0;0;0;0;0.7;1.1
Ligue 1 McDonald's;Brest;Grégoire Coudert;GK;;GK;27;"6'3""";£9.5K - £11K p/w;£325K - £3.3M;Very Strong;Weak;6.91;1;1890;0;0;0.0;0;0;0;0.0;0%;0;0.0;0.0;0.0;0%;0;0;0;0;0.0;0;0.0;83%;23.2;0.0;0.0;0.4;0.0;0.0;0;0.0;0.0;0;0.0;0;0;6.0;5.9;0.0;0.2;0.0;0;2;2;0.0;3.3;0.0;1;1;0;4.8;0.1;No recurring injuries;Below Average;0.0;0;0.0;9;2.98;0;82;30;39;14;22;2;0;1.1;1.0
Sky Bet Championship;QPR;Jonathan Varane;M (C);;DM, M (C);25;"6'3""";£13K - £19.25K p/w;£600K - £6M;Weak;Very Strong;6.73;0;1070;0;0;0.0;0.03;0.03;-0.03;0.0;0%;0.015;0.2;0.0;0.2;0%;0;0;0;2;0.2;2.07;0.2;92%;51.7;0.2;1.0;6.3;0.0;0.0;0;0.0;0.0;0;0.4;7;1;6.8;12.4;1.5;2.2;5.6;82;22;0;0.8;0.4;0.2;19;3;0;11.6;12.6;No recurring injuries;Average;3.3;46;0.4;0;0;0;0;0;0;0;0;0;0;1.3;1.3
Premier League;Estoril Praia;Jonathan Mutombo;D (R);D (L);D/WB (RL);24;"6'3""";£800 - £1.2K p/w;Unknown;Very Weak;Very Weak;7.04;3;1247;0;0;0.0;1.56;1.56;-1.56;0.1;0%;0.13;0.9;0.2;0.5;25%;0;0;0;1;0.1;0.31;0.0;88%;54.2;0.0;1.4;7.4;1.7;0.1;4;1.7;0.1;4;1.3;22;2;15.9;10.6;2.2;2.7;6.6;88;34;2;0.3;0.8;0.0;14;2;0;11.8;14.3;No recurring injuries;Low;5.1;80;0.7;0;0;0;0;0;0;0;0;0;0;0.9;1.8
Jupiler Pro League;STVV;Joedrick Pupe;D (C);D (L);D (LC);29;"6'3""";£4.5K - £7.25K p/w;£160K - £1.6M;Very Strong;Reasonable;6.78;1;1335;0;0;0.0;0.21;0.21;-0.21;0.0;0%;0.07;0.2;0.1;0.0;33%;0;0;0;0;0.0;0.7;0.0;89%;47.9;0.0;0.6;3.9;1.1;0.2;18;1.1;0.2;19;0.1;9;0;9.9;11.0;1.5;2.8;5.4;81;27;1;0.7;1.2;0.9;10;2;0;10.4;9.6;No recurring injuries;Above Average;5.1;61;0.7;0;0;0;0;0;0;0;0;0;0;0.6;1.0
Jupiler Pro League;KRC Genk;Zakaria El Ouahdi;WB (R);;D/WB (R);24;"5'8""";£8.5K - £13.25K p/w;£6.2M - £7.8M;Reasonable;Very Strong;6.98;1;1228;0;0;0.0;0.73;0.73;-0.73;0.1;0%;0.09125;0.6;0.0;0.1;0%;0;0;0;2;0.1;1.15;0.1;86%;53.6;0.3;0.8;8.0;2.3;0.3;12;2.3;0.3;13;1.1;8;2;13.9;13.4;1.9;3.0;7.8;96;27;1;0.7;0.6;0.7;26;3;0;11.4;16.8;No recurring injuries;Below Average;3.2;45;0.1;0;0;0;0;0;0;0;0;0;0;1.3;0.8
Ligue 1 McDonald's;Paris FC;Moustapha Mbow;D (C);;D (C);26;"6'4""";£7.5K - £8.5K p/w;£275K - £2.9M;Weak;Very Strong;6.72;0;1170;0;0;0.0;0.48;0.48;-0.48;0.0;0%;0.096;0.4;0.0;0.1;0%;0;0;0;0;0.0;0.23;0.0;88%;39.8;0.0;0.1;1.8;0.0;0.0;0;0.0;0.0;0;0.0;1;0;4.5;13.8;0.2;3.1;2.5;60;5;0;0.5;0.7;1.0;10;2;0;9.8;4.1;No recurring injuries;Below Average;6.2;78;1.8;0;0;0;0;0;0;0;0;0;0;0.9;1.3
Sky Bet Championship;Norwich;Jacob Wright;DM;;DM, M (C);21;"5'10""";£9.5K - £13.5K p/w;£8M - £9.8M;Weak;Very Strong;6.78;2;1302;0;0;0.0;0.69;0.69;-0.69;0.0;0%;0.0985714285714286;0.5;0.1;0.3;29%;0;0;0;3;0.2;3.05;0.2;89%;51.9;0.3;0.9;6.3;6.5;0.8;11;0.0;0.0;0;0.1;6;0;5.8;12.9;1.2;3.0;5.8;74;23;3;0.6;1.0;0.0;10;2;0;11.8;11.8;No recurring injuries;Low;1.9;50;0.0;0;0;0;0;0;0;0;0;0;0;1.0;1.0
Ligue 2 BKT;FC Annecy;Isaac James;D (L);DM, M (L);D/WB (L), DM, M (L);22;"5'9""";£1.7K - £2.8K p/w;£275K - £2.7M;Very Strong;Weak;6.71;0;1351;0;0;0.0;0.47;0.47;-0.47;0.0;0%;0.156666666666667;0.2;0.1;0.0;33%;0;0;0;0;0.0;0.07;0.0;87%;58.0;0.0;0.6;7.9;2.4;0.5;22;2.4;0.5;22;1.2;9;2;16.2;11.9;1.5;2.4;6.7;69;32;0;1.0;1.1;0.7;22;1;0;11.2;13.9;No recurring injuries;Below Average;3.3;49;0.2;0;0;0;0;0;0;0;0;0;0;0.7;1.2
Second Division;Villarreal B;Rubén Gómez;GK;;GK;24;"6'1""";£1K - £1.7K p/w;£28K;Fairly Strong;Very Strong;6.76;1;1710;0;0;0.0;0;0;0;0.0;0%;0;0.0;0.0;0.0;0%;0;0;0;0;0.0;0;0.0;84%;23.9;0.0;0.1;0.0;0.0;0.0;0;0.0;0.0;0;0.0;5;0;7.3;3.2;0.0;0.0;0.0;0;2;0;0.0;3.8;0.0;0;0;0;5.2;0.0;No recurring injuries;Below Average;0.0;0;0.0;3;5.84;0;75;17;38;11;22;2;0;0.5;1.2
Ligue 1 McDonald's;FC Lorient;Théo Le Bris;D (R);M/AM (L);D/WB (R), M/AM (L);24;"5'7""";£17.25K - £19.5K p/w;£350K - £3.6M;Weak;Very Strong;6.64;0;1256;0;0;0.0;0.71;0.71;-0.71;0.1;0%;0.236666666666667;0.2;0.0;0.1;0%;0;0;0;0;0.0;0.42;0.0;90%;45.0;0.1;1.1;5.0;3.9;0.5;12;3.9;0.5;13;2.8;15;3;18.6;9.5;2.2;3.3;8.9;69;45;1;0.5;1.0;0.3;15;1;1;12.4;21.7;No recurring injuries;Average;3.0;40;0.3;0;0;0;0;0;0;0;0;0;0;0.5;1.4
Ligue 1 McDonald's;Strasbourg;Junior Mwanga;DM;D (C);D (C), DM;23;"6'0""";£18.5K - £21K p/w;£7M - £11M;Fairly Strong;Very Strong;6.79;0;1442;0;0;0.0;1.83;1.83;-1.83;0.1;0%;0.101666666666667;1.1;0.1;0.5;11%;0;0;0;1;0.1;1.65;0.1;91%;59.0;0.6;1.1;6.7;0.1;0.1;100;0.1;0.1;100;0.0;3;0;8.6;12.2;1.5;3.4;4.7;71;34;2;0.2;0.6;0.1;10;1;0;11.6;10.8;No recurring injuries;Below Average;3.1;64;0.7;0;0;0;0;0;0;0;0;0;0;1.2;1.2
Ligue 1 McDonald's;Reims;Hiroki Sekine;D (R);;D (R);24;"6'2""";£3.8K - £4.4K p/w;£350K - £3.5M;Fairly Strong;Very Strong;6.88;1;1252;0;0;0.0;0.22;0.22;-0.22;0.0;0%;0.0733333333333333;0.2;0.0;0.1;0%;0;0;0;0;0.0;0.71;0.1;87%;51.5;0.1;1.1;7.0;1.9;0.4;19;1.9;0.4;19;0.8;11;0;17.8;11.9;1.9;5.0;7.6;96;28;4;0.7;1.0;0.5;8;1;0;11.6;14.1;No recurring injuries;Below Average;3.9;65;0.4;0;0;0;0;0;0;0;0;0;0;1.2;1.5
Ligue 2 BKT;FC Rouen;Sofyane Bouzamoucha;D (C);D (R);D (RC);26;"6'0""";£1.7K - £2.6K p/w;£425K - £1.3M;Weak;Very Strong;6.91;0;1540;0;0;0.0;2.97;2.97;-2.97;0.2;0%;0.2475;0.7;0.2;0.1;25%;0;0;0;0;0.0;1.37;0.1;93%;42.1;0.0;0.2;2.2;0.1;0.0;0;0.1;0.0;0;0.0;6;0;3.7;13.5;0.8;3.0;2.6;100;13;3;0.7;1.0;0.8;9;3;0;10.3;3.5;No recurring injuries;Below Average;3.5;72;0.6;0;0;0;0;0;0;0;0;0;0;0.8;1.2
Eredivisie;FC Utrecht;Siebe Horemans;D (C);;D (RC), WB (R), DM;28;"6'1""";£4.2K - £6.25K p/w;£85K - £8.6M;Weak;Very Strong;6.92;1;1222;0;0;0.0;0.5;0.5;-0.5;0.0;0%;0.0714285714285714;0.5;0.1;0.3;14%;0;0;0;2;0.1;0.84;0.1;91%;49.2;0.0;0.4;3.5;0.1;0.0;0;0.1;0.0;0;0.4;4;0;7.7;11.6;0.9;2.9;6.0;60;20;2;0.6;0.7;0.1;9;1;0;11.5;11.0;No recurring injuries;Below Average;3.8;61;0.3;0;0;0;0;0;0;0;0;0;0;1.5;0.8
Bundesliga;VfL Bochum 1848;Ayumu Seko;D (C);DM;D (C), DM;26;"6'1""";£28K - £40.5K p/w;£4.1M - £8.2M;Reasonable;Very Strong;6.83;1;1530;0;0;0.0;0.88;0.88;-0.88;0.1;0%;0.0676923076923077;0.8;0.1;0.5;15%;0;0;0;0;0.0;0.13;0.0;90%;43.8;0.1;0.1;1.8;0.1;0.0;0;0.1;0.0;0;0.0;5;0;4.2;11.4;0.6;3.2;3.2;85;13;2;0.9;1.2;0.6;5;1;0;10.0;3.8;No recurring injuries;Average;5.4;74;0.7;0;0;0;0;0;0;0;0;0;0;0.8;1.3
Jupiler Pro League;RAAL La Louvière;Jordi Liongola;WB (R);M/AM (R);D/WB/M/AM (R);26;"6'1""";£925 - £1.4K p/w;£60K - £600K;Weak;Very Strong;6.71;0;1187;0;0;0.0;0.4;0.4;-0.4;0.0;0%;0.1;0.3;0.1;0.1;25%;0;0;0;0;0.0;1.06;0.1;87%;46.6;0.4;1.9;5.2;8.0;0.9;11;5.8;0.7;12;3.2;20;2;18.5;5.2;2.0;3.5;10.8;87;30;1;0.6;1.3;0.3;18;2;0;12.3;22.0;No recurring injuries;Average;3.7;47;0.2;0;0;0;0;0;0;0;0;0;0;0.6;1.4
Ligue 2 BKT;EA Guingamp;Akim Abdallah;D (L);M (L);D/WB/M (L);29;"5'7""";£2.3K - £3.6K p/w;£220K - £700K;Very Strong;Weak;6.93;1;1271;0;0;0.0;0;0;0;0.0;0%;0;0.0;0.0;0.0;0%;0;0;0;2;0.1;0.11;0.0;88%;55.3;0.1;1.3;8.1;2.7;0.3;10;2.7;0.3;11;0.9;14;3;14.7;12.2;2.4;2.6;7.3;92;37;1;0.5;1.3;0.7;19;2;0;11.6;15.3;No recurring injuries;Above Average;2.7;68;0.2;0;0;0;0;0;0;0;0;0;0;1.2;0.9
Ligue 2 BKT;Rodez;Quentin Braat;GK;;GK;29;"6'4""";£3.1K - £5K p/w;£55K - £550K;Weak;Very Strong;6.74;4;1440;0;0;0.0;0;0;0;0.0;0%;0;0.0;0.0;0.0;0%;0;0;0;0;0.0;0;0.0;75%;25.5;0.0;0.0;0.0;0.0;0.0;0;0.0;0.0;0;0.0;8;0;10.7;2.8;0.0;0.0;0.0;0;0;0;0.0;3.4;0.0;0;0;0;5.8;0.0;No recurring injuries;Average;0.0;0;0.0;5;5.51;0;76;15;32;4;16;0;0;0.8;1.0
Ligue 2 BKT;Clermont Foot;Andy Pelmard;D (C);;D (RLC);26;"5'11""";£7.25K - £10.25K p/w;£160K - £1.6M;Strong;Very Strong;6.93;0;1499;0;0;0.0;0.47;0.47;-0.47;0.0;0%;0.0783333333333333;0.4;0.1;0.2;33%;0;0;0;2;0.1;0.85;0.1;93%;41.8;0.2;0.2;2.5;0.2;0.0;0;0.2;0.0;0;0.1;10;0;3.1;21.3;0.6;2.3;2.9;59;17;3;0.9;1.0;0.4;9;2;0;10.2;3.6;No recurring injuries;Above Average;4.8;60;0.4;0;0;0;0;0;0;0;0;0;0;1.3;0.5
Eredivisie;FC Groningen;Stije Resink;M (C);;DM, M/AM (C);23;"6'1""";£2.3K - £3.9K p/w;£6.8M - £11M;Reasonable;Very Strong;6.96;0;1290;0;0;0.0;0.42;0.42;-0.42;0.0;0%;0.084;0.3;0.1;0.1;20%;0;0;0;2;0.1;2.32;0.2;94%;58.8;0.3;0.6;5.6;0.1;0.0;0;0.1;0.0;0;0.0;7;3;4.9;18.1;1.1;2.8;4.5;80;20;1;0.6;0.8;0.1;6;0;0;11.8;12.9;No recurring injuries;Below Average;1.8;50;0.1;0;0;0;0;0;0;0;0;0;0;1.3;1.0
Bundesliga 2;SC Paderborn 07;Santiago Castañeda;DM;;DM, M (C);22;"6'2""";£7.75K - £11K p/w;£3.3M - £7M;Reasonable;Very Strong;7.01;0;1396;0;0;0.0;0.67;0.67;-0.67;0.0;0%;0.0957142857142857;0.5;0.1;0.1;29%;0;0;0;2;0.1;2.08;0.1;92%;52.2;0.2;0.5;4.1;0.1;0.1;50;0.1;0.1;50;0.1;8;0;5.7;13.2;1.3;2.4;6.4;80;25;0;0.5;0.8;0.3;26;5;0;12.6;13.1;No recurring injuries;Below Average;2.6;63;0.5;0;0;0;0;0;0;0;0;0;0;1.0;1.4
Ligue 1 McDonald's;OGC Nice;Charles Vanhoutte;DM;M (C);DM, M (C);28;"6'0""";£18.5K - £21.5K p/w;£11M - £16M;Reasonable;Very Strong;6.91;0;1282;0;0;0.0;0.77;0.77;-0.77;0.1;0%;0.07;0.8;0.1;0.5;18%;1;0;0;1;0.1;2.36;0.2;90%;58.3;0.3;0.6;5.5;0.0;0.0;0;0.0;0.0;0;0.2;4;0;6.7;12.5;1.4;2.9;6.9;77;26;0;0.8;0.9;0.5;7;1;0;11.9;11.3;No recurring injuries;Average;2.5;63;0.3;0;0;0;0;0;0;0;0;0;0;1.1;0.9
Jupiler Pro League;Dender EH;Nathan Rôdes;DM;M (C);DM, M (C);28;"6'3""";£1.4K - £2.4K p/w;£150K - £1.5M;Reasonable;Very Strong;6.91;2;1615;0;0;0.0;0.32;0.32;-0.32;0.0;0%;0.16;0.1;0.0;0.1;0%;0;0;0;3;0.2;4.07;0.2;89%;51.7;0.1;1.2;6.0;0.7;0.1;15;0.2;0.1;25;0.1;9;1;6.7;13.3;1.1;2.2;6.0;86;22;1;0.6;1.0;0.4;14;2;0;11.1;9.9;No recurring injuries;Average;3.0;53;0.6;0;0;0;0;0;0;0;0;0;0;1.0;1.4
Ligue 1 McDonald's;LOSC;Nathan Ngoy;D (C);;D (C);23;"6'0""";£26.5K - £40.5K p/w;£5.2M - £7M;Weak;Very Strong;6.83;0;1710;0;0;0.0;0.17;0.17;-0.17;0.0;0%;0.034;0.3;0.2;0.2;60%;0;0;0;1;0.1;0.68;0.0;94%;59.1;0.2;0.1;2.8;0.0;0.0;0;0.0;0.0;0;0.1;5;1;2.7;12.7;0.6;3.2;2.7;92;13;1;0.4;0.9;0.5;11;3;0;10.3;4.1;No recurring injuries;Below Average;3.4;77;0.6;0;0;0;0;0;0;0;0;0;0;1.6;1.0
Ligue 2 BKT;Rodez;Alexis Trouillet;M (C);M (L), AM (LC);M/AM (LC);25;"5'9""";£2.4K - £3.5K p/w;£55K - £550K;Weak;Very Strong;6.37;0;1069;0;0;0.0;0.88;0.88;-0.88;0.1;0%;0.125714285714286;0.6;0.1;0.2;14%;1;0;0;0;0.0;1.21;0.1;0%;0.0;0.5;0.0;0.0;0.0;0.0;0;0.0;0.0;0;0.0;10;0;15.6;10.4;0.0;0.0;0.0;0;0;0;0.0;0.0;0.0;5;5;0;0.0;0.0;No recurring injuries;Average;0.0;0;0.0;0;0;0;0;0;0;0;0;0;0;0.8;1.2
Eredivisie;RKC Waalwijk;Arne Schulz;GK;;GK;23;"6'3""";£6.5K - £9.5K p/w;£200K - £2M;Weak;Very Strong;6.69;0;1112;0;0;0.0;0;0;0;0.0;0%;0;0.0;0.0;0.0;0%;0;0;0;0;0.0;0;0.0;80%;23.4;0.0;0.0;0.0;0.0;0.0;0;0.0;0.0;0;0.0;6;0;7.7;3.6;0.0;0.0;0.0;0;0;0;0.0;2.8;0.0;1;1;0;6.4;0.0;No recurring injuries;Average;0.0;0;0.0;5;6.59;0;78;19;22;15;15;0;0;0.8;1.2
Bundesliga 2;SV Elversberg;Felix Keidel;D (L);WB (RL), DM, M (C);D/WB (RL), DM, M (C);23;"5'10""";£5.5K - £8K p/w;£160K - £1.6M;Reasonable;Very Strong;6.92;1;1068;0;0;0.0;0.58;0.58;-0.58;0.0;0%;0.0725;0.7;0.1;0.2;13%;0;0;0;2;0.2;1.17;0.1;88%;54.4;0.1;0.9;7.2;7.5;1.4;19;2.7;0.6;22;0.8;11;2;13.6;13.1;1.9;3.5;6.9;92;24;1;0.5;1.0;0.6;15;4;0;11.7;16.2;No recurring injuries;Average;4.4;33;0.5;0;0;0;0;0;0;0;0;0;0;1.3;1.0
Jupiler Pro League;OH Leuven;Ewoud Pletinckx;D (C);;D (C);26;"6'3""";£1.5K - £2.5K p/w;£700K - £7.2M;Weak;Very Strong;6.90;1;2006;0;0;0.0;2.23;2.23;-2.23;0.1;0%;0.0969565217391304;1.0;0.3;0.3;26%;0;0;0;0;0.0;0.46;0.0;91%;41.4;0.1;0.0;2.2;0.0;0.0;0;0.0;0.0;0;0.0;4;0;3.3;15.6;0.6;3.0;3.1;65;20;2;0.8;1.2;0.4;11;3;0;9.8;4.8;No recurring injuries;Below Average;5.5;74;1.3;0;0;0;0;0;0;0;0;0;0;1.1;1.3
Ligue 2 BKT;Amiens SC;Marc-Olivier Doué;DM;D/M (C);D (C), DM, M (C);26;"6'1""";£950 - £1.6K p/w;£75K - £750K;Reasonable;Very Strong;6.92;0;1438;0;0;0.0;0.57;0.57;-0.57;0.0;0%;0.07125;0.5;0.1;0.3;13%;0;0;0;1;0.1;2.86;0.2;90%;52.0;0.4;0.6;4.7;0.1;0.1;50;0.1;0.1;50;0.1;6;1;5.4;14.8;1.4;3.1;6.4;88;25;2;0.6;0.9;0.3;8;2;0;11.3;11.4;No recurring injuries;Below Average;1.5;71;0.1;0;0;0;0;0;0;0;0;0;0;1.0;0.9
Serie BKT;Palermo;Claudio Gomes;DM;;DM, M (C);26;"5'11""";£29.5K - £42K p/w;£500K - £5.2M;Reasonable;Very Strong;7.09;0;1211;0;0;0.0;0.75;0.75;-0.75;0.1;0%;0.0625;0.9;0.1;0.1;8%;0;0;0;4;0.3;1.6;0.1;80%;26.2;0.0;0.3;0.9;0.0;0.0;0;0.0;0.0;0;0.1;20;0;2.0;2.4;2.1;0.7;1.4;93;30;1;0.3;0.2;0.0;21;0;0;2.9;2.7;No recurring injuries;Very Low;0.4;40;0.0;0;0;0;0;0;0;0;0;0;0;0.2;0.3
Serie BKT;Südtirol;Karim Zedadka;M (L);WB/AM (L);WB/M/AM (L);26;"6'0""";£11.5K - £16K p/w;£120K - £1.2M;Weak;Very Strong;7.53;0;1260;0;0;0.0;0.64;0.64;-0.64;0.0;0%;0.08;0.6;0.1;0.0;13%;0;0;0;1;0.1;2.31;0.2;66%;20.0;0.0;0.0;0.0;0.0;0.0;0;0.0;0.0;0;0.0;29;0;0.0;0.0;0.8;0.0;0.0;79;14;0;0.0;0.0;0.0;13;0;0;0.0;0.0;No recurring injuries;Very Low;0.0;0;0.0;0;0;0;0;0;0;0;0;0;0;0.0;0.0
Jupiler Pro League;RAAL La Louvière;Thierry Lutonda;WB (L);AM (L);D/WB/M/AM (L);26;"5'6""";£1.9K - £3.1K p/w;£50K - £500K;Very Strong;Weak;6.66;0;1305;0;0;0.0;0.17;0.17;-0.17;0.0;0%;0.0566666666666667;0.2;0.1;0.1;67%;0;0;0;2;0.1;1.07;0.1;82%;46.4;0.0;1.9;4.6;5.2;1.2;22;5.2;1.2;23;2.8;15;2;18.5;7.0;3.1;3.6;9.9;82;55;0;0.4;1.0;0.2;33;2;1;12.0;21.1;No recurring injuries;Below Average;3.1;24;0.1;0;0;0;0;0;0;0;0;0;0;0.7;1.4
Eredivisie;Fortuna Sittard;Shawn Adewoye;D (C);D (R);D (RC);26;"5'11""";£1.7K - £3.1K p/w;£475K - £4.8M;Weak;Very Strong;6.86;1;1440;0;0;0.0;0.83;0.83;-0.83;0.1;0%;0.138333333333333;0.4;0.1;0.1;17%;1;0;0;0;0.0;0.75;0.0;91%;43.4;0.0;0.4;2.7;0.4;0.0;0;0.4;0.0;0;0.1;4;0;3.4;16.2;1.1;3.2;3.4;90;20;2;0.6;0.9;1.2;8;3;0;10.6;5.4;No recurring injuries;Below Average;3.8;65;0.6;0;0;0;0;0;0;0;0;0;0;1.1;0.9
Bundesliga 2;1. FC Saarbrücken;Jan Bürger;D (R);;D/WB (R);19;"5'11""";£6K - £8.75K p/w;£2.6M - £5.6M;Reasonable;Very Strong;6.83;0;1052;0;0;0.0;1.18;1.18;-1.18;0.1;0%;0.0842857142857143;1.2;0.3;0.5;21%;0;0;0;0;0.0;0.75;0.1;89%;54.7;0.1;0.6;8.7;2.6;0.8;30;1.5;0.3;18;1.3;11;1;16.3;8.8;1.3;3.8;6.3;94;16;0;0.3;0.9;0.6;10;0;0;10.8;15.7;No recurring injuries;Below Average;3.5;34;0.4;0;0;0;0;0;0;0;0;0;0;0.7;1.4
Jupiler Pro League;Cercle Brugge;Maxime Delanghe;GK;;GK;25;"6'3""";£3.1K - £4.9K p/w;£475K - £1.5M;Reasonable;Very Strong;6.71;2;1530;0;0;0.0;0;0;0;0.0;0%;0;0.0;0.0;0.0;0%;0;0;0;0;0.0;0;0.0;73%;24.2;0.0;0.0;0.0;0.0;0.0;0;0.0;0.0;0;0.0;7;0;7.8;4.5;0.2;0.0;0.0;100;3;0;0.0;3.6;0.0;1;1;0;5.9;0.0;No recurring injuries;Below Average;0.0;0;0.0;5;4.41;2;81;13;36;17;18;3;100;1.0;1.1
Bundesliga 2;Karlsruher SC;Rafael Pinto Pedrosa;D (R);;D/WB (R);19;"5'11""";£3.2K - £5.25K p/w;£5.8M - £7.2M;Weak;Very Strong;6.78;2;1258;0;0;0.0;0.31;0.31;-0.31;0.0;0%;0.103333333333333;0.2;0.1;0.1;33%;0;0;0;1;0.1;1.66;0.1;86%;42.1;0.3;1.5;3.7;6.6;1.8;27;6.6;1.8;27;3.6;6;2;16.5;8.9;1.7;3.2;8.9;73;33;2;0.6;1.1;0.1;9;0;0;12.9;23.0;No recurring injuries;Low;3.5;63;0.3;0;0;0;0;0;0;0;0;0;0;1.1;0.9
Eredivisie;N.E.C.;Anselmo García Mac Nulty;D (C);D (L);D (LC);23;"6'2""";£2.8K - £4.3K p/w;£550K - £5.2M;Very Strong;Weak;6.61;0;1350;0;0;0.0;1.08;1.08;-1.08;0.1;0%;0.154285714285714;0.5;0.1;0.1;29%;0;0;0;0;0.0;1.75;0.1;86%;41.1;0.1;0.1;2.1;0.0;0.0;0;0.0;0.0;0;0.1;6;0;3.5;16.4;0.8;2.1;2.8;75;16;2;0.6;1.5;0.7;10;3;0;10.1;3.4;No recurring injuries;Below Average;4.9;73;1.2;0;0;0;0;0;0;0;0;0;0;1.1;1.5
Jupiler Pro League;Club Brugge;Mickaël Nadé;D (C);;D (C);27;"6'1""";£10.75K - £16K p/w;£325K - £3.3M;Very Strong;Weak;6.87;0;1470;0;0;0.0;0.26;0.26;-0.26;0.0;0%;0.0433333333333333;0.4;0.0;0.2;0%;0;0;0;1;0.1;0.25;0.0;90%;39.8;0.1;0.1;1.6;0.2;0.1;66;0.2;0.1;67;0.0;2;0;2.9;14.3;0.6;3.0;3.6;53;17;3;0.6;1.1;0.8;3;1;0;9.8;3.6;No recurring injuries;Below Average;5.6;58;1.2;0;0;0;0;0;0;0;0;0;0;1.2;0.6
Bundesliga 2;Karlsruher SC;Tim Dietrich;D (C);D (L), DM;D (LC), DM;24;"6'3""";£2.6K - £4.4K p/w;£160K - £500K;Very Strong;Weak;6.66;0;1099;0;0;0.0;0.39;0.39;-0.39;0.0;0%;0.078;0.4;0.1;0.2;20%;1;0;0;0;0.0;0.43;0.0;90%;42.9;0.2;0.1;1.7;0.1;0.0;0;0.1;0.0;0;0.0;3;0;4.3;9.5;0.5;2.3;2.9;67;9;2;1.1;1.1;0.6;8;2;0;10.0;4.3;No recurring injuries;Below Average;5.3;66;0.7;0;0;0;0;0;0;0;0;0;0;1.1;0.9
Jupiler Pro League;Standard;Ibe Hautekiet;D (C);;D (C);24;"6'2""";£6.75K - £10K p/w;£950K - £9.8M;Very Strong;Reasonable;6.90;2;1226;0;0;0.0;0;0;0;0.0;0%;0;0.0;0.0;0.0;0%;0;0;0;0;0.0;1.77;0.1;94%;42.6;0.0;0.1;1.5;0.1;0.0;0;0.1;0.0;0;0.0;4;0;3.8;13.4;0.6;3.2;2.9;89;9;4;0.9;1.4;0.7;6;3;0;10.2;4.0;No recurring injuries;Average;6.4;70;0.9;0;0;0;0;0;0;0;0;0;0;0.9;0.7
Bundesliga 2;1. FC Kaiserslautern;Mika Haas;D (L);;D/WB (L);21;"5'11""";£4.1K - £6.25K p/w;£325K - £3.2M;Very Strong;Weak;7.06;2;1176;0;0;0.0;0.34;0.34;-0.34;0.0;0%;0.113333333333333;0.2;0.0;0.1;0%;0;0;0;0;0.0;0.49;0.0;85%;47.8;0.1;2.6;5.2;3.4;0.5;15;3.4;0.5;16;6.0;12;1;18.5;8.1;2.8;2.8;8.1;90;41;3;0.8;1.5;0.2;22;2;0;12.9;26.6;No recurring injuries;Below Average;3.1;58;0.3;0;0;0;0;0;0;0;0;0;0;0.9;0.6
Sky Bet Championship;Millwall;Tygo Land;M (C);AM (C);DM, M/AM (C);20;"5'7""";£7K - £8K p/w;Not for Sale;Reasonable;Very Strong;6.88;0;1215;0;0;0.0;0.37;0.37;-0.37;0.0;0%;0.0925;0.3;0.1;0.1;25%;0;0;0;3;0.2;2.43;0.2;91%;49.4;0.4;1.1;5.0;2.4;0.2;9;0.3;0.0;0;0.1;8;0;5.3;12.7;1.0;2.3;5.4;68;19;1;0.6;1.3;0.1;3;0;0;11.8;11.1;No recurring injuries;Below Average;1.6;68;0.1;0;0;0;0;0;0;0;0;0;0;1.3;0.8
Jupiler Pro League;OH Leuven;Tobe Leysen;GK;;GK;24;"6'2""";£3.1K - £4.4K p/w;£170K - £1.7M;Very Strong;Reasonable;6.69;1;2070;0;0;0.0;0;0;0;0.0;0%;0;0.0;0.0;0.0;0%;0;0;0;0;0.0;0;0.0;80%;23.6;0.0;0.0;0.1;0.0;0.0;0;0.0;0.0;0;0.0;10;0;5.5;3.7;0.0;0.0;0.0;0;4;0;0.0;3.8;0.0;0;0;0;4.9;0.0;No recurring injuries;Below Average;0.0;0;0.0;4;-2.72;0;70;19;47;8;31;4;0;1.0;1.3
Second Division;F.C. Andorra;Thomas Carrique;D (R);WB (R);D/WB (R);27;"5'8""";£3.2K - £4.5K p/w;£120K - £1.2M;Weak;Very Strong;6.73;1;1352;0;0;0.0;1.36;1.36;-1.36;0.1;0%;0.151111111111111;0.6;0.2;0.1;33%;0;0;0;2;0.1;1.49;0.1;91%;50.6;0.3;1.0;6.9;2.3;0.3;11;2.3;0.3;11;1.0;15;0;16.4;13.0;2.2;2.9;6.6;79;42;1;0.5;1.1;0.7;17;3;1;11.9;15.8;No recurring injuries;Below Average;4.4;44;0.2;0;0;0;0;0;0;0;0;0;0;1.1;1.1
Jupiler Pro League;STVV;Abdoulaye Sissako;DM;M (C);DM, M (C);28;"6'2""";£3.1K - £4.5K p/w;£70K - £700K;Weak;Very Strong;6.81;1;1191;0;0;0.0;0.59;0.59;-0.59;0.0;0%;0.118;0.4;0.0;0.2;0%;0;0;0;0;0.0;0.89;0.1;89%;53.5;0.1;0.8;3.8;0.1;0.0;0;0.1;0.0;0;0.1;6;0;7.4;11.3;1.1;2.1;6.0;78;18;2;0.7;1.4;0.2;15;2;0;11.9;11.6;No recurring injuries;Average;1.9;68;0.4;0;0;0;0;0;0;0;0;0;0;0.7;1.1
Second Division;Valladolid;Mathis Lachuer;DM;;DM, M (C);26;"6'1""";£7.5K - £8.5K p/w;£130K - £1.3M;Very Strong;Fairly Strong;6.85;1;1284;0;0;0.0;0.01;0.01;-0.01;0.0;0%;0.01;0.1;0.0;0.1;0%;0;0;0;4;0.3;4.11;0.3;91%;52.0;0.4;1.1;5.8;0.2;0.1;33;0.2;0.1;33;0.1;4;1;5.2;15.5;1.8;2.4;6.3;78;32;1;0.4;0.7;0.1;11;1;0;10.9;9.2;No recurring injuries;Below Average;3.4;48;0.5;0;0;0;0;0;0;0;0;0;0;1.7;1.1
Eredivisie;Feyenoord;Givairo Read;D (R);D (L), M (R);D (RL), WB/M (R);20;"6'0""";£19.5K - £28.5K p/w;£28M - £35M;Weak;Very Strong;6.86;1;1603;0;0;0.0;0.42;0.42;-0.42;0.0;0%;0.084;0.3;0.1;0.1;40%;0;0;0;2;0.1;1.86;0.1;89%;59.1;0.1;0.8;7.9;1.0;0.3;29;1.0;0.3;29;0.6;8;1;10.8;12.9;2.0;2.5;7.6;82;44;2;0.3;1.2;0.3;25;4;0;11.9;14.6;No recurring injuries;Below Average;3.0;70;0.5;0;0;0;0;0;0;0;0;0;0;1.3;0.9
Ligue 2 BKT;FC Nantes;Fabien Centonze;D (R);WB/AM (R);D/WB/AM (R);30;"6'0""";£9.75K - £13.75K p/w;£140K - £1.4M;Weak;Very Strong;6.77;0;1111;0;0;0.0;2.08;2.08;-2.08;0.2;0%;0.13;1.3;0.2;0.4;13%;0;0;0;1;0.1;2.19;0.2;83%;53.1;0.3;0.7;7.9;2.0;0.3;16;2.0;0.3;16;1.0;9;1;13.4;13.8;2.1;2.8;7.0;87;30;1;0.5;0.5;0.7;17;1;0;11.3;15.1;No recurring injuries;Average;4.3;74;0.2;0;0;0;0;0;0;0;0;0;0;1.6;0.7
Bundesliga 2;1. FC Saarbrücken;Luca Erlein;D (C);;D (RC);19;"6'3""";£10.5K - £16.75K p/w;£3.3M - £5.4M;Reasonable;Very Strong;6.80;1;1350;0;0;0.0;1.3;1.3;-1.3;0.1;0%;0.1;0.9;0.2;0.3;23%;0;0;0;0;0.0;0.5;0.0;89%;43.3;0.0;0.1;2.0;0.1;0.1;50;0.1;0.1;50;0.0;5;1;3.1;13.4;0.7;3.3;2.7;100;10;4;0.5;0.7;0.9;6;1;0;9.7;3.9;No recurring injuries;Above Average;5.7;65;1.1;0;0;0;0;0;0;0;0;0;0;0.7;1.2
Second Division;R. Santander;Yeray Cabanzón;AM (R);M (RL), AM (L);M/AM (RLC);23;"5'7""";£3.2K - £5K p/w;£100K - £1M;Very Strong;Reasonable;6.83;0;1009;0;0;0.0;0.96;0.96;-0.96;0.1;0%;0.0685714285714286;1.2;0.3;0.5;21%;1;0;0;3;0.3;2.45;0.2;88%;45.8;0.4;1.9;3.9;9.2;2.2;24;5.2;1.7;33;2.8;8;1;19.0;3.0;1.2;1.9;9.4;87;15;0;0.4;0.4;0.0;9;0;0;11.0;17.0;No recurring injuries;Below Average;3.2;25;0.1;0;0;0;0;0;0;0;0;0;0;1.0;1.3
Eredivisie;Go Ahead Eagles;Dean James;D (L);;D/WB (L);26;"5'10""";£3.6K - £5.5K p/w;£500K - £5M;Very Strong;Fairly Strong;6.85;1;1620;0;0;0.0;0.59;0.59;-0.59;0.0;0%;0.0983333333333333;0.3;0.0;0.1;0%;0;0;0;2;0.1;1.72;0.1;89%;55.6;0.2;0.4;6.5;2.1;0.4;18;2.1;0.4;18;1.3;12;1;16.9;10.3;1.7;3.9;8.1;78;40;2;0.6;0.6;0.6;16;1;1;10.8;14.6;No recurring injuries;Average;3.3;56;0.0;0;0;0;0;0;0;0;0;0;0;0.7;1.0
Bundesliga 2;Karlsruher SC;Marcel Franke;D (C);;D (C);33;"6'4""";£5.75K - £8.5K p/w;£220K - £700K;Weak;Very Strong;7.00;0;1309;0;0;0.0;0.13;0.13;-0.13;0.0;0%;0.13;0.1;0.0;0.0;0%;0;0;0;2;0.1;0.4;0.0;92%;40.8;0.0;0.3;1.2;0.1;0.0;0;0.1;0.0;0;0.0;4;0;4.5;13.2;0.2;3.5;3.0;75;4;1;1.1;1.0;1.1;6;2;0;10.1;4.0;No recurring injuries;Above Average;5.6;72;1.8;0;0;0;0;0;0;0;0;0;0;1.0;0.9
Ligue 2 BKT;Amiens SC;Mario García;WB (L);M (L);D/WB/M (L);23;"5'8""";£3.2K - £5K p/w;£1.1M - £2.6M;Very Strong;Weak;6.73;2;1219;0;0;0.0;0;0;0;0.0;0%;0;0.0;0.0;0.0;0%;0;0;0;0;0.0;0.4;0.0;91%;55.0;0.0;1.3;8.0;7.2;1.0;13;2.6;0.5;20;0.6;11;3;13.1;14.0;2.2;3.1;7.7;86;35;3;0.5;1.1;0.5;17;1;1;11.9;16.1;No recurring injuries;Below Average;2.3;61;0.2;0;0;0;0;0;0;0;0;0;0;1.1;1.0
Eredivisie;Go Ahead Eagles;Melle Meulensteen;DM;M (C);D (C), DM, M (C);27;"6'1""";£2.9K - £4.2K p/w;£700K - £7.2M;Weak;Very Strong;6.95;1;1927;0;0;0.0;0.93;0.93;-0.93;0.0;0%;0.11625;0.4;0.0;0.1;13%;0;0;0;2;0.1;2.33;0.1;90%;52.3;0.5;0.9;4.4;0.1;0.0;0;0.1;0.0;0;0.0;15;0;7.0;12.4;1.4;2.6;6.4;85;34;3;0.7;1.3;0.3;14;2;0;11.3;11.7;No recurring injuries;Below Average;3.1;57;0.4;0;0;0;0;0;0;0;0;0;0;0.8;1.0
Premier League;TND;Brayan Medina;D (C);;D (C);24;"6'5""";£1.6K - £2.5K p/w;Unknown;Very Weak;Very Weak;6.77;1;1260;0;0;0.0;0.47;0.47;-0.47;0.0;0%;0.1175;0.3;0.1;0.1;50%;0;0;0;0;0.0;0.43;0.0;91%;42.7;0.0;0.1;2.0;0.0;0.0;0;0.0;0.0;0;0.0;3;0;2.6;16.8;0.6;3.3;2.6;100;8;1;0.7;0.9;0.6;7;5;0;9.9;4.6;No recurring injuries;Below Average;6.6;66;1.5;0;0;0;0;0;0;0;0;0;0;1.4;1.3
Jupiler Pro League;Union SG;Ross Sykes;D (C);D (R);D (RC);27;"6'5""";£3.7K - £6K p/w;£350K - £3.5M;Weak;Very Strong;6.90;0;1657;0;0;0.0;0.63;0.63;-0.63;0.0;0%;0.105;0.3;0.1;0.1;17%;0;0;0;3;0.2;0.86;0.0;91%;48.3;0.3;0.3;4.8;1.3;0.3;25;1.3;0.3;25;0.4;10;1;7.5;10.4;1.4;2.8;5.9;79;33;1;0.8;1.2;0.5;26;3;0;11.3;11.9;No recurring injuries;Low;4.3;68;1.1;0;0;0;0;0;0;0;0;0;0;1.3;1.1
Ligue 1 McDonald's;Reims;Malcolm Jeng;D (C);D (L);D (LC);21;"6'3""";£9.5K - £11K p/w;£9.4M - £13.5M;Very Strong;Weak;6.84;0;1427;0;0;0.0;0.18;0.18;-0.18;0.0;0%;0.045;0.3;0.1;0.1;25%;0;0;0;1;0.1;1.01;0.1;90%;41.1;0.1;0.1;1.6;0.0;0.0;0;0.0;0.0;0;0.1;1;0;3.0;15.8;0.4;3.5;2.5;67;9;1;0.5;0.8;0.3;2;1;0;9.9;3.7;No recurring injuries;Below Average;6.1;80;1.3;0;0;0;0;0;0;0;0;0;0;1.0;1.4
Sky Bet Championship;Stoke;Lewis Baker;DM, M (C);;DM, M (C);31;"6'0""";£17.5K - £24K p/w;£600K - £6M;Fairly Strong;Very Strong;6.76;1;1334;0;0;0.0;0.38;0.38;-0.38;0.0;0%;0.076;0.3;0.1;0.1;20%;0;0;0;2;0.1;1.67;0.1;92%;36.2;0.2;1.0;4.6;0.5;0.1;14;0.1;0.1;50;0.0;11;0;12.0;8.9;1.1;2.0;3.9;94;17;3;0.5;0.7;0.1;3;2;0;8.1;7.6;No recurring injuries;Very Low;0.9;57;0.1;0;0;0;0;0;0;0;0;0;0;0.9;1.4
Sky Bet Championship;Preston;Lewis Gibson;D (C);;D (C);26;"6'2""";£11.5K - £15.5K p/w;£4.9M - £9.6M;Very Strong;Fairly Strong;6.73;0;2058;0;0;0.0;0.37;0.37;-0.37;0.0;0%;0.123333333333333;0.1;0.0;0.0;0%;0;0;0;0;0.0;0.87;0.0;91%;41.2;0.0;0.1;1.2;0.0;0.0;0;0.0;0.0;0;0.0;1;0;2.8;16.5;0.1;2.8;2.3;33;9;1;0.9;1.4;1.2;11;3;0;10.0;4.5;No recurring injuries;Above Average;5.2;66;0.9;0;0;2;0;0;0;0;0;0;0;0.8;1.2
First Division;Cádiz;Mario Climent;D (L);;D (L);24;"5'10""";£3.7K - £5.5K p/w;£150K - £1.5M;Very Strong;Reasonable;6.58;0;1135;0;0;0.0;0.2;0.2;-0.2;0.0;0%;0.05;0.3;0.1;0.2;25%;1;0;0;0;0.0;0.59;0.0;91%;56.9;0.0;1.0;7.6;1.9;0.5;25;1.9;0.5;25;1.2;6;1;14.7;10.9;1.9;2.9;7.1;80;30;1;0.6;0.8;0.2;21;3;0;11.5;16.7;No recurring injuries;Below Average;4.0;48;0.2;0;0;0;0;0;0;0;0;0;0;1.1;1.1
Sky Bet Championship;Swansea;Josh Tymon;D (L);;D/WB (L);27;"5'10""";£7.5K - £10K p/w;£4.7M - £7.6M;Very Strong;Weak;7.05;2;1859;0;0;0.0;0.28;0.28;-0.28;0.0;0%;0.0466666666666667;0.3;0.1;0.1;33%;1;0;0;4;0.2;3.47;0.2;89%;55.3;0.2;1.7;7.2;8.5;0.9;10;3.1;0.3;9;0.8;14;2;12.5;12.7;2.0;2.8;7.7;68;60;1;0.3;1.3;0.3;36;0;0;11.8;17.0;No recurring injuries;Low;3.3;72;0.4;0;0;0;0;0;0;0;0;0;0;1.3;1.3
Premier League;Coventry;Liam Kitching;D (C);D (L);D (LC);27;"6'3""";£14.25K - £21K p/w;£6.8M - £8.6M;Very Strong;Reasonable;6.74;0;1616;0;0;0.0;0.04;0.04;-0.04;0.0;0%;0.04;0.1;0.0;0.1;0%;0;0;0;0;0.0;0.03;0.0;93%;47.1;0.0;0.2;2.8;0.0;0.0;0;0.0;0.0;0;0.1;0;0;3.8;7.0;0.8;2.8;2.4;82;17;4;0.8;1.7;0.7;10;3;0;10.4;5.3;No recurring injuries;Average;3.7;69;0.4;0;0;1;0;0;0;0;0;0;0;1.2;1.9
Ligue 1 McDonald's;RC Lens;Ismaëlo Ganiou;D (C);;D (C);21;"6'1""";£9.5K - £11K p/w;£4.9M - £8.4M;Weak;Very Strong;6.84;0;1251;0;0;0.0;0.81;0.81;-0.81;0.1;0%;0.162;0.4;0.0;0.0;0%;0;0;0;0;0.0;0.1;0.0;92%;44.7;0.0;0.4;2.9;0.1;0.0;0;0.1;0.0;0;0.1;7;0;4.5;11.4;0.5;2.7;2.5;78;9;1;0.6;1.1;1.0;10;6;0;10.1;5.3;No recurring injuries;Below Average;5.0;61;0.6;0;0;0;0;0;0;0;0;0;0;0.8;0.6
Ligue 2 BKT;Grenoble;Rabby Nzingoula;M (C);;DM, M (C);21;"6'0""";£3.2K - £4.9K p/w;£300K - £2.9M;Reasonable;Very Strong;6.91;2;1138;0;0;0.0;0.51;0.51;-0.51;0.0;0%;0.0566666666666667;0.7;0.1;0.2;11%;0;0;0;2;0.2;1.22;0.1;89%;50.9;0.3;0.6;3.2;0.1;0.1;100;0.1;0.1;100;0.2;9;0;8.5;13.4;1.4;2.4;6.2;75;24;2;0.6;0.8;0.3;10;4;0;11.0;11.2;No recurring injuries;Below Average;2.0;24;0.2;0;0;0;0;0;0;0;0;0;0;0.9;0.9
Bundesliga 2;SSV Jahn Regensburg;Nicolas Oliveira;D (R);D/WB (L);D/WB (RL);22;"5'11""";£5.75K - £9.75K p/w;£180K - £1.8M;Reasonable;Very Strong;6.89;3;1518;0;0;0.0;0.54;0.54;-0.54;0.0;0%;0.09;0.4;0.1;0.1;17%;0;0;0;1;0.1;1.27;0.1;87%;51.9;0.2;0.8;7.6;1.8;0.2;10;1.8;0.2;10;0.7;20;2;15.3;10.2;1.7;3.7;7.4;74;38;2;0.4;1.0;1.0;13;1;0;11.4;16.0;No recurring injuries;Average;4.0;57;0.7;0;0;0;0;0;0;0;0;0;0;0.8;1.0
Sky Bet Championship;West Brom;Josh Griffiths;GK;;GK;25;"6'5""";£3.3K - £4.4K p/w;£2.2M - £4.8M;Weak;Very Strong;6.91;2;1980;0;0;0.0;0;0;0;0.0;0%;0;0.0;0.0;0.0;0%;0;0;0;0;0.0;0;0.0;88%;24.5;0.0;0.0;0.1;0.0;0.0;0;0.0;0.0;0;0.0;14;0;7.6;4.0;0.1;0.0;0.0;67;3;0;0.0;4.2;0.0;0;0;0;5.7;0.0;No recurring injuries;Low;0.0;0;0.0;7;4.69;0;79;24;34;15;20;3;67;1.2;0.9
Sky Bet Championship;Norwich;Kellen Fisher;D/WB (R);D/WB (L);D/WB (RL);22;"6'0""";£13.75K - £19.25K p/w;£6M - £8M;Weak;Very Strong;6.98;3;1818;0;0;0.0;0.36;0.36;-0.36;0.0;0%;0.072;0.2;0.0;0.0;0%;0;0;0;1;0.0;1.08;0.1;83%;43.1;0.1;1.4;4.2;7.6;1.4;18;6.5;1.2;18;3.3;28;1;14.3;12.4;2.2;3.5;9.9;80;56;6;0.7;0.9;0.3;27;0;0;12.5;24.0;No recurring injuries;Below Average;3.5;45;0.2;0;0;0;0;0;0;0;0;0;0;0.9;0.9
Sky Bet Championship;Watford;Mattie Pollock;D (C);;D (C);25;"6'3""";£8.25K - £11K p/w;£4.6M - £7.6M;Reasonable;Very Strong;6.84;1;1899;0;0;0.0;1;1;-1;0.0;0%;0.0833333333333333;0.6;0.0;0.2;8%;0;0;0;0;0.0;0.74;0.0;90%;40.5;0.1;0.2;2.1;0.0;0.0;0;0.0;0.0;0;0.0;2;0;3.4;12.2;0.5;2.6;2.7;77;13;4;0.8;1.3;1.1;5;0;0;9.8;3.7;No recurring injuries;Above Average;6.0;78;1.0;0;0;0;0;0;0;0;0;0;0;1.0;1.4
Sky Bet Championship;Portsmouth;John Swift;DM, AM (C);M (C);DM, M/AM (C);31;"6'0""";£13.5K - £18.5K p/w;£275K - £2.8M;Fairly Strong;Very Strong;6.73;0;1240;0;0;0.0;1;1;-1;0.1;0%;0.0909090909090909;0.8;0.6;0.2;73%;0;0;0;0;0.0;2.31;0.2;88%;41.2;0.2;1.3;2.3;9.4;1.7;17;0.9;0.0;0;1.2;13;4;17.9;10.4;0.5;2.0;4.6;88;8;0;0.4;0.4;0.0;6;0;0;11.4;9.1;No recurring injuries;Above Average;2.2;27;0.1;0;0;0;0;0;0;0;0;0;0;1.0;1.2
Bundesliga;1. FC Nürnberg;Rafael Lubach;M (C);AM (L);DM, M (C), AM (L);21;"5'9""";£15.5K - £24K p/w;£850K - £8.6M;Reasonable;Very Strong;6.80;0;1164;0;0;0.0;0.86;0.86;-0.86;0.1;0%;0.0955555555555556;0.7;0.1;0.3;11%;0;0;0;0;0.0;1.79;0.1;94%;57.6;0.1;0.6;4.9;0.9;0.1;8;0.1;0.0;0;0.2;9;0;5.4;12.8;1.5;2.5;6.6;77;26;1;0.3;0.7;0.1;8;2;0;11.8;14.1;No recurring injuries;Average;1.5;35;0.1;0;0;0;0;0;0;0;0;0;0;1.5;1.5
Sky Bet Championship;Hull;Ryan Giles;WB (L);M/AM (L);D/WB/M/AM (L);26;"6'0""";£14K - £20.5K p/w;£375K - £3.7M;Very Strong;Weak;6.79;0;1382;0;0;0.0;0.15;0.15;-0.15;0.0;0%;0.03;0.3;0.0;0.3;0%;0;0;0;2;0.1;2.08;0.1;91%;54.9;0.2;1.4;8.1;4.2;0.5;12;2.0;0.3;17;1.0;17;4;15.6;12.2;1.8;2.9;7.2;68;40;1;0.3;1.2;0.0;20;0;0;11.9;16.4;No recurring injuries;Average;4.3;45;0.8;0;0;0;0;0;0;0;0;0;0;1.5;1.4
Ligue 2 BKT;Nancy;Antonio Tikvić;D (C);;D (C);22;"6'6""";£2K - £3.5K p/w;£275K - £2.8M;Very Strong;Weak;6.91;0;1379;0;0;0.0;0.75;0.75;-0.75;0.0;0%;0.0833333333333333;0.6;0.1;0.1;22%;0;0;0;1;0.1;1.05;0.1;91%;42.8;0.1;0.2;1.6;0.1;0.0;0;0.1;0.0;0;0.0;6;0;2.5;16.3;0.2;2.7;2.7;60;5;3;0.5;0.5;0.6;12;5;0;10.3;4.8;No recurring injuries;Above Average;5.9;67;1.6;0;0;0;0;0;0;0;0;0;0;0.8;0.6
Sky Bet Championship;Derby;Lewis Travis;DM, M (C);;DM, M (C);29;"6'0""";£19.75K - £28K p/w;£95K - £7.8M;Weak;Very Strong;6.91;0;1870;0;0;0.0;0.42;0.42;-0.42;0.0;0%;0.0466666666666667;0.4;0.1;0.2;22%;0;0;0;3;0.1;2.89;0.1;89%;51.8;0.1;0.8;4.2;0.0;0.0;0;0.0;0.0;0;0.1;13;1;6.5;13.2;1.6;2.6;6.0;83;41;2;0.6;0.7;0.5;25;6;0;11.2;11.1;No recurring injuries;Below Average;1.8;70;0.2;0;0;0;0;0;0;0;0;0;0;0.9;0.8
Sky Bet Championship;Lincoln;Joe Rankin-Costello;M (C);D/WB (R), DM;D/WB (R), DM, M (C);27;"6'0""";£8.75K - £12.5K p/w;£550K - £5.6M;Weak;Very Strong;6.41;0;1151;0;0;0.0;1.92;1.92;-1.92;0.2;0%;0.16;0.9;0.3;0.2;33%;0;0;0;1;0.1;1.74;0.1;0%;0.0;0.4;0.1;0.0;0.0;0.0;0;0.0;0.0;0;0.0;8;0;15.6;9.5;0.0;0.0;0.0;0;0;0;0.0;0.0;0.0;4;4;0;0.0;0.0;No recurring injuries;High;0.0;0;0.0;0;0;0;0;0;0;0;0;0;0;0.8;1.3
Sky Bet Championship;Wrexham;Arthur Okonkwo;GK;;GK;25;"6'6""";£10.75K - £14.75K p/w;£300K - £3M;Reasonable;Very Strong;7.02;3;1114;0;0;0.0;0;0;0;0.0;0%;0;0.0;0.0;0.0;0%;0;0;0;0;0.0;0;0.0;76%;25.2;0.0;0.0;0.0;0.0;0.0;0;0.0;0.0;0;0.0;2;0;8.2;2.2;0.0;0.0;0.0;0;1;0;0.0;4.5;0.0;0;0;0;5.2;0.0;No recurring injuries;High;0.0;0;0.0;5;4.54;1;78;8;29;2;11;1;0;1.1;0.9
Bundesliga 2;SSV Jahn Regensburg;Steven Benda;GK;;GK;28;"6'4""";£8.25K - £12K p/w;£100K - £1M;Weak;Very Strong;6.79;1;1470;0;0;0.0;0;0;0;0.0;0%;0;0.0;0.0;0.0;0%;0;0;0;0;0.0;0;0.0;72%;24.3;0.0;0.0;0.0;0.0;0.0;0;0.0;0.0;0;0.0;9;0;9.7;3.2;0.0;0.0;0.0;0;1;0;0.0;3.3;0.0;1;1;0;5.2;0.0;No recurring injuries;High;0.0;0;0.0;5;9.27;0;80;13;34;12;14;1;0;0.9;0.9
Sky Bet Championship;Swansea;Ben Cabango;D (C);;D (C);26;"6'3""";£7.25K - £10.5K p/w;£300K - £3.1M;Weak;Very Strong;6.72;0;1899;0;0;0.0;0.99;0.99;-0.99;0.0;0%;0.12375;0.4;0.0;0.0;0%;0;0;0;0;0.0;0.15;0.0;90%;41.9;0.0;0.1;1.9;0.0;0.0;100;0.0;0.0;100;0.0;1;0;3.9;15.2;0.8;2.6;2.1;85;20;3;0.6;1.7;0.9;14;8;1;10.4;5.1;No recurring injuries;Below Average;4.9;76;0.7;0;0;0;0;0;0;0;0;0;0;1.5;1.1
Ligue 1 McDonald's;Reims;Cédric Kipré;D (C);;D (C);30;"6'4""";£24K - £28K p/w;£325K - £9.2M;Weak;Very Strong;6.62;0;1117;0;0;0.0;0.54;0.54;-0.54;0.0;0%;0.108;0.4;0.1;0.0;20%;0;0;0;1;0.1;0.06;0.0;94%;43.6;0.2;0.2;2.2;0.1;0.0;0;0.1;0.0;0;0.0;2;0;2.9;13.7;0.7;2.4;2.9;69;13;2;0.4;0.8;0.6;8;1;0;9.7;3.3;No recurring injuries;Below Average;4.9;61;0.6;0;0;0;0;0;0;0;0;0;0;0.7;1.3
Sky Bet Championship;QPR;Jake Clarke-Salter;D (C);;D (C);29;"6'2""";£12.25K - £17.25K p/w;£200K - £2M;Very Strong;Fairly Strong;6.71;0;1932;0;0;0.0;0.93;0.93;-0.93;0.0;0%;0.11625;0.4;0.1;0.1;25%;0;0;0;1;0.0;0.51;0.0;93%;41.6;0.0;0.1;2.0;0.0;0.0;0;0.0;0.0;0;0.0;2;0;3.2;14.6;0.6;3.0;3.2;68;19;2;0.6;1.0;0.7;14;4;0;9.9;3.2;No recurring injuries;High;5.9;57;1.3;0;0;0;0;0;0;0;0;0;0;1.2;1.5
Ligue 1 McDonald's;Troyes;Khaly;D (C);;D (C);23;"6'4""";£5.75K - £8.5K p/w;£2.5M - £5.4M;Reasonable;Very Strong;6.82;0;1440;0;0;0.0;2.29;2.29;-2.29;0.1;0%;0.254444444444444;0.6;0.2;0.2;33%;0;0;0;0;0.0;0.36;0.0;90%;42.8;0.1;0.1;2.2;0.1;0.1;50;0.1;0.1;50;0.1;2;0;2.9;15.9;0.8;2.3;2.4;86;14;1;0.7;1.3;1.8;8;2;0;9.9;3.4;No recurring injuries;Low;4.3;80;1.5;0;0;1;0;0;0;0;0;0;0;1.2;1.4
Sky Bet Championship;Stoke;Daniel Barlaser;DM;;DM, M (C);29;"6'0""";£13.75K - £18.25K p/w;£700K - £7M;Reasonable;Very Strong;6.78;0;1107;0;0;0.0;0.75;0.75;-0.75;0.1;0%;0.125;0.5;0.0;0.2;0%;0;0;0;1;0.1;3.21;0.3;91%;49.8;0.5;1.1;5.3;0.1;0.0;0;0.1;0.0;0;0.4;5;1;7.3;9.8;1.2;1.5;5.6;88;17;0;0.4;0.7;0.0;13;1;0;11.8;10.8;No recurring injuries;Below Average;1.8;36;0.0;0;0;0;0;0;0;0;0;0;0;0.8;1.7
Sky Bet Championship;Wrexham;Josh Wilson-Esbrand;D (L);WB (L);D/WB (L);23;"5'9""";£5.25K - £7.5K p/w;£110K - £1.1M;Very Strong;Reasonable;6.76;0;1332;0;0;0.0;0.71;0.71;-0.71;0.0;0%;0.1775;0.3;0.1;0.0;25%;0;0;0;0;0.0;0.83;0.1;91%;55.3;0.1;0.6;8.4;2.3;0.5;23;2.3;0.5;24;1.1;21;2;14.7;11.8;1.8;3.4;6.9;93;28;2;0.7;1.1;0.4;19;4;0;11.4;14.5;No recurring injuries;High;3.6;57;0.2;0;0;0;0;0;0;0;0;0;0;1.1;0.9
Sky Bet Championship;Cardiff;Will Fish;D (C);;D (C);23;"6'1""";£11K - £15.5K p/w;£5.6M - £8.6M;Weak;Very Strong;6.79;0;1973;0;0;0.0;0.77;0.77;-0.77;0.0;0%;0.11;0.3;0.0;0.0;14%;0;0;0;0;0.0;0.52;0.0;90%;42.0;0.1;0.2;2.6;0.1;0.0;50;0.1;0.0;50;0.0;6;2;3.7;13.7;0.5;2.9;2.2;79;14;4;0.6;0.9;1.0;4;2;1;10.4;3.5;No recurring injuries;Below Average;5.8;57;1.0;0;0;0;0;0;0;0;0;0;0;1.4;1.3
Premier League;TND;Christian Marques;D (C);;D (C);23;"6'2""";£4.5K - £6.5K p/w;Unknown;Very Weak;Very Weak;6.93;1;1350;0;0;0.0;1.61;1.61;-1.61;0.1;0%;0.20125;0.5;0.0;0.2;0%;0;0;0;1;0.1;0.88;0.1;91%;42.3;0.3;0.2;1.5;0.0;0.0;0;0.0;0.0;0;0.1;7;0;2.3;18.3;0.5;3.1;2.9;78;9;2;0.6;0.7;0.7;6;2;0;10.0;3.7;No recurring injuries;Average;5.8;64;1.3;0;0;0;0;0;0;0;0;0;0;1.3;1.3
Sky Bet Championship;Cardiff;Perry Ng;D (R);D (LC), WB (R);D (RLC), WB (R);30;"5'11""";£20.5K - £29K p/w;£4.7M - £7.6M;Weak;Very Strong;6.85;0;1948;0;0;0.0;0.91;0.91;-0.91;0.0;0%;0.13;0.3;0.1;0.2;43%;0;0;0;1;0.0;1.29;0.1;90%;57.2;0.1;0.4;7.8;1.9;0.1;4;1.9;0.1;5;1.0;18;1;14.7;11.4;1.0;4.2;5.9;66;32;1;0.4;0.5;1.1;39;9;0;11.4;15.9;No recurring injuries;Below Average;4.4;70;0.1;0;0;0;0;0;0;0;0;0;0;1.4;1.3
Bundesliga 2;Fortuna Düsseldorf;Niklas Niehoff;WB (R);D (R);D/WB/M/AM (R);22;"6'2""";£6.75K - £10.75K p/w;£190K - £1.9M;Reasonable;Very Strong;6.82;0;1260;0;0;0.0;0.26;0.26;-0.26;0.0;0%;0.0866666666666667;0.2;0.0;0.1;0%;0;0;0;0;0.0;1.14;0.1;86%;48.4;0.1;1.6;5.2;5.1;1.1;22;4.3;1.0;23;3.3;17;4;21.0;8.4;2.8;2.7;9.0;93;42;2;0.7;0.9;0.2;12;0;0;13.0;24.3;No recurring injuries;Average;4.3;52;0.3;0;0;0;0;0;0;0;0;0;0;0.8;1.3
Sky Bet Championship;Stockport;Josh Dacres-Cogley;D/WB (R);;D/WB (R);30;"5'9""";£5.5K - £8K p/w;£60K - £600K;Weak;Very Strong;6.67;1;2040;0;0;0.0;1.73;1.73;-1.73;0.1;0%;0.133076923076923;0.6;0.1;0.1;15%;1;0;0;2;0.1;1.95;0.1;89%;51.2;0.1;0.7;6.5;3.0;0.4;11;3.0;0.4;12;0.8;19;0;13.7;9.8;1.7;3.1;6.5;81;48;1;0.5;1.3;0.3;18;1;1;11.6;15.7;No recurring injuries;Below Average;3.5;67;0.2;0;0;0;0;0;0;0;0;0;0;1.2;1.5
Jupiler Pro League;Dender EH;Gauthier Gallon;GK;;GK;33;"6'1""";£10K - £14.25K p/w;£55K - £550K;Weak;Very Strong;6.62;0;1482;0;0;0.0;0;0;0;0.0;0%;0;0.0;0.0;0.0;0%;0;0;0;0;0.0;0;0.0;77%;25.2;0.0;0.0;0.0;0.0;0.0;0;0.0;0.0;0;0.0;4;0;7.7;4.5;0.2;0.0;0.0;67;6;0;0.0;4.3;0.0;0;0;0;5.5;0.0;No recurring injuries;Below Average;0.0;0;0.0;3;6.08;0;76;12;39;10;23;6;67;1.1;1.4
Premier League;Estrela da Amadora SAD;Max Scholze;D (R);;D/WB (R);21;"6'0""";£1.5K - £2.3K p/w;Unknown;Very Weak;Very Weak;6.77;1;1239;0;0;0.0;0.57;0.57;-0.57;0.0;0%;0.07125;0.6;0.1;0.3;13%;0;0;0;1;0.1;0.91;0.1;88%;49.8;0.1;0.7;6.5;1.5;0.3;19;1.5;0.3;19;1.7;12;2;18.5;8.8;1.6;3.6;7.5;79;28;0;0.4;0.4;0.3;17;1;0;11.7;16.4;No recurring injuries;Above Average;3.4;64;0.2;0;0;0;0;0;0;0;0;0;0;1.0;1.3
Bundesliga 2;SG Dynamo Dresden;Kofi Amoako;DM;D/M (C);D (C), DM, M (C);21;"6'1""";£3.9K - £6K p/w;£275K - £2.7M;Reasonable;Very Strong;6.84;0;1038;0;0;0.0;0.09;0.09;-0.09;0.0;0%;0.03;0.3;0.2;0.2;67%;1;0;0;1;0.1;0.4;0.0;93%;50.5;0.0;0.8;4.7;0.2;0.0;0;0.2;0.0;0;0.1;8;0;7.1;11.4;1.8;2.6;6.3;88;24;0;0.8;0.9;0.3;11;2;1;12.0;12.1;No recurring injuries;Below Average;3.4;67;0.3;0;0;0;0;0;0;0;0;0;0;0.9;1.2
Bundesliga 2;Hertha BSC;Yannis Hör;D (R);D (LC);D (RLC);21;"6'1""";£5.25K - £5.75K p/w;£130K - £1.3M;Weak;Very Strong;6.93;1;1070;0;0;0.0;0.55;0.55;-0.55;0.0;0%;0.0916666666666667;0.5;0.0;0.2;0%;0;0;0;1;0.1;2.02;0.2;83%;52.5;0.1;0.5;7.7;1.9;0.2;9;1.9;0.2;9;1.0;9;0;10.9;12.5;1.9;4.4;8.0;85;26;0;0.5;0.9;0.3;10;2;0;12.0;14.0;No recurring injuries;Above Average;5.5;66;0.6;0;0;0;0;0;0;0;0;0;0;1.5;0.7
Sky Bet Championship;Middlesbrough;Dael Fry;D (C);;D (C);29;"6'3""";£20.5K - £28K p/w;£8M - £10.5M;Reasonable;Very Strong;6.87;1;1999;0;0;0.0;1.82;1.82;-1.82;0.1;0%;0.121333333333333;0.7;0.2;0.1;27%;0;0;0;0;0.0;0.8;0.0;91%;42.9;0.0;0.2;1.4;0.0;0.0;0;0.0;0.0;0;0.0;5;1;3.0;14.8;0.6;2.8;2.6;76;17;4;0.7;0.9;0.5;6;2;0;10.1;3.9;No recurring injuries;High;5.5;76;1.3;0;0;0;0;0;0;0;0;0;0;0.9;1.4
Second Division;Valladolid;Jean-Kévin Duverne;D (L);;D (LC);29;"6'1""";£3.5K - £5K p/w;£190K - £1.9M;Weak;Very Strong;6.91;1;1455;0;0;0.0;0.06;0.06;-0.06;0.0;0%;0.06;0.1;0.0;0.0;0%;0;0;0;2;0.1;1.58;0.1;93%;57.3;0.1;0.6;8.0;1.5;0.2;12;1.5;0.2;13;0.9;10;1;12.5;14.2;2.0;2.2;6.9;80;40;2;0.7;0.7;0.5;27;0;0;11.6;15.3;No recurring injuries;Above Average;4.7;63;0.6;0;0;0;0;0;0;0;0;0;0;1.7;1.0
Second Division;R. Madrid B;Manuel Ángel;M (C);DM, AM (C);DM, M/AM (C);22;"5'7""";£3.2K - £5.25K p/w;£4K - £40K;Strong;Very Strong;6.53;0;1419;0;0;0.0;1.72;1.72;-1.72;0.1;0%;0.114666666666667;1.0;0.4;0.1;47%;0;0;0;7;0.4;3.54;0.2;0%;0.0;0.3;0.4;0.0;1.3;0.1;10;0.0;0.0;0;0.0;8;0;14.3;9.1;0.0;0.0;0.0;0;0;0;0.0;0.0;0.0;2;2;0;0.0;0.0;No recurring injuries;Below Average;0.0;0;0.0;0;0;0;0;0;0;0;0;0;0;0.8;1.5
Bundesliga 2;SSV Jahn Regensburg;Marko Ivezić;D (C);M (C);D (C), DM, M (C);25;"6'3""";£6.75K - £11.25K p/w;£850K - £2M;Weak;Very Strong;6.98;0;1222;0;0;0.0;0.14;0.14;-0.14;0.0;0%;0.035;0.3;0.0;0.1;0%;0;0;0;0;0.0;0.72;0.1;91%;50.4;0.2;0.4;3.2;0.1;0.0;0;0.1;0.0;0;0.1;4;0;5.2;13.3;0.8;3.2;4.6;55;20;1;0.5;1.0;0.7;6;1;0;12.0;9.3;No recurring injuries;Below Average;4.0;76;0.7;0;0;0;0;0;0;0;0;0;0;0.8;0.8
Bundesliga 2;Holstein Kiel;Jochem Ritmeester van de Kamp;M (C);M (R), AM (RC);DM, M/AM (RC);23;"5'10""";£5.75K - £9.75K p/w;£5M - £6.4M;Strong;Very Strong;6.41;0;1152;0;0;0.0;0.33;0.33;-0.33;0.0;0%;0.04125;0.6;0.2;0.2;25%;0;0;0;1;0.1;1.71;0.1;0%;0.0;0.3;0.1;0.0;0.0;0.0;0;0.0;0.0;0;0.0;5;0;13.8;6.6;0.0;0.0;0.0;0;0;0;0.0;0.0;0.0;4;4;0;0.0;0.0;No recurring injuries;Low;0.0;0;0.0;0;0;0;0;0;0;0;0;0;0;0.5;1.0
Eredivisie;Fortuna Sittard;Mattijs Branderhorst;GK;;GK;32;"6'4""";£1.2K - £2.1K p/w;Not for Sale;Very Weak;Very Strong;6.86;1;1260;0;0;0.0;0;0;0;0.0;0%;0;0.0;0.0;0.0;0%;0;0;0;0;0.0;0;0.0;84%;23.6;0.0;0.0;0.0;0.0;0.0;0;0.0;0.0;0;0.0;2;0;7.4;5.5;0.0;0.0;0.0;0;2;0;0.0;3.0;0.0;0;0;0;4.9;0.0;No recurring injuries;Below Average;0.0;0;0.0;5;1.97;1;76;15;20;7;13;2;0;1.1;0.9
Jupiler Pro League;KV Mechelen;Gora Diouf;D (C);D (L);D (LC);23;"6'1""";£2K - £3.3K p/w;£120K - £1.2M;Very Strong;Reasonable;6.85;1;2385;0;0;0.0;0.38;0.38;-0.38;0.0;0%;0.0633333333333333;0.2;0.0;0.1;17%;0;0;0;2;0.1;1.46;0.1;92%;40.8;0.1;0.2;1.6;0.0;0.0;0;0.0;0.0;0;0.0;5;0;2.7;16.4;0.4;3.0;2.4;79;14;4;0.9;0.9;0.9;6;3;0;10.5;4.2;No recurring injuries;Below Average;4.0;65;0.2;0;0;0;0;0;0;0;0;0;0;1.2;1.3
Premier League;Gil Vicente;Lucão;GK;;GK;25;"6'3""";£2.2K - £3.3K p/w;Unknown;Very Weak;Very Weak;6.74;1;1247;0;0;0.0;0;0;0;0.0;0%;0;0.0;0.0;0.0;0%;0;0;0;0;0.0;0;0.0;87%;25.7;0.0;0.0;0.0;0.0;0.0;0;0.0;0.0;0;0.0;8;0;9.5;3.3;0.0;0.0;0.0;0;1;0;0.0;2.7;0.0;1;1;1;5.7;0.0;No recurring injuries;Above Average;0.0;0;0.0;5;4.14;1;77;14;25;6;13;1;0;0.9;0.9
Eredivisie;FC Utrecht;Mike Eerdhuijzen;D (C);;D (C);26;"6'4""";£2K - £3.1K p/w;£6M - £7.6M;Very Strong;Weak;6.88;0;1169;0;0;0.0;0.74;0.74;-0.74;0.1;0%;0.105714285714286;0.5;0.2;0.2;29%;0;0;0;0;0.0;1.11;0.1;92%;41.2;0.1;0.2;2.2;0.2;0.1;50;0.2;0.1;50;0.0;3;0;3.3;14.3;0.7;2.5;2.5;100;9;3;1.2;1.1;0.3;9;4;1;9.6;4.6;No recurring injuries;Average;4.7;72;1.2;0;0;0;0;0;0;0;0;0;0;1.4;0.8
Premier League;Alverca SAD;Matheus Mendes;GK;;GK;27;"6'4""";£1.6K - £2.5K p/w;Unknown;Very Weak;Very Weak;6.73;2;1380;0;0;0.0;0;0;0;0.0;0%;0;0.0;0.0;0.0;0%;0;0;0;0;0.0;0;0.0;78%;24.0;0.0;0.0;0.0;0.0;0.0;0;0.0;0.0;0;0.0;6;0;6.9;3.8;0.1;0.0;0.0;50;4;0;0.0;2.8;0.0;0;0;0;5.3;0.0;No recurring injuries;Above Average;0.0;0;0.0;3;4.45;0;78;20;28;11;18;4;50;0.9;1.2
Ligue 1 McDonald's;Auxerre;Louis Mouton;DM;M (C);DM, M (C);24;"5'11""";£16.75K - £19.25K p/w;£7.6M - £9M;Reasonable;Very Strong;7.00;1;1274;0;0;0.0;1.43;1.43;-1.43;0.1;0%;0.143;0.7;0.1;0.2;20%;0;0;0;5;0.4;2.31;0.2;92%;56.8;0.1;0.6;3.5;0.5;0.1;14;0.1;0.0;0;0.1;6;1;5.5;12.3;1.1;2.5;5.9;94;17;0;0.9;0.8;0.5;6;0;0;11.2;12.3;No recurring injuries;Below Average;2.1;60;0.0;0;0;0;0;0;0;0;0;0;0;1.4;1.1
Premier League;AVS SAD;Simão Bertelli;GK;;GK;33;"6'2""";£550 - £925 p/w;Not for Sale;Very Weak;Very Weak;6.46;3;1170;0;0;0.0;0;0;0;0.0;0%;0;0.0;0.0;0.0;0%;0;0;0;0;0.0;0;0.0;78%;24.4;0.0;0.0;0.2;0.0;0.0;0;0.0;0.0;0;0.0;1;0;9.1;4.2;0.0;0.0;0.0;0;2;0;0.0;3.3;0.0;0;0;0;5.9;0.0;No recurring injuries;Low;0.0;0;0.0;3;-6.26;1;70;10;33;11;23;2;0;0.9;1.8
Premier League;Estrela da Amadora SAD;Renan Ribeiro;GK;;GK;36;"6'4""";£1.4K - £2.3K p/w;Not for Sale;Very Weak;Very Weak;6.72;1;1051;0;0;0.0;0;0;0;0.0;0%;0;0.0;0.0;0.0;0%;0;0;0;0;0.0;0;0.0;83%;23.5;0.0;0.0;0.0;0.0;0.0;0;0.0;0.0;0;0.0;2;0;11.0;3.0;0.0;0.0;0.0;0;0;0;0.0;2.9;0.0;1;1;0;5.9;0.0;No recurring injuries;Above Average;0.0;0;0.0;4;-0.14;0;71;7;20;8;14;0;0;0.9;1.2
First Division;Granada;Diego Hormigo;D (L);D (C), WB (L);D (LC), WB (L);23;"6'0""";£4.4K - £6.5K p/w;£750K - £1.7M;Very Strong;Weak;6.58;0;1078;0;0;0.0;0;0;0;0.0;0%;0;0.0;0.0;0.0;0%;0;0;0;0;0.0;0.71;0.1;84%;54.9;0.3;1.5;6.9;0.8;0.2;22;0.8;0.2;22;0.3;3;0;14.6;11.2;2.2;3.8;7.1;79;33;3;0.9;1.6;0.7;8;0;0;11.7;15.4;No recurring injuries;High;2.4;69;0.2;0;0;0;0;0;0;0;0;0;0;0.8;2.1
Eredivisie;Excelsior;Ilias Bronkhorst;D (R);D (L);D (RL), WB (R);29;"6'1""";£1.7K - £2.4K p/w;£1.1M - £2.6M;Weak;Very Strong;6.73;0;1350;0;0;0.0;1.31;1.31;-1.31;0.1;0%;0.131;0.7;0.1;0.3;10%;1;0;0;1;0.1;0.94;0.1;84%;52.1;0.1;0.9;5.9;1.7;0.5;28;1.7;0.5;28;1.1;21;0;14.0;10.8;1.1;2.9;6.9;100;17;0;0.6;1.5;0.1;6;0;0;11.4;15.2;No recurring injuries;Below Average;2.9;72;0.3;0;0;0;0;0;0;0;0;0;0;0.6;1.2
Bundesliga;VfL Bochum 1848;Beau Reus;GK;;GK;25;"6'6""";£15K - £22K p/w;£550K - £5.4M;Very Strong;Weak;6.68;1;1291;0;0;0.0;0;0;0;0.0;0%;0;0.0;0.0;0.0;0%;0;0;0;0;0.0;0;0.0;83%;22.8;0.0;0.0;0.0;0.0;0.0;0;0.0;0.0;0;0.0;9;0;8.0;2.8;0.0;0.0;0.0;0;1;0;0.0;3.6;0.0;0;0;0;4.4;0.0;No recurring injuries;Below Average;0.0;0;0.0;6;-1.66;1;76;11;24;14;16;1;0;0.8;1.1
Jupiler Pro League;STVV;Ilias Sebaoui;AM (L);;AM (L);25;"5'11""";£4K - £6.5K p/w;£3.7M - £7.6M;Reasonable;Very Strong;6.97;2;1138;0;0;0.0;1.28;1.28;-1.28;0.1;0%;0.0711111111111111;1.4;0.3;0.5;22%;0;0;0;5;0.4;1.34;0.1;91%;43.3;0.4;1.7;3.2;4.0;0.7;17;3.7;0.6;17;2.9;12;5;18.9;4.7;1.7;2.0;7.9;84;25;0;0.6;0.2;0.0;17;0;0;11.9;14.2;No recurring injuries;Below Average;5.3;37;0.2;0;0;0;0;0;0;0;0;0;0;0.7;1.0
Bundesliga;Borussia M'gladbach;Fabio Chiarodia;D (C);D (L);D (LC);21;"6'1""";£36K - £58K p/w;£3.4M - £5.6M;Very Strong;Weak;6.86;0;1350;0;0;0.0;0.03;0.03;-0.03;0.0;0%;0.03;0.1;0.0;0.1;0%;0;0;0;0;0.0;0.24;0.0;90%;41.7;0.0;0.1;2.2;0.0;0.0;0;0.0;0.0;0;0.0;5;0;3.9;12.5;0.5;2.9;3.0;100;7;0;0.7;0.8;1.3;2;2;0;10.1;4.3;No recurring injuries;Above Average;4.7;75;1.1;0;0;0;0;0;0;0;0;0;0;0.9;1.4
Eredivisie;sc Heerenveen;Ringo Meerveld;AM (C);;M/AM (C);23;"5'10""";£2.6K - £3.8K p/w;£160K - £8.8M;Reasonable;Very Strong;6.50;0;1282;0;0;0.0;2.06;2.06;-2.06;0.1;0%;0.114444444444444;1.3;0.3;0.6;22%;1;0;0;3;0.2;3.18;0.2;0%;0.0;0.4;0.2;0.0;2.8;0.5;17;0.0;0.0;0;0.0;7;0;13.8;9.9;0.0;0.0;0.0;0;0;0;0.0;0.0;0.0;0;0;0;0.0;0.0;No recurring injuries;Above Average;0.0;0;0.0;0;0;0;0;0;0;0;0;0;0;0.6;0.8
Bundesliga 2;Holstein Kiel;Kasper Davidsen;DM;;DM, M (C);21;"6'3""";£5.75K - £8.25K p/w;£3.3M - £7M;Reasonable;Very Strong;6.60;0;1578;0;0;0.0;3.03;3.03;-3.03;0.2;0%;0.178235294117647;1.0;0.2;0.2;24%;0;0;0;0;0.0;1.38;0.1;91%;25.8;0.5;0.5;2.3;0.1;0.0;0;0.1;0.0;0;0.0;10;1;11.0;11.1;0.6;1.4;2.9;63;16;0;0.3;0.6;0.1;4;1;0;5.7;5.9;No recurring injuries;Below Average;1.6;54;0.3;0;0;0;0;0;0;0;0;0;0;0.8;1.1
Second Division;Málaga;Izan Merino;DM;D (RC), M (C);D (RC), DM, M (C);20;"6'0""";£4K - £6.25K p/w;£425K - £4.3M;Reasonable;Very Strong;6.85;0;1085;0;0;0.0;1;1;-1;0.1;0%;0.111111111111111;0.7;0.1;0.2;11%;1;0;0;3;0.2;1.16;0.1;91%;52.0;0.3;1.0;6.0;0.1;0.0;0;0.1;0.0;0;0.2;4;0;4.2;14.2;0.7;3.2;5.4;62;13;0;0.5;0.7;0.2;8;3;0;11.0;9.3;No recurring injuries;Below Average;2.7;61;0.3;0;0;0;0;0;0;0;0;0;0;1.7;0.8
Jupiler Pro League;STVV;Robert-Jan Vanwesemael;WB (R);;D/WB (R);24;"5'9""";£1.9K - £3K p/w;£475K - £4.8M;Weak;Very Strong;6.88;0;1530;0;0;0.0;0.82;0.82;-0.82;0.0;0%;0.0683333333333333;0.7;0.1;0.4;8%;0;0;0;1;0.1;1.6;0.1;85%;50.8;0.1;0.6;6.5;5.1;0.8;16;1.9;0.2;9;1.1;13;1;14.7;11.1;1.3;3.4;7.5;79;28;0;0.5;1.1;0.9;13;2;0;12.1;17.4;No recurring injuries;Below Average;3.9;61;0.3;0;0;0;0;0;0;0;0;0;0;0.6;1.2
Sky Bet Championship;Middlesbrough;Leo Castledine;AM (C);AM (RL), ST (C);M (C), AM (RLC), ST (C);21;"5'10""";£11.25K - £16.75K p/w;£7.8M - £12.5M;Reasonable;Very Strong;6.71;0;1349;0;0;0.0;1.28;1.28;-1.28;0.1;0%;0.0556521739130435;1.5;0.5;0.5;35%;0;0;0;0;0.0;0.73;0.0;89%;40.0;0.1;1.3;2.5;1.2;0.3;27;1.1;0.3;29;0.9;11;3;17.0;10.4;0.6;1.1;4.9;75;12;0;0.2;0.1;0.0;6;0;0;10.1;8.5;No recurring injuries;Above Average;2.7;29;0.1;0;0;0;0;0;0;0;0;0;0;0.9;1.1
Sky Bet Championship;Portsmouth;Márk Kosznovszky;DM, M (C);AM (R);DM, M (C), AM (R);24;"5'10""";£14K - £19.25K p/w;£450K - £4.5M;Fairly Strong;Very Strong;6.91;0;1641;0;0;0.0;2.2;2.2;-2.2;0.1;0%;0.146666666666667;0.8;0.2;0.2;20%;0;0;0;4;0.2;3.38;0.2;91%;51.6;0.2;0.7;6.1;0.2;0.0;0;0.1;0.0;0;0.1;7;0;6.5;11.5;1.0;2.0;5.6;82;22;0;0.8;1.0;0.2;19;5;0;11.1;11.8;No recurring injuries;Below Average;1.6;21;0.1;0;0;0;0;0;0;0;0;0;0;0.9;1.0
Ligue 2 BKT;Grenoble;Mamadou Diop;GK;;GK;26;"6'8""";£2.8K - £4.4K p/w;£50K - £500K;Weak;Very Strong;6.85;2;1440;0;0;0.0;0;0;0;0.0;0%;0;0.0;0.0;0.0;0%;0;0;0;0;0.0;0;0.0;82%;23.9;0.0;0.0;0.0;0.0;0.0;0;0.0;0.0;0;0.0;0;0;9.6;2.4;0.1;0.0;0.0;100;1;0;0.0;3.9;0.0;2;2;0;5.3;0.0;No recurring injuries;Below Average;0.0;0;0.0;6;8.13;0;78;9;33;9;15;1;100;1.0;0.9
Premier League;VIZ;Antonio Gomis;GK;;GK;23;"6'3""";£1.8K - £2.6K p/w;Unknown;Very Weak;Very Weak;6.35;1;1350;0;0;0.0;0;0;0;0.0;0%;0;0.0;0.0;0.0;0%;0;0;0;0;0.0;0;0.0;82%;23.2;0.0;0.0;0.0;0.0;0.0;0;0.0;0.0;0;0.0;5;0;6.5;3.3;0.0;0.0;0.0;0;1;0;0.0;3.9;0.0;2;2;0;5.2;0.0;No recurring injuries;Average;0.0;0;0.0;1;-6.19;1;65;12;33;7;28;1;0;0.9;1.9
Premier League;Estrela da Amadora SAD;Bernardo Schappo;D (C);;D (C);27;"6'5""";£925 - £1.6K p/w;Unknown;Very Weak;Very Weak;6.86;1;1110;0;0;0.0;1.05;1.05;-1.05;0.1;0%;0.0875;1.0;0.0;0.2;0%;0;0;0;1;0.1;0.67;0.1;92%;43.1;0.1;0.1;2.8;0.0;0.0;0;0.0;0.0;0;0.1;3;0;2.8;13.9;0.6;1.9;3.0;39;18;0;0.2;1.3;1.5;11;4;1;9.8;3.9;No recurring injuries;Below Average;5.5;82;1.9;0;0;0;0;0;0;0;0;0;0;1.1;1.3
Premier League;Estrela da Amadora SAD;Luan Patrick;D (C);;D (C);24;"6'3""";£1.4K - £2.2K p/w;Unknown;Very Weak;Very Weak;6.85;1;1136;0;0;0.0;0.99;0.99;-0.99;0.1;0%;0.12375;0.6;0.1;0.2;13%;0;0;0;1;0.1;0.85;0.1;88%;42.9;0.1;0.4;2.1;0.1;0.0;0;0.1;0.0;0;0.0;2;0;2.8;13.9;0.6;3.3;2.7;78;9;2;1.0;1.3;1.2;4;3;0;9.9;3.2;No recurring injuries;Below Average;4.1;77;1.0;0;0;0;0;0;0;0;0;0;0;1.1;1.2
Serie A;Sampdoria;Felipe Sánchez;D (L);D (L);D (LC);22;"6'0""";£4.7K - £7.25K p/w;£2.4M - £5M;Very Strong;Weak;6.68;0;1170;0;0;0.0;0.79;0.79;-0.79;0.1;0%;0.1975;0.3;0.0;0.1;0%;0;0;0;1;0.1;0.55;0.0;88%;41.0;0.0;0.2;1.7;0.2;0.0;0;0.2;0.0;0;0.1;5;0;4.5;9.8;0.7;3.2;2.4;69;13;2;0.6;1.0;1.2;6;3;0;8.9;3.5;No recurring injuries;Very Low;4.2;65;0.8;0;0;0;0;0;0;0;0;0;0;0.7;1.5
Eredivisie;Go Ahead Eagles;Jakob Breum;AM (L);M (RL), AM (R);M/AM (RLC);23;"5'10""";£2.2K - £3.6K p/w;£5.8M - £7.8M;Fairly Strong;Very Strong;6.96;0;1595;0;0;0.0;3.15;3.15;-3.15;0.2;0%;0.143181818181818;1.2;0.4;0.2;32%;1;0;0;3;0.2;2.46;0.1;87%;54.2;0.4;2.1;4.6;4.2;0.9;21;2.9;0.7;25;2.3;21;7;17.6;6.8;1.8;2.3;9.1;76;42;1;0.2;0.3;0.0;16;0;0;11.7;17.0;No recurring injuries;Low;2.2;21;0.0;0;0;0;0;0;0;0;0;0;0;0.8;0.9
Sky Bet Championship;Swansea;David Ozoh;DM, M (C);;DM, M (C);21;"6'3""";£12.25K - £16.25K p/w;£5M - £8.2M;Reasonable;Very Strong;6.88;0;1424;0;0;0.0;1.44;1.44;-1.44;0.1;0%;0.144;0.6;0.3;0.3;40%;1;0;0;0;0.0;0.86;0.1;90%;50.1;0.3;0.5;4.0;0.0;0.0;0;0.0;0.0;0;0.4;8;0;6.6;11.4;1.6;2.2;6.2;78;32;3;0.8;0.9;0.1;15;1;0;11.5;11.2;No recurring injuries;High;3.4;65;0.4;0;0;0;0;0;0;0;0;0;0;1.1;1.5
Second Division;R. Madrid B;David Jiménez;D (R);WB (R);D/WB (R);22;"5'7""";£4.4K - £5K p/w;£14K - £140K;Weak;Very Strong;6.71;0;1620;0;0;0.0;1.23;1.23;-1.23;0.1;0%;0.175714285714286;0.4;0.2;0.0;43%;0;0;0;0;0.0;0.75;0.0;88%;53.2;0.1;0.7;7.9;2.0;0.4;22;2.0;0.4;22;1.1;13;1;16.7;9.7;1.6;2.7;7.3;72;39;0;0.5;1.3;0.3;6;0;0;11.8;16.2;No recurring injuries;Below Average;3.8;56;0.2;0;0;0;0;0;0;0;0;0;0;0.8;1.3
First Division;Vallecano;Nobel Mendy;D (C);;D (C);22;"6'2""";£14.25K - £22K p/w;£38M - £47M;Very Strong;Reasonable;6.79;0;1305;0;0;0.0;0.54;0.54;-0.54;0.0;0%;0.0771428571428572;0.5;0.1;0.3;29%;0;0;0;0;0.0;0.18;0.0;92%;46.8;0.0;0.1;2.3;0.0;0.0;0;0.0;0.0;0;0.1;4;0;3.2;17.2;0.4;2.7;3.1;46;13;0;0.3;0.8;1.1;8;2;1;9.9;3.9;No recurring injuries;High;5.7;70;1.1;0;0;0;0;0;0;0;0;0;0;1.5;1.0
Eredivisie;Excelsior;Stijn van Gassel;GK;;GK;30;"6'1""";£1.7K - £2.4K p/w;£95K - £950K;Weak;Very Strong;6.40;0;1440;0;0;0.0;0;0;0;0.0;0%;0;0.0;0.0;0.0;0%;0;0;0;0;0.0;0;0.0;75%;22.9;0.0;0.0;0.0;0.0;0.0;0;0.0;0.0;0;0.0;8;0;5.1;4.9;0.0;0.0;0.0;0;1;0;0.0;2.9;0.0;0;0;0;5.5;0.0;No recurring injuries;Below Average;0.0;0;0.0;4;3.55;0;73;16;27;9;19;1;0;0.7;1.2
Jupiler Pro League;Dender EH;Sven Blummel;AM (L);M (RL), ST (C);M/AM (RL), ST (C);30;"5'10""";£3.1K - £5.25K p/w;£275K - £2.7M;Very Strong;Reasonable;6.64;0;1125;0;0;0.0;1.52;1.52;-1.52;0.1;0%;0.108571428571429;1.1;0.3;0.5;29%;0;0;0;1;0.1;2.09;0.2;90%;42.0;0.9;1.8;3.3;2.9;0.6;19;2.9;0.6;19;2.9;11;4;17.9;4.5;0.7;2.1;8.5;47;19;0;0.1;0.9;0.0;14;0;1;10.7;13.0;No recurring injuries;Low;2.4;20;0.0;0;0;0;0;0;0;0;0;0;0;1.0;1.3
Jupiler Pro League;Cercle Brugge;Heriberto Jurado;AM (L);AM (C);AM (LC);21;"5'8""";£2.9K - £4.1K p/w;£7.2M - £11.5M;Very Strong;Reasonable;6.84;0;1465;0;0;0.0;3.04;3.04;-3.04;0.2;0%;0.132173913043478;1.4;0.5;0.7;35%;1;0;0;2;0.1;1.63;0.1;90%;43.9;0.1;1.8;3.7;3.6;0.7;20;3.6;0.7;21;2.5;15;9;17.5;5.0;1.5;1.2;9.3;89;28;0;0.4;0.4;0.0;19;0;0;12.0;15.6;No recurring injuries;Below Average;3.7;5;0.0;0;0;0;0;0;0;0;0;0;0;1.0;1.0
Eredivisie;FC Twente;Mats Deijl;D (R);D (C), WB (R), DM;D (RC), WB (R), DM;29;"5'11""";£2.8K - £4.7K p/w;£600K - £6.2M;Reasonable;Very Strong;7.05;5;1890;0;0;0.0;1.39;1.39;-1.39;0.1;0%;0.0731578947368421;0.9;0.1;0.3;11%;0;0;0;2;0.1;3.48;0.2;91%;56.8;0.1;1.0;7.6;5.7;0.9;15;2.0;0.3;15;0.8;14;3;13.4;12.6;1.7;3.2;7.0;70;50;3;0.5;1.0;0.4;31;2;0;11.3;15.4;No recurring injuries;Below Average;5.2;64;0.6;0;0;0;0;0;0;0;0;0;0;1.2;1.0
First Division;Oviedo;Abdel Rahim Alhassane;D (L);;D (L);24;"6'0""";£5.25K - £8K p/w;£8.6M - £14M;Very Strong;Weak;6.86;0;1620;0;0;0.0;2.3;2.3;-2.3;0.1;0%;0.23;0.6;0.1;0.1;20%;0;0;0;1;0.1;2.2;0.1;90%;64.3;0.2;0.9;8.7;1.2;0.2;13;1.2;0.2;14;0.7;13;3;11.8;11.1;2.9;2.8;7.0;80;65;1;0.4;1.2;0.4;7;1;0;11.4;15.3;No recurring injuries;Below Average;1.9;74;0.1;0;0;0;0;0;0;0;0;0;0;1.3;1.9
Bundesliga 2;Karlsruher SC;Hans Christian Bernat;GK;;GK;26;"6'4""";£2.7K - £4.5K p/w;£180K - £1.8M;Reasonable;Very Strong;7.07;6;1350;0;0;0.0;0;0;0;0.0;0%;0;0.0;0.0;0.0;0%;0;0;0;0;0.0;0;0.0;74%;24.6;0.0;0.0;0.0;0.0;0.0;0;0.0;0.0;0;0.0;3;0;10.7;2.7;0.0;0.0;0.0;0;0;0;0.0;3.3;0.0;1;1;0;4.9;0.1;No recurring injuries;Below Average;0.0;0;0.0;7;3.61;0;77;13;15;9;11;0;0;1.1;0.7
Eredivisie;Willem II;Justin Hoogma;D (C);;D (C);28;"6'3""";£1.7K - £2.8K p/w;£210K - £2.1M;Very Strong;Weak;6.88;0;1338;0;0;0.0;0.25;0.25;-0.25;0.0;0%;0.0833333333333333;0.2;0.1;0.1;33%;0;0;0;0;0.0;0.19;0.0;92%;41.4;0.0;0.0;1.7;0.3;0.0;0;0.3;0.0;0;0.0;2;0;2.6;13.9;0.6;2.3;2.8;69;13;2;1.0;1.2;1.1;7;1;0;9.9;3.4;No recurring injuries;Below Average;4.8;69;1.5;0;0;0;0;0;0;0;0;0;0;0.7;1.1
Ligue 2 BKT;FC Metz;Jonathan Fischer;GK;;GK;25;"6'6""";£6.25K - £7K p/w;£650K;Very Strong;Weak;6.95;0;1440;0;0;0.0;0;0;0;0.0;0%;0;0.0;0.0;0.0;0%;0;0;0;0;0.0;0;0.0;80%;24.4;0.0;0.0;0.0;0.0;0.0;0;0.0;0.0;0;0.0;4;0;6.7;4.1;0.0;0.0;0.0;0;1;0;0.0;3.8;0.0;0;0;0;5.3;0.0;No recurring injuries;Below Average;0.0;0;0.0;9;3.28;0;78;9;18;5;9;1;0;1.0;0.6
Premier League;Famalicão;Tom van de Looi;DM;;DM, M (C);27;"6'1""";£2.9K - £4.3K p/w;Unknown;Very Weak;Very Weak;6.72;0;1047;0;0;0.0;0.1;0.1;-0.1;0.0;0%;0.0333333333333333;0.3;0.1;0.2;33%;0;0;0;2;0.2;2.1;0.2;91%;58.1;0.2;0.9;7.4;0.0;0.0;0;0.0;0.0;0;0.3;4;0;6.4;10.6;1.4;2.1;5.7;80;20;0;0.4;0.9;0.0;6;3;0;11.6;10.9;No recurring injuries;Below Average;4.6;60;0.3;0;0;0;0;0;0;0;0;0;0;0.9;1.4
Sky Bet Championship;QPR;Nicolas Madsen;M (C);AM (C);DM, M/AM (C);26;"6'3""";£21K - £28K p/w;£5.6M - £9M;Fairly Strong;Very Strong;7.06;1;1958;0;0;0.0;2.55;2.55;-2.55;0.1;0%;0.115909090909091;1.0;0.3;0.5;32%;0;0;0;2;0.1;6.89;0.3;90%;52.0;0.5;1.2;5.3;5.9;0.9;15;0.1;0.0;0;0.1;11;0;7.1;13.7;1.2;2.3;5.2;93;28;2;0.6;1.1;0.2;11;3;0;11.3;11.1;No recurring injuries;Below Average;3.0;62;0.6;0;0;0;0;0;0;0;0;0;0;1.1;1.5
Eredivisie;RKC Waalwijk;Liam van Gelderen;D (C);;D (RC), DM;25;"5'10""";£2K - £3K p/w;£800K - £1.9M;Reasonable;Very Strong;6.74;0;1530;0;0;0.0;0.54;0.54;-0.54;0.0;0%;0.0771428571428572;0.4;0.0;0.2;0%;0;0;0;0;0.0;0.84;0.0;89%;43.5;0.2;0.3;1.8;0.2;0.0;0;0.2;0.0;0;0.0;4;0;4.1;11.3;0.5;3.4;3.5;67;12;2;0.5;0.9;1.0;7;2;0;9.7;5.4;No recurring injuries;Average;3.7;70;0.4;0;0;0;0;0;0;0;0;0;0;1.0;1.4
Eredivisie;NAC Breda;Boy Kemper;D (L);;D (LC), WB (L);27;"6'1""";£1.1K - £1.8K p/w;£240K - £2.4M;Very Strong;Reasonable;6.67;0;1244;0;0;0.0;0.13;0.13;-0.13;0.0;0%;0.065;0.1;0.0;0.1;0%;0;0;0;1;0.1;0.9;0.1;89%;45.6;0.1;1.5;4.0;3.2;1.1;34;3.2;1.1;34;1.2;7;1;14.4;7.7;2.0;3.3;6.0;77;35;1;0.4;0.7;0.7;12;0;0;11.7;18.2;No recurring injuries;Above Average;3.4;60;0.5;0;0;0;0;0;0;0;0;0;0;0.9;1.4
Eredivisie;sc Heerenveen;Sam Kersten;D (C);;D (C);28;"6'3""";£1.8K - £2.9K p/w;£28K - £275K;Weak;Very Strong;6.81;0;1530;0;0;0.0;0.94;0.94;-0.94;0.1;0%;0.134285714285714;0.4;0.1;0.1;14%;0;0;0;0;0.0;0.89;0.1;90%;43.1;0.1;0.0;1.3;0.1;0.0;0;0.1;0.0;0;0.0;3;0;4.0;11.9;0.4;2.5;2.6;78;9;2;0.7;0.9;0.8;3;0;0;9.7;3.9;No recurring injuries;Average;5.6;68;1.0;0;0;0;0;0;0;0;0;0;0;0.9;0.8
Sky Bet Championship;Stockport;Fabian de Keijzer;GK;;GK;26;"6'4""";£2.3K - £3.2K p/w;£55K - £550K;Weak;Very Strong;6.63;3;2160;0;0;0.0;0;0;0;0.0;0%;0;0.0;0.0;0.0;0%;0;0;0;0;0.0;0;0.0;73%;23.8;0.0;0.0;0.0;0.0;0.0;0;0.0;0.0;0;0.0;2;0;7.5;3.7;0.0;0.0;0.0;0;4;0;0.0;3.2;0.0;1;1;0;5.2;0.0;No recurring injuries;Below Average;0.0;0;0.0;3;1.55;0;69;17;55;10;36;4;0;1.2;1.5
Ligue 2 BKT;Grenoble;Jessy Benet;M (C);AM (C);M/AM (C);31;"6'1""";£4.2K - £6.25K p/w;£450K - £1.4M;Very Strong;Weak;6.46;0;1025;0;0;0.0;0.48;0.48;-0.48;0.0;0%;0.0685714285714286;0.6;0.2;0.3;29%;1;0;0;2;0.2;3.39;0.3;0%;0.0;0.4;0.2;0.0;0.0;0.0;0;0.0;0.0;0;0.0;9;0;15.4;11.2;0.0;0.0;0.0;0;0;0;0.0;0.0;0.0;1;1;0;0.0;0.0;No recurring injuries;Average;0.0;0;0.0;0;0;0;0;0;0;0;0;0;0;1.1;0.9
Bundesliga 2;SG Dynamo Dresden;Sascha Risch;D (L);;D/WB (L);26;"5'10""";£4.9K - £7.5K p/w;£60K - £600K;Very Strong;Weak;6.79;0;1420;0;0;0.0;0.28;0.28;-0.28;0.0;0%;0.14;0.1;0.0;0.0;0%;0;0;0;1;0.1;0.81;0.1;85%;56.2;0.0;0.5;7.3;2.3;0.3;13;2.3;0.3;14;1.7;16;0;15.7;9.7;1.7;2.7;7.0;71;38;1;0.6;0.7;0.6;24;0;0;12.1;16.5;No recurring injuries;Average;4.2;50;0.1;0;0;1;0;0;0;0;0;0;0;1.0;1.3
Second Division;S. Gijón;Nacho Martín;DM;;DM, M (C);24;"5'9""";£4K - £4.5K p/w;£110K - £1.1M;Reasonable;Very Strong;6.76;0;1151;0;0;0.0;0.47;0.47;-0.47;0.0;0%;0.094;0.4;0.1;0.1;20%;1;0;0;3;0.2;2.98;0.2;94%;49.4;0.1;1.1;5.8;0.2;0.0;0;0.2;0.0;0;0.1;10;1;4.9;14.2;1.9;2.7;5.5;86;28;2;0.4;0.7;0.1;10;2;0;10.0;9.1;No recurring injuries;Average;1.0;15;0.2;0;0;0;0;0;0;0;0;0;0;1.6;0.7
Serie BKT;SSC Bari;Matthias Verreth;M/AM (C);;M/AM (C);28;"6'0""";£4.6K - £7.25K p/w;£300K - £3.1M;Weak;Very Strong;7.41;1;1080;0;0;0.0;4.4;4.4;-4.4;0.4;0%;0.157142857142857;2.3;1.2;0.0;54%;0;0;0;1;0.1;0.93;0.1;73%;20.0;0.0;0.0;0.0;0.0;0.0;0;0.0;0.0;0;0.0;21;0;0.0;0.0;1.5;0.0;0.0;62;29;0;0.0;0.0;0.0;19;0;0;0.0;0.0;No recurring injuries;Very Low;0.0;0;0.0;0;0;0;0;0;0;0;0;0;0;0.0;0.0
Second Division;Eibar;Marco Moreno;D (C);;D (C);25;"6'3""";£7K - £8K p/w;£200K - £2M;Reasonable;Very Strong;6.81;0;1080;0;0;0.0;0.39;0.39;-0.39;0.0;0%;0.13;0.2;0.1;0.1;33%;0;0;0;0;0.0;0.2;0.0;89%;41.7;0.1;0.3;2.1;0.0;0.0;0;0.0;0.0;0;0.0;4;0;3.0;18.0;0.6;3.2;2.2;100;7;3;0.8;1.2;0.9;6;3;0;9.9;3.9;No recurring injuries;Below Average;5.2;76;0.6;0;0;0;0;0;0;0;0;0;0;1.6;1.0
Second Division;F.C. Andorra;Gael Alonso;D (C);;D (C);24;"6'0""";£1.3K - £1.8K p/w;£80K - £800K;Reasonable;Very Strong;6.52;0;1106;0;0;0.0;0.25;0.25;-0.25;0.0;0%;0.0625;0.3;0.0;0.0;0%;0;0;0;0;0.0;0;0.0;87%;41.5;0.0;0.1;2.1;0.1;0.0;0;0.1;0.0;0;0.0;3;0;4.0;14.7;0.5;2.2;2.9;86;7;0;0.4;0.8;1.0;7;3;2;9.5;3.7;No recurring injuries;Below Average;4.6;74;0.5;0;0;0;0;0;0;0;0;0;0;1.1;0.7
Eredivisie;Telstar;Tyrese Noslin;WB (R);M (L);D/WB/M (RL);24;"6'0""";£500 - £850 p/w;£325K - £3.3M;Very Strong;Weak;6.69;0;1337;0;0;0.0;0.83;0.83;-0.83;0.1;0%;0.0754545454545455;0.7;0.1;0.3;18%;1;0;0;1;0.1;0.96;0.1;88%;52.2;0.1;0.3;6.7;2.6;0.7;28;2.6;0.7;29;1.2;17;0;15.5;8.1;1.6;3.6;6.6;92;26;0;0.3;0.6;0.3;10;1;0;12.4;18.0;No recurring injuries;Average;4.6;39;0.2;0;0;0;0;0;0;0;0;0;0;0.7;1.3
First Division;Granada;Loïc Williams;D (C);;D (C);24;"6'2""";£34K - £38.5K p/w;£3.9M - £6M;Very Strong;Weak;6.65;0;1470;0;0;0.0;0.32;0.32;-0.32;0.0;0%;0.064;0.3;0.1;0.1;20%;0;0;0;0;0.0;0.2;0.0;87%;40.1;0.1;0.1;1.7;0.0;0.0;0;0.0;0.0;0;0.1;7;0;3.3;15.9;1.3;2.1;2.9;91;23;6;0.4;0.9;1.6;17;5;0;10.6;2.9;No recurring injuries;Average;5.4;70;1.3;0;0;0;0;0;0;0;0;0;0;0.9;1.8
Second Division;Córdoba;Iker Álvarez;GK;;GK;25;"6'3""";£10.5K - £12K p/w;£160K - £1.6M;Weak;Very Strong;6.91;1;1710;0;0;0.0;0;0;0;0.0;0%;0;0.0;0.0;0.0;0%;0;0;0;0;0.0;0;0.0;92%;22.9;0.0;0.0;0.0;0.0;0.0;0;0.0;0.0;0;0.0;5;0;5.6;4.1;0.0;0.0;0.0;0;1;0;0.0;2.0;0.0;2;2;0;6.3;0.0;No recurring injuries;Below Average;0.0;0;0.0;4;1.29;0;75;13;40;10;20;1;0;1.1;1.1
Second Division;Albacete;Antonio Pacheco;M (C);DM;DM, M (C);24;"6'0""";£8.25K - £12K p/w;£700K - £1.6M;Fairly Strong;Very Strong;6.39;0;1212;0;0;0.0;0.82;0.82;-0.82;0.1;0%;0.0911111111111111;0.7;0.2;0.2;33%;1;0;0;0;0.0;0.97;0.1;0%;0.0;0.1;0.0;0.0;0.0;0.0;0;0.0;0.0;0;0.0;11;0;10.6;10.4;0.0;0.0;0.0;0;0;0;0.0;0.0;0.0;2;2;0;0.0;0.0;No recurring injuries;Below Average;0.0;0;0.0;0;0;0;0;0;0;0;0;0;0;1.0;1.0
Second Division;Espanyol;Ángel Fortuño;GK;;GK;25;"6'0""";£2.2K - £3.7K p/w;£20K - £200K;Reasonable;Very Strong;6.78;1;1830;0;0;0.0;0;0;0;0.0;0%;0;0.0;0.0;0.0;0%;0;0;0;0;0.0;0;0.0;78%;25.1;0.0;0.0;0.0;0.0;0.0;0;0.0;0.0;0;0.0;7;0;10.7;3.1;0.0;0.0;0.0;0;4;0;0.0;2.7;0.0;0;0;0;5.7;0.0;No recurring injuries;Below Average;0.0;0;0.0;5;3.07;0;73;17;33;6;20;4;0;1.3;1.0
Premier League;VTSC;Juan Diego Castillo;GK;;GK;23;"6'4""";£2.6K - £3.7K p/w;Unknown;Very Weak;Very Weak;6.74;0;1821;0;0;0.0;0;0;0;0.0;0%;0;0.0;0.0;0.0;0%;0;0;0;0;0.0;0;0.0;77%;24.3;0.0;0.0;0.0;0.0;0.0;0;0.0;0.0;0;0.0;6;0;7.1;3.4;0.0;0.0;0.0;25;4;0;0.0;3.2;0.0;0;0;0;5.0;0.0;No recurring injuries;High;0.0;0;0.0;4;-1.16;0;74;23;34;9;24;4;25;1.5;1.2
Second Division;Leonesa;Mamadou Loum;DM;;DM, M (C);29;"6'4""";£2.8K - £4.3K p/w;£110K - £1.1M;Reasonable;Very Strong;6.77;0;1673;0;0;0.0;0.42;0.42;-0.42;0.0;0%;0.105;0.2;0.1;0.0;25%;0;0;0;0;0.0;0.96;0.1;91%;52.6;0.1;0.3;3.3;0.1;0.0;0;0.1;0.0;0;0.1;14;0;6.6;10.8;1.1;2.7;5.3;64;33;0;0.5;0.6;0.5;27;4;0;11.8;12.5;No recurring injuries;Below Average;2.6;51;0.3;0;0;0;0;0;0;0;0;0;0;0.6;1.1
Premier League;Estoril Praia;Pedro Amaral;D (L);WB (L);D (LC), WB (L);29;"5'10""";£2.6K - £3.7K p/w;Unknown;Very Weak;Very Weak;6.82;2;1254;0;0;0.0;0;0;0;0.0;0%;0;0.0;0.0;0.0;0%;0;0;0;2;0.1;1.52;0.1;87%;55.2;0.2;1.7;6.8;2.4;0.2;9;1.3;0.1;11;1.2;10;0;14.7;7.8;2.0;3.7;7.0;82;34;2;0.6;1.2;0.4;11;2;0;11.6;15.4;No recurring injuries;Average;2.5;66;0.2;0;0;0;0;0;0;0;0;0;0;1.0;1.8
Ligue 2 BKT;SM Caen;Miguel Sousa;AM (C);;M/AM (C);28;"5'9""";£5K - £7.25K p/w;£800K - £1.9M;Reasonable;Very Strong;6.78;0;1370;0;0;0.0;2.94;2.94;-2.94;0.2;0%;0.091875;2.1;0.5;0.7;25%;0;0;0;3;0.2;1.97;0.1;88%;40.5;0.2;1.8;3.1;0.9;0.1;14;0.9;0.1;14;1.5;9;7;20.0;10.4;0.3;1.3;3.5;45;11;0;0.2;0.3;0.0;14;1;0;12.1;12.0;No recurring injuries;Above Average;2.6;10;0.1;0;0;0;0;0;0;0;0;0;0;1.1;1.2
Premier League;Gil Vicente;Luís Esteves;M (C);AM (C);DM, M/AM (C);28;"5'7""";£775 - £1.2K p/w;Unknown;Very Weak;Very Weak;7.12;0;1098;0;0;0.0;0.4;0.4;-0.4;0.0;0%;0.0666666666666667;0.5;0.2;0.2;50%;0;0;0;2;0.2;2.99;0.2;92%;51.5;0.8;1.0;5.5;3.2;0.5;15;0.0;0.0;0;0.3;10;0;8.7;8.7;1.1;3.0;6.0;65;20;1;0.5;0.7;0.1;9;0;0;11.7;10.5;No recurring injuries;Below Average;1.3;63;0.0;0;0;0;0;0;0;0;0;0;0;0.8;1.2
Jupiler Pro League;KAA Gent;Tiago Araújo;WB (L);AM (L);D/WB/M/AM (L);25;"6'0""";£3.1K - £5.25K p/w;£425K - £4.1M;Very Strong;Weak;6.85;0;1430;0;0;0.0;0.37;0.37;-0.37;0.0;0%;0.123333333333333;0.2;0.1;0.1;67%;1;0;0;0;0.0;0.82;0.1;86%;52.6;0.1;1.0;7.0;3.0;0.5;16;1.8;0.4;21;0.8;15;2;16.1;10.0;1.7;3.2;7.0;82;33;1;0.6;1.2;0.2;8;1;0;11.7;16.1;No recurring injuries;Average;3.1;41;0.2;0;0;0;0;0;0;0;0;0;0;1.1;1.2
Premier League;VIZ;Jota;D (C);;D (C), DM;26;"6'1""";£2.2K - £3.2K p/w;Unknown;Very Weak;Very Weak;6.78;0;1323;0;0;0.0;1.17;1.17;-1.17;0.1;0%;0.39;0.2;0.1;0.1;33%;0;0;0;4;0.3;2.76;0.2;94%;48.0;0.1;0.7;4.4;0.1;0.1;100;0.1;0.1;100;0.1;9;1;5.9;10.7;0.9;2.2;5.1;76;17;0;0.7;0.8;0.4;10;0;0;11.5;10.4;No recurring injuries;Below Average;3.2;55;0.4;0;0;0;0;0;0;0;0;0;0;0.9;1.8
Premier League;Santa Clara;Serginho;DM, M (C);AM (C);DM, M/AM (C);27;"5'11""";£3.1K - £4.5K p/w;Unknown;Very Weak;Very Weak;6.98;1;1076;0;0;0.0;0.51;0.51;-0.51;0.0;0%;0.0728571428571429;0.6;0.3;0.3;57%;0;0;0;2;0.2;3.76;0.3;92%;51.5;0.5;0.9;4.2;2.2;0.4;19;0.2;0.2;100;0.1;8;0;7.1;10.9;0.9;3.1;5.4;85;13;0;0.5;0.8;0.7;10;4;0;11.0;9.8;No recurring injuries;Below Average;1.8;67;0.2;0;0;0;0;0;0;0;0;0;0;1.0;1.4
Jupiler Pro League;OH Leuven;Łukasz Łakomy;M (C);AM (C);DM, M/AM (C);25;"6'0""";£4.2K - £7.25K p/w;£130K - £1.3M;Very Strong;Strong;6.72;0;1077;0;0;0.0;0.45;0.45;-0.45;0.0;0%;0.075;0.5;0.1;0.3;17%;0;0;0;1;0.1;2.59;0.2;89%;52.1;0.3;0.8;6.1;0.3;0.2;50;0.3;0.2;50;0.2;9;1;6.4;11.3;1.3;2.2;5.8;65;23;1;0.6;1.1;0.1;6;1;0;10.8;10.6;No recurring injuries;Below Average;1.2;14;0.0;0;0;0;0;0;0;0;0;0;0;1.2;1.3
Premier League;Rio Ave;Cezary Miszta;GK;;GK;25;"6'4""";£5.5K - £8K p/w;Unknown;Very Weak;Very Weak;6.65;1;1170;0;0;0.0;0;0;0;0.0;0%;0;0.0;0.0;0.0;0%;0;0;0;0;0.0;0;0.0;89%;24.0;0.0;0.0;0.0;0.0;0.0;0;0.0;0.0;0;0.0;8;0;5.6;4.5;0.0;0.0;0.0;0;3;0;0.0;1.7;0.0;0;0;0;6.8;0.0;No recurring injuries;Very Low;0.0;0;0.0;3;0.1;0;70;12;28;4;18;3;0;1.3;1.4
Jupiler Pro League;Beerschot;Nilton Varela;D/WB (L);;D/WB (L);25;"6'0""";£2.7K - £4.5K p/w;£190K - £1.9M;Very Strong;Weak;6.84;1;1667;0;0;0.0;0.01;0.01;-0.01;0.0;0%;0.01;0.1;0.0;0.0;0%;0;0;0;5;0.3;3.07;0.2;86%;49.8;0.3;1.5;5.7;6.2;1.6;25;5.9;1.6;26;4.6;15;6;19.2;8.7;2.3;2.0;8.9;75;56;1;0.6;1.1;0.9;54;1;0;12.3;25.1;No recurring injuries;High;3.2;58;0.3;0;0;0;0;0;0;0;0;0;0;0.9;1.2
Second Division;F.C. Andorra;Guilherme Fernandes;GK;;GK;25;"6'3""";£8K - £13.25K p/w;£300K - £1M;Reasonable;Very Strong;6.77;3;1350;0;0;0.0;0;0;0;0.0;0%;0;0.0;0.0;0.0;0%;0;0;0;0;0.0;0;0.0;75%;24.1;0.0;0.0;0.0;0.0;0.0;0;0.0;0.0;0;0.0;5;0;6.3;4.4;0.0;0.0;0.0;0;1;0;0.0;3.5;0.0;0;0;0;4.7;0.0;No recurring injuries;Above Average;0.0;0;0.0;5;3.89;0;78;15;37;9;17;1;0;1.0;1.1
Premier League;Moreirense;Gilberto Batista;D (C);DM;D (C), DM;22;"6'2""";£950 - £1.5K p/w;Unknown;Very Weak;Very Weak;6.69;0;1170;0;0;0.0;0.59;0.59;-0.59;0.0;0%;0.1475;0.3;0.1;0.0;25%;0;0;0;0;0.0;0.06;0.0;92%;41.5;0.0;0.1;2.1;0.0;0.0;0;0.0;0.0;0;0.0;5;0;5.5;9.8;0.6;3.5;2.2;89;9;2;0.5;0.8;0.2;9;2;0;10.8;5.6;No recurring injuries;Average;5.5;69;1.2;0;0;0;0;0;0;0;0;0;0;0.8;1.0
Jupiler Pro League;RSC Anderlecht;Adam Dźwigała;D (C);D (R), DM;D (RC), DM;31;"6'1""";£4.9K - £8.25K p/w;£130K - £1.3M;Reasonable;Very Strong;6.79;0;1560;0;0;0.0;0.13;0.13;-0.13;0.0;0%;0.13;0.1;0.1;0.1;100%;0;0;0;1;0.1;1.21;0.1;93%;41.2;0.1;0.2;1.7;0.1;0.1;50;0.1;0.1;50;0.0;5;0;3.0;15.3;0.3;3.6;1.8;67;9;4;1.1;1.0;0.3;5;2;0;10.0;4.0;No recurring injuries;Average;3.6;66;0.1;0;0;0;0;0;0;0;0;0;0;1.6;0.8
Sky Bet Championship;Portsmouth;Terry Devlin;DM;WB (R);D/WB (R), DM, M (C);23;"5'11""";£5.75K - £6.5K p/w;£190K - £1.9M;Reasonable;Very Strong;6.83;0;1610;0;0;0.0;1.8;1.8;-1.8;0.1;0%;0.12;0.8;0.0;0.3;0%;1;0;0;0;0.0;0.98;0.1;88%;52.3;0.1;0.8;5.9;1.0;0.2;17;1.0;0.2;18;0.4;13;0;11.6;11.9;1.5;3.3;7.0;79;33;3;1.0;1.2;0.6;8;1;0;11.5;16.1;No recurring injuries;Low;3.2;56;0.1;0;0;0;0;0;0;0;0;0;0;0.9;1.1
Premier League;Moreirense;Francisco Domingues;D (L);;D/WB (L);24;"5'11""";£1.2K - £1.7K p/w;Unknown;Very Weak;Very Weak;7.04;1;1064;0;0;0.0;0.37;0.37;-0.37;0.0;0%;0.074;0.4;0.1;0.1;20%;0;0;0;0;0.0;1.87;0.2;86%;48.5;0.0;1.9;5.7;5.6;0.9;16;5.6;0.9;17;1.3;10;3;15.3;11.8;2.2;3.2;9.3;74;35;3;0.4;1.2;0.1;18;0;0;11.8;21.2;No recurring injuries;Below Average;4.0;53;0.6;0;0;0;0;0;0;0;0;0;0;0.9;0.8
Premier League;VIZ;Lautaro Spatz;D (C);;D (C);25;"6'1""";£2.1K - £2.7K p/w;£210K;Weak;Very Strong;6.81;0;1341;0;0;0.0;1.04;1.04;-1.04;0.1;0%;0.148571428571429;0.5;0.1;0.1;14%;0;0;0;0;0.0;0.26;0.0;90%;43.7;0.0;0.3;1.7;0.0;0.0;0;0.0;0.0;0;0.1;4;0;4.2;13.4;0.7;3.2;2.2;77;13;5;0.7;1.1;1.1;10;5;0;10.0;4.7;No recurring injuries;Below Average;6.2;74;0.8;0;0;0;0;0;0;0;0;0;0;1.0;1.7
Second Division;Málaga;Diego Murillo;D (C);D (R);D (RC);25;"5'10""";£1.4K - £2.2K p/w;£24K - £250K;Reasonable;Very Strong;6.84;0;1920;0;0;0.0;1.31;1.31;-1.31;0.1;0%;0.100769230769231;0.6;0.2;0.3;31%;0;0;0;1;0.0;0.67;0.0;89%;41.3;0.0;0.2;1.8;0.0;0.0;0;0.0;0.0;0;0.1;4;0;3.0;15.9;0.4;2.7;3.0;60;15;1;0.7;1.0;0.5;9;1;0;10.6;4.3;No recurring injuries;Below Average;6.2;68;1.0;0;0;0;0;0;0;0;0;0;0;1.5;0.6
Premier League;Torreense;Javi Vázquez;D/WB (L);M (L);D/WB/M (L);26;"5'10""";£3.1K - £4.8K p/w;Unknown;Very Weak;Very Weak;6.92;2;1039;0;0;0.0;0.14;0.14;-0.14;0.0;0%;0.07;0.2;0.0;0.0;0%;0;0;0;1;0.1;1.76;0.2;87%;57.3;0.3;1.2;7.8;8.2;1.1;13;1.7;0.3;15;1.6;13;1;16.6;12.0;1.7;3.6;7.5;77;26;3;0.6;1.6;0.5;8;1;0;11.2;14.3;No recurring injuries;Below Average;2.2;36;0.1;0;0;0;0;0;0;0;0;0;0;1.1;1.9
Jupiler Pro League;Dender EH;Luc Marijnissen;D (C);;D (C);23;"5'9""";£1.8K - £2.7K p/w;£250K - £2.6M;Weak;Very Strong;6.64;1;1707;0;0;0.0;0.76;0.76;-0.76;0.0;0%;0.0690909090909091;0.6;0.0;0.3;0%;1;0;0;0;0.0;0.3;0.0;92%;42.4;0.2;0.2;2.1;0.2;0.0;0;0.2;0.0;0;0.1;3;0;3.3;18.5;0.9;2.9;2.5;89;19;2;0.7;1.2;0.9;5;2;1;9.1;3.7;No recurring injuries;Average;5.2;76;0.8;0;0;0;0;0;0;0;0;0;0;1.2;1.3
Serie BKT;AC Monza;Omari Forson;AM (C);AM (L);AM (RLC);22;"5'11""";£16K - £24.5K p/w;£1.7M - £3.6M;Very Strong;Fairly Strong;7.23;0;1350;0;0;0.0;2.66;2.66;-2.66;0.2;0%;0.0985185185185185;1.8;0.8;0.0;44%;0;0;0;4;0.3;0.05;0.0;72%;20.0;0.0;0.0;0.0;0.0;0.0;0;0.0;0.0;0;0.0;20;0;0.0;0.0;1.3;0.0;0.0;43;47;0;0.0;0.0;0.0;11;0;0;0.0;0.0;No recurring injuries;Very Low;0.0;0;0.0;0;0;0;0;0;0;0;0;0;0;0.0;0.0
First Division;Burgos;Oier Luengo;D (C);DM;D (RC), DM;29;"6'0""";£5.5K - £7.75K p/w;£140K - £1.4M;Reasonable;Very Strong;6.66;1;1536;0;0;0.0;0.66;0.66;-0.66;0.0;0%;0.0733333333333333;0.5;0.1;0.2;22%;0;0;0;0;0.0;0.33;0.0;87%;50.4;0.0;0.8;5.8;1.0;0.2;23;1.0;0.2;24;0.4;14;2;13.9;9.3;1.0;2.8;5.6;55;31;2;0.6;0.8;0.8;14;2;0;11.3;10.5;No recurring injuries;Below Average;4.6;55;1.1;0;0;0;0;0;0;0;0;0;0;0.9;1.8
Second Division;S. Gijón;Javi Montero;D (C);;D (C);27;"6'1""";£1.6K - £2.7K p/w;£65K - £650K;Very Strong;Reasonable;6.70;0;1800;0;0;0.0;0.32;0.32;-0.32;0.0;0%;0.064;0.2;0.0;0.1;0%;1;0;0;1;0.1;0.9;0.0;89%;44.6;0.1;0.2;2.3;0.1;0.0;0;0.1;0.0;0;0.1;7;0;3.6;13.0;0.6;2.1;2.7;75;16;2;0.5;1.1;0.6;12;2;0;9.7;3.5;No recurring injuries;Above Average;5.7;73;1.1;0;0;0;0;0;0;0;0;0;0;1.4;1.0
Sky Bet Championship;QPR;Harvey Vale;AM (C);AM (RL);D (L), M (C), AM (RLC);23;"6'1""";£8.25K - £11.5K p/w;£325K - £3.3M;Very Strong;Fairly Strong;6.61;0;1335;0;0;0.0;0.22;0.22;-0.22;0.0;0%;0.11;0.1;0.0;0.0;0%;0;0;0;0;0.0;0.58;0.0;86%;54.8;0.1;1.1;6.8;2.6;0.5;18;2.6;0.5;18;1.3;5;1;15.0;10.8;1.8;3.6;7.2;84;32;0;0.4;0.9;0.1;12;1;0;11.5;14.0;No recurring injuries;Above Average;3.4;56;0.1;0;0;0;0;0;0;0;0;0;0;1.4;1.8
Second Division;Huesca;Toni Abad;D (R);;D/WB (R);30;"5'9""";£3.3K - £5.25K p/w;£400K - £1.3M;Weak;Very Strong;6.80;0;1790;0;0;0.0;1.17;1.17;-1.17;0.1;0%;0.078;0.8;0.3;0.3;40%;0;0;0;1;0.1;1.73;0.1;84%;53.6;0.1;1.0;7.4;2.1;0.3;14;2.1;0.3;14;0.5;12;2;13.6;12.6;2.5;2.5;8.3;81;62;1;0.4;1.1;1.1;20;2;0;11.5;16.1;No recurring injuries;Average;3.3;48;0.4;0;0;0;0;0;0;0;0;0;0;0.8;1.0
Second Division;Tarragona;Diego Altube;GK;;GK;26;"6'2""";£1.7K - £2.6K p/w;£7K - £70K;Reasonable;Very Strong;6.51;0;1170;0;0;0.0;0;0;0;0.0;0%;0;0.0;0.0;0.0;0%;0;0;0;0;0.0;0;0.0;68%;25.0;0.0;0.0;0.2;0.0;0.0;0;0.0;0.0;0;0.0;2;0;9.2;5.3;0.1;0.2;0.0;25;4;0;0.0;3.9;0.0;0;0;0;5.2;0.0;No recurring injuries;Average;0.0;0;0.0;2;1.53;0;78;28;31;10;20;4;25;1.2;1.5
Second Division;Zaragoza;Yussif Saidu;DM;D (C);D (C), DM, M (C);21;"6'0""";£4.3K - £5.5K p/w;£850K - £3.9M;Fairly Strong;Very Strong;6.99;0;1352;0;0;0.0;3.51;3.51;-3.51;0.2;0%;0.250714285714286;0.9;0.2;0.2;21%;0;0;0;0;0.0;1.21;0.1;91%;52.1;0.1;0.6;3.7;0.0;0.0;0;0.0;0.0;0;0.2;11;1;5.2;13.0;0.8;2.8;6.6;63;19;2;0.7;0.7;0.3;22;1;0;12.2;12.6;No recurring injuries;Average;3.6;59;0.7;0;0;0;0;0;0;0;0;0;0;1.0;1.1
Premier League;Moreirense;Mateja Stjepanović;DM;D (C);D (C), DM, M (C);22;"6'1""";£1.8K - £2.8K p/w;Unknown;Very Weak;Very Weak;6.86;0;1054;0;0;0.0;1.32;1.32;-1.32;0.1;0%;0.132;0.9;0.2;0.2;20%;0;0;0;3;0.3;3.39;0.3;90%;52.1;0.4;0.8;6.1;0.3;0.0;0;0.3;0.0;0;0.1;6;0;6.5;11.3;1.4;2.1;5.9;89;18;1;0.4;0.6;0.1;9;1;0;11.8;12.0;No recurring injuries;Below Average;2.2;58;0.2;0;0;0;0;0;0;0;0;0;0;0.9;0.9
Premier League;Alverca SAD;Diogo Spencer;D (R);;D/WB (R);22;"5'10""";£1.6K - £2.7K p/w;Unknown;Very Weak;Very Weak;6.85;0;1031;0;0;0.0;0.45;0.45;-0.45;0.0;0%;0.1125;0.3;0.2;0.1;50%;0;0;0;0;0.0;0.76;0.1;83%;48.5;0.3;1.3;4.1;5.8;1.0;16;5.8;1.0;16;4.2;15;3;16.0;11.0;1.9;2.8;9.5;100;22;0;0.9;1.7;0.0;8;2;0;13.3;23.8;No recurring injuries;Average;3.1;47;0.0;0;0;0;0;0;0;0;0;0;0;1.0;1.1
Premier League;VTSC;Miguel Maga;D (R);M (R);D/WB/M (R);24;"5'9""";£1.8K - £2.9K p/w;Unknown;Very Weak;Very Weak;6.83;0;1799;0;0;0.0;2.71;2.71;-2.71;0.1;0%;0.1084;1.3;0.3;0.4;20%;0;0;0;1;0.1;0.86;0.0;89%;51.3;0.1;1.1;6.9;1.9;0.4;18;1.9;0.4;19;0.9;15;3;17.0;8.0;2.2;3.4;6.8;77;56;1;0.9;1.1;0.7;18;1;0;10.5;14.8;No recurring injuries;Above Average;4.1;47;0.4;0;0;0;0;0;0;0;0;0;0;1.7;1.4
Jupiler Pro League;RSC Anderlecht;Nathan De Cat;DM;;DM, M (C);18;"6'4""";£3.7K - £6.5K p/w;£11M - £14.5M;Reasonable;Very Strong;6.78;0;1799;0;0;0.0;1.01;1.01;-1.01;0.1;0%;0.0841666666666667;0.6;0.1;0.2;17%;0;0;0;3;0.2;5.74;0.3;92%;60.6;0.5;0.9;7.8;0.2;0.1;33;0.2;0.1;33;0.1;11;1;5.1;16.1;1.5;2.8;6.4;81;37;2;0.5;0.9;0.1;11;2;0;12.2;13.2;No recurring injuries;Average;3.0;66;0.5;0;0;0;0;0;0;0;0;0;0;1.6;1.1
Premier League;AVS SAD;Ángel Algobia;M (C);;DM, M (C);27;"5'11""";£1.7K - £3K p/w;Unknown;Very Weak;Very Weak;6.65;0;1074;0;0;0.0;0.33;0.33;-0.33;0.0;0%;0.055;0.5;0.1;0.4;17%;0;0;0;1;0.1;1.46;0.1;89%;52.0;0.2;0.4;2.8;0.1;0.0;0;0.1;0.0;0;0.1;6;1;6.6;10.1;0.8;2.4;6.1;56;18;1;0.9;1.0;0.3;10;3;0;11.4;12.2;No recurring injuries;Above Average;2.2;73;0.2;0;0;0;0;0;0;0;0;0;0;0.9;1.8
Second Division;Córdoba;Xavi Sintes;D (C);DM;D (C), DM;25;"6'2""";£4.6K - £8K p/w;£110K - £1.1M;Weak;Very Strong;6.87;0;1602;0;0;0.0;0;0;0;0.0;0%;0;0.1;0.0;0.1;0%;0;0;0;1;0.1;2.55;0.1;91%;47.4;0.1;0.3;3.5;0.2;0.1;66;0.2;0.1;67;0.1;5;3;4.8;13.5;1.1;2.7;4.7;67;30;1;0.5;1.1;0.4;13;2;0;10.8;7.2;No recurring injuries;Below Average;4.6;68;0.8;0;0;0;0;0;0;0;0;0;0;1.2;1.1
Second Division;Eibar;Jonmi Magunagoitia;GK;;GK;26;"6'0""";£5.25K - £8.25K p/w;£210K - £2.1M;Weak;Very Strong;6.69;2;1620;0;0;0.0;0;0;0;0.0;0%;0;0.0;0.0;0.0;0%;0;0;0;0;0.0;0;0.0;85%;23.9;0.0;0.0;0.0;0.0;0.0;0;0.0;0.0;0;0.0;2;0;5.9;5.3;0.1;0.0;0.0;33;3;0;0.0;4.6;0.0;0;0;0;5.2;0.0;No recurring injuries;High;0.0;0;0.0;4;5.46;0;74;16;34;9;21;3;33;1.1;1.2
Second Division;Córdoba;Franck Fomeyem;D (C);D (R);D (RC);27;"5'11""";£3.9K - £5.75K p/w;£210K - £2.1M;Reasonable;Very Strong;6.82;0;1176;0;0;0.0;0;0;0;0.0;0%;0;0.2;0.0;0.2;0%;0;0;0;0;0.0;0.75;0.1;93%;44.2;0.0;0.2;3.3;0.2;0.0;0;0.2;0.0;0;0.1;4;0;5.7;13.2;0.9;2.3;3.6;80;15;1;0.5;1.0;1.0;10;3;0;10.1;5.4;No recurring injuries;Below Average;3.1;63;0.7;0;0;0;0;0;0;0;0;0;0;1.1;1.0
Ligue 1 McDonald's;Auxerre;Kévin Danois;M (C);DM, AM (C);DM, M/AM (C);22;"6'0""";£4.2K - £4.8K p/w;£23M - £28M;Reasonable;Very Strong;6.49;0;1214;0;0;0.0;1.2;1.2;-1.2;0.1;0%;0.133333333333333;0.7;0.2;0.1;33%;0;0;0;1;0.1;1.2;0.1;91%;11.0;0.1;0.1;1.3;0.8;0.2;27;0.1;0.1;50;0.1;8;1;10.9;13.0;0.1;0.4;1.2;100;1;0;0.1;0.0;0.1;1;0;0;1.8;1.6;No recurring injuries;Below Average;0.4;40;0.1;0;0;0;0;0;0;0;0;0;0;1.3;1.0
Eredivisie;N.E.C.;Gonzalo Crettaz;GK;;GK;26;"5'11""";£1.9K - £3.1K p/w;£550K - £5.6M;Weak;Very Strong;6.67;1;1369;0;0;0.0;0;0;0;0.0;0%;0;0.0;0.0;0.0;0%;0;0;0;0;0.0;0;0.0;88%;23.7;0.0;0.0;0.0;0.0;0.0;0;0.0;0.0;0;0.0;2;0;5.5;4.4;0.0;0.0;0.0;0;1;0;0.0;3.2;0.0;0;0;0;5.4;0.0;No recurring injuries;Above Average;0.0;0;0.0;3;-5.16;1;63;9;23;5;21;1;0;1.2;1.4
Second Division;Málaga;Ramón Enríquez;M (C);;DM, M (C);25;"5'8""";£2.8K - £4.3K p/w;£190K - £600K;Reasonable;Very Strong;6.86;0;1615;0;0;0.0;0.27;0.27;-0.27;0.0;0%;0.03;0.5;0.1;0.1;22%;0;0;0;4;0.2;6.2;0.3;90%;52.4;0.4;0.8;6.3;0.1;0.0;0;0.1;0.0;0;0.1;7;1;6.5;13.1;0.9;2.5;5.5;73;22;0;0.3;0.6;0.3;11;0;0;12.5;11.3;No recurring injuries;High;2.2;44;0.1;0;0;0;0;0;0;0;0;0;0;1.4;0.7
Serie A;Genoa;Alan Matturro;D (L);WB (L);D (LC), WB (L);22;"6'2""";£19K - £22.5K p/w;£450K - £4.4M;Very Strong;Weak;6.81;0;1710;0;0;0.0;1.05;1.05;-1.05;0.1;0%;0.175;0.3;0.0;0.1;0%;0;0;0;0;0.0;1.22;0.1;91%;41.0;0.1;0.2;1.9;0.1;0.1;100;0.1;0.1;100;0.0;11;0;3.3;10.1;0.7;3.0;2.3;81;16;3;0.5;1.1;0.2;12;3;0;9.5;3.4;No recurring injuries;Very Low;4.9;69;0.8;0;0;0;0;0;0;0;0;0;0;0.8;0.9
Second Division;R. Santander;Aritz Aldasoro;DM;;DM, M (C);27;"5'9""";£6.25K - £7.5K p/w;£650K;Weak;Very Strong;6.89;0;1273;0;0;0.0;1.22;1.22;-1.22;0.1;0%;0.135555555555556;0.6;0.1;0.2;11%;0;0;0;2;0.1;2.4;0.2;90%;54.0;0.3;0.6;4.0;0.3;0.0;0;0.3;0.0;0;0.2;5;0;6.9;12.8;1.5;2.3;7.1;78;27;0;0.3;0.8;0.1;13;2;0;11.6;11.6;No recurring injuries;Below Average;2.1;55;0.1;0;0;0;0;0;0;0;0;0;0;1.3;0.9
First Division;Levante;Diego Pampín;D (L);;D/WB (L);26;"5'9""";£7.75K - £11.5K p/w;£4M - £5.2M;Very Strong;Fairly Strong;6.87;1;1365;0;0;0.0;0.03;0.03;-0.03;0.0;0%;0.015;0.1;0.0;0.1;0%;0;0;0;1;0.1;2.35;0.2;90%;55.5;0.1;0.6;7.3;1.7;0.1;3;1.7;0.1;4;1.3;14;2;16.4;9.0;1.7;3.3;7.1;84;31;2;0.9;1.3;0.8;11;0;0;11.7;16.1;No recurring injuries;Average;3.0;58;0.3;0;0;0;0;0;0;0;0;0;0;0.6;1.6
Bundesliga 2;1. FC Saarbrücken;Joel Bichsel;D (C);D/WB (L);D (LC), WB (L);24;"6'4""";£6.75K - £9.5K p/w;£170K - £1.7M;Very Strong;Weak;6.83;0;1440;0;0;0.0;0;0;0;0.0;0%;0;0.0;0.0;0.0;0%;0;0;0;0;0.0;0.41;0.0;89%;42.6;0.1;0.2;2.6;0.3;0.0;0;0.3;0.0;0;0.1;6;0;5.8;13.0;0.8;2.6;2.7;81;16;2;0.6;1.2;1.8;13;3;0;10.6;6.2;No recurring injuries;Below Average;5.2;71;1.2;0;0;0;0;0;0;0;0;0;0;0.7;1.2
Ligue 2 BKT;Angers SCO;José Neto;D (L);D (C), WB (L);D (LC), WB (L);18;"6'0""";£2.6K - £2.9K p/w;£30M - £45M;Very Strong;Weak;7.00;2;1024;0;0;0.0;0.09;0.09;-0.09;0.0;0%;0.045;0.2;0.0;0.2;0%;0;0;0;1;0.1;0.73;0.1;86%;56.3;0.3;1.5;7.7;2.5;0.8;31;2.5;0.8;31;0.4;8;2;11.5;17.8;2.3;3.4;7.9;81;32;0;0.5;1.1;0.2;12;1;0;11.9;15.7;No recurring injuries;Below Average;4.2;54;0.9;0;0;0;0;0;0;0;0;0;0;1.7;0.7
Bundesliga 2;Eintracht Braunschweig;Lino Tempelmann;M (C);;DM, M (C);27;"5'9""";£7.75K - £12K p/w;£170K - £1.7M;Fairly Strong;Very Strong;7.04;2;1081;0;0;0.0;0.53;0.53;-0.53;0.0;0%;0.0588888888888889;0.7;0.1;0.2;11%;0;0;0;2;0.2;1.82;0.2;90%;51.7;0.0;1.0;3.2;0.7;0.2;37;0.2;0.1;50;0.1;6;0;6.3;13.1;1.0;1.7;7.4;92;13;1;0.9;1.5;0.1;8;2;0;10.9;11.1;No recurring injuries;Above Average;1.5;33;0.1;0;0;0;0;0;0;0;0;0;0;1.0;0.9
Eredivisie;FC Emmen;Alexander Groiß;D (C);;D (C), DM;28;"6'3""";£1.6K - £2.5K p/w;£95K - £950K;Weak;Very Strong;6.61;0;1026;0;0;0.0;0;0;0;0.0;0%;0;0.1;0.0;0.1;0%;0;0;0;0;0.0;0.26;0.0;91%;43.1;0.1;0.2;1.6;0.0;0.0;0;0.0;0.0;0;0.1;1;0;4.4;9.3;0.3;2.5;2.4;50;6;1;0.9;1.2;1.4;8;1;0;9.6;4.0;No recurring injuries;Above Average;5.0;67;1.1;0;0;0;0;0;0;0;0;0;0;0.5;1.2
Bundesliga;1. FC Magdeburg;Dominik Reimann;GK;;GK;29;"6'1""";£15.25K - £22.5K p/w;£1.4M - £3.2M;Reasonable;Very Strong;6.59;2;1427;0;0;0.0;0;0;0;0.0;0%;0;0.0;0.0;0.0;0%;0;0;0;0;0.0;0;0.0;79%;24.7;0.0;0.0;0.0;0.0;0.0;0;0.0;0.0;0;0.0;10;0;8.8;3.4;0.0;0.0;0.0;0;0;0;0.0;3.7;0.0;0;0;0;5.2;0.0;No recurring injuries;Average;0.0;0;0.0;6;-2.49;0;68;17;26;4;22;0;0;0.9;1.4
Bundesliga 2;Holstein Kiel;Marco Komenda;D (C);D (L);D (LC);30;"6'0""";£4.9K - £7.5K p/w;£160K - £1.6M;Very Strong;Reasonable;6.69;0;1099;0;0;0.0;0.28;0.28;-0.28;0.0;0%;0.28;0.1;0.1;0.0;100%;0;0;0;0;0.0;0.11;0.0;94%;42.7;0.0;0.1;2.3;0.2;0.0;0;0.2;0.0;0;0.0;1;0;3.4;12.9;0.6;2.6;3.9;64;11;3;0.8;1.2;0.6;6;3;0;9.9;4.7;No recurring injuries;High;5.7;69;0.6;0;0;0;0;0;0;0;0;0;0;1.0;1.2
Bundesliga 2;Karlsruher SC;Romario Rösch;WB (L);D (RL);D/WB (RL);27;"6'0""";£6K - £8.75K p/w;£140K - £1.4M;Reasonable;Very Strong;6.74;1;1309;0;0;0.0;0;0;0;0.0;0%;0;0.0;0.0;0.0;0%;0;0;0;2;0.1;2.19;0.2;83%;45.8;0.3;1.7;4.1;5.7;1.0;18;5.7;1.0;18;1.9;11;4;17.9;10.0;1.9;2.3;9.3;65;43;0;0.6;1.2;0.5;46;0;0;12.3;26.0;No recurring injuries;Low;3.4;43;0.3;0;0;0;0;0;0;0;0;0;0;1.1;0.8
Bundesliga 2;Rot-Weiss Essen;Jakob Golz;GK;;GK;28;"6'2""";£8.25K - £11.75K p/w;£250K - £800K;Strong;Very Strong;6.53;1;1440;0;0;0.0;0;0;0;0.0;0%;0;0.0;0.0;0.0;0%;0;0;0;0;0.0;0;0.0;82%;24.8;0.0;0.0;0.0;0.0;0.0;0;0.0;0.0;0;0.0;8;0;8.6;3.5;0.0;0.0;0.0;0;3;0;0.0;3.2;0.0;0;0;0;5.7;0.0;No recurring injuries;Below Average;0.0;0;0.0;4;-2.68;0;65;10;23;11;23;3;0;1.0;1.4
Bundesliga 2;Eintracht Braunschweig;Léon Bell Bell;D (L);;D/WB (L);30;"5'11""";£4.6K - £7K p/w;£28K - £275K;Very Strong;Weak;6.93;2;1015;0;0;0.0;0.37;0.37;-0.37;0.0;0%;0.185;0.2;0.0;0.0;0%;0;0;0;2;0.2;0.49;0.0;88%;52.0;0.3;0.8;6.7;2.8;0.6;21;2.8;0.6;22;0.9;13;2;15.6;9.8;2.3;3.2;7.7;76;34;1;0.6;1.1;0.4;15;1;0;11.7;15.2;No recurring injuries;Above Average;2.7;68;0.2;0;0;0;0;0;0;0;0;0;0;0.9;0.6
Bundesliga 2;1. FC Kaiserslautern;Julian Krahl;GK;;GK;26;"6'4""";£7.25K - £10.75K p/w;£100K - £1M;Weak;Very Strong;6.88;3;1440;0;0;0.0;0;0;0;0.0;0%;0;0.0;0.0;0.0;0%;0;0;0;0;0.0;0;0.0;75%;25.1;0.0;0.0;0.0;0.0;0.0;0;0.0;0.0;0;0.0;9;0;9.2;3.1;0.1;0.0;0.0;100;1;0;0.0;2.6;0.0;0;0;0;6.6;0.0;No recurring injuries;Below Average;0.0;0;0.0;5;9.28;1;80;17;25;9;13;1;100;1.1;0.8
Eredivisie;FC Emmen;Luca Unbehaun;GK;;GK;25;"6'1""";£1.7K - £2.9K p/w;£1.3M - £2.9M;Weak;Very Strong;6.73;2;1350;0;0;0.0;0;0;0;0.0;0%;0;0.0;0.0;0.0;0%;0;0;0;0;0.0;0;0.0;83%;25.6;0.0;0.1;0.0;0.0;0.0;0;0.0;0.0;0;0.0;1;0;8.3;2.3;0.0;0.0;0.0;0;1;0;0.0;2.5;0.0;0;0;0;5.5;0.0;No recurring injuries;Below Average;0.0;0;0.0;3;6.6;0;75;18;34;8;19;1;0;0.4;1.3
Bundesliga 2;1. FC Kaiserslautern;Simon Asta;D (R);;D/WB (R);25;"5'10""";£6.25K - £9.75K p/w;£1.4M - £3.1M;Reasonable;Very Strong;6.85;0;1477;0;0;0.0;0.31;0.31;-0.31;0.0;0%;0.103333333333333;0.2;0.1;0.1;67%;0;0;0;2;0.1;0.74;0.0;87%;42.5;0.1;1.6;5.5;7.0;1.2;16;7.0;1.2;17;3.4;18;4;19.3;8.7;1.8;3.2;10.4;74;39;1;0.5;1.2;0.0;22;4;0;12.8;26.8;No recurring injuries;Above Average;2.9;38;0.2;0;0;0;0;0;0;0;0;0;0;1.2;0.8
Bundesliga 2;Rot-Weiss Essen;Noah Katterbach;D (L);D (R);D (RL), WB (L);25;"5'11""";£6.25K - £10.5K p/w;£200K - £2M;Very Strong;Fairly Strong;6.80;0;1098;0;0;0.0;0;0;0;0.0;0%;0;0.0;0.0;0.0;0%;0;0;0;1;0.1;0.71;0.1;87%;53.0;0.1;1.0;7.3;2.1;0.8;38;2.0;0.7;38;1.9;15;0;11.7;14.1;1.6;3.1;6.8;63;30;0;0.4;0.7;0.7;9;0;0;11.7;16.2;No recurring injuries;High;3.1;37;0.2;0;0;0;0;0;0;0;0;0;0;1.1;1.4
Bundesliga 2;SV Elversberg;Marcel Benger;DM;;DM, M (C);28;"6'2""";£6K - £8.75K p/w;£190K - £1.9M;Reasonable;Very Strong;6.84;0;1470;0;0;0.0;0.24;0.24;-0.24;0.0;0%;0.08;0.2;0.0;0.1;0%;0;0;0;1;0.1;2.71;0.2;92%;47.6;0.2;1.3;4.9;0.3;0.1;20;0.3;0.1;20;0.0;11;0;7.6;13.4;1.3;2.4;5.0;79;28;0;0.4;0.8;0.4;13;3;0;10.8;10.6;No recurring injuries;Above Average;2.5;63;0.3;0;0;0;0;0;0;0;0;0;0;1.1;1.2
Bundesliga 2;SV Darmstadt 98;Leon Klassen;D (L);;D/WB (L);26;"5'9""";£3.8K - £6K p/w;£130K - £1.3M;Very Strong;Reasonable;6.87;0;1090;0;0;0.0;0.06;0.06;-0.06;0.0;0%;0.06;0.1;0.0;0.0;0%;0;0;0;1;0.1;0.79;0.1;88%;58.3;0.1;1.4;8.5;3.2;0.4;12;3.2;0.4;13;0.9;13;1;14.6;11.2;2.1;3.6;7.6;93;27;0;0.7;1.1;0.5;13;2;0;11.0;14.8;No recurring injuries;Below Average;2.7;52;0.4;0;0;0;0;0;0;0;0;0;0;1.3;1.5
Bundesliga 2;Holstein Kiel;Lasse Rosenboom;D (R);D (C);D (RC), WB (R);24;"6'3""";£4.5K - £7K p/w;£230K - £2.3M;Weak;Very Strong;7.01;1;1461;0;0;0.0;0.11;0.11;-0.11;0.0;0%;0.0366666666666667;0.2;0.0;0.1;0%;0;0;0;1;0.1;1.54;0.1;92%;53.4;0.1;1.0;7.5;2.2;0.2;11;2.2;0.2;11;0.9;10;2;16.3;9.8;1.4;2.3;6.8;74;31;2;0.7;0.9;0.5;28;1;0;11.5;16.3;No recurring injuries;Below Average;5.2;57;0.9;0;0;0;0;0;0;0;0;0;0;0.7;1.0
First Division;Burgos;Marco John;WB (L);DM;D/WB (L), DM;24;"6'0""";£19.25K - £22K p/w;£3.1M - £6.4M;Very Strong;Reasonable;6.82;0;1086;0;0;0.0;0.2;0.2;-0.2;0.0;0%;0.1;0.2;0.0;0.0;0%;0;0;0;0;0.0;1.13;0.1;92%;54.0;0.2;1.4;6.9;3.6;1.1;30;2.0;0.7;38;1.1;6;0;14.6;9.0;1.4;2.8;7.0;63;27;2;1.0;1.5;0.8;6;0;0;12.1;16.0;No recurring injuries;High;4.2;55;0.2;0;0;0;0;0;0;0;0;0;0;1.0;1.9
Jupiler Pro League;Cercle Brugge;Lukas Fröde;DM;D/M (C);D (C), DM, M (C);31;"6'4""";£2.7K - £4.3K p/w;Not for Sale;Reasonable;Very Strong;6.81;0;1137;0;0;0.0;1.02;1.02;-1.02;0.1;0%;0.145714285714286;0.6;0.2;0.1;29%;0;0;0;2;0.2;1.68;0.1;85%;51.2;0.1;0.3;2.8;0.1;0.1;100;0.1;0.1;100;0.0;8;0;8.2;11.6;0.9;2.1;6.2;75;16;0;0.5;0.7;0.3;16;5;1;11.2;11.2;No recurring injuries;Below Average;3.3;64;0.2;0;0;0;0;0;0;0;0;0;0;1.0;0.9
Bundesliga 2;SG Dynamo Dresden;Jonas Sterner;WB (R);M (RC);D/WB (R), M (RC);24;"5'11""";£7.75K - £12.25K p/w;£250K - £2.5M;Reasonable;Very Strong;6.80;1;1187;0;0;0.0;0.99;0.99;-0.99;0.1;0%;0.141428571428571;0.5;0.1;0.2;14%;0;0;0;2;0.2;1.65;0.1;87%;51.1;0.0;0.8;6.7;5.0;0.7;13;2.0;0.4;19;1.6;16;1;16.0;10.0;1.6;2.7;8.0;75;28;1;0.3;1.0;0.3;14;1;0;11.2;15.5;No recurring injuries;Average;4.4;40;0.2;0;0;0;0;0;0;0;0;0;0;0.7;1.4
Bundesliga;1. FC Nürnberg;Jan Reichert;GK;;GK;25;"6'3""";£7.25K - £11K p/w;£240K - £2.4M;Weak;Very Strong;6.54;0;1440;0;0;0.0;0;0;0;0.0;0%;0;0.0;0.0;0.0;0%;0;0;0;0;0.0;0;0.0;83%;23.4;0.0;0.0;0.1;0.0;0.0;0;0.0;0.0;0;0.0;7;0;6.9;3.9;0.1;0.0;0.0;100;1;0;0.0;2.6;0.0;0;0;0;4.6;0.0;No recurring injuries;Below Average;0.0;0;0.0;4;-3.68;1;68;18;29;5;25;1;100;1.4;1.6
Sky Bet Championship;Bristol City;Jonas Kersken;GK;;GK;26;"6'3""";£8K - £11.5K p/w;£2.2M - £4.7M;Weak;Very Strong;7.04;3;1812;0;0;0.0;0;0;0;0.0;0%;0;0.0;0.0;0.0;0%;0;0;0;0;0.0;0;0.0;72%;24.0;0.0;0.0;0.0;0.0;0.0;0;0.0;0.0;0;0.0;2;0;7.4;4.0;0.0;0.0;0.0;0;0;0;0.0;2.2;0.0;5;5;0;6.0;0.0;No recurring injuries;Above Average;0.0;0;0.0;12;8.01;0;77;18;36;8;18;0;0;1.5;0.9
Jupiler Pro League;OH Leuven;Brooklyn Ezeh;D (L);D (C);D (LC), WB (L);25;"6'2""";£5.5K - £8K p/w;£1.7M - £3.7M;Very Strong;Weak;6.94;3;1384;0;0;0.0;0.17;0.17;-0.17;0.0;0%;0.17;0.1;0.0;0.0;0%;0;0;0;1;0.1;1.82;0.1;86%;47.8;0.0;1.4;5.1;11.8;2.0;17;4.5;1.1;25;4.7;13;1;17.7;11.1;2.5;3.8;9.6;70;56;1;0.4;1.1;0.5;24;1;0;12.5;24.4;No recurring injuries;Above Average;2.5;61;0.3;0;0;0;0;0;0;0;0;0;0;1.0;1.0
Eredivisie;RKC Waalwijk;Faride Alidou;AM (L);M (RL), AM (C);M (RL), AM (RLC);25;"6'1""";£5.5K - £9.25K p/w;£500K;Reasonable;Very Strong;6.99;0;1199;0;0;0.0;1.01;1.01;-1.01;0.1;0%;0.144285714285714;0.5;0.0;0.2;0%;0;0;0;3;0.2;3.67;0.3;90%;44.7;0.2;2.1;3.5;3.7;0.8;22;2.9;0.8;26;5.0;21;0;20.6;3.8;1.2;2.1;9.2;80;20;1;0.2;0.7;0.0;9;0;0;11.9;12.2;No recurring injuries;Average;4.8;34;0.3;0;0;0;0;0;0;0;0;0;0;0.8;1.6
Bundesliga 2;1. FC Saarbrücken;Phillip Menzel;GK;;GK;28;"6'4""";£4.7K - £7.5K p/w;£85K - £850K;Weak;Very Strong;6.53;0;1440;0;0;0.0;0;0;0;0.0;0%;0;0.0;0.0;0.0;0%;0;0;0;0;0.0;0;0.0;66%;24.1;0.0;0.0;0.0;0.0;0.0;0;0.0;0.0;0;0.0;7;0;7.9;3.1;0.0;0.0;0.0;0;2;0;0.0;3.3;0.0;0;0;0;5.4;0.0;No recurring injuries;Below Average;0.0;0;0.0;3;2.3;0;71;16;28;7;20;2;0;0.7;1.2
Serie A;Sampdoria;Jordan Ferri;M (C);;DM, M (C);34;"5'8""";£12.5K - £18.75K p/w;£4K - £40K;Weak;Very Strong;6.33;0;1413;0;0;0.0;0.02;0.02;-0.02;0.0;0%;0.02;0.1;0.1;0.0;100%;0;0;0;0;0.0;1.17;0.1;93%;25.7;0.1;0.3;2.4;0.0;0.0;0;0.0;0.0;0;0.1;13;0;14.8;7.2;0.6;1.3;2.9;91;11;2;0.5;0.4;0.2;13;6;0;5.1;4.5;No recurring injuries;Very Low;0.5;38;0.0;0;0;0;0;0;0;0;0;0;0;0.7;1.6
Bundesliga 2;Eintracht Braunschweig;Ron-Thorben Hoffmann;GK;;GK;27;"6'4""";£4.9K - £8K p/w;£130K - £1.3M;Weak;Very Strong;7.03;2;1440;0;0;0.0;0;0;0;0.0;0%;0;0.0;0.0;0.0;0%;0;0;0;0;0.0;0;0.0;77%;25.0;0.0;0.0;0.0;0.0;0.0;0;0.0;0.0;0;0.0;9;0;6.8;4.4;0.0;0.0;0.0;0;0;0;0.0;3.6;0.0;0;0;0;4.8;0.0;No recurring injuries;Below Average;0.0;0;0.0;7;10.25;0;80;16;23;13;13;0;0;1.0;0.8
Bundesliga 2;Rot-Weiss Essen;Tobias Kraulich;D (C);DM;D (C), DM;27;"6'3""";£6K - £8.75K p/w;£275K - £850K;Very Strong;Weak;6.94;2;1150;0;0;0.0;0.7;0.7;-0.7;0.1;0%;0.35;0.2;0.1;0.0;50%;0;0;0;0;0.0;0.54;0.0;88%;40.4;0.0;0.2;1.7;0.1;0.0;0;0.1;0.0;0;0.0;2;0;2.7;17.0;0.6;3.9;2.7;89;9;4;0.8;1.0;0.6;0;0;0;9.7;2.8;No recurring injuries;High;5.7;74;0.8;0;0;0;0;0;0;0;0;0;0;1.0;1.5
Ligue 1 McDonald's;Auxerre;Donovan Léon;GK;;GK;34;"6'2""";£9.5K - £10.75K p/w;Not for Sale;Weak;Very Strong;6.76;0;1440;0;0;0.0;0;0;0;0.0;0%;0;0.0;0.0;0.0;0%;0;0;0;0;0.0;0;0.0;79%;24.2;0.0;0.0;0.0;0.0;0.0;0;0.0;0.0;0;0.0;6;0;7.9;4.4;0.0;0.0;0.0;0;0;0;0.0;3.6;0.0;2;2;0;5.4;0.0;No recurring injuries;Average;0.0;0;0.0;4;3.98;0;79;21;36;10;18;0;0;1.2;1.1
Ligue 1 McDonald's;Havre AC;Mory Diaw;GK;;GK;33;"6'6""";£7.25K - £11.25K p/w;£150K - £1.5M;Weak;Very Strong;6.70;2;1178;0;0;0.0;0;0;0;0.0;0%;0;0.0;0.0;0.0;0%;0;0;0;0;0.0;0;0.0;76%;24.4;0.0;0.0;0.2;0.0;0.0;0;0.0;0.0;0;0.0;9;0;9.0;3.3;0.0;0.2;0.0;0;1;0;0.0;3.0;0.0;0;0;0;5.8;0.1;No recurring injuries;Below Average;0.0;0;0.0;5;2.49;0;76;13;30;8;16;1;0;0.6;1.2
Eredivisie;Willem II;Thomas Didillon-Hödl;GK;;GK;31;"6'4""";£1.5K - £2.4K p/w;£2.5M;Very Strong;Weak;6.68;0;1350;0;0;0.0;0;0;0;0.0;0%;0;0.0;0.0;0.0;0%;0;0;0;0;0.0;0;0.0;85%;24.3;0.0;0.0;0.0;0.0;0.0;0;0.0;0.0;0;0.0;4;0;7.5;3.1;0.1;0.0;0.0;100;1;0;0.0;3.1;0.0;0;0;0;5.1;0.0;No recurring injuries;Average;0.0;0;0.0;2;6.9;1;77;10;39;11;18;1;100;0.6;1.2
Serie A;Udinese;Matteo Palma;D (C);D (R);D (RC);18;"6'4""";£15K - £17.5K p/w;£60M;Reasonable;Very Strong;6.83;0;1522;0;0;0.0;0.51;0.51;-0.51;0.0;0%;0.085;0.4;0.0;0.0;0%;0;0;0;0;0.0;0.4;0.0;95%;45.6;0.0;0.1;2.2;0.0;0.0;0;0.0;0.0;0;0.1;2;0;3.1;15.6;0.4;3.4;2.2;88;8;2;0.6;0.7;0.7;11;3;1;9.8;3.4;No recurring injuries;Very Low;4.1;73;1.1;0;0;0;0;0;0;0;0;0;0;1.4;1.2
Ligue 1 McDonald's;Havre AC;Gautier Lloris;D (C);;D (C);31;"6'4""";£10.75K - £12.25K p/w;Not for Sale;Very Strong;Weak;6.84;1;1231;0;0;0.0;0.56;0.56;-0.56;0.0;0%;0.28;0.1;0.1;0.0;50%;0;0;0;0;0.0;0.17;0.0;93%;44.2;0.0;0.3;2.7;0.0;0.0;0;0.0;0.0;0;0.0;2;0;3.5;14.5;0.6;2.0;2.9;89;9;1;0.7;1.4;1.0;3;1;0;9.6;2.2;No recurring injuries;High;4.7;75;0.6;0;0;0;0;0;0;0;0;0;0;0.6;1.0
Jupiler Pro League;Charleroi;Parfait Guiagon;AM (L);ST (C);AM (L), ST (C);25;"5'7""";£2.1K - £3.6K p/w;£5.2M;Fairly Strong;Very Strong;6.99;1;1300;0;0;0.0;1.26;1.26;-1.26;0.1;0%;0.126;0.7;0.3;0.3;50%;0;0;0;1;0.1;1.91;0.1;88%;43.3;0.2;1.4;3.3;2.2;0.3;12;2.2;0.3;13;3.9;12;2;17.9;5.3;1.5;2.2;8.8;81;26;0;0.3;0.8;0.0;17;1;0;11.7;13.9;No recurring injuries;Average;3.3;27;0.0;0;0;0;0;0;0;0;0;0;0;1.3;1.1
Ligue 2 BKT;Angers SCO;Haris Belkebla;M (C);;DM, M (C);32;"5'10""";£18K - £20.5K p/w;£1.2M;Reasonable;Very Strong;6.89;0;1321;0;0;0.0;1.13;0.32;-1.13;0.1;0%;0.226;0.3;0.1;0.2;40%;0;1;0;4;0.3;3.72;0.3;89%;50.3;0.3;0.6;5.2;0.6;0.2;33;0.1;0.0;0;0.3;8;0;5.9;17.2;1.3;2.2;6.9;86;22;0;0.6;0.7;0.1;25;1;0;11.4;11.4;No recurring injuries;Below Average;2.3;38;0.1;0;0;0;0;0;0;0;0;0;0;1.6;0.7
Ligue 2 BKT;SC Bastia;Johny Placide;GK;;GK;38;"5'11""";£1.6K - £2.7K p/w;£1K - £9K;Weak;Very Strong;6.60;1;1348;0;0;0.0;0;0;0;0.0;0%;0;0.0;0.0;0.0;0%;0;0;0;0;0.0;0;0.0;60%;25.8;0.0;0.0;0.0;0.0;0.0;0;0.0;0.0;0;0.0;6;0;8.2;3.6;0.0;0.0;0.0;0;0;0;0.0;4.6;0.0;0;0;0;5.6;0.0;No recurring injuries;Average;0.0;0;0.0;5;1.43;0;67;11;21;9;20;0;0;0.9;1.3
Premier League;Coventry;Oliver Dovin;GK;;GK;24;"6'2""";£24K - £34K p/w;£3.8M - £6.2M;Weak;Very Strong;7.09;1;1620;0;0;0.0;0;0;0;0.0;0%;0;0.0;0.0;0.0;0%;0;0;0;0;0.0;0;0.0;79%;27.5;0.0;0.0;1.1;0.0;0.0;0;0.0;0.0;0;0.0;0;0;7.4;9.4;0.2;0.2;0.0;67;6;0;0.0;3.3;0.0;0;0;0;5.2;0.1;No recurring injuries;Average;0.0;0;0.0;4;-1.69;1;76;43;47;16;34;6;67;1.2;1.9
Premier League;Rio Ave;Jakub Brabec;D (C);;D (C);34;"6'1""";£2.3K - £3.8K p/w;Unknown;Very Weak;Very Weak;6.73;0;1126;0;0;0.0;0.22;0.22;-0.22;0.0;0%;0.055;0.3;0.2;0.2;50%;0;0;0;0;0.0;0.22;0.0;91%;42.0;0.1;0.2;2.1;0.0;0.0;0;0.0;0.0;0;0.0;2;0;2.5;14.1;0.6;3.4;3.4;100;7;2;0.6;1.2;0.7;3;0;0;9.5;3.6;No recurring injuries;Low;5.0;65;0.9;0;0;0;0;0;0;0;0;0;0;1.4;1.4
Ligue 2 BKT;EA Guingamp;Dylan Louiserre;M (C);;DM, M (C);31;"5'8""";£2.4K - £4.1K p/w;Not for Sale;Fairly Strong;Very Strong;6.88;0;1078;0;0;0.0;0.86;0.86;-0.86;0.1;0%;0.122857142857143;0.6;0.1;0.3;14%;0;0;0;3;0.3;1.36;0.1;89%;51.4;0.2;0.6;6.3;4.0;0.7;16;0.1;0.0;0;0.2;5;0;4.8;15.0;0.8;2.3;6.7;69;13;1;0.8;1.2;0.5;7;2;0;11.3;11.5;No recurring injuries;Average;1.8;67;0.1;0;0;0;0;0;0;0;0;0;0;1.1;0.8
Ligue 1 McDonald's;Saint-Étienne;Gautier Larsonneur;GK;;GK;29;"5'11""";£24K - £27K p/w;£425K - £7.2M;Weak;Very Strong;6.63;0;1440;0;0;0.0;0;0;0;0.0;0%;0;0.0;0.0;0.0;0%;0;0;0;0;0.0;0;0.0;80%;24.2;0.0;0.1;0.2;0.0;0.0;0;0.0;0.0;0;0.0;7;0;8.4;3.2;0.0;0.0;0.0;0;3;0;0.0;3.1;0.0;0;0;0;6.1;0.0;No recurring injuries;Below Average;0.0;0;0.0;5;1.94;0;72;13;34;7;21;3;0;0.5;1.3
Ligue 2 BKT;Nancy;Jérémy Gélin;DM;D/M (C);D (C), DM, M (C);29;"6'0""";£6K - £8.75K p/w;£100K - £1M;Reasonable;Very Strong;6.76;1;1135;0;0;0.0;0.18;0.18;-0.18;0.0;0%;0.045;0.3;0.0;0.1;0%;0;0;0;1;0.1;1.74;0.1;91%;51.9;0.4;1.3;6.2;0.2;0.2;100;0.2;0.2;100;0.2;12;0;6.5;13.4;0.7;1.9;5.8;75;12;0;0.6;1.2;0.2;8;3;0;11.7;10.1;No recurring injuries;Below Average;1.7;52;0.2;0;0;0;0;0;0;0;0;0;0;0.6;0.8
Sky Bet Championship;Sheffield United;Harrison Burrows;D/WB (L);AM (L);D/WB/AM (L);24;"5'11""";£20.5K - £29K p/w;£10.5M - £17M;Very Strong;Reasonable;6.94;1;1481;0;0;0.0;0.39;0.39;-0.39;0.0;0%;0.078;0.3;0.1;0.2;20%;0;0;0;2;0.1;2.46;0.1;87%;61.3;0.2;1.0;8.9;5.2;0.3;5;1.4;0.1;4;0.8;17;3;11.7;14.1;2.3;3.0;7.7;70;54;1;0.3;0.6;0.7;17;2;0;11.4;16.3;No recurring injuries;Below Average;3.5;56;0.2;0;0;0;0;0;0;0;0;0;0;1.6;1.4
Premier League;Moreirense;Afonso Assis;DM;M (C);DM, M (C);20;"6'0""";£800 - £1.2K p/w;Unknown;Very Weak;Very Weak;6.91;0;1183;0;0;0.0;1.73;1.73;-1.73;0.1;0%;0.133076923076923;1.0;0.2;0.2;15%;0;0;0;1;0.1;1.36;0.1;91%;49.9;0.2;0.4;4.9;0.0;0.0;0;0.0;0.0;0;0.8;8;1;7.2;11.6;0.8;3.2;6.2;85;13;0;0.3;0.7;0.2;12;0;0;11.4;10.7;No recurring injuries;Low;3.2;36;0.2;0;0;0;0;0;0;0;0;0;0;0.8;1.1
Sky Bet Championship;Watford;Jérémy Petris;D (R);M (R);D/WB/M (R);28;"6'0""";£9K - £12.25K p/w;£250K - £2.6M;Weak;Very Strong;6.98;1;1646;0;0;0.0;0.73;0.73;-0.73;0.0;0%;0.0663636363636364;0.6;0.2;0.4;27%;0;0;0;3;0.2;0.94;0.1;87%;54.3;0.1;1.0;7.4;1.7;0.4;21;1.7;0.4;22;0.9;13;1;15.5;8.9;1.4;3.3;6.7;60;42;1;0.4;1.3;0.2;18;4;0;11.7;16.3;No recurring injuries;Above Average;4.2;61;0.3;0;0;0;0;0;0;0;0;0;0;1.4;1.4
Jupiler Pro League;Antwerp;Anthony Valencia;AM (R);ST (C);AM (R), ST (C);23;"5'9""";£14.5K - £24K p/w;£650K - £1.5M;Very Strong;Weak;6.83;1;1201;0;0;0.0;4.07;4.07;-4.07;0.3;0%;0.145357142857143;2.1;0.4;0.7;21%;0;0;0;2;0.1;1.22;0.1;90%;43.9;0.2;2.5;3.9;4.6;0.8;17;4.2;0.8;20;5.2;15;3;23.8;2.5;0.7;1.9;7.6;59;17;0;0.1;0.6;0.0;8;0;0;11.2;11.0;No recurring injuries;Below Average;2.9;5;0.0;0;0;0;0;0;0;0;0;0;0;0.7;1.8
Bundesliga 2;Eintracht Braunschweig;Mehmet Aydın;WB (R);M/AM (R);D/WB/M/AM (R);24;"5'11""";£7K - £10.5K p/w;£350K - £3.6M;Reasonable;Very Strong;7.08;1;1421;0;0;0.0;1.05;1.05;-1.05;0.1;0%;0.116666666666667;0.6;0.3;0.1;56%;0;0;0;2;0.1;1.81;0.1;89%;55.2;0.3;0.8;6.5;2.0;0.4;21;2.0;0.4;22;1.1;18;1;13.5;12.5;1.5;3.5;7.0;88;26;1;0.6;1.1;0.8;25;4;0;11.1;15.6;No recurring injuries;Below Average;3.6;74;0.2;0;0;0;0;0;0;0;0;0;0;1.0;0.8
Bundesliga 2;SG Dynamo Dresden;Tim Schreiber;GK;;GK;24;"6'3""";£3.5K - £6K p/w;£140K - £1.4M;Reasonable;Very Strong;6.56;0;1440;0;0;0.0;0;0;0;0.0;0%;0;0.0;0.0;0.0;0%;0;0;0;0;0.0;0;0.0;80%;24.2;0.0;0.0;0.0;0.0;0.0;0;0.0;0.0;0;0.0;4;0;7.5;3.4;0.0;0.0;0.0;0;1;0;0.0;3.4;0.0;0;0;0;5.4;0.0;No recurring injuries;Average;0.0;0;0.0;2;-0.88;1;68;9;28;9;21;1;0;0.9;1.3
Bundesliga 2;1. FC Saarbrücken;Patrick Sontheimer;DM;AM (C);DM, M/AM (C);28;"5'6""";£13K - £18.5K p/w;£190K - £1.9M;Reasonable;Very Strong;6.81;0;1093;0;0;0.0;0.14;0.14;-0.14;0.0;0%;0.0466666666666667;0.2;0.0;0.2;0%;1;0;0;0;0.0;0.58;0.0;93%;51.3;0.1;1.0;6.3;0.1;0.1;100;0.1;0.1;100;0.0;5;0;7.8;11.2;0.8;2.5;6.8;67;15;2;1.2;1.4;0.1;12;1;0;11.7;11.4;No recurring injuries;Above Average;1.7;62;0.1;0;0;0;0;0;0;0;0;0;0;0.7;1.2
Bundesliga 2;SSV Jahn Regensburg;Oscar Schönfelder;D (L);;D/WB/M/AM (L);25;"6'0""";£3.4K - £5.25K p/w;£6K - £65K;Very Strong;Weak;6.93;2;1284;0;0;0.0;0.32;0.32;-0.32;0.0;0%;0.106666666666667;0.2;0.1;0.1;33%;0;0;0;1;0.1;1.43;0.1;92%;55.2;0.3;1.0;6.3;1.2;0.2;17;1.2;0.2;18;1.5;16;0;15.9;10.1;1.8;4.2;7.6;78;32;1;0.8;1.1;0.3;24;3;1;12.3;16.5;No recurring injuries;High;3.2;39;0.1;0;0;0;0;0;0;0;0;0;0;0.8;1.0
Bundesliga 2;SG Dynamo Dresden;Luca Herrmann;M (C);;DM, M (C);27;"5'9""";£8.5K - £12.25K p/w;£110K - £1.1M;Weak;Very Strong;6.71;1;1232;0;0;0.0;1.1;1.1;-1.1;0.1;0%;0.122222222222222;0.7;0.1;0.1;11%;1;0;0;1;0.1;0.89;0.1;92%;49.6;0.1;0.8;5.3;2.6;0.4;16;0.1;0.1;100;0.2;12;0;7.0;11.2;1.2;3.0;6.7;77;22;0;0.2;0.4;0.1;12;0;0;10.9;10.5;No recurring injuries;High;1.7;30;0.0;0;0;0;0;0;0;0;0;0;0;1.0;1.3
Second Division;Tenerife;Iván Chapela;AM (R);M (L);M/AM (RL);27;"5'11""";£3.6K - £6K p/w;£160K - £1.6M;Weak;Very Strong;6.74;1;1193;0;0;0.0;0.98;0.98;-0.98;0.1;0%;0.108888888888889;0.7;0.2;0.3;33%;0;0;0;3;0.2;2.25;0.2;85%;41.7;0.2;1.4;4.8;3.7;0.4;10;3.7;0.4;10;3.2;9;0;18.3;4.4;0.7;2.1;8.9;45;20;0;0.1;0.8;0.0;15;2;0;11.2;16.8;No recurring injuries;High;2.6;37;0.0;0;0;0;0;0;0;0;0;0;0;1.1;1.2
Sky Bet Championship;Stockport;Jayden Meghoma;D (L);;D (L);20;"5'9""";£9.25K - £13.5K p/w;£9M - £15M;Very Strong;Reasonable;6.90;2;2153;0;0;0.0;0.32;0.32;-0.32;0.0;0%;0.16;0.1;0.0;0.0;0%;0;0;0;1;0.0;1.31;0.1;87%;54.2;0.0;1.2;7.6;2.0;0.4;18;2.0;0.4;19;1.1;12;1;15.1;11.5;2.4;3.5;7.4;79;72;8;0.8;1.4;0.5;14;1;0;11.6;15.7;No recurring injuries;Below Average;2.8;44;0.1;0;0;0;0;0;0;0;0;0;0;1.2;1.5
Ligue 1 McDonald's;Strasbourg;Abakar Sylla;D (C);;D (C);23;"6'2""";£18.25K - £20.5K p/w;£475K - £4.7M;Very Strong;Reasonable;6.79;0;1107;0;0;0.0;0.22;0.22;-0.22;0.0;0%;0.055;0.3;0.2;0.1;50%;0;0;0;0;0.0;0.49;0.0;86%;42.6;0.2;0.6;2.6;0.2;0.0;0;0.2;0.0;0;0.0;3;0;4.6;12.0;0.7;2.0;3.3;62;13;1;1.1;1.0;0.7;6;2;1;10.2;5.9;No recurring injuries;Below Average;6.1;75;1.4;0;0;0;0;0;0;0;0;0;0;1.1;1.1
Premier League;AVS SAD;Kiki Afonso;D (L);WB (L);D/WB (L);31;"5'11""";£1.1K - £1.6K p/w;Unknown;Very Weak;Very Weak;6.81;0;1131;0;0;0.0;0.09;0.09;-0.09;0.0;0%;0.045;0.2;0.0;0.1;0%;0;0;0;1;0.1;0.54;0.0;87%;59.0;0.0;1.0;8.8;1.9;0.2;12;1.4;0.1;6;1.0;13;0;15.5;13.3;1.6;3.1;7.3;69;29;3;0.6;1.0;1.0;22;4;0;11.2;14.8;No recurring injuries;Below Average;4.4;71;0.6;0;0;0;0;0;0;0;0;0;0;1.1;1.9
Ligue 2 BKT;Clermont Foot;Abdu Conté;D (L);;D/WB (L);28;"6'0""";£4.5K - £7.5K p/w;£240K - £2.4M;Very Strong;Weak;6.92;1;1279;0;0;0.0;0.42;0.42;-0.42;0.0;0%;0.14;0.2;0.0;0.1;0%;0;0;0;2;0.1;1.71;0.1;90%;55.0;0.3;1.5;6.9;2.9;0.4;14;2.9;0.4;15;0.7;13;2;10.9;15.2;2.3;2.9;7.1;87;38;1;0.5;1.3;0.1;7;3;0;11.7;15.1;No recurring injuries;High;3.8;74;0.6;0;0;0;0;0;0;0;0;0;0;1.2;0.5
Premier League;Estoril Praia;Joel Robles;GK;;GK;36;"6'6""";£2.2K - £3.3K p/w;Unknown;Very Weak;Very Weak;6.36;2;1260;0;0;0.0;0;0;0;0.0;0%;0;0.0;0.0;0.0;0%;0;0;0;0;0.0;0;0.0;71%;24.2;0.0;0.0;0.0;0.0;0.0;0;0.0;0.0;0;0.0;1;0;7.3;2.8;0.1;0.0;0.0;33;3;0;0.0;4.1;0.0;0;0;0;5.6;0.0;No recurring injuries;Very Low;0.0;0;0.0;2;-6.18;0;64;8;24;14;26;3;33;0.9;1.9
Second Division;Leonesa;Sergi Maestre;DM;;DM, M (C);36;"6'2""";£1.5K - £2.3K p/w;£35K - £120K;Very Strong;Reasonable;6.95;0;1499;0;0;0.0;0.39;0.39;-0.39;0.0;0%;0.078;0.3;0.0;0.1;0%;0;0;0;2;0.1;2.94;0.2;90%;51.9;0.4;1.1;5.7;0.0;0.0;0;0.0;0.0;0;0.1;7;1;7.3;11.0;0.9;2.6;6.6;68;22;1;0.4;0.6;0.2;13;1;0;11.9;10.9;No recurring injuries;Below Average;3.3;45;0.7;0;0;0;0;0;0;0;0;0;0;0.7;1.3
Bundesliga 2;Hamburger SV;Aboubaka Soumahoro;D (C);D (L), DM;D (LC), DM;21;"6'0""";£6.25K - £10.75K p/w;£650K - £6.6M;Very Strong;Weak;6.91;0;1472;0;0;0.0;0.39;0.39;-0.39;0.0;0%;0.078;0.3;0.1;0.0;20%;0;0;0;0;0.0;0.16;0.0;92%;42.2;0.1;0.2;1.7;0.1;0.0;0;0.1;0.0;0;0.0;3;0;2.9;17.2;0.4;2.9;2.7;58;12;3;0.9;1.2;0.5;5;2;0;10.0;3.4;No recurring injuries;Above Average;3.4;82;0.5;0;0;0;0;0;0;0;0;0;0;1.3;0.6
Second Division;Albacete;Raúl Lizoáin;GK;;GK;35;"6'2""";£2.7K - £4.4K p/w;Not for Sale;Very Strong;Weak;6.75;2;1744;0;0;0.0;0;0;0;0.0;0%;0;0.0;0.0;0.0;0%;0;0;0;0;0.0;0;0.0;79%;22.4;0.0;0.0;0.0;0.0;0.0;0;0.0;0.0;0;0.0;7;0;7.3;3.1;0.0;0.0;0.0;0;3;0;0.0;3.8;0.0;0;0;0;5.5;0.0;No recurring injuries;Above Average;0.0;0;0.0;4;-2.11;1;70;12;33;11;23;3;0;1.0;1.2
Bundesliga 2;Hertha BSC;Niklas Kolbe;D (C);D (L);D (LC);29;"6'5""";£6.25K - £9.25K p/w;£110K - £1.1M;Very Strong;Weak;6.70;0;1223;0;0;0.0;0.49;0.49;-0.49;0.0;0%;0.0816666666666667;0.4;0.0;0.1;0%;1;0;0;0;0.0;0.89;0.1;89%;43.9;0.1;0.1;2.2;0.0;0.0;0;0.0;0.0;0;0.1;10;0;2.9;17.1;0.4;2.3;1.9;100;6;0;0.4;0.8;0.9;10;2;1;10.1;3.7;Recurring tight groin;Very High;5.4;80;1.2;0;0;0;0;0;0;0;0;0;0;1.6;0.9
Second Division;Tenerife;Rober Correa;D (R);WB (R);D/WB (R);34;"5'11""";£4.2K - £6K p/w;£0 - £85K;Reasonable;Very Strong;6.68;0;1218;0;0;0.0;0.46;0.46;-0.46;0.0;0%;0.0766666666666667;0.4;0.0;0.1;0%;0;0;0;0;0.0;0.91;0.1;91%;49.5;0.1;0.5;6.4;2.4;0.8;33;2.4;0.8;33;0.8;13;1;20.4;10.1;2.2;3.2;7.2;97;31;0;0.4;1.0;0.5;19;1;1;11.4;15.7;No recurring injuries;Average;3.4;63;0.4;0;0;0;0;0;0;0;0;0;0;1.0;1.2
Second Division;Las Palmas;Yuri Ribeiro;D (L);D (C), WB (L);D (LC), WB (L);29;"5'11""";£3.9K - £6.5K p/w;£100K - £1M;Very Strong;Weak;6.82;0;1605;0;0;0.0;0.17;0.17;-0.17;0.0;0%;0.0566666666666667;0.2;0.1;0.0;33%;0;0;0;0;0.0;1;0.1;93%;49.5;0.1;0.4;4.7;0.6;0.2;30;0.6;0.2;30;0.5;9;0;7.2;11.2;0.6;3.0;3.5;59;17;1;1.0;1.2;1.0;8;0;0;10.9;8.9;No recurring injuries;Average;3.9;70;0.3;0;0;0;0;0;0;0;0;0;0;1.1;1.0
Premier League;West Ham;Soungoutou Magassa;DM;;D (C), DM;23;"6'2""";£46K - £63K p/w;£25M - £40M;Reasonable;Very Strong;6.97;0;1650;0;0;0.0;0.27;0.27;-0.27;0.0;0%;0.03;0.5;0.2;0.3;44%;0;0;0;1;0.1;0.36;0.0;91%;54.3;0.1;0.2;4.1;0.1;0.1;100;0.1;0.1;100;0.1;1;0;5.7;10.0;1.4;3.7;3.2;83;30;4;0.5;1.2;0.5;3;0;0;11.2;6.5;No recurring injuries;Below Average;4.4;75;0.8;0;0;0;0;0;0;0;0;0;0;1.4;1.1
Serie A;U.S. Lecce;Gaby Jean;D (C);D (L);D (LC);26;"6'3""";£15K - £22K p/w;£190K - £9.2M;Very Strong;Weak;6.66;0;1509;0;0;0.0;0.59;0.59;-0.59;0.0;0%;0.196666666666667;0.2;0.0;0.1;0%;0;0;0;0;0.0;1.81;0.1;90%;53.1;0.1;0.5;6.3;1.0;0.2;23;1.0;0.2;24;0.8;9;0;10.3;9.8;1.5;2.7;6.0;89;28;0;0.7;1.1;0.8;18;5;0;11.6;13.0;No recurring injuries;Very Low;3.6;66;0.4;0;0;0;0;0;0;0;0;0;0;0.5;1.0
First Division;Burgos;Ander Cantero;GK;;GK;31;"6'2""";£8.25K - £13.25K p/w;£150K - £1.5M;Very Strong;Weak;6.55;1;1530;0;0;0.0;0;0;0;0.0;0%;0;0.0;0.0;0.0;0%;0;0;0;0;0.0;0;0.0;82%;24.6;0.0;0.0;0.0;0.0;0.0;0;0.0;0.0;0;0.0;7;0;9.0;3.2;0.0;0.0;0.0;0;1;0;0.0;4.2;0.0;0;0;0;5.8;0.0;No recurring injuries;Below Average;0.0;0;0.0;2;0.98;0;70;21;37;16;31;1;0;0.8;1.8
Second Division;Albacete;Pepe Sánchez;D (C);;D (C);26;"6'1""";£3.3K - £5K p/w;£425K - £1.4M;Weak;Very Strong;6.67;0;1629;0;0;0.0;1.45;1.45;-1.45;0.1;0%;0.29;0.3;0.1;0.1;20%;0;0;0;1;0.1;1.7;0.1;92%;41.4;0.2;0.2;1.8;0.0;0.0;0;0.0;0.0;0;0.0;2;0;3.6;11.5;0.4;2.5;2.2;73;11;2;0.7;1.5;0.7;6;2;0;10.2;4.3;No recurring injuries;Below Average;5.3;75;0.8;0;0;0;0;0;0;0;0;0;0;1.0;1.2
Second Division;Tarragona;Moisés Delgado;D (L);WB (L);D/WB (L);32;"5'8""";£1.7K - £2.7K p/w;£35K;Very Strong;Weak;6.66;1;1245;0;0;0.0;0.1;0.1;-0.1;0.0;0%;0.05;0.1;0.1;0.1;50%;0;0;0;0;0.0;0.49;0.0;90%;56.5;0.1;1.1;6.0;3.0;0.6;19;3.0;0.6;20;0.2;4;0;15.4;12.3;0.8;3.3;6.3;61;18;2;0.7;1.7;1.5;15;0;0;11.8;13.9;No recurring injuries;Average;5.1;52;0.7;0;0;0;0;0;0;0;0;0;0;1.2;1.2
Jupiler Pro League;RWDM Brussels;Xavi Quintillà;D (L);;D (LC);30;"5'10""";£4.5K - £7K p/w;£1M - £2.4M;Very Strong;Weak;6.74;0;1077;0;0;0.0;0;0;0;0.0;0%;0;0.0;0.0;0.0;0%;0;0;0;1;0.1;1.58;0.1;88%;56.0;0.2;1.5;7.3;3.5;0.5;14;2.3;0.3;15;0.1;7;0;9.8;16.4;2.1;2.4;6.5;68;37;1;0.2;1.2;0.6;16;2;0;11.7;16.0;No recurring injuries;High;3.2;47;0.7;0;0;0;0;0;0;0;0;0;0;1.3;0.8
First Division;Oviedo;David Costas;D (C);;D (C);31;"6'0""";£7K - £12K p/w;Not for Sale;Reasonable;Very Strong;6.55;0;1423;0;0;0.0;0.69;0.69;-0.69;0.0;0%;0.08625;0.5;0.1;0.2;13%;1;0;0;1;0.1;1.17;0.1;93%;50.2;0.1;0.2;2.2;0.0;0.0;0;0.0;0.0;0;0.0;3;0;2.6;15.9;0.3;3.4;2.5;80;5;2;0.8;0.6;0.8;5;2;0;9.8;3.9;No recurring injuries;Below Average;3.7;69;0.2;0;0;0;0;0;0;0;0;0;0;1.1;2.0
Premier League;Gil Vicente;Facundo Cáseres;DM;;DM, M (C);25;"5'10""";£3.1K - £4.9K p/w;Unknown;Very Weak;Very Weak;6.92;1;1127;0;0;0.0;0.35;0.35;-0.35;0.0;0%;0.175;0.2;0.0;0.0;0%;0;0;0;1;0.1;1.16;0.1;90%;51.6;0.3;0.7;4.2;0.1;0.1;100;0.1;0.1;100;0.1;7;1;9.4;12.3;1.1;2.8;6.5;67;21;1;0.6;0.7;0.2;8;1;0;12.2;12.3;No recurring injuries;Below Average;1.6;15;0.0;0;0;0;0;0;0;0;0;0;0;0.7;1.0
Sky Bet Championship;Preston;Thierry Small;M (R);D (R), M/AM (RL);D/WB/M/AM (RL);22;"5'10""";£9K - £10.25K p/w;£3.3M - £7M;Very Strong;Fairly Strong;6.80;0;1690;0;0;0.0;0.19;0.19;-0.19;0.0;0%;0.038;0.3;0.0;0.2;0%;0;0;0;0;0.0;0.72;0.0;89%;52.9;0.1;1.3;6.0;1.3;0.1;8;1.3;0.1;8;1.2;17;4;16.2;6.7;1.9;3.0;6.8;80;45;2;0.6;1.3;0.2;17;2;0;11.9;15.5;No recurring injuries;Average;2.5;49;0.2;0;0;0;0;0;0;0;0;0;0;0.8;1.2
Eredivisie;sc Heerenveen;Maas Willemsen;D (C);;D (C), DM;23;"6'3""";£4.4K - £6.25K p/w;£4.8M - £9.4M;Very Strong;Reasonable;7.06;0;1321;0;0;0.0;1.16;1.16;-1.16;0.1;0%;0.128888888888889;0.6;0.2;0.1;33%;0;0;0;1;0.1;1.16;0.1;92%;41.4;0.3;0.3;2.1;2.7;0.4;15;0.1;0.1;100;0.0;3;0;2.9;15.9;0.5;3.3;2.9;70;10;1;0.8;1.1;0.6;9;3;0;9.8;4.5;No recurring injuries;Below Average;5.0;81;1.2;0;0;0;0;0;0;0;0;0;0;0.8;0.7
Eredivisie;FC Groningen;Joel Pereira;D (R);;D (R);30;"5'10""";£2.8K - £4.3K p/w;£100K - £1M;Reasonable;Very Strong;6.70;1;1457;0;0;0.0;1.07;1.07;-1.07;0.1;0%;0.0764285714285714;0.9;0.2;0.4;21%;0;0;0;1;0.1;0.42;0.0;87%;50.7;0.0;0.9;6.2;1.7;0.2;14;1.7;0.2;14;1.1;7;0;13.6;11.7;2.0;2.9;7.2;73;44;3;0.6;1.3;0.6;12;3;0;11.2;16.1;No recurring injuries;Below Average;3.9;40;0.1;0;0;0;0;0;0;0;0;0;0;1.3;1.0
Premier League;Santa Clara;Frederico Venâncio;D (C);;D (C);33;"6'1""";£2K - £2.9K p/w;Unknown;Very Weak;Very Weak;6.67;0;1160;0;0;0.0;0.58;0.58;-0.58;0.0;0%;0.145;0.3;0.0;0.2;0%;0;0;0;0;0.0;0.39;0.0;91%;42.1;0.0;0.0;2.6;0.0;0.0;0;0.0;0.0;0;0.0;2;0;3.9;16.1;0.6;2.6;2.9;73;11;2;0.5;0.9;0.9;7;1;1;9.6;2.7;No recurring injuries;Very Low;5.3;57;1.6;0;0;0;0;0;0;0;0;0;0;1.2;1.3
Sky Bet Championship;Watford;Egil Selvik;GK;;GK;29;"6'2""";£19K - £27.5K p/w;£850K - £8.6M;Very Strong;Strong;6.59;0;1688;0;0;0.0;0;0;0;0.0;0%;0;0.0;0.0;0.0;0%;0;0;0;0;0.0;0;0.0;77%;23.7;0.0;0.0;0.1;0.0;0.0;0;0.0;0.0;0;0.0;4;0;9.4;3.5;0.0;0.1;0.0;0;3;0;0.0;3.7;0.0;1;1;0;5.6;0.0;Recurring sprained ankle ligaments;Very High;0.0;0;0.0;2;0.45;0;70;20;40;7;28;3;0;1.0;1.5
Jupiler Pro League;OH Leuven;Thibault Vlietinck;WB (R);;D/WB (R);29;"5'11""";£4.9K - £7.25K p/w;£350K - £1.1M;Weak;Very Strong;6.65;1;1104;0;0;0.0;1.01;1.01;-1.01;0.1;0%;0.336666666666667;0.2;0.0;0.0;0%;0;0;0;1;0.1;2.09;0.2;87%;43.0;0.2;1.4;4.6;6.4;1.5;22;6.4;1.5;23;2.6;7;0;16.3;8.6;1.5;3.6;8.6;63;30;2;0.9;1.5;0.7;18;2;0;12.6;22.8;No recurring injuries;Below Average;3.7;29;0.3;0;0;0;0;0;0;0;0;0;0;0.9;1.2
Jupiler Pro League;STVV;Wolke Janssens;D (C);;D (C);31;"6'1""";£1.3K - £2.3K p/w;Not for Sale;Weak;Very Strong;6.75;0;1184;0;0;0.0;0.29;0.29;-0.29;0.0;0%;0.145;0.2;0.0;0.0;0%;0;0;0;0;0.0;0.39;0.0;93%;39.8;0.0;0.0;2.4;0.0;0.0;0;0.0;0.0;0;0.2;2;0;3.7;13.1;0.5;2.8;2.9;70;10;2;0.4;0.8;0.5;6;1;0;10.0;2.6;No recurring injuries;Average;3.1;51;0.5;0;0;0;0;0;0;0;0;0;0;0.8;1.2
Ligue 2 BKT;Montpellier;Enzo Tchato;D (R);D (C);D (RC);24;"6'0""";£5.75K - £8.5K p/w;£170K - £1.7M;Reasonable;Very Strong;6.95;0;1099;0;0;0.0;1.18;1.18;-1.18;0.1;0%;0.196666666666667;0.5;0.0;0.3;0%;0;0;0;0;0.0;0.79;0.1;84%;54.6;0.2;1.1;7.2;1.8;0.2;9;1.8;0.2;9;0.3;7;1;13.3;12.2;2.3;2.5;6.9;90;31;4;1.0;2.0;0.9;5;0;0;10.5;12.8;No recurring injuries;Above Average;4.7;60;0.4;0;0;1;0;0;0;0;0;0;0;1.2;0.7
Bundesliga 2;SV Elversberg;Nicolas Kristof;GK;;GK;26;"6'1""";£6.5K - £9.25K p/w;£24K - £240K;Reasonable;Very Strong;6.74;2;1414;0;0;0.0;0;0;0;0.0;0%;0;0.0;0.0;0.0;0%;0;0;0;0;0.0;0;0.0;78%;23.0;0.0;0.0;0.0;0.0;0.0;0;0.0;0.0;0;0.0;2;0;7.6;4.5;0.0;0.0;0.0;0;1;0;0.0;2.5;0.0;1;1;0;5.7;0.0;No recurring injuries;Below Average;0.0;0;0.0;5;2.12;1;70;11;25;6;18;1;0;1.0;1.1
Eredivisie;Willem II;Raffael Behounek;D (C);;D (C);29;"6'2""";£2.6K - £3.8K p/w;£500K - £5.2M;Weak;Very Strong;6.79;1;1350;0;0;0.0;0.97;0.97;-0.97;0.1;0%;0.138571428571429;0.5;0.1;0.1;29%;0;0;0;0;0.0;1.05;0.1;91%;43.1;0.2;0.1;1.3;0.0;0.0;0;0.0;0.0;0;0.0;2;0;3.0;14.9;0.3;2.7;2.0;83;6;0;0.8;0.9;1.1;5;2;0;9.7;3.9;No recurring injuries;Low;5.4;70;1.4;0;0;0;0;0;0;0;0;0;0;0.7;1.1
Eredivisie;sc Heerenveen;Oliver Braude;DM;M (R);D/WB (R), DM, M (RC);22;"5'9""";£1.7K - £2.8K p/w;£4.7M - £7.6M;Very Strong;Reasonable;6.65;0;1257;0;0;0.0;1.1;1.1;-1.1;0.1;0%;0.183333333333333;0.4;0.1;0.1;33%;0;0;0;1;0.1;0.14;0.0;87%;54.1;0.0;0.9;7.9;3.2;0.4;13;2.8;0.3;10;1.3;9;1;14.0;8.7;1.1;3.3;7.8;67;24;1;0.4;0.9;0.4;14;2;0;11.5;14.0;No recurring injuries;Below Average;4.2;47;0.3;0;0;0;0;0;0;0;0;0;0;0.7;0.9
Ligue 1 McDonald's;Reims;Mario De Luis;GK;;GK;24;"6'1""";£14K - £17.5K p/w;£160K;Weak;Very Strong;6.37;0;1080;0;0;0.0;0;0;0;0.0;0%;0;0.0;0.0;0.0;0%;0;0;0;0;0.0;0;0.0;87%;24.2;0.0;0.0;0.2;0.0;0.0;0;0.0;0.0;0;0.0;4;0;8.1;3.8;0.0;0.1;0.0;0;0;0;0.0;2.6;0.0;0;0;0;5.1;0.0;No recurring injuries;Below Average;0.0;0;0.0;2;-2.57;0;64;12;20;3;20;0;0;1.2;1.7
Sky Bet Championship;Hull;Charlie Hughes;D (C);;D (C);23;"6'2""";£10.75K - £12.25K p/w;£10.5M - £14.5M;Reasonable;Very Strong;6.94;1;1620;0;0;0.0;0.38;0.38;-0.38;0.0;0%;0.0633333333333333;0.3;0.1;0.2;33%;0;0;0;3;0.2;1.73;0.1;92%;52.9;0.3;0.5;2.3;0.1;0.0;0;0.1;0.0;0;0.0;5;0;2.3;18.9;0.3;3.7;2.5;55;11;3;0.8;0.9;1.1;9;3;0;9.5;5.2;No recurring injuries;Below Average;4.1;60;0.5;0;0;0;0;0;0;0;0;0;0;1.3;1.2
First Division;Elche;Alejandro Iturbe;GK;;GK;23;"6'1""";£10K - £12.75K p/w;£5.2M;Reasonable;Very Strong;6.34;0;1472;0;0;0.0;0;0;0;0.0;0%;0;0.0;0.0;0.0;0%;0;0;0;0;0.0;0;0.0;80%;24.5;0.0;0.0;0.0;0.0;0.0;0;0.0;0.0;0;0.0;4;0;9.3;1.8;0.0;0.0;0.0;0;0;0;0.0;3.5;0.0;0;0;1;5.7;0.0;No recurring injuries;Below Average;0.0;0;0.0;2;-7.63;0;67;14;36;7;28;0;0;1.0;1.7
Premier League;Famalicão;Ibrahima Ba;D (C);;D (C);23;"6'3""";£1.6K - £2.7K p/w;Unknown;Very Weak;Very Weak;6.72;0;1380;0;0;0.0;0.97;0.97;-0.97;0.1;0%;0.161666666666667;0.4;0.2;0.1;50%;0;0;0;0;0.0;0.77;0.1;92%;45.9;0.0;0.2;2.5;0.0;0.0;0;0.0;0.0;0;0.0;3;1;3.1;12.1;0.9;3.0;2.3;100;14;2;0.7;1.4;0.7;4;1;0;10.2;4.4;No recurring injuries;Low;5.3;65;0.5;0;0;0;0;0;0;0;0;0;0;1.2;1.2
Premier League;Torreense;David Costa;M (C);M (R), AM (C);M/AM (RC);22;"5'7""";£825 - £1.3K p/w;Unknown;Very Weak;Very Weak;6.50;1;1166;0;0;0.0;0.38;0.38;-0.38;0.0;0%;0.095;0.3;0.1;0.1;25%;0;0;0;2;0.2;0.39;0.0;83%;6.3;0.2;0.2;0.8;0.2;0.1;50;0.2;0.1;50;0.8;5;0;17.5;8.0;0.2;0.6;1.2;50;4;0;0.0;0.0;0.0;1;0;0;1.6;1.6;No recurring injuries;Below Average;0.7;0;0.0;0;0;0;0;0;0;0;0;0;0;1.2;1.9
Jupiler Pro League;Standard;Daan Dierckx;D (C);;D (C);23;"6'4""";£2K - £3.3K p/w;£240K - £2.4M;Reasonable;Very Strong;6.58;0;1366;0;0;0.0;0.27;0.27;-0.27;0.0;0%;0.054;0.3;0.0;0.1;0%;0;0;0;0;0.0;1.24;0.1;93%;40.7;0.1;0.0;1.9;0.0;0.0;0;0.0;0.0;0;0.0;3;0;3.8;13.8;0.3;3.3;3.2;71;7;1;0.7;0.8;0.5;8;4;0;9.8;4.7;No recurring injuries;Average;5.5;72;0.9;0;0;0;0;0;0;0;0;0;0;0.8;0.7
Ligue 1 McDonald's;Saint-Étienne;Julien Le Cardinal;D (C);D (R);D (RC);29;"6'0""";£18.75K - £21.5K p/w;£3.4M - £6.8M;Reasonable;Very Strong;6.69;0;1386;0;0;0.0;0.33;0.33;-0.33;0.0;0%;0.165;0.1;0.0;0.0;0%;0;0;0;0;0.0;0.8;0.1;92%;40.8;0.1;0.1;2.1;0.1;0.1;100;0.1;0.1;100;0.0;4;0;3.8;11.7;0.8;2.3;3.3;100;13;2;0.6;1.0;0.9;7;2;0;10.5;3.8;No recurring injuries;Below Average;5.4;47;1.1;0;0;0;0;0;0;0;0;0;0;0.5;1.4
Bundesliga;1. FC Magdeburg;Rayan Ghrieb;AM (R);M (R), AM (LC);M (R), AM (RLC);27;"6'0""";£6.25K - £9.75K p/w;£2.1M - £4.6M;Very Strong;Reasonable;6.95;0;1094;0;0;0.0;1.41;1.41;-1.41;0.1;0%;0.094;1.2;0.3;0.5;27%;1;0;0;0;0.0;2.54;0.2;90%;42.4;0.5;2.0;3.4;6.2;1.6;26;4.9;1.6;32;5.9;13;2;19.7;3.7;0.9;2.5;8.5;79;14;0;0.3;0.6;0.0;17;2;0;12.4;14.3;No recurring injuries;Above Average;3.4;39;0.0;0;0;0;0;0;0;0;0;0;0;0.8;1.3
Jupiler Pro League;KV Mechelen;Ryan Teague;M (C);AM (C);DM, M/AM (C);24;"6'0""";£2.1K - £3.4K p/w;£110K - £1.1M;Very Strong;Reasonable;6.94;2;1882;0;0;0.0;0.92;0.92;-0.92;0.0;0%;0.131428571428571;0.3;0.1;0.1;29%;0;0;0;2;0.1;3.38;0.2;90%;51.2;0.4;1.2;6.3;0.6;0.1;23;0.3;0.1;50;0.2;12;1;5.9;13.7;1.4;2.8;6.3;85;34;3;0.5;0.9;0.2;9;1;0;11.1;10.6;No recurring injuries;Below Average;1.5;55;0.4;0;0;0;0;0;0;0;0;0;0;1.3;1.4
Bundesliga 2;FC Schalke 04;Mertcan Ayhan;D (C);DM;D (C), DM;20;"6'3""";£6.75K - £10.75K p/w;£3.5M - £7.2M;Reasonable;Very Strong;6.74;0;1167;0;0;0.0;1.08;1.08;-1.08;0.1;0%;0.135;0.6;0.0;0.2;0%;0;0;0;0;0.0;0.53;0.0;94%;45.6;0.2;0.0;2.1;0.0;0.0;0;0.0;0.0;0;0.0;5;0;2.9;14.2;0.6;3.0;3.2;80;10;0;0.4;0.5;0.2;14;1;1;10.2;2.7;No recurring injuries;Above Average;4.7;67;1.3;0;0;0;0;0;0;0;0;0;0;0.9;0.6
Bundesliga;VfL Bochum 1848;Cajetan Lenz;DM;;DM, M (C);20;"6'3""";£7K - £11.5K p/w;£6.8M - £8.6M;Reasonable;Very Strong;6.90;0;1067;0;0;0.0;0.17;0.17;-0.17;0.0;0%;0.0425;0.3;0.1;0.1;25%;0;0;0;1;0.1;2;0.2;91%;59.6;0.6;1.0;6.1;0.1;0.0;0;0.1;0.0;0;0.0;3;1;6.9;11.4;0.7;3.6;5.4;42;19;1;0.3;0.5;0.1;10;1;1;11.8;13.7;No recurring injuries;Below Average;1.9;74;0.3;0;0;0;0;0;0;0;0;0;0;0.7;1.3
Sky Bet Championship;Cardiff;Joe Gauci;GK;;GK;26;"6'4""";£10K - £13.25K p/w;£300K;Reasonable;Very Strong;6.85;0;1921;0;0;0.0;0;0;0;0.0;0%;0;0.0;0.0;0.0;0%;0;0;0;0;0.0;0;0.0;77%;23.6;0.0;0.0;0.0;0.0;0.0;0;0.0;0.0;0;0.0;7;0;6.9;4.5;0.0;0.0;0.0;0;0;0;0.0;3.0;0.0;1;1;0;5.6;0.0;No recurring injuries;Low;0.0;0;0.0;6;8.05;0;74;15;43;11;24;0;0;1.4;1.1
Jupiler Pro League;KV Mechelen;Simen Juklerød;D (L);;D/WB (L);32;"6'2""";£2K - £2.9K p/w;£6K - £65K;Very Strong;Reasonable;6.75;0;1308;0;0;0.0;0.04;0.04;-0.04;0.0;0%;0.04;0.1;0.0;0.0;0%;0;0;0;1;0.1;0.44;0.0;90%;55.3;0.1;0.8;6.2;1.7;0.4;25;1.2;0.3;24;0.8;9;3;17.9;11.4;1.7;3.2;8.0;73;33;3;0.5;1.1;0.4;13;0;0;11.2;14.9;No recurring injuries;Below Average;2.7;51;0.3;0;0;0;0;0;0;0;0;0;0;1.0;1.2
Sky Bet Championship;Sheffield United;Femi Seriki;D/WB (R);;D/WB (R);23;"6'0""";£14.75K - £19.5K p/w;£5.8M - £9.6M;Weak;Very Strong;7.13;1;1304;0;0;0.0;1.03;1.03;-1.03;0.1;0%;0.114444444444444;0.6;0.0;0.1;0%;0;0;0;1;0.1;0.39;0.0;88%;51.6;0.1;0.9;6.8;2.3;0.1;6;2.3;0.1;6;1.0;15;3;11.7;14.2;2.5;2.7;7.7;90;40;3;0.3;1.0;0.2;15;1;0;12.1;17.6;No recurring injuries;Above Average;4.2;70;1.0;0;0;0;0;0;0;0;0;0;0;1.7;1.0
Second Division;F.C. Andorra;Diego Alende;D (C);DM;D (C), DM;29;"6'0""";£2.8K - £4.8K p/w;£160K - £1.6M;Fairly Strong;Very Strong;6.74;1;1430;0;0;0.0;1.21;1.21;-1.21;0.1;0%;0.15125;0.5;0.1;0.1;13%;0;0;0;0;0.0;0.16;0.0;92%;43.2;0.0;0.1;2.0;0.1;0.0;0;0.1;0.0;0;0.1;2;0;4.1;16.0;0.7;2.6;3.3;85;13;1;0.7;1.4;0.7;10;2;0;9.8;5.5;No recurring injuries;Below Average;3.4;56;0.4;0;0;0;0;0;0;0;0;0;0;0.9;1.3
Jupiler Pro League;KV Kortrijk;Marko Ilić;GK;;GK;28;"6'3""";£4.1K - £6K p/w;£190K - £1.9M;Weak;Very Strong;6.81;3;1740;0;0;0.0;0;0;0;0.0;0%;0;0.0;0.0;0.0;0%;0;0;0;0;0.0;0;0.0;82%;23.1;0.0;0.0;0.0;0.0;0.0;0;0.0;0.0;0;0.0;8;0;6.2;4.9;0.0;0.0;0.0;0;4;0;0.0;3.6;0.0;0;0;0;5.8;0.0;No recurring injuries;Below Average;0.0;0;0.0;6;1.44;0;71;15;28;11;22;4;0;1.4;1.1
Second Division;Zaragoza;Martín Aguirregabiria;D (R);;D/WB (R);30;"5'10""";£2.8K - £4K p/w;£45K - £450K;Weak;Very Strong;6.90;1;1159;0;0;0.0;1.55;1.55;-1.55;0.1;0%;0.258333333333333;0.5;0.1;0.2;17%;1;0;0;2;0.2;0.79;0.1;84%;55.4;0.2;1.2;7.7;1.4;0.4;27;1.4;0.4;28;0.5;10;2;14.4;12.4;1.9;2.8;7.9;76;33;3;0.4;0.9;0.5;16;1;0;11.3;15.7;No recurring injuries;Above Average;2.7;63;0.2;0;0;0;0;0;0;0;0;0;0;1.2;0.8
Second Division;Córdoba;Rubén Alves;D (C);;D (C);32;"6'0""";£6K - £8.75K p/w;Not for Sale;Very Strong;Weak;6.93;1;1776;0;0;0.0;0.35;0.35;-0.35;0.0;0%;0.0875;0.2;0.1;0.1;25%;0;0;0;0;0.0;1.38;0.1;92%;43.5;0.0;0.3;2.2;0.2;0.1;33;0.2;0.1;33;0.1;7;0;3.5;14.9;0.5;3.0;2.3;83;12;6;1.0;1.1;0.9;5;1;0;10.0;4.9;No recurring injuries;Average;3.2;65;0.2;0;0;0;0;0;0;0;0;0;0;1.2;1.0
Ligue 2 BKT;Grenoble;Lucas Bernadou;M (C);DM, AM (C);DM, M/AM (C);26;"5'10""";£1.8K - £2.6K p/w;£16K - £160K;Reasonable;Very Strong;6.44;0;1109;0;0;0.0;0.19;0.19;-0.19;0.0;0%;0.0475;0.3;0.2;0.2;50%;0;0;0;1;0.1;1.82;0.1;88%;4.0;0.1;0.2;0.4;0.1;0.0;0;0.1;0.0;0;0.0;5;0;15.6;8.8;0.2;0.3;0.6;67;3;0;0.0;0.1;0.0;1;1;0;0.9;0.6;No recurring injuries;High;0.0;0;0.0;0;0;0;0;0;0;0;0;0;0;1.1;1.1
Bundesliga 2;1. FC Saarbrücken;Niko Bretschneider;D (L);WB/M (L);D/WB/M (L);27;"5'11""";£3.4K - £4.9K p/w;£60K - £200K;Very Strong;Reasonable;6.69;0;1195;0;0;0.0;0.11;0.11;-0.11;0.0;0%;0.11;0.1;0.0;0.0;0%;0;0;0;1;0.1;0.74;0.1;88%;55.3;0.1;1.4;7.0;2.9;0.1;2;2.9;0.1;3;0.5;13;1;13.9;9.4;2.0;2.5;6.7;73;37;1;0.7;1.5;0.2;8;1;0;11.3;14.8;No recurring injuries;Above Average;3.3;61;0.4;0;0;0;0;0;0;0;0;0;0;0.8;1.2
Second Division;F.C. Andorra;Sergio Molina;DM;;DM, M (C);30;"5'10""";£1.6K - £2.5K p/w;£100K - £1M;Fairly Strong;Very Strong;6.98;0;1617;0;0;0.0;1.55;1.55;-1.55;0.1;0%;0.155;0.6;0.1;0.3;20%;0;0;0;2;0.1;4.03;0.2;92%;52.9;0.3;1.0;6.0;0.2;0.0;0;0.2;0.0;0;0.1;9;1;6.2;13.9;1.3;2.9;5.4;77;31;0;0.5;1.1;0.2;12;1;0;11.8;10.9;No recurring injuries;Below Average;1.8;31;0.1;0;0;0;0;0;0;0;0;0;0;1.1;1.1
Jupiler Pro League;Dender EH;Martin Wasinski;D (C);DM;D (C), DM;22;"6'1""";£3.6K - £5.5K p/w;£190K - £1.9M;Reasonable;Very Strong;6.68;0;1101;0;0;0.0;0.23;0.23;-0.23;0.0;0%;0.115;0.2;0.0;0.1;0%;0;0;0;0;0.0;0.34;0.0;92%;40.8;0.0;0.2;1.3;0.0;0.0;0;0.0;0.0;0;0.2;2;0;3.3;15.9;0.4;3.6;2.6;71;7;2;0.7;0.4;1.6;4;0;0;10.0;3.3;No recurring injuries;Below Average;3.6;55;0.8;0;0;0;0;0;0;0;0;0;0;1.0;1.6
Second Division;Coruña;Miguel Loureiro;D (R);WB (R);D (RC), WB (R);30;"5'11""";£7.25K - £8.75K p/w;£1M - £2.2M;Weak;Very Strong;6.83;0;1495;0;0;0.0;1.6;1.6;-1.6;0.1;0%;0.16;0.6;0.1;0.1;10%;0;0;0;1;0.1;1.78;0.1;89%;44.1;0.2;0.6;3.4;1.1;0.1;10;1.1;0.1;11;0.2;5;1;5.2;12.6;0.6;3.1;3.4;53;19;3;0.5;1.4;0.7;9;4;0;10.8;7.5;No recurring injuries;Below Average;3.4;52;0.7;0;0;0;0;0;0;0;0;0;0;1.0;1.0
Second Division;Eibar;Álvaro Rodríguez;D (R);M/AM (R);D/WB/M/AM (R);32;"5'11""";£4.7K - £7.75K p/w;£50K - £500K;Reasonable;Very Strong;6.86;1;1020;0;0;0.0;0.44;0.44;-0.44;0.0;0%;0.146666666666667;0.3;0.1;0.0;33%;0;0;0;2;0.2;1.27;0.1;90%;51.6;0.3;1.0;7.1;2.8;0.7;25;2.8;0.7;25;0.7;8;3;17.9;9.9;1.4;2.8;7.8;84;19;0;0.4;1.2;0.1;7;0;0;11.1;15.9;No recurring injuries;High;4.1;50;0.4;0;0;0;0;0;0;0;0;0;0;1.0;1.2
Bundesliga 2;FC Schalke 04;Mika Wallentowitz;WB (R);D (R), ST (C);D/WB/M/AM (R), ST (C);18;"6'2""";£4.9K - £7K p/w;£4.5M - £5.8M;Weak;Very Strong;6.81;0;1301;0;0;0.0;0;0;0;0.0;0%;0;0.0;0.0;0.0;0%;0;0;0;0;0.0;1.14;0.1;85%;46.6;0.1;2.2;5.9;6.4;1.3;20;6.4;1.3;21;2.6;18;3;18.7;6.9;2.5;3.0;9.9;82;44;0;0.3;0.8;0.1;13;0;0;12.7;25.7;No recurring injuries;Average;3.6;50;0.2;0;0;0;0;0;0;0;0;0;0;0.9;0.7
Bundesliga 2;SV Elversberg;Maximilian Rohr;D (C);M (C);D (C), DM, M (C);31;"6'4""";£7.5K - £11K p/w;Not for Sale;Reasonable;Very Strong;6.82;0;1076;0;0;0.0;1.17;1.17;-1.17;0.1;0%;0.2925;0.3;0.1;0.1;25%;0;0;0;0;0.0;0.82;0.1;91%;41.7;0.1;0.0;1.6;0.1;0.0;0;0.1;0.0;0;0.0;3;0;2.8;18.7;0.2;3.1;3.0;67;3;0;0.9;0.5;0.6;5;3;0;10.4;3.5;No recurring injuries;High;5.9;72;1.3;0;0;0;0;0;0;0;0;0;0;1.1;1.0
Bundesliga 2;Eintracht Braunschweig;Florian Flick;DM;D/M (C);D (C), DM, M (C);26;"6'2""";£6.5K - £9.75K p/w;£130K - £1.3M;Reasonable;Very Strong;6.82;0;1008;0;0;0.0;0.12;0.12;-0.12;0.0;0%;0.06;0.2;0.0;0.1;0%;0;0;0;1;0.1;2.06;0.2;89%;51.0;0.2;0.5;3.0;0.2;0.1;50;0.2;0.1;50;0.0;1;0;7.0;12.7;1.2;2.3;6.9;93;15;0;1.0;1.0;0.5;11;4;0;11.8;11.4;No recurring injuries;Below Average;2.7;67;0.0;0;0;0;0;0;0;0;0;0;0;0.9;0.6
Bundesliga 2;1. FC Kaiserslautern;Leon Robinson;DM;M (C);D (C), DM, M (C);25;"6'1""";£7.5K - £11K p/w;£250K - £2.6M;Weak;Very Strong;6.88;1;1252;0;0;0.0;0.22;0.22;-0.22;0.0;0%;0.0733333333333333;0.2;0.1;0.1;67%;0;0;0;2;0.1;2.04;0.1;90%;51.3;0.5;0.7;4.0;0.1;0.0;0;0.1;0.0;0;0.1;13;2;7.1;12.7;1.5;2.7;6.1;91;23;0;1.0;1.2;0.4;12;2;0;11.2;10.6;No recurring injuries;Above Average;2.8;49;0.1;0;0;0;0;0;0;0;0;0;0;1.2;0.6
Second Division;Tenerife;José León;D (C);;D (C);31;"6'1""";£3.7K - £4.3K p/w;£7M;Very Strong;Weak;6.78;0;1735;0;0;0.0;0.78;0.78;-0.78;0.0;0%;0.195;0.2;0.0;0.1;0%;1;0;0;0;0.0;1.07;0.1;91%;40.8;0.0;0.1;1.5;0.0;0.0;0;0.0;0.0;0;0.1;3;0;3.6;13.2;0.4;3.3;2.2;89;9;1;0.6;0.7;1.2;11;4;0;10.0;3.8;No recurring injuries;Average;3.8;75;0.6;0;0;0;0;0;0;0;0;0;0;1.0;1.3
Jupiler Pro League;KV Kortrijk;Matthew Anderson;D (L);;D/WB (L);22;"5'9""";£2.1K - £3.1K p/w;£350K - £3.4M;Very Strong;Reasonable;6.80;1;1427;0;0;0.0;0.58;0.58;-0.58;0.0;0%;0.116;0.3;0.0;0.1;0%;0;0;0;3;0.2;0.88;0.1;87%;56.7;0.1;0.9;7.4;2.8;1.0;35;2.8;1.0;36;1.4;16;0;14.3;14.1;2.1;3.6;6.6;79;43;1;0.8;1.5;0.6;22;7;0;11.9;15.7;No recurring injuries;Low;2.3;39;0.1;0;0;0;0;0;0;0;0;0;0;1.4;1.1
Second Division;Málaga;Álex Martín;D (C);;D (C);28;"6'0""";£2.2K - £3.5K p/w;£130K - £1.3M;Weak;Very Strong;6.91;1;1461;0;0;0.0;0;0;0;0.0;0%;0;0.0;0.0;0.0;0%;0;0;0;0;0.0;0.49;0.0;92%;41.3;0.1;0.0;1.7;0.0;0.0;0;0.0;0.0;0;0.0;1;2;3.3;15.3;0.4;2.7;2.2;86;7;0;0.4;0.7;0.4;11;3;0;9.5;2.8;No recurring injuries;Below Average;5.2;76;1.9;0;0;1;0;0;0;0;0;0;0;1.5;0.7
First Division;Oviedo;Dani Calvo;D (C);;D (C);32;"6'3""";£5K - £8.75K p/w;Not for Sale;Reasonable;Very Strong;6.81;0;1350;0;0;0.0;0.51;0.51;-0.51;0.0;0%;0.102;0.3;0.1;0.1;40%;0;0;0;0;0.0;0.31;0.0;93%;45.5;0.1;0.1;1.5;0.1;0.0;0;0.1;0.0;0;0.1;2;0;3.9;10.2;1.2;1.7;2.7;95;19;2;0.7;1.6;0.3;6;0;0;10.2;3.6;No recurring injuries;Below Average;4.3;81;1.0;0;0;0;0;0;0;0;0;0;0;1.1;2.1
Ligue 2 BKT;Angers SCO;Prosper Peter;ST (C);;ST (C);19;"6'2""";£9.25K - £11.5K p/w;£7M - £11M;Very Strong;Reasonable;7.04;0;1279;8;159.875;0.6;3.17;3.17;4.83;0.2;22%;0.0856756756756757;2.6;1.5;0.8;59%;0;0;0;2;0.1;1.54;0.1;89%;25.1;0.1;1.3;1.1;0.5;0.1;14;0.5;0.1;14;0.6;26;9;17.3;3.0;0.1;0.8;1.7;67;3;0;0.1;0.0;0.0;10;0;0;10.0;5.6;No recurring injuries;Below Average;7.9;43;0.2;0;0;0;0;0;0;0;0;0;0;1.8;0.8
Jupiler Pro League;Westerlo;Afonso Patrão;ST (C);AM (R);AM (R), ST (C);19;"6'0""";£525 - £775 p/w;£450K - £4.6M;Reasonable;Very Strong;6.72;1;1210;7;172.857142857143;0.5;1.96;1.96;5.04;0.1;37%;0.103157894736842;1.4;0.8;0.6;58%;6;2;100;0;0.0;0.74;0.1;91%;24.0;0.1;0.8;0.7;0.1;0.0;0;0.1;0.0;0;0.4;19;4;19.9;1.7;0.3;0.5;0.9;67;6;0;0.0;0.4;0.0;9;1;0;9.9;4.5;No recurring injuries;Low;7.7;31;0.0;0;0;0;0;0;0;0;0;0;0;1.3;1.2
Sky Bet Championship;Norwich;Jovon Makama;ST (C);M (R), AM (L);M (R), AM (RL), ST (C);22;"6'5""";£19K - £22.5K p/w;£6.6M - £11M;Weak;Very Strong;6.85;1;1741;10;174.1;0.5;8.05;8.05;1.95;0.4;15%;0.118382352941176;3.5;1.6;1.1;46%;1;0;0;0;0.0;0.9;0.0;87%;28.5;0.1;0.9;0.8;0.4;0.2;37;0.4;0.2;38;0.8;37;12;19.5;2.0;0.2;0.6;1.3;60;5;0;0.1;0.3;0.0;19;0;0;10.8;6.5;No recurring injuries;Below Average;6.2;44;0.3;0;0;0;0;0;0;0;0;0;0;0.9;0.9
Eredivisie;FC Groningen;Thom van Bergen;ST (C);;AM (R), ST (C);22;"5'11""";£2.3K - £3.9K p/w;£425K - £4.2M;Reasonable;Very Strong;7.14;1;1235;7;176.428571428571;0.5;3.4;3.4;3.6;0.2;23%;0.109677419354839;2.3;0.9;0.7;39%;0;0;0;3;0.2;4.05;0.3;87%;45.0;0.7;1.8;3.6;3.3;0.9;26;3.3;0.9;27;3.3;12;5;15.4;6.6;1.4;1.6;10.1;83;23;0;0.4;0.4;0.0;16;1;1;12.2;17.3;No recurring injuries;Low;3.7;25;0.1;0;0;0;0;0;0;0;0;0;0;1.3;0.9
Premier League;Sporting CP;Flávio Gonçalves;AM (L);M (L), AM (C), ST (C);M (L), AM (RLC), ST (C);19;"5'8""";£1.8K - £2.9K p/w;Unknown;Very Weak;Very Weak;6.95;1;1116;6;186;0.5;1.67;1.67;4.33;0.1;29%;0.0795238095238095;1.7;0.7;0.8;43%;0;0;0;4;0.3;3.21;0.3;92%;41.3;0.6;1.6;3.5;2.8;1.0;34;2.7;1.0;35;3.7;10;5;16.7;4.5;1.9;2.8;9.8;85;27;0;0.6;0.6;0.1;17;1;0;11.7;13.8;No recurring injuries;Low;2.8;14;0.0;0;0;0;0;0;0;0;0;0;0;1.9;0.6
Ligue 2 BKT;SM Caen;Ivann Botella;ST (C);AM (LC);AM (LC), ST (C);27;"5'11""";£2.6K - £4.2K p/w;£55K - £550K;Weak;Very Strong;6.79;2;1315;7;187.857142857143;0.5;4.77;4.77;2.23;0.3;18%;0.125526315789474;2.6;1.2;0.6;45%;0;0;0;0;0.0;0.84;0.1;88%;23.7;0.1;1.0;0.7;0.9;0.3;30;0.9;0.3;31;0.2;33;9;20.1;1.6;0.1;0.4;1.8;50;4;0;0.1;0.1;0.0;21;1;0;10.2;5.8;No recurring injuries;Below Average;8.4;24;0.0;0;0;0;0;0;0;0;0;0;0;1.2;1.2
Ligue 2 BKT;Amiens SC;Joshua Duffus;ST (C);AM (RL);AM (RL), ST (C);21;"6'0""";£2.2K - £3.2K p/w;£550K - £5.6M;Reasonable;Very Strong;6.68;1;1014;5;202.8;0.4;4.2;4.2;0.8;0.4;13%;0.107692307692308;3.5;1.5;0.8;44%;1;0;0;0;0.0;0.18;0.0;88%;25.8;0.0;0.9;0.7;0.3;0.0;0;0.3;0.0;0;1.0;23;11;22.8;1.6;0.1;0.7;2.1;33;3;0;0.0;0.1;0.0;13;1;0;10.3;8.6;No recurring injuries;Below Average;7.2;19;0.1;0;0;0;0;0;0;0;0;0;0;0.9;1.2
Sky Bet Championship;Watford;Luca Kjerrumgaard;ST (C);;ST (C);23;"6'3""";£8.25K - £11.5K p/w;£400K - £3.9M;Very Strong;Strong;6.85;1;1641;8;205.125;0.4;6.98;6.98;1.02;0.4;15%;0.134230769230769;2.9;1.0;0.9;35%;0;0;0;1;0.1;1.29;0.1;91%;25.4;0.3;0.8;0.6;0.5;0.2;33;0.5;0.2;33;0.3;15;8;22.4;1.4;0.3;0.7;1.7;71;7;1;0.2;0.2;0.0;9;0;0;10.6;5.9;No recurring injuries;Average;7.4;38;0.1;0;0;0;0;0;0;0;0;0;0;1.3;1.4
Ligue 2 BKT;Red Star FC;Abdelsamad Hachem;ST (C);;ST (C);24;"6'2""";£1.2K - £1.8K p/w;£24K - £250K;Weak;Very Strong;6.71;0;1080;5;216;0.4;5.5;5.5;-0.5;0.5;10%;0.114583333333333;4.0;2.1;1.4;52%;0;0;0;1;0.1;0.3;0.0;88%;25.8;0.1;1.0;0.5;0.4;0.1;20;0.4;0.1;20;0.6;23;11;30.2;0.9;0.1;0.9;1.4;100;1;0;0.1;0.2;0.0;13;0;0;10.4;4.7;No recurring injuries;High;9.5;46;0.2;0;0;0;0;0;0;0;0;0;0;0.8;0.7
Ligue 2 BKT;Clermont Foot;Ilhan Fakili;AM (L);M (RL), AM (R);M/AM (RL);20;"5'11""";£4.1K - £6K p/w;£650K - £6.4M;Weak;Very Strong;6.82;1;1321;6;220.166666666667;0.4;2.93;2.93;3.07;0.2;24%;0.1172;1.7;0.8;0.7;48%;0;0;0;0;0.0;3;0.2;88%;44.5;0.2;1.6;3.0;2.0;0.4;20;2.0;0.4;20;3.3;15;4;15.6;6.6;1.6;2.5;8.3;75;32;1;0.1;0.3;0.0;17;0;0;10.8;12.7;No recurring injuries;High;4.0;48;0.2;0;0;0;0;0;0;0;0;0;0;1.3;0.5
Eredivisie;Fortuna Sittard;Jasper Dahlhaus;AM (R);WB (RL), M (L);WB/M/AM (RL);25;"5'9""";£1.7K - £2.7K p/w;£425K - £4.3M;Fairly Strong;Very Strong;6.92;2;1165;5;233;0.4;1.42;1.42;3.58;0.1;28%;0.0788888888888889;1.4;0.8;0.7;56%;0;0;0;2;0.2;2.92;0.2;81%;41.9;0.2;1.4;3.0;4.8;1.2;25;4.4;1.1;25;3.7;14;4;16.8;6.3;2.0;1.2;9.6;90;29;0;0.3;0.5;0.1;13;0;0;12.2;17.5;No recurring injuries;Low;3.4;18;0.0;0;0;0;0;0;0;0;0;0;0;1.1;0.9
Sky Bet Championship;Millwall;Alysson Edward;AM (R);AM (L);AM (RL);20;"5'10""";£21K - £30.5K p/w;£9.2M - £11.5M;Very Strong;Weak;7.15;3;1867;8;233.375;0.4;6.49;6.49;1.51;0.3;18%;0.144222222222222;2.2;0.8;0.4;36%;1;0;0;1;0.0;3.85;0.2;87%;42.9;0.1;1.7;4.0;3.9;1.0;25;3.9;1.0;25;5.0;21;8;17.6;5.2;1.3;1.8;9.1;79;34;0;0.3;0.4;0.0;30;0;0;11.8;17.0;No recurring injuries;Below Average;4.1;47;0.0;0;0;0;0;0;0;0;0;0;0;1.2;0.9
Bundesliga 2;Fortuna Düsseldorf;Jykese Fields;ST (C);AM (R);AM (R), ST (C);19;"6'2""";£3.5K - £5.75K p/w;£400K - £4.1M;Reasonable;Very Strong;6.85;0;1235;5;247;0.4;4.83;4.83;0.17;0.4;14%;0.130540540540541;2.7;1.2;0.6;43%;1;1;100;0;0.0;0.22;0.0;90%;24.6;0.1;0.9;0.6;0.2;0.0;0;0.2;0.0;0;1.0;27;9;27.5;1.2;0.1;0.9;0.8;33;3;0;0.1;0.3;0.0;10;0;0;9.3;4.7;No recurring injuries;Average;7.7;37;0.1;0;0;0;0;0;0;0;0;0;0;0.7;1.2
Eredivisie;Sparta Rotterdam;Kenan Fatkić;DM, M (C);;DM, M (C);29;"6'2""";£2.3K - £3.8K p/w;£900K - £2M;Very Strong;Weak;6.48;0;1038;4;259.5;0.3;0.98;0.98;3.02;0.1;31%;0.0753846153846154;1.1;0.6;0.4;54%;0;0;0;1;0.1;3.14;0.3;0%;0.0;0.2;0.1;0.0;0.0;0.0;0;0.0;0.0;0;0.0;4;0;18.1;10.8;0.0;0.0;0.0;0;0;0;0.0;0.0;0.0;1;1;0;0.0;0.0;Recurring torn anterior cruciate ligament;Very High;0.0;0;0.0;0;0;0;0;0;0;0;0;0;0;1.3;1.0
Second Division;Valladolid;Vegard Erlien;AM (LC);ST (C);AM (RLC), ST (C);28;"6'0""";£6.75K - £9.75K p/w;£40K - £425K;Strong;Very Strong;6.59;1;1052;4;263;0.3;2.88;2.88;1.12;0.2;17%;0.125217391304348;2.0;0.9;0.6;43%;0;0;0;0;0.0;3.23;0.3;89%;34.6;0.7;1.3;1.7;2.4;0.9;39;1.5;0.8;50;2.2;8;6;15.7;3.9;0.4;1.5;6.1;83;6;0;0.1;0.3;0.0;7;0;0;10.7;9.0;No recurring injuries;High;6.1;25;0.1;0;0;0;0;0;0;0;0;0;0;1.3;1.5
Serie BKT;Entella;Bernat Guiu;ST (C);AM (R);AM (R), ST (C);26;"5'11""";£13.5K - £16K p/w;£300K - £3M;Weak;Very Strong;6.91;0;1350;5;270;0.3;2.33;2.33;2.67;0.2;16%;0.0751612903225806;2.1;1.2;0.0;58%;0;0;0;1;0.1;2.05;0.1;58%;20.0;0.0;0.0;0.0;0.0;0.0;0;0.0;0.0;0;0.0;19;0;0.0;0.0;0.5;0.0;0.0;88;8;0;0.0;0.0;0.0;19;0;0;0.0;0.0;No recurring injuries;Very Low;0.0;0;0.0;0;0;0;0;0;0;0;0;0;0;0.0;0.0
Sky Bet Championship;Stockport;Kyle Wootton;ST (C);;ST (C);30;"6'2""";£13.25K - £18.5K p/w;£4.9M - £8M;Reasonable;Very Strong;6.91;1;2187;8;273.375;0.3;7.9;7.9;0.1;0.3;12%;0.11969696969697;2.7;1.4;0.8;52%;1;0;0;2;0.1;2.97;0.1;90%;31.6;0.2;0.9;0.7;0.3;0.1;42;0.3;0.1;43;0.5;27;15;16.2;2.4;0.1;0.8;1.3;60;5;0;0.0;0.3;0.0;21;1;0;10.5;8.2;No recurring injuries;Low;9.2;43;0.0;0;0;0;0;0;0;0;0;0;0;1.2;1.5
Ligue 2 BKT;Pau FC;Giovani Versini;AM (R);AM (L);AM (RL);22;"5'6""";£5.75K - £8.25K p/w;£160K - £1.6M;Very Strong;Weak;7.03;3;1104;4;276;0.3;3.63;3.63;0.37;0.3;17%;0.15125;2.0;0.5;0.7;25%;3;0;0;4;0.3;4.09;0.3;87%;40.9;0.6;2.2;3.3;3.1;0.7;23;3.1;0.7;24;3.9;15;1;18.3;4.9;0.9;1.9;9.9;46;24;0;0.2;0.7;0.0;14;3;0;11.4;13.9;No recurring injuries;Below Average;2.6;19;0.0;0;0;0;0;0;0;0;0;0;0;1.1;1.3
Eredivisie;FC Utrecht;Adrian Blake;AM (L);;AM (RL);21;"5'8""";£4.5K - £6.75K p/w;£15M - £18.5M;Weak;Very Strong;7.17;4;1143;4;285.75;0.3;2.77;2.77;1.23;0.2;14%;0.0989285714285714;2.2;0.9;0.7;39%;0;0;0;5;0.4;4.14;0.3;89%;43.4;0.5;2.1;3.6;3.8;0.9;22;3.0;0.8;26;4.2;14;2;17.4;5.9;1.7;2.1;8.6;88;25;0;0.1;0.4;0.0;8;0;0;12.2;14.5;No recurring injuries;Below Average;3.5;56;0.1;0;0;0;0;0;0;0;0;0;0;1.5;0.9
Sky Bet Championship;Bristol City;Sam Bell;AM (L);M (L), ST (C);M (L), AM (RL), ST (C);24;"5'9""";£10.5K - £12.25K p/w;£375K - £3.6M;Weak;Very Strong;7.03;2;1149;4;287.25;0.3;1.98;1.98;2.02;0.2;24%;0.116470588235294;1.3;0.9;0.5;65%;1;0;0;2;0.2;2.56;0.2;89%;39.7;0.2;1.9;4.5;2.3;0.6;27;2.3;0.6;28;2.0;14;5;15.9;4.0;2.0;1.7;6.6;89;28;0;0.3;0.4;0.1;16;2;0;11.4;13.6;No recurring injuries;Below Average;3.6;26;0.0;0;0;0;0;0;0;0;0;0;0;1.6;1.0
Ligue 2 BKT;FC Annecy;Moïse Sahi Dion;ST (C);;ST (C);24;"5'9""";£2.4K - £3.7K p/w;£475K - £1.5M;Very Strong;Fairly Strong;6.64;0;1152;4;288;0.3;3.58;3.58;0.42;0.3;13%;0.115483870967742;2.4;1.3;0.6;55%;1;0;0;0;0.0;2.2;0.2;90%;27.5;0.2;0.9;0.8;0.6;0.1;12;0.6;0.1;13;0.9;29;6;20.2;1.6;0.2;0.9;0.9;100;2;0;0.1;0.3;0.0;18;1;0;10.6;6.1;No recurring injuries;Above Average;8.4;18;0.0;0;0;0;0;0;0;0;0;0;0;0.9;1.2
Ligue 2 BKT;SM Caen;Taylor Luvambo;ST (C);AM (RL);AM (RL), ST (C);27;"5'11""";£2.7K - £4.3K p/w;£475K - £1.5M;Weak;Very Strong;6.74;0;1199;4;299.75;0.3;3.29;3.29;0.71;0.2;11%;0.0889189189189189;2.8;1.5;0.9;54%;3;0;0;0;0.0;0.51;0.0;85%;25.7;0.1;1.1;0.8;0.8;0.0;0;0.5;0.0;0;0.8;21;8;21.8;1.4;0.3;0.7;1.9;100;4;0;0.2;0.2;0.0;12;1;0;10.5;6.5;No recurring injuries;Average;7.6;27;0.0;0;0;0;0;0;0;0;0;0;0;1.2;1.1
Ligue 2 BKT;FC Rouen;Idrissa Seydi;ST (C);WB (L), AM (R);WB (L), AM (RL), ST (C);28;"5'10""";£1.9K - £3.1K p/w;£18K - £180K;Very Strong;Weak;6.73;2;1210;4;302.5;0.3;3.02;3.02;0.98;0.2;25%;0.18875;1.2;0.7;0.1;56%;0;0;0;1;0.1;0.74;0.1;91%;26.9;0.2;0.7;0.1;0.3;0.1;25;0.3;0.1;25;1.0;20;12;27.4;1.5;0.0;1.6;1.7;0;1;0;0.2;0.0;0.0;17;0;0;9.2;4.5;No recurring injuries;Average;9.6;17;0.0;0;0;0;0;0;0;0;0;0;0;0.7;1.4
Sky Bet Championship;Hull;Mason Burstow;ST (C);AM (R);AM (RL), ST (C);23;"6'2""";£13.5K - £18.25K p/w;£700K - £6.8M;Reasonable;Very Strong;6.72;1;1566;5;313.2;0.3;4.26;4.26;0.74;0.2;14%;0.118333333333333;2.1;0.8;0.6;39%;1;0;0;1;0.1;0.46;0.0;88%;26.5;0.0;0.6;0.5;0.3;0.0;0;0.3;0.0;0;0.5;22;11;21.3;1.0;0.3;0.8;1.9;83;6;0;0.1;0.2;0.1;15;1;0;10.3;6.1;No recurring injuries;Very Low;9.4;33;0.0;0;0;0;0;0;0;0;0;0;0;1.3;1.5
Jupiler Pro League;RWDM Brussels;Pjotr Kestens;AM (L);AM (R);AM (RL);25;"5'8""";£625 - £1K p/w;£80K - £800K;Very Strong;Fairly Strong;7.07;1;1267;4;316.75;0.3;2.49;2.49;1.51;0.2;20%;0.1245;1.4;0.9;0.4;65%;0;1;100;2;0.1;2.12;0.2;89%;44.8;0.3;1.9;3.2;4.0;0.9;21;4.0;0.9;21;3.3;12;11;17.8;5.8;1.3;2.1;8.2;86;22;0;0.1;0.6;0.0;21;0;0;11.6;16.4;No recurring injuries;Below Average;4.4;37;0.0;0;0;0;0;0;0;0;0;0;0;1.3;0.9
Sky Bet Championship;Stockport;Harry Howell;AM (R);M (RC), ST (C);M/AM (RC), ST (C);18;"5'11""";£5.5K - £6.25K p/w;£13M - £20M;Very Strong;Weak;6.81;0;1285;4;321.25;0.3;2.79;2.79;1.21;0.2;15%;0.103333333333333;1.9;0.8;0.4;41%;0;1;100;3;0.2;1.73;0.1;89%;41.3;0.1;1.8;3.0;1.2;0.7;58;1.2;0.7;59;1.9;9;3;16.4;11.0;0.6;1.5;5.5;82;11;1;0.1;0.5;0.0;8;0;0;12.8;13.2;No recurring injuries;Below Average;2.8;18;0.0;0;0;0;0;0;0;0;0;0;0;1.3;1.3
Sky Bet Championship;Lincoln;Rob Street;ST (C);AM (L);AM (RL), ST (C);25;"6'2""";£4.1K - £6K p/w;£170K - £1.7M;Weak;Very Strong;6.68;0;1374;4;343.5;0.3;2.92;2.92;1.08;0.2;11%;0.0811111111111111;2.4;1.0;0.7;44%;1;0;0;0;0.0;0.71;0.0;88%;31.3;0.1;0.9;0.9;0.9;0.1;15;0.9;0.1;15;0.8;20;9;23.0;0.8;0.1;0.8;2.0;50;4;0;0.1;0.3;0.0;23;3;0;10.7;7.2;No recurring injuries;Below Average;7.1;33;0.1;0;0;0;0;0;0;0;0;0;0;0.7;1.8
Jupiler Pro League;Beerschot;Arnold Vula;ST (C);;ST (C);27;"6'2""";£1.2K - £1.9K p/w;£16K;Weak;Very Strong;6.63;0;1389;4;347.25;0.3;4.99;4.99;-0.99;0.3;8%;0.097843137254902;3.3;1.3;1.0;39%;0;0;0;0;0.0;1.76;0.1;87%;27.2;0.1;1.0;0.7;0.3;0.1;20;0.3;0.1;20;0.3;29;8;22.4;1.0;0.1;0.5;1.7;100;2;0;0.0;0.1;0.0;15;2;0;10.5;8.7;No recurring injuries;Above Average;10.3;47;0.1;0;0;0;0;0;0;0;0;0;0;1.0;1.1
Jupiler Pro League;RWDM Brussels;Valentín Adamo;ST (C);;ST (C);24;"6'4""";£2.5K - £3.9K p/w;£75K - £750K;Reasonable;Very Strong;6.71;2;1403;4;350.75;0.3;5.28;5.28;-1.28;0.3;10%;0.128780487804878;2.6;1.4;0.6;54%;0;2;100;0;0.0;1.88;0.1;92%;25.7;0.0;1.0;0.4;0.3;0.2;60;0.3;0.2;60;0.9;30;15;17.8;2.1;0.0;0.7;2.2;0;2;0;0.1;0.2;0.0;17;0;0;10.0;5.3;No recurring injuries;Average;7.8;40;0.1;0;0;0;0;0;0;0;0;0;0;1.2;0.9
Premier League;Coventry;Chido Obi;ST (C);;ST (C);19;"6'2""";£30K p/w;£6M - £8.8M;Weak;Very Strong;6.55;0;1095;3;365;0.2;2.92;2.92;0.08;0.2;14%;0.139047619047619;1.7;0.9;0.7;52%;0;0;0;1;0.1;1.2;0.1;89%;30.3;0.2;0.7;1.6;0.2;0.0;0;0.2;0.0;0;0.6;13;11;6.7;1.7;0.7;0.5;3.0;53;15;0;0.0;0.2;0.0;12;0;0;11.7;6.2;No recurring injuries;High;8.1;33;0.2;0;0;0;0;0;0;0;0;0;0;1.0;2.0
Ligue 2 BKT;USL Dunkerque;Zaid Seha;AM (R);;AM (RL);19;"5'7""";£625 - £950 p/w;£425K - £4.3M;Reasonable;Very Strong;6.96;1;1103;3;367.666666666667;0.2;1.65;1.65;1.35;0.1;14%;0.075;1.8;0.5;0.8;27%;3;0;0;1;0.1;0.81;0.1;88%;44.6;0.2;2.0;4.0;4.1;0.8;20;4.1;0.8;20;3.2;15;5;17.3;3.7;1.4;1.6;8.8;71;24;0;0.1;0.4;0.0;9;0;0;12.2;12.8;No recurring injuries;Below Average;4.2;60;0.2;0;0;0;0;0;0;0;0;0;0;1.2;0.6
Serie A;Parma;Nesta Elphege;ST (C);;ST (C);25;"6'5""";£2.8K - £4.2K p/w;£1.7M - £3.8M;Very Strong;Reasonable;6.68;0;1119;3;373;0.2;4.16;4.16;-1.16;0.3;9%;0.122352941176471;2.7;1.2;0.7;44%;0;0;0;1;0.1;0.82;0.1;88%;24.9;0.0;0.8;0.7;0.6;0.4;62;0.6;0.4;63;0.2;12;5;19.8;0.8;0.4;0.4;1.4;100;5;0;0.0;0.1;0.0;11;0;0;8.7;4.7;No recurring injuries;Very Low;7.6;43;0.1;0;0;0;0;0;0;0;0;0;0;0.7;1.0
Sky Bet Championship;Lincoln;Tom Bayliss;DM, M (C);AM (C);DM, M/AM (C);27;"6'2""";£3.3K - £4.7K p/w;£475K;Weak;Very Strong;6.57;0;1163;3;387.666666666667;0.2;2.38;2.38;0.62;0.2;13%;0.103478260869565;1.8;0.9;0.7;48%;1;0;0;3;0.2;2.48;0.2;0%;0.0;0.2;0.2;0.0;8.4;1.5;17;0.0;0.0;0;0.0;11;0;18.3;6.8;0.0;0.0;0.0;0;0;0;0.0;0.0;0.0;3;3;0;0.0;0.0;No recurring injuries;Below Average;0.0;0;0.0;0;0;0;0;0;0;0;0;0;0;1.0;1.9
Bundesliga 2;Eintracht Braunschweig;Robert Ramšak;ST (C);AM (C);AM (C), ST (C);20;"6'1""";£4.8K - £8.25K p/w;£275K - £2.7M;Reasonable;Very Strong;6.81;0;1193;3;397.666666666667;0.2;4.92;4.92;-1.92;0.4;9%;0.149090909090909;2.5;0.8;0.6;33%;2;0;0;0;0.0;0.93;0.1;90%;27.4;0.0;0.9;0.6;0.2;0.1;33;0.2;0.1;33;0.7;26;8;20.1;1.7;0.2;0.6;1.2;50;4;0;0.2;0.2;0.0;8;0;0;10.1;7.4;No recurring injuries;Low;7.7;25;0.2;0;0;0;0;0;0;0;0;0;0;0.9;0.9
Eredivisie;sc Heerenveen;Maxence Rivera;AM (R);AM (C);AM (RLC);24;"5'7""";£2.5K - £4.1K p/w;£3.2M - £6.6M;Weak;Very Strong;6.88;0;1232;3;410.666666666667;0.2;2.52;2.52;0.48;0.2;18%;0.148235294117647;1.2;0.4;0.3;29%;0;0;0;1;0.1;0.95;0.1;89%;45.7;0.1;1.8;3.1;3.9;0.9;22;3.9;0.9;22;3.1;10;2;20.3;3.6;1.6;1.8;8.5;73;30;0;0.2;0.6;0.0;11;1;0;11.6;14.6;No recurring injuries;Below Average;3.0;37;0.0;0;0;0;0;0;0;0;0;0;0;0.8;0.7
Ligue 2 BKT;EA Guingamp;Amine Hemia;AM (C);;M/AM (C);28;"5'10""";£4.4K - £6.5K p/w;£500K - £1.2M;Fairly Strong;Very Strong;6.83;0;1247;3;415.666666666667;0.2;2.69;2.69;0.31;0.2;11%;0.0960714285714286;2.0;0.7;1.0;36%;0;0;0;2;0.1;2.6;0.2;90%;40.3;0.4;2.5;3.3;1.7;0.4;20;0.9;0.1;17;1.7;13;4;17.5;12.8;0.4;1.7;5.6;56;9;1;0.0;0.3;0.0;7;0;0;12.6;10.9;No recurring injuries;Average;2.6;8;0.0;0;0;0;0;0;0;0;0;0;0;1.0;0.9
Ligue 2 BKT;SC Bastia;Anthony Bermont;AM (C);WB (L);WB (L), AM (LC);21;"6'2""";£4K - £4.6K p/w;Not for Sale;Reasonable;Very Strong;6.83;0;1287;3;429;0.2;4.92;4.92;-1.92;0.3;10%;0.158709677419355;2.2;0.8;0.8;39%;1;0;0;0;0.0;1.23;0.1;89%;41.0;0.1;1.7;2.2;1.1;0.4;37;1.1;0.4;38;0.6;16;3;18.3;13.0;0.6;1.2;5.3;90;10;0;0.1;0.2;0.0;12;3;1;11.9;10.3;No recurring injuries;Average;3.8;30;0.1;0;0;0;0;0;0;0;0;0;0;0.9;1.3
Ligue 2 BKT;Pau FC;Kyllian Gasnier;AM (C);AM (R);AM (RC);24;"5'8""";£2K - £2.9K p/w;£100K - £1M;Weak;Very Strong;6.98;0;1422;3;474;0.2;2.45;2.45;0.55;0.2;12%;0.0942307692307692;1.6;0.9;0.6;54%;0;0;0;3;0.2;2.05;0.1;92%;43.9;0.1;1.3;2.5;0.6;0.1;10;0.6;0.1;10;2.0;10;4;18.8;10.3;0.6;1.2;6.2;83;12;1;0.4;0.4;0.0;10;3;0;11.5;9.2;No recurring injuries;Below Average;3.6;23;0.0;0;0;0;0;0;0;0;0;0;0;1.1;1.2
Serie BKT;Cittadella;Kevin Koffi;ST (C);;ST (C);40;"5'11""";£850 - £1.4K p/w;£0 - £10K;Weak;Very Strong;5.16;0;1009;2;504.5;0.2;4.54;3.74;-2.54;0.4;5%;0.119473684210526;3.4;1.6;0.0;47%;0;1;100;0;0.0;0.46;0.0;50%;21.4;0.0;0.0;0.0;0.0;0.0;0;0.0;0.0;0;0.0;20;0;0.0;0.0;0.5;0.0;0.0;75;8;0;0.0;0.0;0.0;31;0;1;0.0;0.0;No recurring injuries;Very Low;0.0;0;0.0;0;0;0;0;0;0;0;0;0;0;0.0;0.0
Jupiler Pro League;Dender EH;Bruny Nsimba;ST (C);AM (L);AM (L), ST (C);26;"6'2""";£2.5K - £3.7K p/w;£1.6M - £3.7M;Reasonable;Very Strong;6.72;0;1527;3;509;0.2;2.76;2.76;0.24;0.2;8%;0.0766666666666667;2.1;1.1;1.1;50%;0;0;0;1;0.1;1.61;0.1;90%;25.9;0.3;1.2;0.9;0.6;0.1;18;0.6;0.1;18;0.8;23;13;17.7;2.4;0.2;0.5;1.7;50;8;1;0.1;0.0;0.0;19;1;0;10.5;5.7;No recurring injuries;Average;8.0;51;0.1;0;0;0;0;0;0;0;0;0;0;1.1;1.4
Second Division;Tarragona;Óscar Sanz;DM, M (C);D (C);D (C), DM, M (C);26;"6'0""";£5.25K - £7.5K p/w;£425K - £1.4M;Reasonable;Very Strong;6.81;1;1548;3;516;0.2;1.69;1.69;1.31;0.1;21%;0.120714285714286;0.8;0.3;0.3;36%;0;0;0;3;0.2;1.4;0.1;92%;51.5;0.1;0.9;4.7;0.0;0.0;0;0.0;0.0;0;0.1;8;0;7.0;11.6;0.9;2.3;6.1;67;24;2;0.5;1.0;0.2;11;3;0;10.9;10.7;No recurring injuries;Above Average;1.6;46;0.3;0;0;0;0;0;0;0;0;0;0;1.1;1.4
Ligue 2 BKT;SM Caen;Roli Pereira de Sá;M (C);DM;DM, M (C);29;"5'10""";£6.25K - £9K p/w;£160K - £1.6M;Very Strong;Reasonable;6.84;0;1033;2;516.5;0.2;0.5;0.5;1.5;0.0;33%;0.0833333333333333;0.5;0.3;0.0;67%;0;0;0;3;0.3;2.54;0.2;86%;22.0;0.5;0.4;1.8;0.0;0.0;0;0.0;0.0;0;0.0;8;0;10.9;9.1;0.2;1.9;3.0;100;2;0;0.6;0.4;0.1;0;0;0;5.3;4.6;No recurring injuries;Below Average;0.4;60;0.0;0;0;0;0;0;0;0;0;0;0;1.2;1.3
Eredivisie;Willem II;Jordy Soladio;ST (C);;ST (C);28;"6'1""";£1.3K - £2.3K p/w;£40K - £400K;Strong;Very Strong;6.59;0;1034;2;517;0.2;3.44;3.44;-1.44;0.3;7%;0.118620689655172;2.5;0.9;0.6;34%;1;0;0;0;0.0;0.14;0.0;92%;23.7;0.0;1.2;1.0;0.4;0.0;0;0.4;0.0;0;0.3;27;4;19.5;0.9;0.1;0.6;1.4;25;4;0;0.0;0.2;0.0;7;0;0;10.3;5.7;No recurring injuries;Below Average;7.4;27;0.2;0;0;0;0;0;0;0;0;0;0;0.6;1.0
Eredivisie;RKC Waalwijk;Melle Witteveen;M (C);M/AM (L);M/AM (LC);23;"5'9""";£625 - £1K p/w;£90K - £900K;Weak;Very Strong;6.45;0;1039;2;519.5;0.2;1.27;1.27;0.73;0.1;15%;0.0976923076923077;1.1;0.4;0.6;38%;1;0;0;1;0.1;2.24;0.2;0%;0.0;0.3;0.1;0.0;0.0;0.0;0;0.0;0.0;0;0.0;7;0;19.4;8.3;0.0;0.0;0.0;0;0;0;0.0;0.0;0.0;0;0;0;0.0;0.0;No recurring injuries;Above Average;0.0;0;0.0;0;0;0;0;0;0;0;0;0;0;1.1;1.4
Jupiler Pro League;STVV;Adam Nhaili;AM (L);AM (R), ST (C);AM (RL), ST (C);21;"5'9""";£1.8K - £2.7K p/w;£150K - £1.5M;Weak;Very Strong;6.80;0;1043;2;521.5;0.2;1.56;1.56;0.44;0.1;14%;0.111428571428571;1.2;0.3;0.4;29%;0;0;0;0;0.0;1.5;0.1;86%;40.9;0.2;2.8;4.1;3.0;0.8;25;3.0;0.8;26;2.4;12;5;19.1;4.0;2.5;1.7;8.3;94;31;1;0.4;0.5;0.0;9;1;0;11.2;11.7;No recurring injuries;Below Average;4.1;13;0.0;0;0;0;0;0;0;0;0;0;0;0.6;1.2
Bundesliga 2;Karlsruher SC;Noah Rupp;M (C);DM, AM (C);DM, M/AM (C);23;"6'0""";£5.5K - £8.75K p/w;£550K - £1.2M;Very Strong;Reasonable;6.51;0;1086;2;543;0.2;0.7;0.7;1.3;0.1;18%;0.0636363636363636;0.9;0.4;0.3;45%;0;0;0;0;0.0;0.41;0.0;100%;2.3;0.2;0.0;0.3;0.0;0.0;0;0.0;0.0;0;0.0;7;0;15.2;10.4;0.1;0.3;0.5;25;4;0;0.0;0.1;0.0;1;1;0;0.6;0.6;No recurring injuries;Above Average;0.1;0;0.0;0;0;0;0;0;0;0;0;0;0;1.0;0.8
Ligue 2 BKT;Angers SCO;Emmanuel Biumla;DM;;D (C), DM;21;"6'1""";£5.25K - £6K p/w;£2.3M - £4.9M;Reasonable;Very Strong;6.99;2;1130;2;565;0.2;0.87;0.87;1.13;0.1;25%;0.10875;0.6;0.2;0.2;38%;0;0;0;3;0.2;2.07;0.2;90%;52.3;0.3;0.6;4.4;0.0;0.0;0;0.0;0.0;0;0.1;9;2;5.8;17.4;1.0;1.6;4.5;87;15;0;0.3;0.6;0.0;14;4;1;11.8;10.6;No recurring injuries;Above Average;3.7;80;0.7;0;0;0;0;0;0;0;0;0;0;1.6;0.9
Second Division;Huesca;Manu Rico;AM (C);M (C);M/AM (C);23;"5'10""";£2.1K - £3.1K p/w;£50K - £475K;Very Strong;Weak;6.80;0;1704;3;568;0.2;1.95;1.95;1.05;0.1;11%;0.0722222222222222;1.4;0.6;0.4;41%;1;0;0;1;0.1;3.56;0.2;88%;42.9;0.3;2.2;3.0;1.0;0.2;22;1.0;0.2;22;1.4;14;7;17.9;10.5;1.0;1.4;5.0;83;23;1;0.2;0.4;0.0;12;0;0;11.9;11.3;No recurring injuries;Below Average;3.2;23;0.0;0;0;0;0;0;0;0;0;0;0;0.8;0.9
Sky Bet Championship;Leicester;Seb Ferdinand;AM (R);D (R), AM (LC);D (R), AM (RLC);20;"5'10""";£6.75K - £9.25K p/w;£1.1M - £2.4M;Weak;Very Strong;7.07;1;1191;2;595.5;0.2;1.79;1.79;0.21;0.1;13%;0.111875;1.2;0.3;0.3;25%;1;0;0;0;0.0;1.17;0.1;87%;40.1;0.2;1.7;3.7;4.9;0.8;16;4.9;0.8;17;4.0;13;3;27.9;3.2;1.4;2.3;8.0;83;23;1;0.4;0.8;0.0;10;1;0;11.3;14.0;No recurring injuries;Average;3.1;10;0.0;0;0;0;0;0;0;0;0;0;0;0.9;1.4
Sky Bet Championship;Preston;Caylan Vickers;AM (R);AM (L);AM (RLC);21;"5'8""";£4.2K - £4.7K p/w;Not for Sale;Fairly Strong;Very Strong;6.88;1;1191;2;595.5;0.2;1.7;1.7;0.3;0.1;14%;0.121428571428571;1.1;0.5;0.3;50%;0;0;0;1;0.1;1.99;0.2;87%;43.8;0.2;2.0;3.2;3.8;0.5;12;3.8;0.5;12;5.1;8;5;19.0;3.8;1.4;2.3;9.1;76;25;0;0.0;0.7;0.0;9;0;0;10.8;11.1;No recurring injuries;Average;2.9;16;0.0;0;0;0;0;0;0;0;0;0;0;0.8;1.1
Jupiler Pro League;Beerschot;Bas Van den Eynden;D (C);;D (C), DM;24;"6'3""";£1.5K - £2.2K p/w;£150K - £1.5M;Weak;Very Strong;6.92;0;1198;2;599;0.2;0.52;0.52;1.48;0.0;40%;0.104;0.4;0.2;0.0;60%;0;0;0;1;0.1;1.25;0.1;95%;42.7;0.1;0.4;2.2;0.0;0.0;0;0.0;0.0;0;0.0;1;0;3.3;13.0;0.4;2.7;2.7;56;9;3;1.1;1.2;0.4;7;5;0;9.5;3.7;No recurring injuries;Below Average;3.2;77;0.2;0;0;0;0;0;0;0;0;0;0;1.1;1.3
Eredivisie;Willem II;Armin Ćulum;AM (L);AM (RC);AM (RLC);23;"5'8""";£2.2K - £3.5K p/w;£130K - £1.3M;Reasonable;Very Strong;6.91;0;1249;2;624.5;0.1;2.28;2.28;-0.28;0.2;8%;0.0912;1.8;0.4;0.6;20%;1;0;0;0;0.0;1.1;0.1;87%;45.5;0.1;1.7;3.4;1.7;0.2;13;1.7;0.2;13;4.0;17;8;22.8;3.1;1.4;1.7;7.6;90;21;0;0.3;0.9;0.0;9;0;0;11.9;15.7;No recurring injuries;Below Average;3.4;11;0.1;0;0;0;0;0;0;0;0;0;0;0.6;1.2
Eredivisie;NAC Breda;Mohamed Nassoh;M (C);M (L);M/AM (LC);23;"6'2""";£3.2K - £4.9K p/w;£650K - £6.4M;Fairly Strong;Very Strong;6.48;0;1255;2;627.5;0.1;2.7;1.89;-0.7;0.2;18%;0.245454545454545;0.8;0.5;0.1;64%;0;1;0;0;0.0;1.55;0.1;0%;0.0;0.2;0.0;0.0;5.5;1.0;18;0.0;0.0;0;0.0;11;0;20.5;7.0;0.0;0.0;0.0;0;0;0;0.0;0.0;0.0;0;0;0;0.0;0.0;No recurring injuries;Below Average;0.0;0;0.0;0;0;0;0;0;0;0;0;0;0;0.9;1.4
Sky Bet Championship;Watford;Pierre Dwomoh;M (C);;M/AM (C);22;"6'2""";£4.9K - £7.25K p/w;£2.9M - £6.2M;Reasonable;Very Strong;6.79;0;1313;2;656.5;0.1;2.32;2.32;-0.32;0.2;12%;0.136470588235294;1.2;0.4;0.5;35%;0;0;0;1;0.1;0.84;0.1;88%;40.9;0.1;2.0;3.2;0.8;0.0;0;0.8;0.0;0;1.5;7;4;18.5;9.5;0.2;1.2;5.7;50;6;0;0.1;0.5;0.0;15;1;0;12.1;10.6;No recurring injuries;Below Average;4.2;29;0.0;0;0;0;0;0;0;0;0;0;0;1.2;1.4
Second Division;Leonesa;Bicho;AM (C);M (C), AM (L);M (C), AM (LC);30;"5'8""";£2.6K - £4K p/w;£40K - £400K;Very Strong;Weak;7.06;2;1333;2;666.5;0.1;2.31;2.31;-0.31;0.2;11%;0.121578947368421;1.3;0.4;0.5;32%;0;0;0;2;0.1;3.53;0.2;92%;44.4;0.3;1.6;3.1;9.1;1.5;16;2.2;0.3;15;4.3;12;3;16.1;6.3;1.7;2.1;8.2;78;32;1;0.4;0.5;0.0;9;0;0;10.9;11.7;No recurring injuries;Above Average;4.3;33;0.1;0;0;0;0;0;0;0;0;0;0;0.9;1.1
Sky Bet Championship;Stockport;Jack Diamond;AM (L);M (RL), AM (C);M (RL), AM (RLC);26;"5'9""";£14K - £19.5K p/w;£650K - £6.6M;Reasonable;Very Strong;7.03;0;2027;3;675.666666666667;0.1;2.54;2.54;0.46;0.1;13%;0.110434782608696;1.0;0.4;0.3;35%;1;0;0;1;0.0;5.2;0.2;87%;41.6;0.2;1.7;3.3;3.1;1.0;31;3.1;1.0;32;5.9;31;11;18.8;4.9;1.5;1.5;9.0;71;48;1;0.2;0.6;0.0;30;1;0;11.7;15.1;No recurring injuries;Below Average;3.9;36;0.0;0;0;0;0;0;0;0;0;0;0;1.1;1.5
Second Division;F.C. Andorra;Marc Domènech;M (C);AM (C);DM, M/AM (C);24;"5'7""";£2.5K - £3.5K p/w;£30K - £325K;Very Strong;Reasonable;6.54;0;1364;2;682;0.1;1.39;1.39;0.61;0.1;14%;0.0992857142857143;0.9;0.4;0.3;43%;0;2;100;5;0.3;4.37;0.3;0%;0.0;0.3;0.3;0.0;3.2;0.2;6;0.0;0.0;0;0.0;6;0;15.9;9.9;0.0;0.0;0.0;0;0;0;0.0;0.0;0.0;2;2;0;0.0;0.0;No recurring injuries;Average;0.0;0;0.0;0;0;0;0;0;0;0;0;0;0;1.2;0.9
Sky Bet Championship;Sunderland;Milan Aleksić;AM (C);DM;DM, M/AM (C);21;"5'10""";£9.5K - £10.75K p/w;£8M - £11.5M;Reasonable;Very Strong;6.87;2;1383;2;691.5;0.1;3.86;3.86;-1.86;0.3;10%;0.183809523809524;1.4;0.5;0.6;33%;1;0;0;1;0.1;1.63;0.1;91%;41.2;0.1;1.9;3.1;1.2;0.3;26;1.2;0.3;26;1.6;8;4;25.5;7.0;0.9;1.6;5.2;88;16;0;0.2;0.3;0.0;13;0;0;12.2;10.0;No recurring injuries;Below Average;2.8;28;0.1;0;0;0;0;0;0;0;0;0;0;0.7;0.7
Jupiler Pro League;Antwerp;Orseer Achihi;AM (L);ST (C);AM (L), ST (C);20;"5'7""";£1.2K - £1.8K p/w;£750K - £1.8M;Weak;Very Strong;6.85;1;1438;2;719;0.1;3.81;3.81;-1.81;0.2;9%;0.165652173913043;1.4;0.6;0.3;39%;0;0;0;1;0.1;2.21;0.1;91%;43.3;0.2;1.6;3.7;2.5;0.8;32;2.5;0.8;33;4.4;14;6;20.0;2.8;1.2;1.9;8.1;73;26;1;0.2;0.6;0.0;20;2;0;11.5;12.8;No recurring injuries;Average;3.4;11;0.1;0;0;0;0;0;0;0;0;0;0;1.0;1.7
Bundesliga 2;Eintracht Braunschweig;Mick Schmetgens;D (C);;D (C);19;"6'3""";£3.4K - £5.5K p/w;£300K - £3.1M;Weak;Very Strong;7.00;1;1440;2;720;0.1;0.45;0.45;1.55;0.0;29%;0.0642857142857143;0.4;0.1;0.2;29%;0;0;0;0;0.0;0.16;0.0;94%;44.3;0.1;0.2;1.9;0.0;0.0;0;0.0;0.0;0;0.1;3;0;3.4;12.9;0.8;2.4;2.0;93;14;2;0.7;1.6;0.9;10;2;0;10.1;3.5;No recurring injuries;Above Average;5.7;69;1.3;0;0;0;0;0;0;0;0;0;0;1.0;0.8
Serie A;Spezia;Edoardo Soleri;ST (C);AM (LC);AM (LC), ST (C);29;"6'4""";£14K - £16.25K p/w;£2.5M - £4.9M;Weak;Very Strong;6.62;0;1467;2;733.5;0.1;5.3;4.49;-3.3;0.3;4%;0.110416666666667;2.9;1.3;0.7;44%;2;1;0;1;0.1;1.11;0.1;88%;23.3;0.1;1.0;0.6;0.4;0.1;14;0.4;0.1;14;0.7;23;12;21.0;1.4;0.2;0.6;2.1;50;6;0;0.2;0.1;0.0;17;1;0;9.9;5.0;No recurring injuries;Very Low;9.3;39;0.2;0;0;0;0;0;0;0;0;0;0;0.6;1.0
Ligue 2 BKT;SM Caen;Dieudonné Gaucho;D (C);M (C);D (C), DM, M (C);25;"6'0""";£2.2K - £3.6K p/w;£150K - £1.5M;Reasonable;Very Strong;6.78;1;1515;2;757.5;0.1;0.74;0.74;1.26;0.0;15%;0.0569230769230769;0.8;0.2;0.2;31%;0;0;0;0;0.0;0.11;0.0;92%;39.9;0.1;0.2;1.7;0.0;0.0;0;0.0;0.0;0;0.1;6;0;4.9;12.2;0.3;3.1;2.4;83;6;1;0.7;1.1;1.2;4;1;0;9.3;5.0;No recurring injuries;Below Average;4.0;60;0.3;0;0;0;0;0;0;0;0;0;0;1.1;1.2
Serie A;U.S. Lecce;Paco Esteban;ST (C);;ST (C);20;"6'1""";£5.25K - £6K p/w;£400K - £1.3M;Reasonable;Very Strong;6.76;0;1530;2;765;0.1;1.23;1.23;0.77;0.1;10%;0.0615;1.2;0.4;0.5;30%;0;0;0;0;0.0;0.18;0.0;88%;40.2;0.2;1.9;3.8;2.5;0.6;25;2.5;0.6;26;3.1;18;6;22.1;1.4;1.2;2.1;7.8;81;26;1;0.3;0.5;0.0;9;0;0;10.9;11.0;No recurring injuries;Very Low;5.0;31;0.1;0;0;0;0;0;0;0;0;0;0;0.5;1.0
Second Division;Coruña;Rubén López;DM;WB (L);WB (L), DM, M (C);22;"5'9""";£2.2K - £3.7K p/w;£425K - £4.4M;Very Strong;Weak;6.97;0;1542;2;771;0.1;0.81;0.81;1.19;0.0;17%;0.0675;0.7;0.3;0.4;42%;0;0;0;4;0.2;3.81;0.2;93%;50.8;0.3;0.6;4.7;0.2;0.0;0;0.2;0.0;0;0.3;7;0;9.0;13.2;1.3;2.5;6.2;85;26;2;0.7;0.6;0.1;13;1;0;11.4;11.5;No recurring injuries;Below Average;1.9;44;0.1;0;0;0;0;0;0;0;0;0;0;1.1;0.9
Sky Bet Championship;Leicester;Sammy Braybrooke;DM;;DM, M (C);22;"5'7""";£3.9K - £5.5K p/w;£350K - £3.4M;Fairly Strong;Very Strong;6.52;0;1654;2;827;0.1;1.21;1.21;0.79;0.1;17%;0.100833333333333;0.7;0.2;0.1;33%;0;0;0;3;0.2;3.79;0.2;95%;1.1;0.3;0.2;0.2;0.0;0.0;0;0.0;0.0;0;0.0;9;0;18.7;8.4;0.1;0.0;0.3;100;1;0;0.0;0.2;0.0;0;0;0;0.2;0.1;No recurring injuries;Average;0.0;0;0.0;0;0;0;0;0;0;0;0;0;0;1.0;1.4
Second Division;F.C. Andorra;Théo Le Normand;M (C);;M (C);26;"5'11""";£1.9K - £2.7K p/w;£300K - £950K;Reasonable;Very Strong;6.49;0;1682;2;841;0.1;1.21;1.21;0.79;0.1;11%;0.0636842105263158;1.0;0.4;0.4;42%;0;0;0;1;0.1;2.06;0.1;0%;0.0;0.3;0.1;0.0;0.0;0.0;0;0.0;0.0;0;0.0;15;0;15.8;9.8;0.0;0.0;0.0;0;0;0;0.0;0.0;0.0;0;0;0;0.0;0.0;No recurring injuries;Below Average;0.0;0;0.0;0;0;0;0;0;0;0;0;0;0;1.0;1.3
Sky Bet Championship;Lincoln;Erik Ring;AM (L);M (RL);M/AM (RL);24;"6'1""";£5.75K - £8K p/w;£275K - £2.8M;Reasonable;Very Strong;6.99;1;1726;2;863;0.1;3.45;3.45;-1.45;0.2;8%;0.14375;1.3;0.4;0.5;33%;0;0;0;1;0.1;1.48;0.1;87%;41.7;0.2;1.6;3.4;4.0;1.0;25;4.0;1.0;26;5.0;19;3;24.0;2.2;1.1;2.1;9.3;81;26;0;0.3;0.5;0.0;16;0;0;11.6;16.6;No recurring injuries;Below Average;2.8;26;0.0;0;0;0;0;0;0;0;0;0;0;0.7;1.4
Second Division;Albacete;Lorenzo;D (R);WB (R);D/WB (R);24;"5'10""";£3.2K - £3.7K p/w;£550K - £1.3M;Weak;Very Strong;7.04;2;1765;2;882.5;0.1;1.82;1.82;0.18;0.1;11%;0.101111111111111;0.9;0.2;0.3;22%;0;0;0;1;0.1;1.38;0.1;90%;53.2;0.1;1.0;7.2;1.9;0.1;5;1.9;0.1;5;0.9;14;3;14.0;10.4;1.3;3.0;7.0;59;44;2;0.2;0.9;0.6;18;0;0;11.4;15.8;Recurring tight groin;Very High;3.6;65;0.4;0;0;0;0;0;0;0;0;0;0;1.1;1.1
Sky Bet Championship;Blackburn;Scott Wharton;D (C);;D (C);29;"6'2""";£8.75K - £12K p/w;£1.8M - £3.9M;Very Strong;Weak;6.86;2;1908;2;954;0.1;0.34;0.34;1.66;0.0;25%;0.0425;0.4;0.1;0.2;38%;0;0;0;0;0.0;1.31;0.1;90%;41.7;0.0;0.0;1.5;0.0;0.0;0;0.0;0.0;0;0.0;1;1;2.8;14.0;0.5;2.8;2.5;91;11;0;0.6;1.2;1.1;11;0;0;9.8;5.3;No recurring injuries;Average;5.8;76;1.1;0;0;0;0;0;0;0;0;0;0;1.0;1.3
Sky Bet Championship;Portsmouth;Connor Ogilvie;D (LC);;D (LC), WB (L);30;"6'0""";£8.5K - £11.25K p/w;£300K - £3M;Very Strong;Weak;7.02;2;1956;2;978;0.1;0.57;0.57;1.43;0.0;25%;0.07125;0.4;0.2;0.0;63%;0;0;0;1;0.0;1.23;0.1;89%;56.0;0.2;1.0;7.3;2.5;0.5;20;2.5;0.5;20;0.7;15;1;14.2;12.5;1.5;2.9;7.4;76;42;0;0.6;1.0;1.2;32;3;1;11.5;17.1;No recurring injuries;Low;4.0;74;0.5;0;0;0;0;0;0;0;0;0;0;1.0;1.0
Ligue 2 BKT;USL Dunkerque;Marco Essimi;AM (R);;AM (RL);27;"6'0""";£2.5K - £4.1K p/w;£475K - £1.6M;Weak;Very Strong;6.81;0;1000;1;1000;0.1;1.36;1.36;-0.36;0.1;8%;0.113333333333333;1.1;0.7;0.1;67%;0;0;0;2;0.2;0.73;0.1;89%;42.9;0.0;2.1;3.3;3.4;1.1;31;3.4;1.1;32;3.9;13;4;15.8;5.2;2.2;1.7;9.3;86;28;0;0.3;0.5;0.0;15;1;0;12.0;12.8;No recurring injuries;Below Average;4.8;53;0.4;0;0;0;0;0;0;0;0;0;0;1.4;0.6
Ligue 2 BKT;SC Bastia;Tom Ducrocq;DM;;DM, M (C);27;"5'9""";£4.9K - £7.25K p/w;£55K - £550K;Weak;Very Strong;6.76;0;1018;1;1018;0.1;0.83;0.83;0.17;0.1;17%;0.138333333333333;0.5;0.1;0.1;17%;0;0;0;1;0.1;1.6;0.1;93%;49.6;0.2;0.4;3.3;1.6;0.2;11;0.1;0.0;0;0.2;7;0;6.4;14.8;1.1;2.1;5.2;81;16;1;0.9;0.6;0.4;10;0;0;11.9;11.7;No recurring injuries;Above Average;2.2;60;0.1;0;0;0;0;0;0;0;0;0;0;1.0;1.7
Sky Bet Championship;Bristol City;Luke Skinner;ST (C);;AM (RL), ST (C);19;"6'0""";£4.8K - £6.75K p/w;£180K - £1.8M;Very Strong;Reasonable;6.60;0;1019;1;1019;0.1;3.87;3.87;-2.87;0.3;4%;0.138214285714286;2.5;0.8;0.7;32%;0;0;0;1;0.1;0.27;0.0;89%;27.0;0.0;0.5;0.4;0.4;0.1;20;0.4;0.1;20;1.1;13;8;23.1;1.1;0.1;1.0;1.2;25;4;0;0.1;0.4;0.0;10;0;0;10.2;4.8;No recurring injuries;Average;9.5;30;0.1;0;0;0;0;0;0;0;0;0;0;1.6;0.5
Ligue 2 BKT;FC Annecy;Clément Billemaz;AM (L);WB (L);WB/M/AM (L);28;"5'9""";£3.5K - £5.5K p/w;£550K - £1.3M;Very Strong;Weak;6.92;1;1021;1;1021;0.1;1.37;1.37;-0.37;0.1;6%;0.0805882352941177;1.5;0.4;0.4;29%;1;0;0;2;0.2;0.76;0.1;85%;42.7;0.1;1.9;3.3;2.3;0.2;7;2.3;0.2;8;3.1;12;5;20.3;4.4;1.7;2.4;9.4;68;28;1;0.4;0.7;0.0;12;1;1;10.8;14.1;No recurring injuries;Average;4.1;21;0.1;0;0;0;0;0;0;0;0;0;0;0.7;1.3
Ligue 2 BKT;Rodez;Ibrahima Baldé;ST (C);AM (R);AM (R), ST (C);23;"6'1""";£2K - £3.3K p/w;£650K - £1.5M;Weak;Very Strong;6.69;1;1045;1;1045;0.1;5.46;5.46;-4.46;0.5;3%;0.151666666666667;3.1;1.1;1.1;36%;0;0;0;1;0.1;0.73;0.1;92%;26.4;0.1;0.7;0.7;0.5;0.4;83;0.5;0.4;83;0.9;20;7;20.7;1.4;0.3;0.9;1.5;75;4;0;0.2;0.2;0.0;8;0;0;10.0;4.5;No recurring injuries;Above Average;8.7;34;0.2;0;0;0;0;0;0;0;0;0;0;0.7;0.9
Premier League;TND;Makan Aïko;AM (L);M (RL);M/AM (RL);25;"5'11""";£2.8K - £4.3K p/w;Unknown;Very Weak;Very Weak;7.10;2;1047;1;1047;0.1;2.99;2.99;-1.99;0.3;6%;0.175882352941176;1.5;0.7;0.2;47%;0;0;0;3;0.3;1.85;0.2;90%;42.6;0.3;1.3;3.2;3.4;1.0;30;3.4;1.0;30;7.0;13;4;19.8;4.4;1.8;2.2;8.4;91;23;0;0.5;0.6;0.0;17;0;0;11.6;11.9;No recurring injuries;Average;4.4;45;0.0;0;0;0;0;0;0;0;0;0;0;1.1;1.4
Ligue 2 BKT;Pau FC;Pape Diong;DM;M (C);DM, M (C);20;"6'4""";£4.2K - £6.5K p/w;£475K - £4.7M;Weak;Very Strong;6.81;1;1053;1;1053;0.1;0.4;0.4;0.6;0.0;13%;0.05;0.7;0.3;0.4;38%;1;0;0;2;0.2;2.56;0.2;96%;50.3;0.6;0.9;5.6;0.0;0.0;0;0.0;0.0;0;0.1;6;0;5.0;14.5;0.8;2.4;6.0;69;13;4;0.8;0.7;0.6;5;0;0;11.7;11.2;No recurring injuries;Average;2.9;68;0.1;0;0;0;0;0;0;0;0;0;0;1.0;1.1
Sky Bet Championship;Stockport;Brad Hills;D (C);;D (C);22;"6'2""";£6.5K - £9K p/w;£250K - £2.5M;Reasonable;Very Strong;6.88;2;2187;2;1093.5;0.1;1.55;1.55;0.45;0.1;13%;0.103333333333333;0.6;0.2;0.1;27%;1;0;0;1;0.0;0.47;0.0;87%;41.4;0.0;0.2;2.3;0.0;0.0;0;0.0;0.0;0;0.0;6;0;3.2;14.5;0.7;3.1;3.0;94;17;3;0.5;1.3;1.4;10;2;0;10.0;3.6;No recurring injuries;Low;5.4;73;1.2;0;0;0;0;0;0;0;0;0;0;1.2;1.6
Eredivisie;FC Emmen;Iwan Henstra;AM (R);ST (C);AM (RL), ST (C);20;"6'2""";£210 - £370 p/w;£140K - £1.4M;Very Strong;Weak;6.70;0;1104;1;1104;0.1;2.71;2.71;-1.71;0.2;7%;0.193571428571429;1.1;0.3;0.3;29%;1;0;0;1;0.1;2.62;0.2;91%;41.2;0.2;1.4;2.5;5.8;1.2;21;5.8;1.2;21;3.7;10;2;28.5;2.4;0.7;1.8;9.0;80;10;0;0.3;0.7;0.0;14;2;0;11.7;13.5;No recurring injuries;Above Average;4.6;52;0.0;0;0;0;0;0;0;0;0;0;0;0.5;1.2
Ligue 2 BKT;Pau FC;Tom Pouilly;D (R);D (C), WB (R), DM, M (C);D (RC), WB (R), DM, M (C);23;"5'11""";£1.6K - £2.5K p/w;£70K - £700K;Weak;Very Strong;6.83;1;1151;1;1151;0.1;1.41;1.41;-0.41;0.1;10%;0.141;0.8;0.2;0.3;20%;0;0;0;0;0.0;0.84;0.1;88%;56.0;0.1;0.7;6.9;2.0;0.3;16;2.0;0.3;16;0.9;9;3;12.6;11.9;1.6;3.0;7.2;75;28;1;0.2;0.7;0.9;16;1;0;11.7;15.3;No recurring injuries;Average;3.5;69;0.3;0;0;0;0;0;0;0;0;0;0;1.3;1.1
Eredivisie;FC Groningen;Tika de Jonge;AM (C);M (L);M/AM (LC);23;"5'8""";£2.1K - £3.2K p/w;£3.2M - £6.6M;Fairly Strong;Very Strong;6.89;1;1164;1;1164;0.1;3.6;3.6;-2.6;0.3;5%;0.163636363636364;1.7;0.6;0.5;36%;0;0;0;3;0.2;2.26;0.2;85%;42.4;0.6;1.0;1.5;0.5;0.1;14;0.5;0.1;14;1.5;5;2;16.8;13.4;0.5;1.9;5.5;75;8;0;0.2;0.7;0.0;7;0;0;11.8;10.4;No recurring injuries;Below Average;3.3;5;0.1;0;0;0;0;0;0;0;0;0;0;1.4;0.9
Serie BKT;Pisa;Emanuele Adamo;M (R);WB (R), M (C), AM (L);WB (R), M (RC), AM (RL);28;"5'10""";£9K - £14.75K p/w;£600K - £6M;Weak;Very Strong;6.98;0;1166;1;1166;0.1;3.27;3.27;-2.27;0.3;5%;0.148636363636364;1.7;0.6;0.0;36%;0;0;0;1;0.1;1.79;0.1;75%;21.5;0.0;0.1;0.3;0.2;0.0;0;0.2;0.0;0;0.3;13;1;1.2;0.9;1.2;0.2;0.4;94;16;0;0.0;0.1;0.0;19;1;0;1.0;1.6;No recurring injuries;Very Low;0.3;0;0.1;0;0;0;0;0;0;0;0;0;0;0.2;0.2
Eredivisie;Excelsior;Gyan de Regt;AM (L);M (L);M (L), AM (RL);24;"5'9""";£1.4K - £2.2K p/w;£130K - £1.3M;Weak;Very Strong;6.63;0;1176;1;1176;0.1;0.9;0.9;0.1;0.1;8%;0.0692307692307692;1.0;0.2;0.5;15%;1;0;0;0;0.0;0.06;0.0;92%;44.0;0.2;1.9;3.9;3.9;1.1;29;3.9;1.1;29;3.3;6;2;17.1;4.9;1.4;2.1;9.7;75;24;0;0.4;1.0;0.0;15;0;0;11.2;15.0;No recurring injuries;Below Average;3.7;17;0.0;0;0;0;0;0;0;0;0;0;0;0.7;1.3
Ligue 2 BKT;FC Rouen;Amadou Ba-Sy;ST (C);;AM (L), ST (C);25;"6'3""";£2.3K - £3.4K p/w;£55K - £550K;Fairly Strong;Very Strong;6.71;0;1184;1;1184;0.1;4.71;4.71;-3.71;0.4;3%;0.134571428571429;2.7;1.1;0.9;40%;1;0;0;0;0.0;0.01;0.0;90%;27.4;0.1;1.0;0.6;1.6;0.2;9;0.2;0.1;33;0.5;24;7;23.1;1.1;0.2;0.6;1.4;100;2;0;0.1;0.1;0.0;9;4;0;9.8;7.2;No recurring injuries;Above Average;11.2;56;0.1;0;0;0;0;0;0;0;0;0;0;0.7;0.8
Serie BKT;Cittadella;Lorenzo Milani;D (L);WB (L);D/WB (L);25;"5'10""";£1.2K - £1.9K p/w;£30K - £300K;Very Strong;Weak;7.38;0;1218;1;1218;0.1;0.43;0.43;0.57;0.0;17%;0.0716666666666667;0.4;0.1;0.0;33%;0;0;0;1;0.1;1.89;0.1;73%;22.2;0.0;0.0;0.0;0.0;0.0;0;0.0;0.0;0;0.0;11;0;0.0;0.0;2.2;0.0;0.0;94;32;0;0.0;0.0;0.0;15;0;0;0.0;0.0;No recurring injuries;Very Low;0.0;0;0.0;0;0;0;0;0;0;0;0;0;0;0.0;0.0
Ligue 1 McDonald's;Troyes;Mathys Detourbet;AM (C);AM (R);AM (RLC);19;"5'10""";£6.5K - £7.5K p/w;£3.9M - £5M;Reasonable;Very Strong;6.72;1;1224;1;1224;0.1;3.03;3.03;-2.03;0.2;5%;0.1515;1.5;0.5;0.4;35%;0;0;0;2;0.1;2.64;0.2;86%;43.8;0.1;1.5;3.3;4.3;0.5;12;2.2;0.1;7;3.4;9;6;15.8;5.7;0.9;1.9;9.0;75;16;0;0.3;0.5;0.0;16;2;0;11.2;12.5;No recurring injuries;Average;4.3;24;0.1;0;0;0;0;0;0;0;0;0;0;1.0;1.5
Jupiler Pro League;Antwerp;Thibo Somers;AM (C);M/AM (R);M (R), AM (RC);27;"6'0""";£3.7K - £6K p/w;£750K;Fairly Strong;Very Strong;6.81;1;1228;1;1228;0.1;1.14;1.14;-0.14;0.1;6%;0.07125;1.2;0.1;0.4;13%;0;0;0;2;0.1;2.02;0.1;92%;46.7;0.4;1.2;2.8;0.9;0.1;8;0.9;0.1;8;1.2;3;4;18.0;8.4;0.6;1.1;4.6;80;10;1;0.4;0.3;0.0;12;1;0;12.2;10.3;No recurring injuries;Below Average;2.9;48;0.1;0;0;0;0;0;0;0;0;0;0;1.0;1.7
Serie A;U.S. Lecce;Davide Carrino;ST (C);;ST (C);16;"6'2""";£150 - £240 p/w;Unknown;Very Weak;Very Weak;6.29;0;1230;1;1230;0.1;1.17;1.17;-0.17;0.1;9%;0.106363636363636;0.8;0.6;0.3;73%;0;0;0;0;0.0;0.21;0.0;92%;26.4;0.1;0.5;0.3;0.3;0.1;25;0.3;0.1;25;0.4;21;9;29.4;0.5;0.2;0.6;1.5;100;3;0;0.0;0.4;0.0;10;0;0;9.1;5.9;No recurring injuries;Very Low;10.1;30;0.1;0;0;0;0;0;0;0;0;0;0;0.6;1.0
Ligue 2 BKT;FC Rouen;Formose Mendy;D (C);;D (C);33;"6'1""";£1.2K - £1.9K p/w;Not for Sale;Weak;Very Strong;6.91;1;1260;1;1260;0.1;0.37;0.37;0.63;0.0;17%;0.0616666666666667;0.4;0.1;0.2;17%;0;0;0;1;0.1;0.48;0.0;91%;43.7;0.1;0.1;1.9;0.1;0.1;50;0.1;0.1;50;0.0;3;1;3.6;10.6;0.3;4.1;2.1;57;7;0;0.9;1.1;0.8;9;4;0;9.8;3.6;No recurring injuries;Above Average;7.1;61;1.4;0;0;0;0;0;0;0;0;0;0;0.6;1.6
Jupiler Pro League;KV Kortrijk;Rudy Kohon;D (C);D (R);D (RC);22;"6'2""";£1.1K - £1.7K p/w;£150K - £1.5M;Weak;Very Strong;6.73;0;1298;1;1298;0.1;0.61;0.61;0.39;0.0;14%;0.0871428571428571;0.5;0.1;0.2;14%;0;0;0;1;0.1;1.11;0.1;92%;41.9;0.2;0.3;2.2;0.0;0.0;0;0.0;0.0;0;0.1;3;0;3.3;16.4;0.7;2.5;2.4;77;13;1;0.4;1.3;0.5;7;1;0;9.9;3.4;No recurring injuries;Average;3.4;59;0.8;0;0;0;0;0;0;0;0;0;0;1.6;1.1
Eredivisie;sc Heerenveen;Vasilis Zagaritis;D (L);;D/WB (L);25;"5'10""";£1.9K - £3K p/w;£4.1M - £8.4M;Very Strong;Weak;7.00;2;1317;1;1317;0.1;0.15;0.15;0.85;0.0;33%;0.05;0.2;0.1;0.0;33%;0;0;0;1;0.1;1.1;0.1;88%;57.9;0.2;0.9;8.3;3.5;1.2;33;3.3;1.2;35;1.5;12;1;15.2;9.8;1.9;3.5;7.7;88;32;0;0.5;1.0;0.9;17;1;0;11.2;16.9;No recurring injuries;Below Average;3.5;57;0.3;0;0;0;0;0;0;0;0;0;0;0.6;0.8
Ligue 1 McDonald's;Paris FC;Thibault De Smet;D (L);D (C), WB (L);D (LC), WB (L);28;"6'0""";£20K - £25K p/w;£375K - £3.8M;Very Strong;Weak;6.93;2;1349;1;1349;0.1;0.1;0.1;0.9;0.0;50%;0.05;0.1;0.1;0.1;50%;1;0;0;0;0.0;1.95;0.1;88%;54.7;0.0;1.0;6.5;2.4;0.7;30;2.4;0.7;31;0.8;5;4;13.5;11.3;1.8;3.3;6.9;82;33;0;0.5;1.1;0.7;13;0;0;11.4;15.4;No recurring injuries;Below Average;4.5;62;1.1;0;0;0;0;0;0;0;0;0;0;1.1;1.3
Serie BKT;Venezia;Joël Schingtienne;D (C);;D (C);24;"6'2""";£9K - £10.5K p/w;£240K - £2.4M;Weak;Very Strong;6.78;0;1350;1;1350;0.1;0.99;0.99;0.01;0.1;9%;0.09;0.7;0.0;0.0;0%;0;0;0;0;0.0;0;0.0;69%;20.0;0.0;0.0;0.0;0.0;0.0;0;0.0;0.0;0;0.0;13;0;0.0;0.0;1.3;0.0;0.0;100;20;0;0.0;0.0;0.0;17;0;0;0.0;0.0;No recurring injuries;Very Low;0.0;0;0.0;0;0;0;0;0;0;0;0;0;0;0.0;0.0
Serie BKT;Frosinone;Farès Ghedjemis;AM (R);WB/M (R);WB/M/AM (R);24;"6'0""";£9K - £10.5K p/w;£1.2M - £2.7M;Very Strong;Reasonable;7.01;1;1350;1;1350;0.1;4.67;4.67;-3.67;0.3;3%;0.155666666666667;2.0;0.9;0.0;47%;0;0;0;1;0.1;1.9;0.1;68%;20.0;0.0;0.0;0.0;0.0;0.0;0;0.0;0.0;0;0.0;27;0;0.0;0.0;1.3;0.0;0.0;73;26;0;0.0;0.0;0.0;3;0;0;0.0;0.0;No recurring injuries;Very Low;0.0;0;0.0;0;0;0;0;0;0;0;0;0;0;0.0;0.0
Ligue 2 BKT;Rodez;Wilitty Younoussa;M (C);DM;DM, M (C);25;"5'9""";£2.8K - £4.4K p/w;£40K - £425K;Weak;Very Strong;6.48;0;1364;1;1364;0.1;2.04;1.23;-1.04;0.1;7%;0.145714285714286;0.9;0.5;0.2;50%;0;1;0;2;0.1;4.77;0.3;0%;0.0;0.3;0.1;0.0;0.0;0.0;0;0.0;0.0;0;0.0;12;0;18.1;11.4;0.0;0.0;0.0;0;0;0;0.0;0.0;0.0;3;3;0;0.0;0.0;No recurring injuries;Below Average;0.0;0;0.0;0;0;0;0;0;0;0;0;0;0;0.8;1.1
Ligue 2 BKT;FC Annecy;Nolan Binet;DM;DM;DM, M (C);22;"5'11""";£1.2K - £2.2K p/w;£375K - £3.7M;Weak;Very Strong;6.46;0;1403;1;1403;0.1;0.5;0.5;0.5;0.0;7%;0.0357142857142857;0.9;0.2;0.6;21%;2;0;0;1;0.1;1.66;0.1;0%;0.0;0.3;0.1;0.0;0.0;0.0;0;0.0;0.0;0;0.0;9;0;15.8;11.3;0.0;0.0;0.0;0;0;0;0.0;0.0;0.0;1;1;0;0.0;0.0;No recurring injuries;Below Average;0.0;0;0.0;0;0;0;0;0;0;0;0;0;0;0.8;1.2
Jupiler Pro League;OH Leuven;Birger Verstraete;DM;;DM, M (C);32;"5'9""";£4.5K - £6.75K p/w;£65K - £650K;Reasonable;Very Strong;6.92;0;1431;1;1431;0.1;0.27;0.27;0.73;0.0;50%;0.135;0.1;0.1;0.1;50%;1;0;0;4;0.3;4.47;0.3;91%;52.3;0.3;1.1;5.1;0.3;0.1;40;0.3;0.1;40;0.1;5;1;9.4;10.8;1.6;2.6;6.4;74;34;1;0.5;1.2;0.3;14;2;1;12.0;12.3;No recurring injuries;Above Average;1.6;81;0.2;0;0;0;0;0;0;0;0;0;0;1.2;1.4
Ligue 2 BKT;Red Star FC;Ryad Hachem;M (C);D/WB (L), DM;D/WB (L), DM, M (C);28;"5'8""";£2.8K - £4K p/w;£40K - £400K;Very Strong;Weak;6.53;0;1437;1;1437;0.1;0.81;0.81;0.19;0.1;10%;0.081;0.6;0.3;0.1;50%;0;0;0;1;0.1;2.22;0.1;100%;3.4;0.3;0.3;0.6;0.3;0.1;25;0.3;0.1;25;0.1;9;0;20.0;8.9;0.1;0.1;0.7;50;2;0;0.0;0.1;0.1;1;1;0;0.8;1.7;No recurring injuries;Below Average;0.3;60;0.1;0;0;0;0;0;0;0;0;0;0;0.6;0.9
Ligue 2 BKT;Amiens SC;Aboubacar Lô;D (C);DM;D (C), DM;26;"6'2""";£2.1K - £3.4K p/w;£120K - £400K;Weak;Very Strong;6.82;0;1440;1;1440;0.1;0.7;0.7;0.3;0.0;25%;0.175;0.2;0.1;0.0;25%;0;0;0;0;0.0;0.71;0.0;94%;41.4;0.1;0.0;1.6;0.0;0.0;0;0.0;0.0;0;0.1;2;1;2.5;16.6;0.2;3.6;2.9;67;6;2;0.5;0.6;0.9;14;5;0;9.8;3.5;No recurring injuries;Average;3.9;65;0.5;0;0;0;0;0;0;0;0;0;0;1.1;0.9
Ligue 1 McDonald's;Troyes;Paolo Gozzi;D (L);;D (C);25;"6'0""";£7.75K - £8.5K p/w;£1.2M;Very Strong;Weak;6.76;1;1440;1;1440;0.1;1.06;1.06;-0.06;0.1;17%;0.176666666666667;0.4;0.2;0.1;50%;0;0;0;2;0.1;1.25;0.1;92%;43.8;0.1;0.3;1.6;0.1;0.0;0;0.1;0.0;0;0.1;5;0;2.3;16.7;0.6;2.6;2.5;91;11;2;0.8;1.2;1.2;8;2;0;10.3;3.9;No recurring injuries;Below Average;3.3;49;0.4;0;0;0;0;0;0;0;0;0;0;1.2;1.4
Jupiler Pro League;Cercle Brugge;Javier Gil;D (C);;D (C);20;"6'4""";£1.6K - £2.4K p/w;£70K - £700K;Very Strong;Weak;6.65;0;1468;1;1468;0.1;0.16;0.16;0.84;0.0;17%;0.0266666666666667;0.4;0.1;0.3;33%;2;0;0;1;0.1;0.86;0.1;93%;42.4;0.0;0.2;2.2;0.6;0.1;10;0.1;0.1;50;0.1;2;0;3.8;12.9;0.3;2.2;2.3;100;5;1;0.6;1.0;0.7;7;1;0;9.5;3.1;No recurring injuries;Average;4.8;72;0.5;0;0;0;0;0;0;0;0;0;0;1.0;1.2
Jupiler Pro League;Charleroi;Étienne Camara;DM;;DM, M (C);23;"6'3""";£4.8K - £6.75K p/w;£170K - £1.7M;Very Strong;Weak;6.74;0;1487;1;1487;0.1;1.74;1.74;-0.74;0.1;11%;0.193333333333333;0.5;0.1;0.1;22%;0;0;0;1;0.1;1.26;0.1;92%;53.7;0.2;0.8;6.7;0.3;0.0;0;0.3;0.0;0;0.1;9;0;5.7;10.8;0.7;3.3;5.0;73;15;2;0.8;0.8;0.3;11;2;0;10.7;10.7;No recurring injuries;Below Average;2.4;54;0.3;0;0;0;0;0;0;0;0;0;0;1.3;1.1
Eredivisie;RKC Waalwijk;Tim van de Loo;DM;D (C), WB (R);D (C), WB (R), DM, M (C);23;"5'7""";£1.4K - £2.1K p/w;£80K - £800K;Weak;Very Strong;6.52;1;1520;1;1520;0.1;1.03;1.03;-0.03;0.1;9%;0.0936363636363636;0.7;0.2;0.2;27%;0;0;0;2;0.1;0.99;0.1;88%;9.4;0.2;0.1;0.6;0.0;0.0;0;0.0;0.0;0;0.0;9;0;11.6;10.5;0.2;0.4;0.9;75;4;0;0.2;0.1;0.1;2;1;0;1.9;1.9;No recurring injuries;Below Average;0.5;38;0.0;0;0;0;0;0;0;0;0;0;0;1.0;1.4
Jupiler Pro League;KV Kortrijk;Allan Tchaptchet;D (C);;D (C);24;"6'4""";£4.5K - £7K p/w;£200K - £2M;Reasonable;Very Strong;6.77;1;1525;1;1525;0.1;0.6;0.6;0.4;0.0;10%;0.06;0.6;0.1;0.2;10%;0;0;0;1;0.1;0.55;0.0;87%;40.2;0.0;0.2;2.1;0.1;0.1;100;0.1;0.1;100;0.0;2;0;2.3;19.0;0.6;2.8;2.9;79;14;4;0.8;1.5;0.5;12;6;0;10.2;4.2;No recurring injuries;Below Average;6.0;70;1.1;0;0;0;0;0;0;0;0;0;0;1.5;1.2
Ligue 2 BKT;Laval MFC;Sam Sanna;M (C);WB (R), DM;WB (R), DM, M (C);27;"5'7""";£2.9K - £4.4K p/w;£550K - £1.3M;Weak;Very Strong;6.79;1;1530;1;1530;0.1;1.04;1.04;-0.04;0.1;7%;0.0742857142857143;0.8;0.2;0.2;29%;0;0;0;1;0.1;1.9;0.1;91%;47.4;0.5;1.1;5.4;1.8;0.1;6;1.5;0.1;8;1.2;14;0;11.8;12.5;1.1;2.8;6.1;70;27;1;0.6;0.7;0.2;10;2;0;12.0;15.5;No recurring injuries;Above Average;1.9;44;0.1;0;0;0;0;0;0;0;0;0;0;0.5;1.4
Second Division;Villarreal B;Eneko Ortiz;D (L);;D (L);23;"5'11""";£2.1K - £2.4K p/w;£65K - £180K;Very Strong;Weak;6.68;0;1544;1;1544;0.1;0.28;0.28;0.72;0.0;25%;0.07;0.2;0.1;0.0;25%;0;0;0;0;0.0;2.44;0.1;81%;56.9;0.2;1.2;8.0;1.7;0.3;20;1.7;0.3;21;1.4;11;2;14.0;10.1;2.0;3.1;6.7;89;38;0;0.2;0.7;0.7;25;4;0;11.7;15.9;No recurring injuries;Average;3.6;49;0.2;0;0;0;0;0;0;0;0;0;0;0.5;1.1
Jupiler Pro League;Dender EH;Alexandre Brito;DM;;DM, M (C);21;"6'3""";£2.5K - £4.4K p/w;£65K - £650K;Reasonable;Very Strong;6.80;0;1551;1;1551;0.1;1.02;1.02;-0.02;0.1;9%;0.0927272727272727;0.6;0.2;0.2;27%;0;0;0;2;0.1;1.52;0.1;91%;52.3;0.1;0.8;4.9;0.1;0.1;100;0.1;0.1;100;0.1;3;0;6.0;12.6;1.3;3.1;6.0;88;25;2;0.4;0.8;0.1;8;3;0;11.5;11.7;No recurring injuries;Above Average;2.7;46;0.3;0;0;0;0;0;0;0;0;0;0;1.1;1.2
Jupiler Pro League;RAAL La Louvière;Maxence Maisonneuve;D (C);;D (C);27;"6'3""";£1.3K - £2K p/w;£90K - £900K;Weak;Very Strong;6.74;0;1565;1;1565;0.1;0.7;0.7;0.3;0.0;10%;0.07;0.6;0.2;0.3;30%;0;0;0;0;0.0;0.57;0.0;92%;40.8;0.1;0.2;2.3;0.1;0.1;100;0.1;0.1;100;0.0;5;0;4.0;11.1;0.4;3.1;2.7;78;9;2;0.6;1.1;0.9;4;1;0;10.0;2.5;No recurring injuries;Below Average;4.7;65;1.2;0;0;0;0;0;0;0;0;0;0;0.7;1.4
Jupiler Pro League;Beerschot;Brian Plat;D (C);WB (R);D (RC), WB (R);26;"6'3""";£975 - £1.5K p/w;£30K - £300K;Weak;Very Strong;6.82;0;1595;1;1595;0.1;0.49;0.49;0.51;0.0;20%;0.098;0.3;0.1;0.1;20%;0;0;0;0;0.0;1.36;0.1;91%;43.1;0.2;0.7;3.3;2.6;0.4;15;2.6;0.4;15;0.8;6;0;9.9;9.9;1.0;2.9;6.5;58;31;0;0.4;1.4;0.6;11;0;0;11.1;11.9;No recurring injuries;Below Average;3.0;60;0.6;0;0;0;0;0;0;0;0;0;0;0.8;1.4
Jupiler Pro League;KV Kortrijk;Victor Daguin;DM;;DM;26;"6'1""";£1.1K - £1.9K p/w;£240K - £750K;Weak;Very Strong;6.81;2;1626;1;1626;0.1;0.08;0.08;0.92;0.0;25%;0.02;0.2;0.2;0.2;75%;0;0;0;2;0.1;2.71;0.1;93%;50.9;0.0;1.0;5.9;2.0;0.3;13;0.0;0.0;0;0.1;4;0;4.2;15.6;0.7;2.3;5.8;81;16;1;0.9;1.2;0.1;5;0;0;11.3;11.0;No recurring injuries;Below Average;2.0;59;0.2;0;0;0;0;0;0;0;0;0;0;1.4;1.2
Eredivisie;Go Ahead Eagles;Rayan Bamba;WB (R);M (R);D/WB/M (R);22;"6'1""";£5K - £6.5K p/w;£3.9M - £5M;Weak;Very Strong;6.84;0;1757;1;1757;0.1;0.87;0.87;0.13;0.0;10%;0.087;0.5;0.2;0.1;30%;0;0;0;0;0.0;1.78;0.1;90%;51.2;0.1;0.7;7.0;1.7;0.4;23;1.7;0.4;24;1.4;21;0;14.8;13.9;1.6;3.8;6.5;86;36;1;0.7;1.2;0.6;17;3;0;10.6;12.8;No recurring injuries;Below Average;3.9;64;0.3;0;0;0;0;0;0;0;0;0;0;0.8;1.1
Second Division;Tarragona;Álvaro García;D (C);D (L), M (C);D (LC), DM, M (C);26;"6'0""";£2.9K - £4.9K p/w;£100K - £1M;Very Strong;Weak;6.88;1;1757;1;1757;0.1;0.36;0.36;0.64;0.0;25%;0.09;0.2;0.1;0.1;25%;0;0;0;0;0.0;0.52;0.0;87%;43.0;0.1;0.4;2.9;0.5;0.1;22;0.5;0.1;22;0.2;7;2;5.8;14.3;0.9;2.8;3.3;95;19;2;0.8;1.4;1.4;11;1;0;9.9;6.7;No recurring injuries;Above Average;4.3;71;0.5;0;0;0;0;0;0;0;0;0;0;1.1;1.3
Sky Bet Championship;Swansea;Josh Key;D/WB (R);;D/WB (R);27;"5'10""";£6K - £8.5K p/w;£1.9M - £4.1M;Reasonable;Very Strong;6.95;1;1867;1;1867;0.0;0.99;0.99;0.01;0.0;7%;0.0707142857142857;0.7;0.1;0.3;21%;0;0;0;0;0.0;1.41;0.1;90%;51.5;0.1;1.0;6.7;2.6;0.5;20;1.4;0.4;28;1.8;18;4;16.0;9.8;1.7;3.6;8.5;73;48;2;0.9;1.3;0.3;13;2;0;11.2;16.3;No recurring injuries;Below Average;3.3;42;0.3;0;0;1;0;0;0;0;0;0;0;1.2;1.3
Sky Bet Championship;Blackburn;Connor O'Riordan;D (C);;D (C);23;"6'4""";£3.9K - £5.5K p/w;£950K - £9.4M;Reasonable;Very Strong;6.96;1;1980;1;1980;0.0;0.46;0.46;0.54;0.0;17%;0.0766666666666667;0.3;0.1;0.1;50%;0;0;0;1;0.0;0.36;0.0;94%;42.9;0.0;0.2;1.9;0.2;0.1;40;0.2;0.1;40;0.0;6;0;2.0;16.0;0.8;3.0;3.0;85;20;5;0.6;1.4;0.2;7;1;0;10.3;3.9;No recurring injuries;Low;5.5;74;0.9;0;0;0;0;0;0;0;0;0;0;1.0;1.3
Sky Bet Championship;Preston;Odel Offiah;D (R);WB (R), DM;D (RC), WB (R), DM;24;"6'2""";£9.5K - £11.25K p/w;£3.3M - £6.6M;Reasonable;Very Strong;7.09;0;2035;1;2035;0.0;1.33;1.33;-0.33;0.1;5%;0.07;0.8;0.1;0.4;16%;0;0;0;1;0.0;1.6;0.1;90%;51.0;0.1;0.7;7.0;1.7;0.3;17;1.7;0.3;18;1.1;22;1;11.6;12.9;2.0;3.2;7.6;78;58;5;0.4;0.9;1.2;17;3;1;11.0;15.2;No recurring injuries;Below Average;5.5;66;0.6;0;0;0;0;0;0;0;0;0;0;0.9;1.2
Jupiler Pro League;KV Mechelen;Thérence Koudou;D (R);D (L), WB (RL);D/WB (RL);21;"5'10""";£1.7K - £2.6K p/w;£300K - £2.9M;Weak;Very Strong;6.78;0;2159;1;2159;0.0;2.07;2.07;-1.07;0.1;4%;0.0828;1.0;0.3;0.4;24%;0;0;0;1;0.0;4.29;0.2;89%;53.5;0.2;0.6;8.1;1.5;0.3;16;1.5;0.3;16;1.0;28;2;11.7;13.6;1.8;3.3;8.1;84;51;2;0.8;0.9;1.0;18;0;0;11.3;15.5;No recurring injuries;Below Average;3.2;58;0.1;0;0;0;0;0;0;0;0;0;0;1.3;1.3
Bundesliga 2;Rot-Weiss Essen;Michael Kostka;D (R);D (L), WB (R);D (RL), WB (R);22;"6'0""";£4.1K - £6K p/w;£55K - £550K;Very Strong;Very Strong;6.97;0;1042;0;0;0.0;0.49;0.49;-0.49;0.0;0%;0.0816666666666667;0.5;0.1;0.3;17%;0;0;0;3;0.3;1.17;0.1;90%;52.0;0.3;1.0;5.8;1.8;0.4;23;1.8;0.4;24;1.0;14;2;15.5;12.4;2.0;3.6;7.5;88;26;1;0.6;1.0;0.7;12;0;0;11.3;16.3;No recurring injuries;Above Average;4.1;38;0.3;0;0;0;0;0;0;0;0;0;0;1.1;1.6
Jupiler Pro League;Dender EH;Brando Moruzzi;D (L);WB (L);D/WB (L);22;"6'0""";£3.1K - £4.5K p/w;£4K - £40K;Very Strong;Weak;6.89;1;1185;0;0;0.0;0.26;0.26;-0.26;0.0;0%;0.0866666666666667;0.2;0.1;0.1;33%;0;0;0;2;0.2;0.55;0.0;90%;55.4;0.1;1.2;6.4;2.0;0.2;7;2.0;0.2;8;0.6;7;1;14.4;13.4;1.7;2.1;7.6;79;29;0;0.6;0.8;0.3;14;0;0;11.5;15.8;No recurring injuries;Below Average;3.5;74;0.6;0;0;0;0;0;0;0;0;0;0;1.4;1.6
Ligue 2 BKT;Grenoble;Loris Mouyokolo;D (C);;D (C);25;"6'4""";£1.3K - £2.2K p/w;£55K - £550K;Weak;Very Strong;6.78;0;1208;0;0;0.0;0.57;0.57;-0.57;0.0;0%;0.095;0.4;0.1;0.1;33%;0;0;0;1;0.1;0.16;0.0;88%;41.9;0.1;0.1;2.2;0.0;0.0;0;0.0;0.0;0;0.0;2;0;4.5;10.7;0.4;3.4;2.1;100;5;0;0.4;0.9;0.5;9;3;0;9.8;3.0;No recurring injuries;Above Average;5.1;83;1.6;0;0;0;0;0;0;0;0;0;0;1.0;1.0
Ligue 2 BKT;Laval MFC;Titouan Thomas;DM;AM (C);DM, M/AM (C);24;"6'0""";£2.3K - £3.4K p/w;£130K - £1.3M;Weak;Very Strong;6.63;0;1113;0;0;0.0;0.81;0.81;-0.81;0.1;0%;0.135;0.5;0.2;0.1;50%;0;0;0;1;0.1;4.18;0.3;91%;52.6;0.2;0.9;6.7;7.0;1.1;16;0.2;0.1;50;0.1;7;0;8.6;10.2;1.1;2.3;7.0;65;20;1;0.6;0.9;0.0;7;2;0;11.6;11.6;No recurring injuries;Below Average;1.9;74;0.2;0;0;0;0;0;0;0;0;0;0;0.4;1.7
Jupiler Pro League;RAAL La Louvière;Yllan Okou;D (L);D (C);D (LC), WB (L);23;"6'2""";£1.4K - £2.2K p/w;£160K - £1.6M;Very Strong;Weak;6.70;0;1007;0;0;0.0;0.18;0.18;-0.18;0.0;0%;0.18;0.1;0.0;0.0;0%;0;0;0;0;0.0;0.53;0.0;87%;43.8;0.2;0.7;3.0;2.3;0.6;26;2.3;0.6;27;0.9;5;3;11.4;7.0;1.2;3.4;4.6;65;20;0;0.3;0.9;1.1;12;0;0;10.6;10.1;No recurring injuries;Below Average;4.9;64;0.7;0;0;0;0;0;0;0;0;0;0;0.7;1.5
First Division;Levante;Jorge Cabello;D (C);;D (LC);22;"5'11""";£5.75K - £8.25K p/w;£6.8M - £11M;Very Strong;Weak;6.73;0;1613;0;0;0.0;2.11;2.11;-2.11;0.1;0%;0.5275;0.2;0.0;0.1;0%;0;0;0;1;0.1;0.48;0.0;93%;43.6;0.1;0.2;1.8;0.1;0.0;0;0.1;0.0;0;0.2;5;0;3.5;12.7;0.6;2.8;3.0;83;12;1;0.7;1.3;1.2;11;3;0;10.4;5.6;No recurring injuries;Below Average;4.0;72;0.5;0;0;0;0;0;0;0;0;0;0;0.7;1.5
Serie BKT;Venezia;Ahmed Sidibé;DM;D/M (C);D (C), DM, M (C);24;"6'2""";£1.6K - £2.6K p/w;£130K - £1.3M;Very Strong;Weak;6.94;0;1350;0;0;0.0;0.53;0.53;-0.53;0.0;0%;0.106;0.3;0.0;0.0;0%;0;0;0;0;0.0;1.89;0.1;72%;20.0;0.0;0.0;0.0;0.0;0.0;0;0.0;0.0;0;0.0;11;0;0.0;0.0;1.7;0.0;0.0;93;27;0;0.0;0.0;0.0;20;0;0;0.0;0.0;No recurring injuries;Very Low;0.0;0;0.0;0;0;0;0;0;0;0;0;0;0;0.0;0.0
Jupiler Pro League;STVV;Maximilian Braune;GK;;GK;23;"6'1""";£2.3K - £3.4K p/w;£425K - £4.3M;Very Weak;Very Strong;6.77;1;1620;0;0;0.0;0;0;0;0.0;0%;0;0.0;0.0;0.0;0%;0;0;0;0;0.0;0;0.0;82%;25.0;0.0;0.0;0.0;0.0;0.0;0;0.0;0.0;0;0.0;9;0;7.6;3.8;0.0;0.0;0.0;0;0;0;0.0;3.1;0.0;0;0;0;5.5;0.0;No recurring injuries;Above Average;0.0;0;0.0;5;2.25;1;70;13;22;12;20;0;0;0.7;1.1
Sky Bet Championship;Hull;Buba Sangaré;D (R);WB (R);D/WB (R);19;"6'0""";£3.8K - £5.25K p/w;£450K - £4.5M;Weak;Very Strong;6.75;1;1312;0;0;0.0;1.27;1.27;-1.27;0.1;0%;0.141111111111111;0.6;0.0;0.1;0%;1;0;0;0;0.0;0.84;0.1;89%;53.0;0.1;0.9;6.2;2.0;0.3;13;2.0;0.3;14;1.3;12;2;17.8;10.4;2.3;2.9;8.1;83;40;2;0.7;0.6;0.3;18;2;0;11.9;16.9;No recurring injuries;Above Average;3.5;51;0.1;0;0;0;0;0;0;0;0;0;0;1.4;1.1
Eredivisie;FC Groningen;Ugo Raghouber;DM;;DM, M (C);23;"6'2""";£1.9K - £3.3K p/w;£300K - £3.1M;Very Strong;Weak;6.99;0;1230;0;0;0.0;0.86;0.86;-0.86;0.1;0%;0.172;0.4;0.1;0.1;20%;0;0;0;5;0.4;1.8;0.1;91%;52.8;0.4;1.7;6.3;0.2;0.0;0;0.2;0.0;0;0.1;4;0;4.5;14.1;1.7;2.1;5.9;92;25;0;0.4;1.2;0.1;10;6;0;11.7;11.5;No recurring injuries;Average;2.7;68;0.4;0;0;0;0;0;0;0;0;0;0;1.2;0.9
Jupiler Pro League;KV Kortrijk;Nicolas Rommens;M (C);;DM, M (C);31;"6'1""";£3.1K - £4.5K p/w;Not for Sale;Weak;Very Strong;6.99;1;1431;0;0;0.0;0.86;0.86;-0.86;0.1;0%;0.1075;0.5;0.0;0.1;0%;0;0;0;5;0.3;3.2;0.2;91%;52.2;0.3;1.2;6.0;0.1;0.1;50;0.1;0.1;50;0.0;6;0;6.7;19.5;1.0;3.0;5.8;84;19;1;0.4;0.8;0.1;8;0;0;11.9;12.8;No recurring injuries;Average;1.8;62;0.1;0;0;0;0;0;0;0;0;0;0;1.5;1.1
Jupiler Pro League;RWDM Brussels;Bill Lathouwers;GK;;GK;27;"6'4""";£2.7K - £4K p/w;£130K - £1.3M;Very Strong;Weak;6.98;3;1429;0;0;0.0;0;0;0;0.0;0%;0;0.0;0.0;0.0;0%;0;0;0;0;0.0;0;0.0;86%;23.5;0.0;0.0;0.1;0.0;0.0;0;0.0;0.0;0;0.0;5;0;5.9;5.7;0.0;0.1;0.0;0;1;0;0.0;3.8;0.0;1;1;0;5.7;0.0;No recurring injuries;Average;0.0;0;0.0;6;9.24;0;81;16;29;13;13;1;0;1.3;0.8
Second Division;F.C. Andorra;Marc Bombardó;D (C);;D (C);21;"6'1""";£950 - £1.6K p/w;£150K - £475K;Fairly Strong;Very Strong;6.54;0;1157;0;0;0.0;0.4;0.4;-0.4;0.0;0%;0.08;0.4;0.0;0.3;0%;0;0;0;0;0.0;0.28;0.0;91%;43.1;0.0;0.0;1.2;0.1;0.0;0;0.1;0.0;0;0.0;3;0;4.4;13.0;0.4;3.0;2.7;83;6;1;1.4;1.0;1.2;7;4;1;9.8;3.6;No recurring injuries;Below Average;4.8;58;0.4;0;0;0;0;0;0;0;0;0;0;1.0;1.5
Eredivisie;Go Ahead Eagles;Jari De Busser;GK;;GK;27;"6'3""";£1.5K - £2.6K p/w;£450K - £4.5M;Weak;Very Strong;6.79;2;1920;0;0;0.0;0;0;0;0.0;0%;0;0.0;0.0;0.0;0%;0;0;0;0;0.0;0;0.0;77%;23.9;0.0;0.0;0.0;0.0;0.0;0;0.0;0.0;0;0.0;11;0;7.4;4.0;0.0;0.0;0.0;0;5;0;0.0;3.1;0.0;0;0;0;5.2;0.0;No recurring injuries;Below Average;0.0;0;0.0;6;5.57;1;76;14;46;13;22;5;0;0.8;1.0
Eredivisie;Telstar;Lennard Hens;AM (C);M (C);M/AM (C);30;"6'0""";£1.9K - £2.8K p/w;£100K - £1M;Weak;Very Strong;6.79;0;1169;0;0;0.0;3.67;3.67;-3.67;0.3;0%;0.159565217391304;1.8;0.7;0.2;39%;0;0;0;1;0.1;0.62;0.0;85%;41.2;0.3;1.8;2.8;0.7;0.3;44;0.7;0.3;44;1.8;7;3;22.3;9.9;0.2;2.0;5.5;100;3;0;0.4;0.4;0.0;7;2;0;11.6;9.2;No recurring injuries;Below Average;2.4;29;0.0;0;0;0;0;0;0;0;0;0;0;0.7;1.5
Ligue 2 BKT;Rodez;Loni Laurent;D (C);D (R);D (RC);25;"6'0""";£2.2K - £3.5K p/w;£425K - £1.4M;Weak;Very Strong;6.77;1;1410;0;0;0.0;1.65;1.65;-1.65;0.1;0%;0.15;0.7;0.3;0.1;36%;0;0;0;0;0.0;0;0.0;88%;41.2;0.0;0.3;1.6;0.1;0.1;100;0.1;0.1;100;0.0;2;0;5.0;9.8;0.4;2.2;2.3;50;12;2;0.6;1.8;0.9;5;1;0;9.5;2.8;No recurring injuries;Below Average;5.7;63;1.3;0;0;0;0;0;0;0;0;0;0;0.8;1.0
Ligue 2 BKT;USL Dunkerque;Antoine Sekongo;AM (C);;M/AM (C);22;"5'10""";£3.3K - £4.8K p/w;£325K - £1.1M;Fairly Strong;Very Strong;6.42;0;1270;0;0;0.0;1.59;1.59;-1.59;0.1;0%;0.159;0.7;0.2;0.1;30%;0;0;0;1;0.1;1.74;0.1;0%;0.0;0.4;0.1;0.0;0.9;0.0;0;0.0;0.0;0;0.0;7;0;13.3;12.7;0.0;0.0;0.0;0;0;0;0.0;0.0;0.0;1;1;0;0.0;0.0;No recurring injuries;Above Average;0.0;0;0.0;0;0;0;0;0;0;0;0;0;0;1.2;0.6
Jupiler Pro League;RAAL La Louvière;Matthis Riou;D (C);DM;D (C), DM;25;"6'2""";£2K - £3.4K p/w;£140K - £1.4M;Reasonable;Very Strong;6.72;0;1671;0;0;0.0;2.47;2.47;-2.47;0.1;0%;0.154375;0.9;0.2;0.1;25%;0;0;0;2;0.1;1.51;0.1;93%;42.7;0.1;0.1;1.5;0.1;0.1;100;0.1;0.1;100;0.1;2;0;3.6;13.1;0.5;3.0;2.6;82;11;1;0.5;1.0;0.7;10;2;0;9.5;4.8;No recurring injuries;Below Average;3.9;73;0.5;0;0;0;0;0;0;0;0;0;0;0.7;1.3
Ligue 2 BKT;Laval MFC;Florian Bianchini;AM (L);AM (R), ST (C);AM (RL), ST (C);25;"6'0""";£3.9K - £6K p/w;£450K - £1.5M;Reasonable;Very Strong;6.79;0;1440;0;0;0.0;1.63;1.63;-1.63;0.1;0%;0.0958823529411765;1.1;0.1;0.4;12%;0;0;0;1;0.1;0.8;0.1;88%;43.0;0.2;1.2;3.4;2.9;0.9;30;2.9;0.9;30;3.2;15;8;19.6;3.2;1.1;2.0;8.7;69;26;0;0.4;0.5;0.0;23;1;0;11.6;13.9;No recurring injuries;Average;4.0;36;0.0;0;0;0;0;0;0;0;0;0;0;0.4;1.3
Ligue 2 BKT;FC Rouen;Mattéo Escouflaire;D/WB (R);;D/WB (R);21;"5'9""";£600 - £975 p/w;£130K - £1.3M;Reasonable;Very Strong;6.63;0;1225;0;0;0.0;0.07;0.07;-0.07;0.0;0%;0.0233333333333333;0.2;0.1;0.1;33%;0;0;0;0;0.0;1.56;0.1;82%;48.1;0.2;1.5;4.5;8.1;1.2;15;8.1;1.2;15;1.7;7;3;16.8;10.8;0.9;3.5;6.6;63;19;0;0.5;1.2;0.5;21;0;0;12.1;17.3;No recurring injuries;Above Average;5.1;45;0.6;0;0;0;0;0;0;0;0;0;0;0.8;1.5
Ligue 2 BKT;Rodez;Jordan Mendes;DM;;DM, M (C);22;"5'11""";£1.7K - £2.7K p/w;£375K - £3.7M;Weak;Very Strong;6.80;0;1118;0;0;0.0;0.23;0.23;-0.23;0.0;0%;0.0575;0.3;0.0;0.2;0%;0;0;0;1;0.1;1.12;0.1;94%;51.4;0.2;1.0;3.4;0.0;0.0;0;0.0;0.0;0;0.5;9;0;9.5;8.1;0.6;1.9;5.6;80;10;1;0.8;1.4;0.1;8;0;0;11.1;11.0;No recurring injuries;Below Average;1.6;40;0.0;0;0;0;0;0;0;0;0;0;0;0.7;1.1
Ligue 2 BKT;Rodez;Nolan Galves;D (R);;D/WB (R);23;"6'0""";£2.3K - £3.2K p/w;£100K - £1M;Weak;Very Strong;6.76;0;1295;0;0;0.0;0.01;0.01;-0.01;0.0;0%;0.01;0.1;0.0;0.0;0%;0;0;0;0;0.0;1.36;0.1;86%;43.6;0.1;1.3;4.9;6.9;1.0;14;6.9;1.0;14;2.4;14;4;15.4;10.1;1.5;3.2;10.5;49;43;1;0.5;1.0;1.0;12;4;0;12.3;23.3;No recurring injuries;Below Average;4.1;49;0.5;0;0;0;0;0;0;0;0;0;0;0.8;1.0
Jupiler Pro League;KV Mechelen;Ortwin De Wolf;GK;;GK;29;"6'3""";£2.8K - £4.8K p/w;£80K - £800K;Very Strong;Weak;6.80;3;2370;0;0;0.0;0;0;0;0.0;0%;0;0.0;0.0;0.0;0%;0;0;0;0;0.0;0;0.0;80%;22.6;0.0;0.0;0.0;0.0;0.0;0;0.0;0.0;0;0.0;7;0;6.8;4.5;0.1;0.1;0.0;40;5;0;0.0;3.3;0.0;0;0;0;5.2;0.0;No recurring injuries;Below Average;0.0;0;0.0;6;9.06;0;75;27;52;19;33;5;40;1.3;1.3
Ligue 2 BKT;Red Star FC;Dylan Durivaux;D (C);WB (R);D (RC), WB (R);25;"5'10""";£2.9K - £4.4K p/w;£110K - £1.1M;Weak;Very Strong;6.72;0;1094;0;0;0.0;2.84;2.84;-2.84;0.2;0%;0.189333333333333;1.2;0.2;0.4;13%;0;0;0;1;0.1;0.08;0.0;89%;46.0;0.0;0.7;3.5;2.3;0.4;17;2.3;0.4;18;0.4;4;1;8.9;9.0;1.6;2.6;5.6;83;23;2;0.4;1.0;0.7;10;2;1;11.2;11.1;No recurring injuries;High;3.5;56;0.6;0;0;0;0;0;0;0;0;0;0;0.5;0.9
Ligue 2 BKT;Laval MFC;Gabin Blancquart;D (C);D (R);D (RC);22;"6'4""";£2.7K - £4.2K p/w;£220K - £2.2M;Weak;Very Strong;6.70;0;1530;0;0;0.0;1.73;1.73;-1.73;0.1;0%;0.0910526315789474;1.1;0.2;0.4;16%;0;0;0;0;0.0;0.33;0.0;91%;42.2;0.1;0.1;1.9;0.1;0.0;0;0.1;0.0;0;0.0;3;0;4.6;13.4;0.5;3.1;2.9;69;13;1;0.8;1.1;0.6;8;2;0;9.7;3.3;No recurring injuries;Below Average;5.8;61;1.1;0;0;0;0;0;0;0;0;0;0;0.5;1.4
Jupiler Pro League;OH Leuven;Roggerio Nyakossi;D (C);;D (C);22;"6'4""";£2K - £3.3K p/w;£400K - £3.9M;Very Weak;Very Strong;6.68;0;1274;0;0;0.0;0.77;0.77;-0.77;0.1;0%;0.154;0.4;0.0;0.1;0%;0;0;0;0;0.0;0.58;0.0;93%;41.3;0.0;0.0;1.0;0.0;0.0;0;0.0;0.0;0;0.0;3;0;4.3;11.0;0.1;2.8;2.0;67;3;0;1.3;1.2;0.8;7;5;0;9.9;4.3;No recurring injuries;Average;4.9;80;1.0;0;0;0;0;0;0;0;0;0;0;0.8;1.1
Ligue 2 BKT;EA Guingamp;Noah Solheid;D (C);;D (C);23;"6'5""";£1.7K - £3K p/w;£170K - £1.7M;Very Strong;Weak;6.90;1;1620;0;0;0.0;0.43;0.43;-0.43;0.0;0%;0.086;0.3;0.1;0.1;40%;0;0;0;0;0.0;1.23;0.1;92%;41.3;0.2;0.2;1.6;0.0;0.0;0;0.0;0.0;0;0.0;3;0;3.1;17.7;0.6;3.5;2.1;83;12;3;0.7;1.4;0.6;9;1;0;9.5;3.8;No recurring injuries;Average;5.1;63;1.6;0;0;0;0;0;0;0;0;0;0;1.2;0.8
Ligue 2 BKT;Pau FC;Daylam Meddah;DM;;D (C), DM;24;"6'2""";£3.1K - £4.9K p/w;£475K - £1.5M;Weak;Very Strong;6.90;1;1520;0;0;0.0;1.45;1.45;-1.45;0.1;0%;0.131818181818182;0.7;0.0;0.2;0%;1;0;0;2;0.1;1.38;0.1;94%;50.9;0.0;0.6;3.4;0.1;0.1;100;0.1;0.1;100;0.2;8;0;6.6;13.3;1.4;1.8;6.2;88;26;0;0.1;0.9;0.3;13;2;0;11.2;11.6;No recurring injuries;Below Average;2.8;56;0.6;0;0;0;0;0;0;0;0;0;0;1.1;1.2
Ligue 2 BKT;EA Guingamp;Donatien Gomis;D (C);;D (C);32;"6'2""";£3.3K - £5.25K p/w;£22K - £220K;Weak;Very Strong;6.79;0;1036;0;0;0.0;0.97;0.97;-0.97;0.1;0%;0.107777777777778;0.8;0.1;0.0;11%;0;0;0;1;0.1;0.15;0.0;91%;42.4;0.3;0.1;1.7;0.0;0.0;0;0.0;0.0;0;0.1;4;0;3.0;15.6;0.5;4.1;3.1;60;10;0;0.5;1.0;0.7;7;4;1;10.3;5.2;Recurring tight hamstring;Very High;6.0;83;1.1;0;0;0;0;0;0;0;0;0;0;1.0;0.8
Ligue 2 BKT;Red Star FC;Balthazar Pierret;DM;;DM, M (C);26;"6'1""";£3.6K - £6K p/w;£500K - £1.6M;Very Strong;Reasonable;6.43;0;1143;0;0;0.0;0.08;0.08;-0.08;0.0;0%;0.0266666666666667;0.2;0.1;0.1;33%;0;0;0;1;0.1;3.59;0.3;94%;3.7;0.6;0.2;0.6;0.8;0.0;0;0.0;0.0;0;0.1;7;0;12.7;10.6;0.1;0.0;0.5;100;1;0;0.0;0.0;0.0;9;7;0;1.0;1.1;No recurring injuries;Average;0.1;100;0.1;0;0;0;0;0;0;0;0;0;0;0.5;1.1
Ligue 2 BKT;Red Star FC;Pierre Lemonnier;D (C);;D (C);33;"6'0""";£2.8K - £4K p/w;£5K - £55K;Weak;Very Strong;6.82;0;1094;0;0;0.0;0.32;0.32;-0.32;0.0;0%;0.064;0.4;0.0;0.1;0%;0;0;0;1;0.1;0.38;0.0;88%;41.3;0.0;0.2;1.6;0.0;0.0;0;0.0;0.0;0;0.0;0;0;4.9;11.6;0.3;3.7;2.4;50;8;2;0.8;1.3;1.6;8;1;0;9.1;3.5;No recurring injuries;Above Average;4.3;60;0.9;0;0;0;0;0;0;0;0;0;0;0.6;0.9
Serie BKT;Modena F.C.;Gady Beyuku;D (R);D (C), WB (L), M (R);D (RC), WB (RL), M (R);21;"6'2""";£4.3K - £5.75K p/w;£500K - £4.9M;Weak;Very Strong;7.04;0;1350;0;0;0.0;0.09;0.09;-0.09;0.0;0%;0.03;0.2;0.0;0.0;0%;0;0;0;0;0.0;1.58;0.1;70%;20.0;0.0;0.0;0.0;0.0;0.0;0;0.0;0.0;0;0.0;12;0;0.0;0.0;1.3;0.0;0.0;100;19;0;0.0;0.0;0.0;16;0;0;0.0;0.0;No recurring injuries;Very Low;0.0;0;0.0;0;0;0;0;0;0;0;0;0;0;0.0;0.0
Sky Bet Championship;Bristol City;Cameron Pring;D (L);D (C);D (LC), WB (L);28;"6'1""";£13.25K - £18.25K p/w;£7.2M - £9.6M;Very Strong;Reasonable;7.06;2;1675;0;0;0.0;0.16;0.16;-0.16;0.0;0%;0.0266666666666667;0.3;0.1;0.2;33%;0;0;0;1;0.1;0.73;0.0;87%;55.7;0.1;1.0;7.3;2.6;0.5;20;2.6;0.5;20;0.8;16;4;12.9;9.7;2.2;3.3;7.2;75;55;4;0.6;1.6;0.8;32;8;1;11.4;16.9;No recurring injuries;Above Average;3.9;78;0.5;0;0;1;0;0;0;0;0;0;0;1.5;1.0
Eredivisie;Excelsior;Casper Widell;D (C);;D (C);23;"6'3""";£1.4K - £2.4K p/w;£550K - £5.4M;Weak;Very Strong;6.72;0;1530;0;0;0.0;1;1;-1;0.1;0%;0.111111111111111;0.5;0.0;0.1;0%;0;0;0;0;0.0;0.49;0.0;91%;40.9;0.1;0.0;1.6;0.0;0.0;0;0.0;0.0;0;0.0;4;0;2.9;20.9;0.8;1.9;3.0;93;14;0;0.5;1.1;1.4;10;2;0;10.2;3.4;No recurring injuries;Below Average;4.9;74;1.7;0;0;0;0;0;0;0;0;0;0;0.7;1.1
Ligue 2 BKT;FC Nantes;Tylel Tati;D (C);;D (C);18;"6'4""";£13.25K - £15K p/w;£8.6M - £11M;Very Strong;Weak;6.65;0;1372;0;0;0.0;1.38;1.38;-1.38;0.1;0%;0.125454545454545;0.7;0.1;0.3;18%;0;0;0;0;0.0;0.95;0.1;94%;48.9;0.1;0.1;2.2;0.0;0.0;0;0.0;0.0;0;0.0;4;0;2.3;20.3;0.4;2.8;2.7;75;8;2;0.7;1.0;0.5;11;8;0;9.8;5.1;No recurring injuries;Low;5.8;74;1.2;0;0;0;0;0;0;0;0;0;0;1.6;0.7
Ligue 2 BKT;SM Caen;Maxime Etuin;D (L);WB (L), M (C);D/WB (L), M (C);31;"5'9""";£3.3K - £5K p/w;Not for Sale;Very Strong;Weak;6.97;1;1330;0;0;0.0;0.26;0.26;-0.26;0.0;0%;0.065;0.3;0.0;0.0;0%;0;0;0;1;0.1;0.92;0.1;88%;54.0;0.1;1.4;7.6;6.0;0.8;13;1.1;0.1;6;1.1;13;1;18.0;10.2;2.1;3.2;7.4;70;44;3;0.7;1.2;0.2;9;2;0;11.6;15.4;No recurring injuries;Below Average;4.0;47;0.2;0;0;0;0;0;0;0;0;0;0;1.2;1.2
Second Division;Villarreal B;Alassane Diatta;M (C);DM;DM, M (C);21;"6'3""";£2.8K - £4.1K p/w;£50K - £500K;Very Strong;Weak;6.91;0;1178;0;0;0.0;0.5;0.5;-0.5;0.0;0%;0.1;0.4;0.0;0.1;0%;0;0;0;1;0.1;0.88;0.1;91%;48.7;0.2;0.7;4.7;0.5;0.1;14;0.1;0.0;0;0.4;5;1;6.6;10.2;1.4;2.6;6.4;82;22;0;0.4;0.4;0.2;15;0;0;11.4;10.2;No recurring injuries;Below Average;2.5;48;0.5;0;0;0;0;0;0;0;0;0;0;0.2;1.4
Ligue 2 BKT;FC Annecy;Florian Escales;GK;;GK;30;"6'0""";£3.6K - £5.25K p/w;£45K - £475K;Very Strong;Weak;6.61;0;1440;0;0;0.0;0;0;0;0.0;0%;0;0.0;0.0;0.0;0%;0;0;0;0;0.0;0;0.0;76%;24.1;0.0;0.0;0.0;0.0;0.0;0;0.0;0.0;0;0.0;5;0;8.0;3.8;0.0;0.0;0.0;0;0;0;0.0;4.0;0.0;0;0;0;5.2;0.0;No recurring injuries;Below Average;0.0;0;0.0;3;2.34;0;75;17;37;8;20;0;0;0.8;1.2
Ligue 2 BKT;Pau FC;Joseph Kalulu;D (L);WB (L);D/WB (L);22;"5'11""";£3.7K - £5.75K p/w;£375K - £3.8M;Very Strong;Weak;6.77;2;1205;0;0;0.0;0.03;0.03;-0.03;0.0;0%;0.03;0.1;0.0;0.0;0%;0;0;0;1;0.1;0.64;0.0;90%;56.5;0.3;0.9;7.6;3.4;0.5;15;3.4;0.5;16;0.8;8;1;15.3;12.5;2.2;3.1;7.2;73;40;0;0.5;1.0;0.3;18;4;0;11.3;14.2;No recurring injuries;Above Average;3.1;60;0.5;0;0;0;0;0;0;0;0;0;0;1.0;1.3
Second Division;Villarreal B;Pablo Pascual;M (C);DM;DM, M (C);20;"5'11""";£950 - £1.4K p/w;£45K - £475K;Reasonable;Very Strong;6.78;0;1025;0;0;0.0;1.24;1.24;-1.24;0.1;0%;0.31;0.4;0.0;0.0;0%;0;0;0;0;0.0;0.7;0.1;88%;60.5;0.1;1.6;6.0;0.2;0.0;0;0.2;0.0;0;0.2;6;0;8.6;9.5;1.1;1.9;5.1;100;12;1;0.7;1.1;0.2;12;2;0;11.4;9.0;No recurring injuries;Above Average;2.4;56;0.4;0;0;0;0;0;0;0;0;0;0;0.4;1.4
Ligue 2 BKT;Clermont Foot;Théo Guivarch;GK;;GK;31;"6'5""";£2.8K - £4.3K p/w;Not for Sale;Weak;Very Strong;7.19;5;1530;0;0;0.0;0;0;0;0.0;0%;0;0.0;0.0;0.0;0%;0;0;0;0;0.0;0;0.0;82%;23.3;0.0;0.0;0.0;0.0;0.0;0;0.0;0.0;0;0.0;5;0;8.2;3.8;0.0;0.0;0.0;0;1;0;0.0;3.4;0.0;0;0;0;6.3;0.0;No recurring injuries;Below Average;0.0;0;0.0;12;12.25;0;87;16;32;6;8;1;0;1.2;0.5
Second Division;R. Madrid B;Lamini Fati;D (C);D (L);D (LC);20;"6'0""";£750 - £1.3K p/w;£85K - £850K;Very Strong;Weak;6.59;0;1217;0;0;0.0;0.57;0.57;-0.57;0.0;0%;0.114;0.4;0.1;0.1;20%;0;0;0;0;0.0;0;0.0;92%;42.4;0.0;0.1;1.7;0.1;0.1;100;0.1;0.1;100;0.0;0;0;5.4;13.6;0.4;4.1;2.6;75;8;2;0.8;1.4;0.7;5;0;1;9.9;3.5;No recurring injuries;High;4.4;71;0.6;0;0;0;0;0;0;0;0;0;0;1.0;1.1
Ligue 2 BKT;FC Rouen;Axel Maraval;GK;;GK;33;"6'0""";£1.8K - £2.6K p/w;Not for Sale;Weak;Very Strong;6.60;2;1530;0;0;0.0;0;0;0;0.0;0%;0;0.0;0.0;0.0;0%;0;0;0;0;0.0;0;0.0;75%;27.1;0.0;0.0;0.0;0.0;0.0;0;0.0;0.0;0;0.0;6;0;12.4;2.9;0.0;0.0;0.0;0;0;0;0.0;5.3;0.0;0;0;0;4.9;0.0;No recurring injuries;Above Average;0.0;0;0.0;4;-0.82;0;71;15;33;11;23;0;0;0.6;1.4
Ligue 2 BKT;Nancy;Enzo Basilio;GK;;GK;32;"6'2""";£1.9K - £2.8K p/w;Not for Sale;Very Strong;Weak;6.76;0;1260;0;0;0.0;0;0;0;0.0;0%;0;0.0;0.0;0.0;0%;0;0;0;0;0.0;0;0.0;73%;23.1;0.0;0.0;0.0;0.0;0.0;0;0.0;0.0;0;0.0;12;0;10.3;3.7;0.0;0.0;0.0;0;1;0;0.0;3.5;0.0;1;1;0;5.0;0.0;No recurring injuries;Below Average;0.0;0;0.0;6;10.01;0;77;9;18;8;10;1;0;0.4;0.7
Bundesliga 2;Rot-Weiss Essen;Cassiano Kiala;D (C);;D (C);17;"6'1""";£8.75K - £13.75K p/w;£5M - £8.4M;Weak;Very Strong;6.74;0;1309;0;0;0.0;0.54;0.54;-0.54;0.0;0%;0.135;0.3;0.0;0.1;0%;0;0;0;0;0.0;0.46;0.0;89%;43.0;0.1;0.1;1.9;0.0;0.0;0;0.0;0.0;0;0.1;5;0;3.1;16.0;0.4;3.0;1.7;100;6;1;0.6;0.8;0.8;6;0;0;10.0;4.1;No recurring injuries;Average;4.4;56;0.8;0;0;0;0;0;0;0;0;0;0;0.9;1.4
Second Division;F.C. Andorra;Iván Rodríguez;D (L);;D/WB (L);20;"5'7""";£1.3K - £1.9K p/w;£300K - £3M;Very Strong;Weak;6.64;0;1393;0;0;0.0;0.03;0.03;-0.03;0.0;0%;0.03;0.1;0.0;0.0;0%;0;0;0;0;0.0;0.92;0.1;89%;55.9;0.1;0.9;6.5;3.2;0.5;14;3.2;0.5;14;0.6;15;2;16.7;9.2;1.8;3.9;7.7;85;33;0;0.2;1.0;0.4;12;0;0;11.2;12.3;No recurring injuries;Average;2.9;64;0.5;0;0;0;0;0;0;0;0;0;0;1.2;1.2
Second Division;Tarragona;Enric Pujol;D (C);;D (C);20;"6'1""";£3.5K - £5.25K p/w;£120K - £1.2M;Fairly Strong;Very Strong;6.62;1;1758;0;0;0.0;0.45;0.45;-0.45;0.0;0%;0.09;0.3;0.1;0.1;40%;0;0;0;0;0.0;0.59;0.0;89%;41.1;0.1;0.1;2.0;0.1;0.0;0;0.1;0.0;0;0.1;9;0;3.4;13.8;0.5;3.1;2.8;56;16;4;0.5;0.8;0.2;6;2;0;9.8;3.4;No recurring injuries;Above Average;4.2;77;0.7;0;0;1;0;0;0;0;0;0;0;1.2;1.4
Eredivisie;FC Twente;Ruud Nijstad;D (C);;D (C);18;"6'2""";£1.3K - £2.1K p/w;£7M - £11.5M;Very Strong;Weak;6.79;1;1174;0;0;0.0;0.38;0.38;-0.38;0.0;0%;0.076;0.4;0.1;0.0;20%;0;0;0;0;0.0;0.19;0.0;89%;40.9;0.0;0.0;2.0;0.1;0.0;0;0.1;0.0;0;0.1;1;0;4.3;12.3;0.3;3.2;3.1;50;8;2;1.1;1.1;0.5;5;0;1;9.6;3.1;No recurring injuries;Above Average;5.4;75;1.1;0;0;0;0;0;0;0;0;0;0;1.2;1.1
Second Division;Leonesa;Retu;D (L);;D (LC);24;"6'1""";£2.2K - £3.2K p/w;£80K - £800K;Very Strong;Reasonable;6.89;0;1307;0;0;0.0;0.79;0.79;-0.79;0.1;0%;0.1975;0.3;0.1;0.1;25%;0;0;0;0;0.0;0.12;0.0;87%;57.5;0.0;1.0;7.3;2.5;0.3;13;2.5;0.3;14;0.6;14;3;16.6;9.2;2.1;3.1;7.0;81;37;0;0.3;1.2;1.0;16;0;0;11.6;15.7;No recurring injuries;Below Average;4.3;73;1.0;0;0;1;0;0;0;0;0;0;0;0.6;1.2
Eredivisie;NAC Breda;Daniel Bielica;GK;;GK;27;"6'3""";£1.2K - £1.9K p/w;£8K - £75K;Weak;Very Strong;6.42;0;1080;0;0;0.0;0;0;0;0.0;0%;0;0.0;0.0;0.0;0%;0;0;0;0;0.0;0;0.0;66%;23.6;0.0;0.0;0.0;0.0;0.0;0;0.0;0.0;0;0.0;11;0;15.1;1.6;0.0;0.0;0.0;0;1;0;0.0;4.0;0.0;1;1;0;5.0;0.0;No recurring injuries;Very Low;0.0;0;0.0;1;3.79;1;66;9;19;6;17;1;0;0.7;1.4
Serie BKT;Pisa;Jeremy Kandje Mbambi;D (C);;D (C);18;"6'4""";£330 - £480 p/w;£6.6M - £11M;Very Strong;Reasonable;7.31;0;1269;0;0;0.0;0.52;0.52;-0.52;0.0;0%;0.104;0.4;0.1;0.1;40%;1;0;0;3;0.2;0.06;0.0;81%;26.3;0.0;0.1;0.2;0.0;0.0;0;0.0;0.0;0;0.0;14;0;0.5;3.6;1.6;0.6;0.8;92;24;1;0.4;0.4;0.1;22;1;0;1.9;0.6;No recurring injuries;Very Low;1.4;85;0.3;0;0;0;0;0;0;0;0;0;0;0.4;0.1
Ligue 2 BKT;Grenoble;Matthéo Xantippe;D (L);;D (LC), WB (L);24;"6'0""";£3K - £4.3K p/w;£550K - £1.3M;Very Strong;Weak;6.92;1;1419;0;0;0.0;0;0;0;0.0;0%;0;0.0;0.0;0.0;0%;0;0;0;3;0.2;2.49;0.2;85%;48.6;0.3;1.3;5.1;6.0;1.3;21;6.0;1.3;21;2.1;7;1;15.9;9.9;2.5;3.8;9.3;73;55;2;0.4;1.1;0.3;22;0;0;12.3;21.5;No recurring injuries;Average;3.9;53;0.3;0;0;0;0;0;0;0;0;0;0;1.0;1.0
Ligue 2 BKT;FC Rouen;Clément Bassin;D (C);D (L);D (LC), WB (L);31;"6'0""";£480 - £775 p/w;£40K - £400K;Very Strong;Weak;6.73;0;1219;0;0;0.0;0.16;0.16;-0.16;0.0;0%;0.16;0.1;0.0;0.0;0%;0;0;0;1;0.1;1.49;0.1;86%;45.7;0.2;1.6;3.6;6.3;1.0;16;6.3;1.0;16;0.8;8;1;14.0;12.0;1.8;2.7;7.5;83;29;2;1.2;1.3;0.2;13;2;2;11.9;16.9;No recurring injuries;Low;4.4;69;0.1;0;0;0;0;0;0;0;0;0;0;0.9;1.1
Ligue 1 McDonald's;Troyes;Alexandre Phliponeau;M (C);DM;DM, M (C);26;"5'11""";£1.8K - £3K p/w;£250K;Weak;Very Strong;6.51;0;1221;0;0;0.0;0.18;0.18;-0.18;0.0;0%;0.06;0.2;0.1;0.1;33%;0;0;0;0;0.0;2.74;0.2;89%;50.5;0.4;0.5;4.8;0.2;0.0;0;0.1;0.0;0;0.2;5;1;5.5;10.5;0.8;2.9;5.1;73;15;2;0.4;1.0;0.1;9;4;0;11.0;9.7;No recurring injuries;Average;1.3;61;0.0;0;0;0;0;0;0;0;0;0;0;1.1;1.5
Ligue 2 BKT;FC Rouen;Mustapha Benzia;DM;;DM, M (C);36;"6'0""";£1.1K - £1.7K p/w;£9K - £30K;Weak;Very Strong;6.76;0;1407;0;0;0.0;0.22;0.22;-0.22;0.0;0%;0.11;0.1;0.1;0.0;50%;0;0;0;6;0.4;1.99;0.1;88%;49.2;0.3;1.3;6.1;2.2;0.3;11;0.3;0.0;0;0.1;6;0;9.1;9.9;1.1;2.6;5.3;77;22;0;0.3;1.1;0.1;11;2;0;11.6;9.3;No recurring injuries;Very Low;3.8;58;0.4;0;0;0;0;0;0;0;0;0;0;0.8;1.4
Eredivisie;Sparta Rotterdam;Gil Alcalá;GK;;GK;34;"5'11""";£2.2K - £3.6K p/w;Not for Sale;Reasonable;Very Strong;6.77;2;1350;0;0;0.0;0;0;0;0.0;0%;0;0.0;0.0;0.0;0%;0;0;0;0;0.0;0;0.0;81%;24.3;0.0;0.0;0.0;0.0;0.0;0;0.0;0.0;0;0.0;2;0;7.9;3.3;0.1;0.0;0.0;100;1;0;0.0;3.4;0.0;0;0;0;5.3;0.0;No recurring injuries;Average;0.0;0;0.0;6;7.09;0;78;19;25;12;16;1;100;1.0;1.1
Eredivisie;N.E.C.;Rubén Iranzo;D (C);;D (RC);23;"6'0""";£1.8K - £3K p/w;£3K - £30K;Weak;Very Strong;6.51;0;1127;0;0;0.0;1.64;1.64;-1.64;0.1;0%;0.126153846153846;1.0;0.1;0.4;8%;0;0;0;1;0.1;0.2;0.0;90%;39.4;0.0;0.2;2.1;0.2;0.1;50;0.2;0.1;50;0.1;1;0;3.9;14.3;0.6;1.9;3.0;80;10;2;0.6;0.9;1.0;6;5;0;10.1;3.1;Recurring moderate hamstring strain;Very High;3.6;56;0.5;0;0;0;0;0;0;0;0;0;0;1.2;1.5
Second Division;Villarreal B;Patas;D (C);;D (C);20;"6'5""";£550 - £625 p/w;£150K - £1.5M;Fairly Strong;Very Strong;6.74;0;1620;0;0;0.0;2.04;2.04;-2.04;0.1;0%;0.145714285714286;0.8;0.1;0.2;7%;0;0;0;0;0.0;0.09;0.0;84%;50.0;0.0;0.1;2.2;0.0;0.0;0;0.0;0.0;0;0.0;2;0;6.2;11.7;0.4;3.5;3.0;64;11;4;0.3;0.8;0.9;9;1;0;9.6;2.7;No recurring injuries;Below Average;7.1;65;1.2;0;0;0;0;0;0;0;0;0;0;0.4;1.2
Serie A;Torino;Alessandro Dellavalle;D (C);D (RL);D (RLC);22;"6'2""";£9.5K - £11.25K p/w;£12M;Reasonable;Very Strong;7.07;0;1440;0;0;0.0;0.44;0.44;-0.44;0.0;0%;0.0628571428571429;0.4;0.1;0.2;14%;1;0;0;2;0.1;1.09;0.1;92%;57.5;0.0;0.8;6.2;0.9;0.1;7;0.9;0.1;7;0.5;12;1;13.5;12.5;1.7;3.6;7.6;79;34;0;0.4;0.8;0.9;20;2;0;11.4;13.7;No recurring injuries;Very Low;2.9;68;0.4;0;0;0;0;0;0;0;0;0;0;1.1;1.1
Jupiler Pro League;RWDM Brussels;Yacouba Barry;M (C);;DM, M (C);24;"6'2""";£1.4K - £2.3K p/w;£500K - £1.2M;Weak;Very Strong;6.77;0;1207;0;0;0.0;0.79;0.79;-0.79;0.1;0%;0.09875;0.6;0.0;0.2;0%;0;0;0;1;0.1;1.42;0.1;92%;51.9;0.1;0.8;4.2;0.1;0.1;50;0.1;0.1;50;0.0;7;0;5.5;14.5;1.2;3.0;6.2;64;25;0;0.4;1.1;0.0;8;1;0;12.0;10.0;No recurring injuries;High;1.8;71;0.1;0;0;0;0;0;0;0;0;0;0;1.2;1.0
Serie BKT;Cittadella;Edoardo Piana;GK;;GK;23;"6'6""";£10K - £15.5K p/w;£550K - £1.3M;Weak;Very Strong;7.23;0;1302;0;0;0.0;0;0;0;0.0;0%;0;0.0;0.0;0.0;0%;0;0;0;0;0.0;0;0.0;59%;20.7;0.0;0.0;0.0;0.0;0.0;0;0.0;0.0;0;0.0;28;0;0.0;0.0;0.0;0.0;0.0;0;0;0;0.0;0.0;0.0;0;0;0;0.0;0.0;No recurring injuries;Very Low;0.0;0;0.0;6;0;0;0;0;0;0;15;0;0;0.0;0.0
Jupiler Pro League;RAAL La Louvière;Marcos Peano;GK;;GK;28;"6'2""";£5.5K - £7.75K p/w;£190K - £1.9M;Reasonable;Very Strong;6.59;2;1620;0;0;0.0;0;0;0;0.0;0%;0;0.0;0.0;0.0;0%;0;0;0;0;0.0;0;0.0;80%;24.7;0.0;0.0;0.0;0.0;0.0;0;0.0;0.0;0;0.0;6;0;7.7;3.1;0.0;0.0;0.0;0;3;0;0.0;3.6;0.0;0;0;0;5.2;0.0;No recurring injuries;Below Average;0.0;0;0.0;2;-3.99;0;72;9;40;20;26;3;0;0.7;1.4
Sky Bet Championship;Preston;Sékou Koné;DM;;DM, M (C);20;"5'11""";£9.5K p/w;£1.3M - £5.6M;Reasonable;Very Strong;6.71;0;1431;0;0;0.0;0.18;0.18;-0.18;0.0;0%;0.03;0.4;0.1;0.2;17%;0;0;0;0;0.0;0.21;0.0;89%;50.6;0.1;0.6;4.4;0.0;0.0;0;0.0;0.0;0;0.1;5;0;5.5;12.7;1.6;2.5;6.7;93;27;4;0.7;0.8;0.1;18;2;0;11.6;12.2;No recurring injuries;High;2.0;34;0.1;0;0;0;0;0;0;0;0;0;0;1.1;1.3
Second Division;Tarragona;Sergio Camus;D (R);D (L);D (RLC);29;"5'9""";£2.1K - £3.5K p/w;£110K - £1.1M;Fairly Strong;Very Strong;6.73;0;1452;0;0;0.0;1.5;1.5;-1.5;0.1;0%;0.166666666666667;0.6;0.2;0.1;33%;0;0;0;1;0.1;0.63;0.0;88%;51.3;0.0;1.2;6.6;2.1;0.3;14;2.1;0.3;15;0.6;11;3;14.0;8.2;1.6;3.2;8.2;76;34;0;0.3;1.2;0.9;12;2;0;11.5;16.4;No recurring injuries;Below Average;3.9;59;0.5;0;0;0;0;0;0;0;0;0;0;1.2;1.4
Eredivisie;Sparta Rotterdam;Alwande Roaldsøy;M (C);D (C);D (C), DM, M (C);22;"6'4""";£3.1K - £4.6K p/w;£4.4M - £7.2M;Reasonable;Very Strong;6.90;0;1047;0;0;0.0;0.63;0.63;-0.63;0.1;0%;0.07875;0.7;0.0;0.2;0%;1;0;0;4;0.3;2.39;0.2;89%;45.9;0.2;0.5;3.7;0.1;0.0;0;0.1;0.0;0;0.3;2;0;6.4;11.5;1.2;2.4;4.9;78;18;0;0.3;0.6;0.4;11;4;0;10.6;9.1;No recurring injuries;Below Average;2.9;71;0.3;0;0;0;0;0;0;0;0;0;0;1.1;1.3
Second Division;Alavés;Adrián;GK;;GK;25;"6'5""";£4.3K - £6.5K p/w;£190K - £1.9M;Weak;Very Strong;6.86;1;1710;0;0;0.0;0;0;0;0.0;0%;0;0.0;0.0;0.0;0%;0;0;0;0;0.0;0;0.0;79%;24.1;0.0;0.1;0.0;0.0;0.0;0;0.0;0.0;0;0.0;2;0;9.3;2.7;0.0;0.0;0.0;0;1;0;0.0;3.5;0.0;0;0;0;5.3;0.0;No recurring injuries;Below Average;0.0;0;0.0;7;3.28;0;74;20;29;9;20;1;0;1.0;1.1
Second Division;Leonesa;Peru Rodríguez;D (C);;D (C);24;"5'11""";£3.2K - £4.8K p/w;£35K - £350K;Fairly Strong;Very Strong;6.68;0;1279;0;0;0.0;0.28;0.28;-0.28;0.0;0%;0.056;0.4;0.0;0.2;0%;1;0;0;0;0.0;0.29;0.0;90%;39.8;0.0;0.2;1.9;0.0;0.0;0;0.0;0.0;0;0.1;2;0;3.2;12.2;0.1;3.0;2.3;67;3;1;0.7;0.9;0.6;4;0;0;9.6;3.9;No recurring injuries;High;4.1;66;0.2;0;0;0;0;0;0;0;0;0;0;0.7;1.2
Sky Bet Championship;Millwall;Zak Sturge;D (L);WB (L);D/WB (L);22;"6'1""";£8.75K - £12K p/w;£220K - £2.2M;Very Strong;Weak;6.62;0;1072;0;0;0.0;0.06;0.06;-0.06;0.0;0%;0.06;0.1;0.0;0.0;0%;0;0;0;1;0.1;1.21;0.1;86%;53.7;0.2;0.8;5.7;1.7;0.2;10;1.7;0.2;10;1.1;6;1;14.9;10.0;2.0;3.0;6.0;83;29;1;0.7;1.3;0.3;14;1;1;12.0;14.7;No recurring injuries;Above Average;3.8;58;0.3;0;0;0;0;0;0;0;0;0;0;1.2;0.8
Ligue 2 BKT;Rodez;Mathis Magnin;D (C);DM;D (C), DM;25;"6'3""";£3.4K - £4.9K p/w;£140K - £1.4M;Weak;Very Strong;6.89;0;1530;0;0;0.0;0.73;0.73;-0.73;0.0;0%;0.073;0.6;0.1;0.2;20%;1;0;0;0;0.0;0.87;0.1;96%;40.6;0.1;0.1;1.2;0.1;0.0;0;0.1;0.0;0;0.0;5;1;4.7;13.5;0.4;3.2;2.4;67;9;2;0.6;1.3;0.9;5;0;0;8.9;4.5;No recurring injuries;Below Average;6.4;71;0.9;0;0;0;0;0;0;0;0;0;0;0.8;0.9
Eredivisie;Telstar;Nils Rossen;M (C);AM (C);DM, M/AM (C);22;"5'11""";£1K - £1.6K p/w;£550K - £5.6M;Very Strong;Weak;6.75;0;1056;0;0;0.0;0.41;0.41;-0.41;0.0;0%;0.0683333333333333;0.5;0.0;0.0;0%;0;0;0;0;0.0;1.69;0.1;89%;51.7;0.3;1.4;5.7;0.6;0.0;0;0.1;0.0;0;0.0;5;0;6.4;9.2;1.0;2.0;6.6;86;14;0;0.7;0.9;0.3;5;2;0;11.2;10.1;No recurring injuries;Below Average;1.4;38;0.2;0;0;0;0;0;0;0;0;0;0;0.4;0.9
Premier League;AVS SAD;Léo Alaba;D (R);WB (R);D/WB (R);27;"6'0""";£825 - £1.2K p/w;£300K - £950K;Weak;Very Strong;6.68;0;1256;0;0;0.0;1.19;1.19;-1.19;0.1;0%;0.108181818181818;0.8;0.1;0.4;18%;0;0;0;0;0.0;0.82;0.1;87%;52.0;0.0;0.4;6.5;2.2;0.6;25;2.2;0.6;26;1.4;13;0;12.6;11.4;2.2;3.6;6.7;86;36;1;0.4;0.6;0.2;15;2;0;11.0;15.3;No recurring injuries;Below Average;4.2;43;0.1;0;0;0;0;0;0;0;0;0;0;1.0;1.7
Ligue 2 BKT;Grenoble;Shaquil Delos;D (R);WB (L);D/WB (RL);27;"6'0""";£2.4K - £4K p/w;£325K - £1.1M;Weak;Very Strong;6.93;1;1162;0;0;0.0;0.32;0.32;-0.32;0.0;0%;0.32;0.1;0.0;0.0;0%;0;0;0;2;0.2;2.04;0.2;89%;47.8;0.5;1.2;3.7;4.7;1.5;31;4.7;1.5;31;2.4;8;1;13.7;10.1;1.7;3.1;9.5;73;30;1;0.5;1.0;0.2;16;0;1;12.2;23.2;No recurring injuries;Above Average;1.9;71;0.1;0;0;0;0;0;0;0;0;0;0;1.0;0.9
Sky Bet Championship;Swansea;Lawrence Vigouroux;GK;;GK;33;"6'3""";£11K - £15.75K p/w;£500K - £1.6M;Very Strong;Very Weak;6.80;3;1928;0;0;0.0;0;0;0;0.0;0%;0;0.0;0.0;0.0;0%;0;0;0;0;0.0;0;0.0;82%;24.5;0.0;0.0;0.1;0.0;0.0;0;0.0;0.0;0;0.0;7;0;9.4;4.3;0.1;0.0;0.0;50;4;0;0.0;3.3;0.0;1;1;0;5.5;0.0;No recurring injuries;Average;0.0;0;0.0;8;3.3;0;73;9;32;16;23;4;50;1.4;1.1
Second Division;R. Madrid B;Ferrán Quetglás;GK;;GK;21;"6'2""";£2.1K - £3.1K p/w;£28M - £45M;Weak;Very Strong;6.57;0;1281;0;0;0.0;0;0;0;0.0;0%;0;0.0;0.0;0.0;0%;0;0;0;0;0.0;0;0.0;70%;24.1;0.0;0.0;0.0;0.0;0.0;0;0.0;0.0;0;0.0;4;0;8.1;2.9;0.0;0.0;0.0;0;2;0;0.0;2.9;0.0;0;0;0;5.2;0.0;No recurring injuries;Above Average;0.0;0;0.0;3;2.51;1;77;16;39;19;21;2;0;0.7;1.5
Ligue 2 BKT;Laval MFC;Layousse Samb;D (L);;D/WB (L);26;"6'0""";£1.2K - £2K p/w;£35K - £350K;Very Strong;Weak;6.73;1;1271;0;0;0.0;0;0;0;0.0;0%;0;0.0;0.0;0.0;0%;0;0;0;1;0.1;0.99;0.1;88%;47.4;0.1;0.6;5.5;4.1;0.8;20;3.8;0.8;20;2.3;18;0;19.9;10.1;2.3;3.1;8.3;91;35;1;0.8;0.8;0.5;22;0;0;12.0;24.5;No recurring injuries;Below Average;3.5;52;0.3;0;0;0;0;0;0;0;0;0;0;0.5;1.6
Sky Bet Championship;Lincoln;Tom Hamer;D (C);D (R);D (RC);27;"6'2""";£6.75K - £9.5K p/w;£1.4M - £3.2M;Weak;Very Strong;6.84;0;1800;0;0;0.0;1.41;1.41;-1.41;0.1;0%;0.17625;0.4;0.1;0.1;13%;0;0;0;0;0.0;0.21;0.0;90%;40.6;0.0;0.1;1.9;0.0;0.0;0;0.0;0.0;0;0.1;5;1;4.2;8.6;0.3;2.9;2.5;55;11;2;0.4;0.5;0.7;7;0;0;9.9;3.1;No recurring injuries;Below Average;5.5;85;1.8;0;0;0;0;0;0;0;0;0;0;0.9;1.5
Ligue 2 BKT;Montpellier;Yaël Mouanga;D (C);DM;D (C), DM;21;"6'0""";£2.3K - £3.4K p/w;£110K - £1.1M;Weak;Very Strong;6.76;0;1107;0;0;0.0;1.34;1.34;-1.34;0.1;0%;0.1675;0.7;0.1;0.2;13%;0;0;0;0;0.0;1.04;0.1;90%;42.6;0.0;0.2;2.4;0.0;0.0;0;0.0;0.0;0;0.1;1;0;3.5;14.6;0.3;2.8;2.9;67;6;0;1.1;1.1;0.3;5;0;0;9.5;5.0;No recurring injuries;Below Average;3.7;57;0.4;0;0;0;0;0;0;0;0;0;0;1.4;1.1
Ligue 2 BKT;Nancy;Fodé Sylla;DM;;DM, M (C);20;"6'0""";£3.9K - £5.5K p/w;£5.6M - £7.4M;Weak;Very Strong;6.87;2;1280;0;0;0.0;0.03;0.03;-0.03;0.0;0%;0.015;0.1;0.0;0.1;0%;0;0;0;1;0.1;0.94;0.1;94%;52.3;0.1;0.5;3.9;0.0;0.0;0;0.0;0.0;0;0.1;4;0;6.6;13.6;1.2;2.4;5.2;81;21;0;0.4;1.0;0.1;9;2;0;11.0;10.4;No recurring injuries;Below Average;2.2;50;0.2;0;0;0;0;0;0;0;0;0;0;0.6;0.8
Sky Bet Championship;Middlesbrough;Sol Brynn;GK;;GK;26;"6'4""";£17.25K - £23K p/w;£4.1M - £8.4M;Weak;Very Strong;6.76;2;1761;0;0;0.0;0;0;0;0.0;0%;0;0.0;0.0;0.0;0%;0;0;0;0;0.0;0;0.0;81%;25.2;0.0;0.0;0.0;0.0;0.0;0;0.0;0.0;0;0.0;4;0;7.0;3.6;0.1;0.0;0.0;50;2;0;0.0;2.7;0.0;1;1;0;5.3;0.0;No recurring injuries;Average;0.0;0;0.0;5;-4.54;0;74;24;40;7;26;2;50;0.9;1.3
Sky Bet Championship;Bristol City;Rob Atkinson;D (C);D (L);D (LC);28;"6'4""";£13.75K - £19.75K p/w;£7.6M - £9.4M;Very Strong;Weak;6.96;1;1310;0;0;0.0;1.25;1.25;-1.25;0.1;0%;0.178571428571429;0.5;0.0;0.1;0%;0;0;0;0;0.0;0.15;0.0;91%;45.6;0.2;0.4;3.2;0.3;0.1;40;0.3;0.1;40;0.1;5;0;4.5;16.4;0.6;2.7;3.7;60;15;3;0.8;1.0;1.0;8;4;0;10.9;5.8;No recurring injuries;High;4.9;67;1.0;0;0;0;0;0;0;0;0;0;0;1.8;0.7
Sky Bet Championship;Lincoln;George Wickens;GK;;GK;25;"6'5""";£6K - £6.75K p/w;£1M - £2.3M;Reasonable;Very Strong;6.52;1;1899;0;0;0.0;0;0;0;0.0;0%;0;0.0;0.0;0.0;0%;0;0;0;0;0.0;0;0.0;74%;23.4;0.0;0.0;0.0;0.0;0.0;0;0.0;0.0;0;0.0;13;0;10.4;2.4;0.1;0.0;0.0;67;3;0;0.0;3.3;0.0;0;0;0;5.1;0.0;No recurring injuries;Average;0.0;0;0.0;2;3.86;0;73;22;47;15;33;3;67;0.8;1.6
Sky Bet Championship;Burnley;Souza;D (L);WB (L);D/WB (L);20;"5'11""";£34K - £46.5K p/w;£9.8M - £13M;Very Strong;Weak;6.98;0;1384;0;0;0.0;0.84;0.84;-0.84;0.1;0%;0.14;0.4;0.1;0.0;17%;0;0;0;1;0.1;2.44;0.2;90%;55.8;0.1;1.0;7.2;3.3;0.8;24;3.3;0.8;24;0.9;8;1;14.1;11.6;2.4;2.9;7.5;84;44;1;0.3;0.8;0.2;19;1;0;11.1;15.0;No recurring injuries;Average;3.6;71;0.7;0;0;0;0;0;0;0;0;0;0;1.4;0.8
Sky Bet Championship;Lincoln;Ryley Towler;D (L);DM;D (LC), DM;24;"6'2""";£4.1K - £4.8K p/w;£1M - £2.3M;Very Strong;Weak;6.85;0;2063;0;0;0.0;0.49;0.49;-0.49;0.0;0%;0.163333333333333;0.1;0.0;0.0;0%;0;0;0;2;0.1;1.64;0.1;91%;42.1;0.0;0.2;2.4;0.1;0.0;50;0.1;0.0;50;0.0;6;1;4.0;9.7;1.0;3.0;2.8;88;25;7;0.9;1.4;0.7;7;1;0;10.1;4.2;No recurring injuries;Below Average;3.6;71;0.4;0;0;0;0;0;0;0;0;0;0;0.8;1.5
Premier League;Rio Ave;Giorgos Liavas;DM;D (RC), WB (R), M (C);D (RC), WB (R), DM, M (C);25;"5'11""";£1.9K - £2.7K p/w;Unknown;Very Weak;Very Weak;6.85;0;1057;0;0;0.0;0.84;0.84;-0.84;0.1;0%;0.0933333333333333;0.8;0.2;0.3;22%;0;0;0;2;0.2;2.6;0.2;90%;50.0;0.1;0.6;3.7;0.3;0.0;0;0.3;0.0;0;0.2;7;0;6.8;11.9;1.4;2.3;6.5;80;20;0;0.4;0.9;0.1;9;1;0;11.5;11.4;No recurring injuries;Above Average;2.4;32;0.1;0;0;0;0;0;0;0;0;0;0;1.2;1.5
Sky Bet Championship;West Brom;Josh Stephenson;D (C);;D (LC);20;"5'9""";£3.4K - £5K p/w;£7.2M - £12M;Very Strong;Weak;6.80;0;1964;0;0;0.0;0.65;0.65;-0.65;0.0;0%;0.0928571428571429;0.3;0.1;0.1;43%;1;0;0;1;0.0;1.2;0.1;91%;45.6;0.1;0.4;3.1;0.2;0.0;0;0.2;0.0;0;0.0;9;1;4.2;15.2;0.7;2.7;4.0;55;29;4;0.5;1.0;0.8;8;1;0;10.1;4.8;No recurring injuries;Below Average;4.8;63;0.9;0;0;1;0;0;0;0;0;0;0;1.2;0.9
Eredivisie;Telstar;Ronald Koeman;GK;;GK;31;"6'2""";£525 - £900 p/w;Not for Sale;Weak;Very Strong;6.63;1;1470;0;0;0.0;0;0;0;0.0;0%;0;0.0;0.0;0.0;0%;0;0;0;0;0.0;0;0.0;81%;23.8;0.0;0.0;0.0;0.0;0.0;0;0.0;0.0;0;0.0;6;0;8.6;3.3;0.0;0.0;0.0;0;1;0;0.0;3.1;0.0;0;0;0;5.8;0.0;No recurring injuries;Below Average;0.0;0;0.0;4;3.94;0;74;8;39;11;20;1;0;0.6;1.2
Eredivisie;Sparta Rotterdam;Marvin Young;D (R);D (R);D (RC);21;"6'0""";£2.6K - £3.7K p/w;£5.6M - £7M;Weak;Very Strong;6.55;0;1350;0;0;0.0;0.33;0.33;-0.33;0.0;0%;0.11;0.2;0.1;0.1;33%;0;0;0;0;0.0;0.03;0.0;90%;43.5;0.1;0.1;2.7;0.1;0.0;0;0.1;0.0;0;0.1;1;0;3.3;12.7;0.6;2.3;2.3;69;13;1;0.8;1.4;1.0;8;0;0;10.1;3.9;No recurring injuries;Average;5.4;72;0.9;0;0;0;0;0;0;0;0;0;0;1.0;1.1
Jupiler Pro League;RAAL La Louvière;Djibril Lamego;D (C);;D (C);23;"6'0""";£1.5K - £2.4K p/w;£220K - £2.2M;Very Strong;Weak;6.87;0;1078;0;0;0.0;0.23;0.23;-0.23;0.0;0%;0.0766666666666667;0.3;0.0;0.0;0%;0;0;0;1;0.1;1.81;0.2;92%;38.5;0.0;0.1;2.3;0.0;0.0;0;0.0;0.0;0;0.0;2;0;4.7;12.9;0.6;3.8;2.3;100;7;2;0.8;0.9;0.7;4;0;0;9.3;3.4;No recurring injuries;Below Average;3.1;65;0.4;0;0;0;0;0;0;0;0;0;0;0.7;1.3
Eredivisie;Go Ahead Eagles;Joris Kramer;D (C);D (L);D (LC);30;"6'2""";£2.3K - £3.3K p/w;£250K - £2.5M;Very Strong;Reasonable;6.83;1;1853;0;0;0.0;1.17;1.17;-1.17;0.1;0%;0.2925;0.2;0.0;0.0;0%;0;0;0;2;0.1;1.09;0.1;86%;43.6;0.1;0.2;1.6;0.0;0.0;0;0.0;0.0;0;0.0;1;0;3.8;15.3;0.6;3.2;2.6;92;13;3;0.7;0.9;0.7;7;3;0;10.1;4.2;No recurring injuries;Below Average;5.9;65;1.0;0;0;0;0;0;0;0;0;0;0;0.9;1.1
Eredivisie;RKC Waalwijk;Danny McNamara;D/WB (R);WB (L);D/WB (RL);27;"5'11""";£6.5K - £9.75K p/w;£450K - £1.4M;Reasonable;Very Strong;6.89;0;1057;0;0;0.0;0.54;0.54;-0.54;0.0;0%;0.06;0.8;0.1;0.3;11%;0;0;0;0;0.0;0.67;0.1;87%;49.3;0.0;0.7;6.7;2.0;0.4;20;2.0;0.4;21;1.2;14;2;15.4;12.2;1.5;2.5;5.4;69;26;0;0.2;0.8;0.9;12;0;0;11.9;14.5;No recurring injuries;Low;3.7;65;0.3;0;0;0;0;0;0;0;0;0;0;0.9;1.4
Sky Bet Championship;Blackburn;Harry Pickering;D (L);D (C), WB (L);D (LC), WB (L);27;"6'1""";£10.75K - £14.75K p/w;£3.7M - £7.6M;Very Strong;Weak;7.00;1;1953;0;0;0.0;0.26;0.26;-0.26;0.0;0%;0.0866666666666667;0.1;0.0;0.0;0%;1;0;0;2;0.1;1.63;0.1;90%;54.8;0.2;1.1;6.7;3.3;0.4;12;2.3;0.3;12;0.4;23;1;12.7;10.3;1.7;3.1;7.6;78;46;5;0.5;0.8;0.6;29;2;0;12.2;18.1;No recurring injuries;Low;3.3;53;0.4;0;0;0;0;0;0;0;0;0;0;1.1;1.3
Eredivisie;RKC Waalwijk;Nazjir Held;D (L);;D/WB (L);21;"5'10""";£1.6K - £2.4K p/w;£550K - £5.4M;Very Strong;Weak;6.61;1;1025;0;0;0.0;0;0;0;0.0;0%;0;0.0;0.0;0.0;0%;0;0;0;0;0.0;0.14;0.0;88%;54.9;0.1;0.7;6.7;1.6;0.4;22;1.6;0.4;22;1.4;7;3;16.7;10.5;2.3;2.3;7.4;84;31;1;0.5;1.0;0.6;11;1;0;11.7;15.9;No recurring injuries;Above Average;3.6;54;0.3;0;0;0;0;0;0;0;0;0;0;0.9;1.2
Ligue 2 BKT;USL Dunkerque;Renato Marin;GK;;GK;20;"6'3""";£775 - £1.3K p/w;£750K - £7.4M;Very Strong;Weak;7.13;6;1440;0;0;0.0;0;0;0;0.0;0%;0;0.0;0.0;0.0;0%;0;0;0;0;0.0;0;0.0;80%;25.2;0.0;0.0;0.0;0.0;0.0;0;0.0;0.0;0;0.0;2;0;6.6;4.8;0.0;0.0;0.0;0;0;0;0.0;3.4;0.0;0;0;0;5.2;0.0;No recurring injuries;Below Average;0.0;0;0.0;9;9.08;0;82;15;27;5;10;0;0;1.2;0.6
Ligue 2 BKT;FC Nantes;Louis Leroux;M (C);DM;D/WB (L), DM, M (C);20;"6'1""";£7K - £8.25K p/w;£6.4M - £9.8M;Very Strong;Weak;6.85;1;1170;0;0;0.0;0.18;0.18;-0.18;0.0;0%;0.18;0.1;0.0;0.0;0%;0;0;0;1;0.1;1.42;0.1;91%;56.2;0.3;1.1;7.4;5.9;0.8;14;1.5;0.4;26;1.1;8;1;14.8;13.8;2.2;2.6;6.7;78;37;1;0.7;0.9;0.5;20;4;0;11.7;17.4;No recurring injuries;Low;2.8;75;0.5;0;0;0;0;0;0;0;0;0;0;1.5;0.8
Sky Bet Championship;Stockport;Lewis Bate;M (C);DM;DM, M (C);24;"5'6""";£14K - £15.75K p/w;£600K - £6.2M;Very Strong;Reasonable;6.68;0;1830;0;0;0.0;2.6;2.6;-2.6;0.1;0%;0.2;0.6;0.2;0.1;31%;0;0;0;1;0.0;1.86;0.1;92%;50.3;0.1;0.7;5.7;0.1;0.0;0;0.0;0.0;0;0.3;15;0;5.6;12.4;1.4;2.0;5.4;80;35;2;0.6;1.1;0.1;15;4;0;11.3;10.7;No recurring injuries;Average;1.9;39;0.0;0;0;0;0;0;0;0;0;0;0;1.1;1.7
Ligue 1 McDonald's;Toulouse FC;Dayann Methalie;D (L);WB (L);D/WB (L);20;"6'1""";£7K - £9K p/w;£8M - £10.5M;Very Strong;Weak;7.09;0;1339;0;0;0.0;0.23;0.23;-0.23;0.0;0%;0.0766666666666667;0.2;0.1;0.1;67%;0;0;0;1;0.1;1.81;0.1;86%;54.7;0.2;1.4;8.0;3.0;0.7;22;3.0;0.7;22;1.1;11;0;15.4;9.5;2.0;3.7;8.1;91;33;2;0.5;1.0;0.1;12;0;0;11.5;15.3;No recurring injuries;Below Average;3.0;75;0.1;0;0;0;0;0;0;0;0;0;0;1.1;1.1
Serie BKT;Hellas Verona;Daniel Oyegoke;D (R);;D (RC), WB (R);23;"5'10""";£3.9K - £4.6K p/w;£45K - £425K;Reasonable;Very Strong;6.52;0;1350;0;0;0.0;0.68;0.68;-0.68;0.0;0%;0.113333333333333;0.4;0.1;0.1;17%;0;0;0;2;0.1;1.36;0.1;77%;26.9;0.1;0.1;0.9;0.0;0.0;0;0.0;0.0;0;0.0;14;0;1.7;3.1;1.3;0.5;1.3;90;21;1;0.2;0.3;0.1;12;0;0;3.4;1.7;No recurring injuries;Very Low;2.0;70;0.2;0;0;0;0;0;0;0;0;0;0;0.3;0.5
Eredivisie;FC Emmen;Albert Millgramm;AM (L);M (L), AM (R);M (L), AM (RL);22;"5'8""";£3.6K - £5.25K p/w;£425K - £4.2M;Fairly Strong;Very Strong;6.92;1;1115;0;0;0.0;3.07;3.07;-3.07;0.2;0%;0.236153846153846;1.0;0.2;0.2;15%;0;0;0;1;0.1;2.44;0.2;90%;42.3;0.4;1.6;3.6;2.2;0.9;40;2.2;0.9;41;4.4;20;4;19.9;3.3;1.6;2.0;9.1;67;30;0;0.5;0.6;0.0;8;0;0;11.8;14.4;No recurring injuries;Above Average;3.7;9;0.1;0;0;0;0;0;0;0;0;0;0;0.5;1.5
Serie A;U.S. Lecce;Marlon Ubani;D (R);M/AM (R);D/WB/M/AM (R);21;"6'1""";£1.3K - £1.8K p/w;£140K - £1.4M;Reasonable;Very Strong;6.63;0;1530;0;0;0.0;1.15;1.15;-1.15;0.1;0%;0.104545454545455;0.6;0.1;0.3;18%;1;0;0;1;0.1;1.19;0.1;90%;39.1;0.0;2.2;3.2;6.3;1.2;18;6.3;1.2;19;3.1;11;3;27.1;2.6;1.6;1.8;7.8;100;28;0;0.2;0.6;0.0;18;0;0;11.4;13.5;No recurring injuries;Very Low;5.6;55;0.2;0;0;0;0;0;0;0;0;0;0;0.5;1.0
Sky Bet Championship;Hull;Jan Ziółkowski;D (C);;D (C);21;"6'4""";£19.5K - £23K p/w;£250K - £2.5M;Weak;Very Strong;6.79;0;1501;0;0;0.0;0.39;0.39;-0.39;0.0;0%;0.0975;0.2;0.0;0.1;0%;0;0;0;0;0.0;0.54;0.0;91%;40.6;0.1;0.0;2.0;0.1;0.0;0;0.1;0.0;0;0.0;2;0;3.8;11.5;0.5;3.3;3.1;89;9;1;0.3;0.8;0.5;13;4;0;9.7;3.7;No recurring injuries;Very Low;5.0;74;1.3;0;0;0;0;0;0;0;0;0;0;1.4;1.1
Sky Bet Championship;Wrexham;George Dobson;DM;;DM, M (C);29;"6'1""";£10.25K - £15K p/w;£475K - £4.6M;Weak;Very Strong;6.87;0;1874;0;0;0.0;1.26;1.26;-1.26;0.1;0%;0.09;0.7;0.3;0.3;43%;0;0;0;0;0.0;1.4;0.1;90%;50.3;0.2;0.9;6.1;0.2;0.0;20;0.2;0.0;20;0.0;14;0;7.6;11.5;1.5;2.8;7.1;82;39;2;0.5;0.7;0.2;8;1;0;11.8;11.5;No recurring injuries;Below Average;2.1;65;0.2;0;0;0;0;0;0;0;0;0;0;1.1;1.2
Second Division;Tarragona;Marc Montalvo;M (C);;DM, M (C);24;"5'9""";£2.6K - £4K p/w;£150K - £1.5M;Reasonable;Very Strong;6.86;1;1466;0;0;0.0;0.97;0.97;-0.97;0.1;0%;0.0746153846153846;0.8;0.2;0.4;23%;1;0;0;5;0.3;2.74;0.2;92%;54.4;0.4;0.7;6.1;0.4;0.1;16;0.1;0.0;0;0.3;6;0;7.5;12.6;1.3;2.5;6.1;78;27;1;0.7;0.8;0.2;9;1;0;11.7;11.1;No recurring injuries;Above Average;2.5;54;0.1;0;0;0;0;0;0;0;0;0;0;1.2;1.5
Ligue 2 BKT;FC Annecy;Axel Drouhin;D (C);D (R);D (RC);26;"6'2""";£2.9K - £4.3K p/w;£140K - £1.4M;Weak;Very Strong;6.81;1;1232;0;0;0.0;0.83;0.83;-0.83;0.1;0%;0.118571428571429;0.5;0.1;0.1;14%;0;0;0;2;0.1;0.51;0.0;83%;41.9;0.1;0.2;2.2;0.0;0.0;0;0.0;0.0;0;0.1;4;0;3.5;13.4;0.6;2.0;3.0;89;9;1;0.6;1.2;1.1;3;0;0;9.4;4.4;No recurring injuries;Below Average;5.6;66;0.8;0;0;0;0;0;0;0;0;0;0;0.9;1.3
Jupiler Pro League;Beerschot;Tim Goller;GK;;GK;21;"6'4""";£2.7K - £4.4K p/w;£550K - £1.2M;Reasonable;Very Strong;6.65;1;1560;0;0;0.0;0;0;0;0.0;0%;0;0.0;0.0;0.0;0%;0;0;0;0;0.0;0;0.0;64%;24.3;0.0;0.0;0.0;0.0;0.0;0;0.0;0.0;0;0.0;6;0;9.9;3.1;0.0;0.0;0.0;0;0;0;0.0;3.9;0.0;0;0;0;5.2;0.0;No recurring injuries;Above Average;0.0;0;0.0;5;5.93;1;78;21;43;11;21;0;0;1.0;1.2
Bundesliga 2;Fortuna Düsseldorf;Diren Dağdeviren;DM;M (RC);DM, M (RC);21;"5'9""";£3.7K - £5.75K p/w;£350K - £3.6M;Weak;Very Strong;6.78;1;1024;0;0;0.0;0.3;0.3;-0.3;0.0;0%;0.0375;0.7;0.0;0.5;0%;1;0;0;3;0.3;3.75;0.3;91%;50.7;0.4;1.6;5.4;0.2;0.0;0;0.2;0.0;0;0.0;6;0;7.2;10.6;1.3;2.3;6.1;68;22;3;0.8;1.5;0.0;6;2;0;11.0;9.3;Recurring hip injury;Very High;1.8;48;0.3;0;0;0;0;0;0;0;0;0;0;0.8;1.1
Sky Bet Championship;Portsmouth;Regan Poole;D (C);D (R);D (RC);28;"6'0""";£8K - £11.5K p/w;£110K - £1.1M;Reasonable;Very Strong;6.92;0;1710;0;0;0.0;0.75;0.75;-0.75;0.0;0%;0.09375;0.4;0.0;0.1;0%;0;0;0;0;0.0;0.28;0.0;90%;42.8;0.1;0.2;1.8;0.0;0.0;0;0.0;0.0;0;0.0;9;1;2.8;15.2;0.7;3.2;2.7;87;15;3;0.8;1.4;0.7;9;2;0;10.1;4.0;No recurring injuries;Below Average;5.3;69;0.9;0;0;0;0;0;0;0;0;0;0;0.9;0.9
Sky Bet Championship;Portsmouth;Andre Dozzell;DM, M (C);;DM, M (C);27;"5'10""";£12K - £15.75K p/w;£550K - £5.2M;Very Strong;Weak;6.79;0;1763;0;0;0.0;0.66;0.66;-0.66;0.0;0%;0.0825;0.4;0.0;0.2;0%;0;0;0;1;0.1;3.05;0.2;90%;53.0;0.4;0.7;5.9;0.8;0.1;12;0.3;0.1;20;0.3;7;0;6.2;13.5;1.1;2.5;5.7;88;24;0;0.4;0.9;0.0;14;6;0;11.8;11.7;No recurring injuries;Below Average;2.3;44;0.2;0;0;0;0;0;0;0;0;0;0;1.0;1.1
Second Division;Tenerife;Fabricio;DM;;DM, M (C);28;"5'7""";£1.3K - £1.9K p/w;£375K - £1.2M;Weak;Very Strong;6.83;0;1236;0;0;0.0;0.49;0.49;-0.49;0.0;0%;0.07;0.5;0.0;0.2;0%;0;0;0;2;0.1;0.68;0.0;88%;51.9;0.2;0.5;3.4;0.2;0.1;33;0.2;0.1;33;0.1;3;1;9.8;10.1;1.3;3.0;7.4;75;24;0;0.5;0.7;0.4;11;2;0;11.7;12.2;No recurring injuries;Below Average;2.1;38;0.0;0;0;0;0;0;0;0;0;0;0;0.9;1.3
Eredivisie;NAC Breda;Maxim Burghardt;D (R);M (R);D/WB/M (R);22;"6'0""";£1.8K - £2.9K p/w;£110K - £1.1M;Weak;Very Strong;6.56;0;1003;0;0;0.0;0.05;0.05;-0.05;0.0;0%;0.0166666666666667;0.3;0.1;0.2;33%;0;0;0;1;0.1;2;0.2;86%;46.9;0.2;1.3;4.8;4.9;0.3;5;4.9;0.3;5;2.3;6;0;23.3;5.8;2.4;3.9;10.8;90;30;0;0.6;1.3;0.4;7;1;0;11.8;21.3;No recurring injuries;Above Average;3.3;38;0.5;0;0;0;0;0;0;0;0;0;0;0.8;1.6
Sky Bet Championship;Hull;Alessandro Romano;DM;M (C);DM, M (C);20;"5'11""";£2.2K - £3.3K p/w;£4.4M - £8.8M;Very Strong;Weak;6.95;1;1336;0;0;0.0;0.42;0.42;-0.42;0.0;0%;0.084;0.3;0.1;0.1;20%;0;0;0;5;0.3;5.08;0.3;93%;51.7;0.3;1.0;6.9;0.5;0.1;25;0.1;0.0;0;0.2;9;1;9.8;8.8;1.5;2.8;4.6;73;30;0;0.3;0.9;0.1;6;2;0;10.2;9.4;No recurring injuries;Low;2.2;53;0.2;0;0;0;0;0;0;0;0;0;0;1.3;1.5
Ligue 2 BKT;FC Metz;Terry Yegbe;D (C);;D (C);25;"6'5""";£3.7K - £4.3K p/w;£400K - £4M;Very Strong;Weak;6.95;1;1530;0;0;0.0;2.77;2.77;-2.77;0.2;0%;0.153888888888889;1.1;0.2;0.3;17%;0;0;0;0;0.0;0.3;0.0;90%;43.0;0.1;0.1;1.5;0.1;0.1;100;0.1;0.1;100;0.0;4;0;3.2;15.3;0.5;3.5;3.2;82;11;3;0.6;1.0;0.1;3;1;0;10.1;3.7;No recurring injuries;Very Low;5.5;78;0.9;0;0;0;0;0;0;0;0;0;0;1.1;0.5
Sky Bet Championship;Bristol City;Harrison Murray-Campbell;D (R);D (L);D (RLC);20;"6'1""";£5.75K - £6.25K p/w;Not for Sale;Fairly Strong;Very Strong;6.99;0;1039;0;0;0.0;1.54;1.54;-1.54;0.1;0%;0.171111111111111;0.8;0.2;0.2;22%;1;0;0;2;0.2;0.45;0.0;90%;53.1;0.2;0.8;7.5;1.4;0.1;6;1.4;0.1;6;0.9;8;1;12.6;10.0;1.4;2.5;7.3;76;21;1;0.8;1.3;0.3;9;2;0;12.2;17.2;No recurring injuries;Above Average;4.5;60;0.3;0;0;0;0;0;0;0;0;0;0;1.8;1.2
Sky Bet Championship;Millwall;Lukas Jensen;GK;;GK;27;"6'5""";£7.75K - £11K p/w;£50K - £500K;Weak;Very Strong;6.83;2;1890;0;0;0.0;0;0;0;0.0;0%;0;0.0;0.0;0.0;0%;0;0;0;0;0.0;0;0.0;74%;24.3;0.0;0.0;0.0;0.0;0.0;0;0.0;0.0;0;0.0;6;0;8.7;2.5;0.0;0.0;0.0;0;1;0;0.0;3.3;0.0;0;0;0;5.5;0.0;No recurring injuries;Below Average;0.0;0;0.0;8;11.91;0;78;17;45;9;19;1;0;1.1;0.9
Premier League;TND;Antonio David;DM;;DM, M (C);21;"5'11""";£825 - £1.3K p/w;£450K;Very Weak;Very Weak;6.68;0;1148;0;0;0.0;0.15;0.15;-0.15;0.0;0%;0.05;0.2;0.1;0.0;33%;0;0;0;3;0.2;1.72;0.1;87%;46.0;0.2;0.8;5.0;0.2;0.0;0;0.2;0.0;0;0.2;4;1;7.0;11.8;0.7;3.1;5.6;64;14;0;0.5;0.8;0.2;18;3;0;11.6;10.3;No recurring injuries;Average;2.3;66;0.1;0;0;0;0;0;0;0;0;0;0;1.5;1.3
Ligue 2 BKT;Montpellier;Lucas Mincarelli;D (L);WB (L);D/WB (L);22;"5'10""";£3.7K - £5.5K p/w;£1.4M - £3.2M;Very Strong;Weak;6.99;1;1022;0;0;0.0;0.27;0.27;-0.27;0.0;0%;0.0675;0.4;0.1;0.1;25%;1;0;0;4;0.4;3.04;0.3;86%;53.4;0.3;1.2;6.9;2.8;0.6;21;2.8;0.6;22;1.0;14;1;12.3;11.9;1.9;3.1;6.4;65;34;0;0.3;1.1;1.3;12;4;0;12.1;15.6;No recurring injuries;Above Average;2.2;64;0.2;0;0;0;0;0;0;0;0;0;0;1.3;1.1
Premier League;Estrela da Amadora SAD;Otávio;D (C);D (L);D (LC);21;"6'4""";£1.6K - £2.3K p/w;Unknown;Very Weak;Very Weak;6.96;0;1282;0;0;0.0;0.62;0.62;-0.62;0.0;0%;0.155;0.3;0.0;0.1;0%;0;0;0;1;0.1;2.18;0.2;86%;48.9;0.5;0.8;5.3;1.3;0.2;16;1.3;0.2;17;1.3;9;2;11.3;12.4;2.2;2.5;7.5;89;35;1;0.8;1.1;0.5;16;4;0;10.8;12.8;No recurring injuries;Below Average;4.1;78;0.4;0;0;0;0;0;0;0;0;0;0;1.1;1.3
Serie A;Spezia;Giuseppe Aurelio;WB (L);;D/WB (L);26;"6'1""";£13.25K - £15.25K p/w;£1.7M;Very Strong;Weak;7.01;0;1600;0;0;0.0;0.29;0.29;-0.29;0.0;0%;0.0725;0.2;0.0;0.2;0%;0;0;0;1;0.1;1;0.1;86%;48.8;0.0;1.4;5.7;4.6;1.1;24;4.6;1.1;24;2.4;16;1;16.9;9.1;2.2;3.3;9.7;74;54;3;0.9;1.3;0.4;23;2;0;12.1;21.9;No recurring injuries;Very Low;3.3;55;0.2;0;0;0;0;0;0;0;0;0;0;0.7;0.9
Ligue 2 BKT;Clermont Foot;Cheick Oumar Konaté;D (R);WB (R);D/WB (R);22;"5'8""";£2.2K - £3.5K p/w;£275K - £2.6M;Weak;Very Strong;6.71;0;1276;0;0;0.0;2.36;2.36;-2.36;0.2;0%;0.1475;1.1;0.2;0.3;19%;1;0;0;0;0.0;1.45;0.1;87%;50.9;0.2;0.8;7.5;2.5;0.5;20;2.5;0.5;20;0.6;9;1;12.1;13.5;2.0;2.2;7.5;93;30;0;0.6;1.4;0.6;8;2;0;11.6;13.8;No recurring injuries;Below Average;3.9;45;0.4;0;0;0;0;0;0;0;0;0;0;1.3;0.4
Ligue 2 BKT;Clermont Foot;Abdellah Baallal;DM;;DM, M (C);22;"6'2""";£2.7K - £4.2K p/w;£140K - £1.4M;Weak;Very Strong;6.69;0;1183;0;0;0.0;0.62;0.62;-0.62;0.0;0%;0.103333333333333;0.5;0.0;0.2;0%;0;0;0;0;0.0;1.14;0.1;90%;51.4;0.4;0.9;4.5;0.1;0.0;0;0.1;0.0;0;0.1;10;0;5.7;12.4;0.8;2.7;5.9;50;22;0;0.7;1.2;0.0;4;0;0;11.8;11.8;No recurring injuries;Above Average;1.9;80;0.2;0;0;0;0;0;0;0;0;0;0;1.1;0.3
Jupiler Pro League;Westerlo;Thomas Van Den Keybus;M (C);;DM, M (C);25;"5'11""";£2.8K - £4.2K p/w;£300K - £3.1M;Very Strong;Reasonable;6.79;0;1615;0;0;0.0;0.47;0.47;-0.47;0.0;0%;0.05875;0.4;0.1;0.2;25%;0;0;0;4;0.2;3.48;0.2;91%;53.6;0.4;1.4;6.7;5.4;0.7;12;0.3;0.1;20;0.1;9;2;6.7;13.3;1.0;2.6;5.9;78;23;0;0.5;0.8;0.2;11;2;0;11.7;10.9;No recurring injuries;Average;1.5;63;0.1;0;0;0;0;0;0;0;0;0;0;0.9;1.3
Jupiler Pro League;RWDM Brussels;Mats Lemmens;D (C);;D (C);24;"6'1""";£1.1K - £1.7K p/w;£28K - £275K;Weak;Very Strong;6.71;0;1286;0;0;0.0;1.03;1.03;-1.03;0.1;0%;0.12875;0.6;0.0;0.1;0%;0;0;0;1;0.1;0.46;0.0;84%;43.7;0.2;0.2;1.9;0.0;0.0;0;0.0;0.0;0;0.0;6;0;3.7;11.8;0.3;3.5;2.1;100;4;1;0.5;0.7;0.6;8;4;1;9.9;2.8;No recurring injuries;Low;6.1;72;0.8;0;0;0;0;0;0;0;0;0;0;1.2;0.8
Ligue 2 BKT;Red Star FC;Bradley Danger;DM;M (C);D (C), DM, M (C);28;"5'11""";£3.1K - £5.25K p/w;£110K - £1.1M;Weak;Very Strong;6.76;0;1110;0;0;0.0;0.72;0.72;-0.72;0.1;0%;0.08;0.7;0.1;0.1;11%;1;0;0;0;0.0;1.21;0.1;92%;46.5;0.4;0.6;3.9;0.2;0.0;0;0.2;0.0;0;0.3;4;1;6.2;11.8;0.6;2.4;4.4;80;10;1;0.8;0.7;0.3;6;0;0;10.3;6.6;No recurring injuries;Below Average;2.9;44;0.1;0;0;0;0;0;0;0;0;0;0;0.6;0.8
Jupiler Pro League;OH Leuven;Christ Souanga;D (C);;D (C);20;"6'1""";£825 - £1.2K p/w;£4.3M - £8.8M;Very Strong;Weak;6.82;0;1088;0;0;0.0;0.47;0.47;-0.47;0.0;0%;0.1175;0.3;0.0;0.1;0%;0;0;0;0;0.0;1.43;0.1;92%;43.4;0.2;0.1;2.1;0.0;0.0;0;0.0;0.0;0;0.1;3;0;4.1;13.9;0.4;2.2;2.4;71;7;1;0.9;0.7;0.3;7;3;0;9.6;3.2;No recurring injuries;Above Average;5.2;65;0.9;0;0;0;0;0;0;0;0;0;0;1.2;0.8
Eredivisie;FC Emmen;Gabriel Sadlek;D (L);D (C), DM;D (LC), DM;20;"6'0""";£975 - £1.6K p/w;£12K - £120K;Weak;Very Strong;6.59;0;1240;0;0;0.0;0.06;0.06;-0.06;0.0;0%;0.03;0.1;0.1;0.1;50%;0;0;0;0;0.0;0.92;0.1;89%;55.7;0.0;0.9;7.1;1.3;0.1;5;1.3;0.1;6;0.8;4;2;17.3;7.5;1.7;2.9;6.9;86;28;1;0.6;0.9;0.6;19;1;0;10.6;13.7;No recurring injuries;Below Average;3.0;69;0.1;0;0;0;0;0;0;0;0;0;0;0.4;1.1
Ligue 2 BKT;Rodez;Evan's Jean-Lambert;D (L);M (L);D/WB/M (L);27;"6'0""";£3.9K - £6.25K p/w;£140K - £1.4M;Very Strong;Weak;6.92;2;1271;0;0;0.0;0;0;0;0.0;0%;0;0.0;0.0;0.0;0%;0;0;0;4;0.3;2.06;0.1;87%;47.8;0.4;1.3;5.5;5.9;1.7;28;5.8;1.7;29;2.1;17;1;16.7;8.1;1.4;2.7;9.6;74;27;0;0.6;1.3;0.1;11;3;0;12.5;26.6;No recurring injuries;Below Average;4.3;49;0.3;0;0;0;0;0;0;0;0;0;0;0.8;1.1
Ligue 2 BKT;EA Guingamp;Alpha Sissoko;D (R);WB (R);D/WB (R);29;"5'10""";£4.1K - £6.75K p/w;£190K - £1.9M;Weak;Very Strong;6.84;1;1332;0;0;0.0;1.55;1.55;-1.55;0.1;0%;0.140909090909091;0.7;0.1;0.3;9%;1;0;0;2;0.1;1.77;0.1;88%;52.2;0.1;1.1;6.5;3.2;0.7;20;1.8;0.3;15;1.1;17;1;12.4;12.4;2.1;3.4;6.5;79;39;2;0.6;1.2;0.7;18;3;0;12.6;15.6;No recurring injuries;Below Average;3.1;72;0.1;0;0;0;0;0;0;0;0;0;0;1.0;0.9
Jupiler Pro League;RWDM Brussels;Tibo Persyn;WB (R);;D/WB (R);24;"5'10""";£1.7K - £2.7K p/w;£150K - £1.5M;Weak;Very Strong;6.79;0;1246;0;0;0.0;0.76;0.76;-0.76;0.1;0%;0.0584615384615385;0.9;0.0;0.6;0%;1;0;0;1;0.1;1.13;0.1;91%;53.9;0.1;1.3;7.2;2.3;0.6;25;2.3;0.6;25;0.6;11;2;11.8;13.0;1.8;2.7;7.2;76;33;1;0.3;0.9;0.9;19;4;1;11.8;14.1;No recurring injuries;Below Average;3.2;32;0.3;0;0;0;0;0;0;0;0;0;0;1.4;0.8
Ligue 2 BKT;SC Bastia;Gustave Akueson;D (C);;D (C);30;"6'2""";£1.4K - £2.3K p/w;£18K - £190K;Weak;Very Strong;6.82;1;1286;0;0;0.0;0.65;0.65;-0.65;0.0;0%;0.0928571428571429;0.5;0.1;0.1;14%;0;0;0;0;0.0;0.33;0.0;89%;42.6;0.1;0.1;2.7;0.1;0.0;0;0.1;0.0;0;0.0;8;0;3.4;15.3;0.8;3.2;3.1;71;17;3;0.6;1.4;0.8;7;3;1;9.9;3.4;No recurring injuries;Above Average;5.9;68;1.0;0;0;0;0;0;0;0;0;0;0;1.0;1.2
Ligue 2 BKT;Red Star FC;Théo Ndicka Matam;WB/AM (L);M (L);D/WB/M/AM (L);26;"5'7""";£2.4K - £4.1K p/w;£120K - £1.2M;Very Strong;Weak;6.75;1;1161;0;0;0.0;0;0;0;0.0;0%;0;0.0;0.0;0.0;0%;0;0;0;1;0.1;1.33;0.1;86%;48.4;0.2;1.9;5.9;5.9;0.8;13;5.9;0.8;13;2.1;14;1;20.7;7.4;2.4;3.9;8.1;82;38;1;0.7;1.2;0.1;31;1;0;12.0;21.8;No recurring injuries;Below Average;2.9;29;0.1;0;0;0;0;0;0;0;0;0;0;0.5;0.9
Sky Bet Championship;Cardiff;Joel Bagan;D (L);D (C), WB (L);D (LC), WB (L);25;"6'2""";£16.25K - £19K p/w;£450K - £4.6M;Very Strong;Weak;7.10;3;2050;0;0;0.0;0;0;0;0.0;0%;0;0.0;0.0;0.0;0%;0;0;0;3;0.1;1.09;0.0;89%;56.4;0.1;1.2;7.6;2.9;0.5;17;2.9;0.5;18;1.2;16;1;16.9;11.7;2.0;4.1;7.4;85;53;2;0.5;0.8;0.6;19;3;0;12.4;16.6;No recurring injuries;Below Average;2.9;55;0.2;0;0;0;0;0;0;0;0;0;0;1.3;1.3
Ligue 2 BKT;Nancy;Elydjah Mendy;D (C);;D (C);26;"6'4""";£550 - £850 p/w;£65K - £650K;Very Strong;Weak;6.86;0;1087;0;0;0.0;0.36;0.36;-0.36;0.0;0%;0.12;0.2;0.1;0.1;33%;0;0;0;0;0.0;0.14;0.0;87%;41.2;0.1;0.1;2.1;0.1;0.0;0;0.1;0.0;0;0.0;0;0;4.9;14.3;0.2;3.4;2.7;22;9;2;0.5;0.7;0.7;4;0;0;9.9;3.0;No recurring injuries;Average;5.7;80;1.6;0;0;0;0;0;0;0;0;0;0;0.7;0.7
Sky Bet Championship;Millwall;Tristan Crama;D (RC);WB (R);D (RC), WB (R);25;"6'4""";£14.5K - £20.5K p/w;£3.9M - £6.4M;Reasonable;Very Strong;6.94;0;1980;0;0;0.0;1.57;1.57;-1.57;0.1;0%;0.157;0.5;0.0;0.0;10%;0;0;0;2;0.1;1.99;0.1;90%;43.5;0.4;0.4;3.0;0.5;0.1;16;0.5;0.1;17;0.2;9;0;4.5;17.9;0.7;2.7;4.6;60;25;4;0.7;1.0;1.0;8;1;0;10.5;5.5;No recurring injuries;Below Average;5.4;73;0.9;0;0;0;0;0;0;0;0;0;0;1.2;1.0
First Division;Oviedo;Brandon Domingues;AM (R);;AM (RLC);26;"5'8""";£10K - £14.25K p/w;£140K - £1.4M;Weak;Very Strong;6.74;0;1196;0;0;0.0;2.01;2.01;-2.01;0.2;0%;0.0773076923076923;2.0;0.5;0.5;27%;0;0;0;1;0.1;1.55;0.1;89%;42.9;0.2;1.4;3.3;4.7;1.3;26;3.7;1.1;29;5.4;18;5;23.6;3.5;1.6;2.0;10.2;95;22;1;0.4;0.3;0.0;18;0;0;11.4;17.2;No recurring injuries;Below Average;3.2;23;0.1;0;0;0;0;0;0;0;0;0;0;1.0;1.9
Sky Bet Championship;Stockport;Ethan Pye;D (C);D (L);D (LC);23;"6'0""";£6.5K - £9.25K p/w;£35K - £9.2M;Very Strong;Reasonable;6.81;1;2250;0;0;0.0;2.34;2.34;-2.34;0.1;0%;0.195;0.5;0.1;0.1;17%;0;0;0;3;0.1;1.17;0.0;92%;42.4;0.1;0.3;2.0;0.0;0.0;0;0.0;0.0;0;0.1;5;0;2.8;14.5;0.4;2.7;2.4;58;19;4;0.8;1.2;0.6;8;3;0;10.1;4.1;No recurring injuries;Low;5.7;72;0.8;0;0;0;0;0;0;0;0;0;0;1.2;1.6
Ligue 2 BKT;FC Annecy;Julien Kouadio;D (C);WB (R);D (RC), WB (R);27;"5'9""";£1.7K - £2.6K p/w;£130K - £400K;Weak;Very Strong;6.51;0;1175;0;0;0.0;0.19;0.19;-0.19;0.0;0%;0.0475;0.3;0.1;0.2;25%;0;0;0;0;0.0;0;0.0;94%;41.8;0.0;0.2;2.6;2.1;0.2;7;0.2;0.0;0;0.1;2;0;3.1;14.8;0.5;2.5;4.6;70;10;1;0.9;1.5;0.8;14;4;2;9.7;4.7;No recurring injuries;Below Average;4.1;70;0.5;0;0;0;0;0;0;0;0;0;0;1.1;0.9
Jupiler Pro League;Standard;Alexandro Calut;D (L);D (RC), WB (R), M (L);D (RLC), WB (RL), M (L);23;"5'11""";£2.1K - £3.1K p/w;£1.3M - £3M;Very Strong;Reasonable;6.87;1;1445;0;0;0.0;0;0;0;0.0;0%;0;0.0;0.0;0.0;0%;0;0;0;1;0.1;1.88;0.1;83%;48.1;0.1;1.4;5.4;7.0;1.5;21;7.0;1.5;21;1.7;8;1;17.1;8.0;1.9;3.2;10.7;79;38;1;0.7;1.4;0.4;28;4;0;12.2;22.0;No recurring injuries;Below Average;2.8;69;0.3;0;0;0;0;0;0;0;0;0;0;0.9;0.9
Serie BKT;Juve Stabia;Omar Correia;DM, M (C);;DM, M (C);26;"6'2""";£1.2K - £1.9K p/w;£190K - £600K;Fairly Strong;Very Strong;6.82;0;1229;0;0;0.0;0.78;0.78;-0.78;0.1;0%;0.13;0.4;0.0;0.0;0%;0;0;0;3;0.2;2.25;0.2;69%;22.0;0.0;0.0;0.0;0.0;0.0;0;0.0;0.0;0;0.0;13;0;0.0;0.0;2.3;0.0;0.0;74;42;0;0.0;0.0;0.0;18;0;0;0.0;0.0;No recurring injuries;Very Low;0.0;0;0.0;0;0;0;0;0;0;0;0;0;0;0.0;0.0
Eredivisie;FC Groningen;Etienne Vaessen;GK;;GK;31;"6'2""";£1.2K - £2K p/w;Not for Sale;Weak;Very Strong;6.87;1;1470;0;0;0.0;0;0;0;0.0;0%;0;0.0;0.0;0.0;0%;0;0;0;0;0.0;0;0.0;76%;24.1;0.0;0.0;0.0;0.0;0.0;0;0.0;0.0;0;0.0;10;0;8.9;3.2;0.0;0.0;0.0;0;2;0;0.0;3.9;0.0;2;2;0;4.8;0.0;No recurring injuries;Below Average;0.0;0;0.0;5;9.31;0;72;7;27;8;16;2;0;1.3;1.0
Eredivisie;Sparta Rotterdam;Boyd Reith;D (R);M (R);D/WB/M (R);27;"5'9""";£2.1K - £3.1K p/w;£300K - £1M;Weak;Very Strong;6.61;0;1069;0;0;0.0;0.52;0.52;-0.52;0.0;0%;0.0577777777777778;0.8;0.1;0.3;11%;0;0;0;1;0.1;1.48;0.1;91%;53.7;0.0;0.9;7.3;2.4;0.5;21;2.4;0.5;21;0.6;9;2;16.2;10.0;2.1;2.9;8.2;86;29;1;0.6;1.0;0.4;13;1;0;10.9;14.9;No recurring injuries;Below Average;4.3;53;0.2;0;0;0;0;0;0;0;0;0;0;1.0;0.9
Eredivisie;RKC Waalwijk;Roshon van Eijma;D (C);D (L);D (LC);28;"6'1""";£1.3K - £1.9K p/w;£180K - £600K;Reasonable;Very Strong;6.61;0;1350;0;0;0.0;0.66;0.66;-0.66;0.0;0%;0.132;0.3;0.0;0.1;0%;0;0;0;0;0.0;0.08;0.0;91%;40.7;0.0;0.1;2.1;0.0;0.0;0;0.0;0.0;0;0.1;2;0;5.1;8.9;0.2;2.6;2.1;100;3;0;0.6;0.5;1.3;7;2;0;9.7;3.9;No recurring injuries;Below Average;5.1;62;0.9;0;0;0;0;0;0;0;0;0;0;0.7;1.5
Eredivisie;FC Emmen;Dennis Vos;D (C);;D (LC);25;"5'11""";£1.1K - £1.8K p/w;£130K - £1.3M;Very Strong;Weak;6.61;0;1363;0;0;0.0;0.25;0.25;-0.25;0.0;0%;0.05;0.3;0.0;0.1;0%;0;0;0;0;0.0;0.62;0.0;90%;42.7;0.1;0.4;2.5;0.2;0.0;0;0.2;0.0;0;0.0;1;0;3.0;12.3;0.5;2.4;2.8;78;9;3;1.1;1.2;0.7;5;1;0;10.0;4.2;No recurring injuries;Low;3.9;58;0.2;0;0;0;0;0;0;0;0;0;0;0.5;1.1
Serie BKT;Salernitana;Kees de Boer;DM;;DM, M (C);26;"6'1""";£17K - £19.75K p/w;£70K - £700K;Reasonable;Very Strong;6.71;0;1170;0;0;0.0;0.92;0.92;-0.92;0.1;0%;0.131428571428571;0.5;0.1;0.0;14%;0;0;0;2;0.2;1.62;0.1;68%;20.0;0.0;0.0;0.0;0.0;0.0;0;0.0;0.0;0;0.0;24;0;0.0;0.0;1.7;0.0;0.0;88;25;0;0.0;0.0;0.0;15;0;1;0.0;0.0;No recurring injuries;Very Low;0.0;0;0.0;0;0;0;0;0;0;0;0;0;0;0.0;0.0
Second Division;Villarreal B;Fran Gil;D (C);DM;D (LC), DM;21;"6'1""";£2.5K - £4.1K p/w;£65K - £10.5M;Very Strong;Very Weak;6.72;0;1407;0;0;0.0;0.26;0.26;-0.26;0.0;0%;0.13;0.1;0.1;0.1;100%;0;0;0;0;0.0;1.12;0.1;91%;47.5;0.1;0.4;3.4;0.3;0.1;40;0.3;0.1;40;0.2;8;0;6.4;14.6;0.7;3.4;5.0;79;14;4;0.8;1.2;0.6;15;4;0;10.4;7.5;No recurring injuries;High;3.8;56;0.4;0;0;0;0;0;0;0;0;0;0;0.4;1.3
Eredivisie;Sparta Rotterdam;Unax Agote;D (L);;D/WB (L);23;"5'11""";£2.8K - £4.4K p/w;£325K - £3.3M;Very Strong;Reasonable;6.74;0;1104;0;0;0.0;0.04;0.04;-0.04;0.0;0%;0.04;0.1;0.0;0.1;0%;0;0;0;2;0.2;1.42;0.1;85%;54.9;0.2;1.2;6.4;2.1;0.7;30;2.1;0.7;31;0.7;12;3;20.8;9.2;2.0;2.4;6.7;77;31;1;0.4;1.5;0.7;15;1;0;11.9;16.1;No recurring injuries;Above Average;3.2;46;0.3;0;0;0;0;0;0;0;0;0;0;1.4;1.1
Jupiler Pro League;RWDM Brussels;Madiou Keïta;D (C);;D (C);22;"6'2""";£1.4K - £2K p/w;£30K - £300K;Very Strong;Weak;6.84;1;1561;0;0;0.0;0.89;0.89;-0.89;0.1;0%;0.11125;0.5;0.2;0.2;38%;1;0;0;1;0.1;1.67;0.1;89%;43.5;0.0;0.2;2.5;0.1;0.0;0;0.1;0.0;0;0.0;5;0;3.9;14.1;0.4;2.8;2.5;58;12;1;0.7;1.2;0.8;4;0;0;9.7;2.5;No recurring injuries;Below Average;6.6;72;1.5;0;0;0;0;0;0;0;0;0;0;1.2;0.8
Serie A;Spezia;Marco Ruggero;D (C);;D (C);26;"6'2""";£7.75K - £11K p/w;£1.2M - £2.7M;Weak;Very Strong;6.81;0;1440;0;0;0.0;0.55;0.55;-0.55;0.0;0%;0.0916666666666667;0.4;0.0;0.2;0%;0;0;0;0;0.0;0.13;0.0;94%;42.4;0.1;0.1;2.0;0.1;0.1;100;0.1;0.1;100;0.0;5;0;4.9;13.3;0.6;2.2;2.9;75;12;1;0.3;0.9;0.8;7;0;0;9.2;2.8;No recurring injuries;Very Low;5.3;60;1.2;0;0;0;0;0;0;0;0;0;0;0.6;1.1
Ligue 2 BKT;Rodez;Raphaël Lipinski;D (C);D/WB (L);D (LC), WB (L);24;"5'11""";£4.8K - £7K p/w;£50K - £475K;Very Strong;Weak;6.70;0;1250;0;0;0.0;0.57;0.57;-0.57;0.0;0%;0.095;0.4;0.1;0.1;17%;0;0;0;0;0.0;0.92;0.1;91%;43.6;0.2;0.5;2.6;0.6;0.2;37;0.6;0.2;38;0.2;7;0;3.7;14.0;0.8;3.4;3.4;100;11;1;0.6;1.2;0.4;6;1;0;10.6;6.0;No recurring injuries;Above Average;3.1;53;0.4;0;0;0;0;0;0;0;0;0;0;0.7;1.0
Eredivisie;Telstar;Guus Offerhaus;D (C);;D (C), DM;25;"6'2""";£775 - £1.3K p/w;£150K - £1.5M;Weak;Very Strong;6.89;1;1160;0;0;0.0;0.25;0.25;-0.25;0.0;0%;0.0833333333333333;0.2;0.0;0.0;0%;0;0;0;2;0.2;2.14;0.2;91%;49.3;0.6;1.5;4.8;3.3;0.3;9;0.1;0.0;0;0.1;5;0;6.1;11.6;1.6;2.4;5.0;77;26;2;0.4;1.2;0.3;9;1;0;10.9;10.2;No recurring injuries;Above Average;3.0;62;0.7;0;0;0;0;0;0;0;0;0;0;0.8;1.3
Eredivisie;NAC Breda;Rio Hillen;D (C);DM;D (C), DM;23;"6'2""";£3.1K - £4.6K p/w;£600K - £6.2M;Very Strong;Reasonable;6.66;0;1064;0;0;0.0;0.26;0.26;-0.26;0.0;0%;0.0866666666666667;0.3;0.0;0.2;0%;0;0;0;0;0.0;0.07;0.0;95%;42.9;0.0;0.2;1.9;0.2;0.0;0;0.2;0.0;0;0.0;7;0;4.7;10.0;0.4;2.7;2.4;63;8;2;0.8;1.4;0.3;9;5;0;10.8;4.0;No recurring injuries;High;5.9;70;0.8;0;0;0;0;0;0;0;0;0;0;0.8;1.3
Ligue 2 BKT;Pau FC;Noah Raveyre;GK;;GK;21;"6'4""";£2.5K - £4.2K p/w;£400K - £3.9M;Weak;Very Strong;6.55;1;1530;0;0;0.0;0;0;0;0.0;0%;0;0.0;0.0;0.0;0%;0;0;0;0;0.0;0;0.0;81%;25.1;0.0;0.0;0.0;0.0;0.0;0;0.0;0.0;0;0.0;8;0;8.0;3.5;0.1;0.0;0.0;25;4;0;0.0;3.1;0.0;1;1;0;5.2;0.0;No recurring injuries;Below Average;0.0;0;0.0;4;2.37;2;70;5;35;6;20;4;25;1.1;1.2
Jupiler Pro League;Westerlo;Dylan Ourega;D (L);M/AM (L);D/WB/M/AM (L);22;"6'0""";£2.4K - £3.5K p/w;£300K - £2.9M;Very Strong;Weak;6.69;0;1484;0;0;0.0;0.18;0.18;-0.18;0.0;0%;0.09;0.1;0.0;0.0;0%;0;0;0;1;0.1;1.39;0.1;88%;54.7;0.1;1.0;6.8;1.7;0.4;25;1.7;0.4;25;1.2;13;3;15.2;10.3;1.9;3.8;7.6;82;38;1;0.4;1.0;0.5;23;5;0;11.6;15.5;No recurring injuries;Average;3.2;62;0.2;0;0;0;0;0;0;0;0;0;0;0.8;1.4
Eredivisie;Excelsior;Stan Henderikx;D (C);D (L), DM;D (LC), DM;23;"6'2""";£1.3K - £2.1K p/w;£75K - £750K;Very Strong;Reasonable;6.64;0;1287;0;0;0.0;0.53;0.53;-0.53;0.0;0%;0.106;0.3;0.1;0.1;20%;0;0;0;0;0.0;0.15;0.0;93%;42.1;0.1;0.3;2.8;0.0;0.0;0;0.0;0.0;0;0.0;3;0;2.9;14.5;0.4;3.9;1.8;100;6;0;0.8;1.3;1.0;5;3;0;9.6;5.2;No recurring injuries;Below Average;5.8;59;0.8;0;0;0;0;0;0;0;0;0;0;0.8;0.8
Serie A;Cagliari;Othniël Raterink;D (R);D (C), M (RC);D (RC), WB (R), DM, M (RC);20;"6'2""";£2.8K - £3.2K p/w;£800K - £1.9M;Weak;Very Strong;6.66;0;1151;0;0;0.0;0.23;0.23;-0.23;0.0;0%;0.0766666666666667;0.2;0.0;0.1;0%;0;0;0;0;0.0;0.15;0.0;87%;44.3;0.1;0.7;2.4;1.4;0.4;27;1.4;0.4;28;0.5;4;1;10.9;6.2;0.9;4.0;3.2;80;15;0;0.7;1.0;0.3;3;0;0;10.8;9.0;No recurring injuries;Very Low;3.1;78;0.5;0;0;0;0;0;0;0;0;0;0;0.5;1.6
Eredivisie;FC Groningen;Wouter Prins;D (L);;D/WB (L);22;"6'2""";£3.1K - £4.5K p/w;£6.2M - £7.8M;Very Strong;Reasonable;7.01;0;1325;0;0;0.0;0.03;0.03;-0.03;0.0;0%;0.015;0.1;0.0;0.0;0%;0;0;0;0;0.0;0.66;0.0;87%;55.7;0.2;1.2;7.3;6.7;1.2;18;1.6;0.2;13;0.5;11;0;10.7;16.7;1.6;3.6;7.0;77;31;1;0.7;1.5;0.3;12;0;0;11.8;16.0;No recurring injuries;Average;3.1;67;0.3;0;0;0;0;0;0;0;0;0;0;1.3;1.0
Ligue 2 BKT;Montpellier;Mathys De Carvalho;DM;M (C);DM, M (C);21;"6'0""";£3K - £4.5K p/w;£110K - £1.1M;Weak;Very Strong;6.73;0;1037;0;0;0.0;1.24;1.24;-1.24;0.1;0%;0.155;0.7;0.3;0.3;50%;2;0;0;0;0.0;0.59;0.1;91%;52.1;0.2;1.0;6.4;0.2;0.0;0;0.2;0.0;0;0.0;11;0;5.0;18.7;1.5;2.8;6.4;81;21;1;0.5;0.9;0.3;16;7;0;11.6;12.1;No recurring injuries;Below Average;1.9;45;0.5;0;0;0;0;0;0;0;0;0;0;1.5;1.0
Eredivisie;Excelsior;Noah Naujoks;DM;AM (C);DM, M/AM (C);24;"6'0""";£1.8K - £2.6K p/w;£750K - £7.6M;Reasonable;Very Strong;6.80;1;1221;0;0;0.0;0.8;0.8;-0.8;0.1;0%;0.0888888888888889;0.7;0.1;0.3;11%;1;0;0;3;0.2;1.58;0.1;91%;54.0;0.1;1.0;7.1;0.2;0.1;33;0.2;0.1;33;0.2;4;0;6.4;10.0;1.5;2.9;6.6;88;24;1;0.7;1.1;0.3;6;2;0;12.8;12.5;No recurring injuries;Below Average;1.3;59;0.1;0;0;1;0;0;0;0;0;0;0;0.7;1.2
Jupiler Pro League;RAAL La Louvière;Mouhamed Belkheir;ST (C);AM (RLC);AM (RLC), ST (C);27;"6'1""";£875 - £1.5K p/w;£60K - £600K;Very Strong;Weak;6.59;0;1080;0;0;0.0;2.79;2.79;-2.79;0.2;0%;0.132857142857143;1.8;0.4;0.2;24%;0;0;0;0;0.0;0.07;0.0;89%;25.8;0.0;1.2;1.1;0.5;0.0;0;0.5;0.0;0;0.9;16;12;26.6;1.1;0.2;0.8;1.4;50;4;0;0.0;0.2;0.0;12;1;0;9.9;4.9;No recurring injuries;Below Average;8.8;29;0.1;0;0;0;0;0;0;0;0;0;0;0.6;1.3
